# Blender 4.0.2
# www.blender.org
mtllib 无标题.mtl
o ydxpcjt_LOD0_TIER2_000
v 0.224220 0.072618 0.236800
v 0.229091 0.073243 0.231473
v 0.162487 0.087838 0.233557
v 0.072983 0.080372 0.182852
v 0.055427 0.081609 0.187658
v 0.058138 0.079355 0.185411
v -0.053204 0.002450 0.223661
v -0.080448 0.025204 0.237402
v -0.050854 0.090268 0.202742
v -0.274105 0.084698 0.216922
v -0.335313 0.047882 0.168329
v 0.133070 0.023237 -0.178210
v 0.104862 0.022391 -0.165489
v 0.104739 0.020216 -0.166053
v 0.113380 0.006633 -0.174723
v 0.112542 0.002724 -0.184860
v 0.037293 0.021978 -0.148527
v 0.112134 0.022861 -0.183592
v 0.104312 0.022294 -0.200442
v -0.008971 0.015306 -0.214625
v -0.245151 0.003270 -0.212068
v -0.282593 0.089159 -0.210320
v -0.198918 0.022526 -0.152063
v -0.144331 0.061472 0.167047
v -0.296354 0.027022 0.181932
v 0.285517 0.022503 -0.169407
v 0.191873 0.024280 -0.151585
v -0.244829 0.019569 -0.176068
v 0.061390 0.021383 0.237977
v 0.050057 0.020942 0.061314
v -0.250815 0.089461 -0.215471
v 0.264009 0.022700 0.195400
v -0.108913 0.023494 -0.160581
v 0.112294 0.001533 -0.180476
v 0.237956 0.024332 0.211300
v -0.288075 0.079812 0.211332
v -0.121625 0.089967 -0.192750
v 0.213576 0.088316 0.218337
v 0.099028 0.024152 -0.182178
v 0.202282 0.083405 0.191991
v -0.021575 0.021004 0.238966
v -0.134159 0.001204 -0.030523
v -0.180830 0.082322 0.233762
v 0.272642 0.077299 0.195006
v 0.054963 0.064608 -0.158140
v 0.128839 0.078965 0.237679
v 0.074895 0.002028 -0.223315
v -0.333051 0.076633 0.222285
v -0.220641 0.080983 -0.154095
v 0.181220 0.024098 0.239684
v -0.079818 0.088050 -0.195261
v 0.018107 0.081855 0.194687
v 0.326459 0.079271 0.208219
v 0.138894 0.019113 -0.096215
v -0.320265 0.028570 0.166863
v -0.023633 0.074069 -0.153750
v -0.292882 0.080176 0.190824
v -0.020586 0.084882 0.173455
v 0.124701 0.089144 -0.207725
v 0.130306 0.023940 0.239215
v 0.024081 0.086011 0.167673
v 0.110618 0.013035 -0.187108
v -0.107809 0.003794 -0.207481
v -0.354471 0.086300 -0.196699
v 0.011009 0.087659 0.209939
v 0.118693 0.002603 -0.191101
v -0.218583 0.025061 0.209740
v 0.330543 0.063244 0.183040
v 0.112895 0.000403 -0.210948
v -0.355310 0.026351 -0.159196
v -0.099058 0.027526 0.167121
v 0.088607 0.062168 0.168243
v -0.337401 0.028099 0.234977
v 0.009666 0.005540 0.036685
v -0.210146 0.079338 -0.163411
v -0.045197 0.091119 0.167628
v -0.334029 0.073881 0.178980
v -0.078796 0.000494 0.157775
v 0.049386 0.089889 0.234900
v -0.148766 -0.000039 -0.216807
v 0.095943 0.088790 0.232567
v -0.247194 0.009489 -0.211140
v 0.324068 0.073441 0.239827
v -0.235976 0.087910 0.222939
v 0.108508 0.088116 0.203087
v -0.236120 0.003421 -0.051496
v -0.117935 0.023230 0.182658
v -0.065834 0.022596 -0.151687
v -0.335641 0.065186 0.222194
v 0.008132 0.022613 0.018906
v -0.142048 0.002048 -0.156211
v -0.240386 0.074542 0.173768
v 0.188342 0.069723 0.174385
v -0.278000 0.088509 -0.167444
v 0.150255 0.001946 0.082695
v 0.063931 0.001102 -0.113481
v -0.285144 0.027119 0.209306
v 0.262588 0.071952 0.180298
v 0.308584 0.084344 -0.202792
v 0.125641 0.079544 -0.166946
v 0.171061 0.087189 0.188480
v 0.047301 0.071923 0.168762
v -0.111161 0.042579 0.163843
v 0.005246 0.080015 -0.163969
v -0.298854 0.072604 0.168692
v -0.281489 0.077955 0.233093
v -0.299027 0.071400 0.179643
v -0.051300 0.009290 0.240712
v -0.225271 0.020994 0.091270
v -0.006548 0.082628 -0.160019
v 0.033022 0.073963 -0.164122
v 0.156103 0.022583 0.167120
v 0.125491 0.074220 -0.153393
v -0.264710 0.020952 -0.173572
v -0.240244 0.085630 -0.223068
v -0.240120 0.025915 -0.146332
v 0.207428 0.064060 -0.150898
v -0.007360 0.089571 -0.179147
v 0.064103 0.001350 -0.177396
v -0.118688 0.083496 0.185312
v -0.211815 0.082835 -0.155511
v -0.095296 0.000100 -0.134622
v -0.103507 0.004228 -0.121580
v -0.354785 0.086210 -0.214581
v 0.196546 0.084100 0.234656
v -0.040149 0.020745 0.240388
v 0.086358 0.075174 0.181764
v -0.132777 0.060830 -0.222303
v -0.149736 0.087106 -0.169087
v -0.166582 0.021963 -0.221688
v -0.341709 0.024518 -0.196851
v -0.337493 0.044743 0.235502
v 0.133986 0.021120 -0.121078
v -0.217608 0.025114 0.234406
v -0.302487 0.024935 -0.219999
v 0.274872 0.087045 0.235012
v 0.153926 0.088408 -0.217069
v -0.133975 0.088636 0.227664
v 0.330324 0.021000 0.177187
v 0.127171 0.077133 0.177375
v 0.093329 0.082427 -0.174865
v -0.319447 0.086963 -0.204717
v 0.223210 0.083461 0.234538
v -0.139991 0.081083 -0.223137
v -0.062374 0.082584 -0.154528
v -0.075406 0.092105 -0.168104
v 0.158322 0.075806 0.174737
v -0.299670 0.080076 0.199026
v -0.156263 0.021692 -0.150689
v 0.181553 0.084733 -0.168122
v -0.307504 0.080788 0.181171
v -0.327593 0.087005 -0.163525
v 0.083133 0.084726 0.173137
v 0.289192 0.088046 0.212611
v 0.291798 0.071935 0.238900
v 0.118846 0.004674 -0.217499
v 0.131442 0.023114 -0.131561
v -0.083710 0.024631 0.168706
v 0.060354 0.087390 -0.186672
v 0.002006 0.084843 0.219999
v 0.044466 0.083020 -0.177113
v 0.057695 0.001533 0.114509
v -0.032104 -0.000478 0.236339
v -0.288988 0.089437 -0.185969
v -0.273943 0.072211 0.167124
v 0.192552 0.086027 0.189778
v 0.168618 0.081847 0.184190
v 0.119954 0.013950 -0.128746
v 0.114291 0.017011 -0.151675
v -0.262061 0.028706 -0.148811
v 0.262899 0.081936 -0.218594
v 0.207844 0.080620 -0.156943
v -0.262622 0.078032 -0.223996
v 0.080504 -0.000136 -0.202423
v -0.336829 0.046209 0.206867
v -0.023214 0.091024 0.220681
v 0.144041 0.017069 -0.030345
v 0.263249 0.085782 -0.204478
v 0.233774 0.084910 -0.182903
v 0.309019 0.054583 -0.152076
v 0.200388 0.076206 0.175953
v 0.070664 0.020641 -0.220493
v -0.129674 0.003428 0.019840
v 0.292545 0.087161 -0.196953
v 0.252490 0.071103 0.166632
v -0.083174 0.067700 -0.221859
v -0.113156 0.088126 -0.163471
v 0.106281 0.079324 0.196618
v -0.277277 0.021481 -0.177579
v -0.061394 0.088811 -0.215460
v -0.139363 0.000849 -0.109292
v -0.280522 0.032764 0.191561
v 0.127513 0.002730 -0.133083
v -0.217654 0.083910 0.228973
v -0.070244 0.090315 0.194717
v -0.076821 0.077988 0.168703
v 0.104992 0.000357 0.181092
v 0.140631 0.022550 0.162679
v -0.320941 0.073640 0.182465
v 0.029634 0.080906 0.185966
v 0.200090 0.078704 0.231176
v -0.166740 0.087447 -0.175702
v -0.119791 0.003534 0.158928
v -0.179342 0.023817 0.103076
v 0.019570 0.082631 0.202148
v 0.000996 0.002849 -0.085938
v 0.106542 0.022041 -0.189417
v 0.314903 0.079161 0.229602
v 0.007015 0.024200 0.238194
v -0.279010 0.046068 0.236369
v -0.295857 0.076756 0.174043
v 0.056932 0.020536 0.166805
v 0.209688 0.085277 -0.156982
v 0.041991 0.022527 -0.063951
v 0.137402 0.005798 -0.110639
v 0.330311 0.063410 0.172434
v -0.282276 0.023057 -0.215572
v -0.259462 0.083787 0.186725
v 0.046294 0.005476 -0.212436
v -0.143103 0.023166 0.163741
v 0.113234 0.026574 -0.178461
v -0.134235 0.023490 0.233587
v 0.031093 0.042330 0.167860
v -0.236866 0.023238 -0.148236
v 0.224978 0.088188 0.210227
v 0.081488 0.080940 -0.168028
v 0.050297 0.004765 -0.199683
v 0.163740 0.088438 0.228120
v -0.099439 0.022638 -0.069614
v 0.195760 0.079348 0.181817
v 0.019407 0.080447 0.205397
v 0.162469 0.022307 0.206340
v 0.311905 0.066473 0.172789
v -0.352862 0.088238 -0.192816
v 0.098846 0.023055 -0.152998
v 0.139940 0.086468 -0.200573
v 0.331123 0.059376 0.171731
v 0.234498 0.082368 -0.148308
v 0.146853 0.004163 0.017822
v 0.192628 0.070046 0.179038
v -0.280899 0.079508 0.209353
v -0.209447 0.085937 -0.223211
v -0.198733 0.058634 -0.154254
v -0.092169 0.055252 0.161452
v -0.278877 0.031449 0.208834
v 0.086170 0.022782 0.239225
v 0.057402 0.003431 -0.222816
v -0.092622 0.047840 0.164847
v 0.022324 0.009179 0.237251
v -0.331670 0.027073 -0.223733
v -0.350351 0.087925 -0.176644
v 0.109818 0.022428 -0.201997
v 0.045020 0.082785 0.207229
v -0.108325 0.080458 -0.155739
v -0.335061 0.083609 -0.181691
v 0.057703 0.036349 0.168155
v -0.170080 0.081696 -0.154307
v 0.145055 0.085258 -0.185562
v -0.062049 0.000602 0.237699
v 0.290560 0.083200 0.206981
v -0.109448 0.021566 -0.194507
v 0.200203 0.088510 0.223064
v -0.025018 0.087383 -0.161577
v -0.129333 0.066888 0.237083
v -0.295445 0.070395 0.228577
v 0.107116 0.076989 -0.167419
v 0.241639 0.072018 0.174876
v -0.128342 0.089510 -0.219986
v -0.336915 0.088996 -0.190526
v 0.306089 0.071849 -0.217703
v -0.203789 0.081168 0.188854
v -0.262152 0.030697 0.165916
v 0.068443 0.089366 -0.182995
v 0.292011 0.084635 0.213462
v -0.004379 -0.000052 0.231570
v 0.018014 0.022873 -0.157641
v 0.025961 0.006422 0.231915
v 0.106635 0.070220 -0.160523
v -0.112402 0.082680 -0.165434
v 0.324847 0.084132 0.223446
v -0.238175 0.021527 -0.081265
v 0.108483 0.014861 -0.222966
v 0.021009 0.000683 0.227413
v -0.093722 0.086856 -0.161180
v 0.159416 0.002969 0.185841
v -0.336338 0.027098 0.191842
v 0.107387 0.019290 -0.180578
v 0.304759 0.022282 -0.199668
v -0.020067 0.080229 -0.158543
v 0.057936 0.023219 0.168290
v -0.144388 0.083252 0.179672
v -0.111347 0.023411 -0.208247
v 0.292462 0.022208 0.183867
v 0.180508 0.086210 -0.218370
v -0.020233 0.087186 -0.210882
v -0.233368 0.002903 -0.021086
v -0.173477 0.083703 0.226525
v -0.076315 0.080573 -0.155767
v -0.081062 0.030518 0.163864
v 0.101992 0.021542 -0.181079
v -0.283964 0.028138 0.199514
v -0.211348 0.055973 0.165995
v -0.354156 0.025473 -0.154978
v -0.287353 0.030325 0.194698
v -0.090559 0.001548 0.035079
v 0.045051 0.088564 -0.208452
v 0.092881 0.068037 -0.155047
v -0.197926 0.000352 -0.100418
v -0.153556 0.092024 0.206418
v -0.313390 0.029256 0.204966
v -0.124933 0.082917 0.178115
v -0.298955 0.089116 -0.196074
v 0.160582 0.089797 0.205922
v -0.115127 0.091467 0.220338
v 0.279973 0.025081 0.170447
v -0.146503 0.004245 -0.218858
v -0.147017 0.090202 0.214134
v -0.223541 0.000941 0.023984
v -0.215528 0.024616 0.154035
v 0.036152 0.086945 0.218712
v -0.140513 0.090086 0.230585
v 0.059074 0.079410 0.197020
v -0.326302 0.075335 0.208418
v 0.059251 0.024616 -0.152213
v -0.227748 0.080984 0.173989
v 0.330949 0.069173 0.187758
v 0.043473 0.081560 0.201461
v 0.230799 0.023162 0.208206
v 0.033683 0.023348 -0.153811
v -0.022687 0.088665 0.226236
v 0.000337 0.051191 0.167885
v -0.194325 0.077344 -0.165203
v -0.278814 0.065690 0.233605
v -0.303787 0.023037 -0.212224
v -0.125386 0.003389 0.083056
v -0.297486 0.074826 0.221767
v -0.269177 0.080797 0.218813
v 0.097472 0.081639 0.217609
v 0.069594 0.075375 -0.163017
v 0.100988 0.025355 -0.152199
v 0.265874 0.022723 -0.184728
v 0.146303 0.074429 0.237988
v 0.145749 0.001980 0.001279
v -0.030335 0.088561 -0.220858
v -0.338431 0.024857 -0.216710
v 0.272839 0.022412 0.197530
v -0.098594 0.081176 0.182941
v -0.327195 0.087391 -0.185637
v -0.237971 -0.000080 -0.211392
v -0.279716 0.081566 -0.192820
v 0.102766 0.079816 0.170096
v 0.116311 0.036296 -0.151896
v -0.205636 0.080075 0.171347
v -0.321765 0.084598 -0.155828
v 0.016824 0.082954 0.210173
v -0.311157 0.029822 0.235397
v -0.082149 0.023730 0.188323
v -0.091202 0.089193 0.201218
v 0.153537 0.090733 0.194366
v 0.050441 0.003377 -0.139300
v -0.124458 0.021195 0.232042
v -0.095474 0.005714 -0.208863
v -0.124674 0.023671 0.234039
v -0.054875 -0.000720 -0.150866
v -0.237671 0.077513 0.233143
v -0.068015 0.000451 0.215465
v -0.282888 0.075274 0.178868
v -0.311267 0.024728 -0.201759
v -0.003162 0.022851 -0.160966
v 0.243467 0.024815 -0.219141
v -0.304647 0.078345 0.208172
v -0.246779 0.028699 0.236014
v -0.293190 0.084452 -0.224670
v 0.331627 0.078408 0.228232
v 0.217524 0.086565 0.221267
v -0.104963 0.023459 -0.153238
v 0.330594 0.077831 0.233130
v -0.233878 0.087799 0.204527
v -0.107102 0.093399 -0.156120
v 0.052280 0.002364 0.088394
v -0.028683 0.022563 0.165318
v 0.110640 0.076869 0.169253
v -0.320717 0.058428 0.235420
v 0.042016 0.003098 -0.154664
v -0.244099 0.002745 -0.169042
v -0.214439 0.081651 0.189379
v -0.250053 0.024774 -0.222129
v -0.088981 0.088426 -0.221275
v -0.060336 0.084928 0.183175
v -0.093364 0.061936 0.166098
v 0.000072 0.081852 0.224841
v -0.140862 0.025886 -0.153443
v 0.138317 0.088042 -0.190655
v 0.114668 0.023202 -0.218539
v 0.022607 0.023422 0.185870
v 0.248730 0.079195 0.197816
v 0.108134 0.076412 0.188049
v -0.039342 -0.000369 0.090092
v -0.255434 0.087563 0.203653
v 0.021091 0.024378 0.169344
v -0.072238 0.076185 0.167201
v -0.002360 0.024078 -0.042062
v 0.163592 0.022233 0.233420
v 0.160665 0.022563 0.178581
v 0.037179 0.018329 -0.121061
v 0.160680 0.074107 0.180567
v 0.061903 0.027017 0.167401
v 0.113419 0.026129 -0.199534
v 0.284886 0.085284 -0.209761
v -0.223014 0.021662 0.122364
v -0.269140 0.076697 0.225011
v -0.263784 0.028905 0.211936
v 0.235281 0.032351 0.240118
v -0.137690 0.089456 0.200005
v 0.135445 0.071519 -0.151291
v -0.189521 0.090113 -0.202714
v -0.322614 0.060983 -0.223943
v 0.146249 0.035903 0.167330
v 0.267205 0.021585 0.191921
v -0.336745 0.051578 0.235076
v -0.084127 0.087476 0.218614
v -0.213410 -0.000428 -0.211282
v -0.335571 0.026275 0.223395
v 0.160962 0.020823 0.233455
v 0.006547 0.072720 -0.153020
v -0.101681 0.090000 0.218242
v 0.005952 0.023792 0.014972
v 0.127373 0.026036 -0.199344
v -0.030506 0.022435 0.071092
v -0.116725 0.018003 0.214093
v -0.220298 0.025037 0.194681
v 0.050271 0.021476 -0.220822
v 0.305863 0.022418 -0.158737
v -0.195752 0.025029 -0.153827
v -0.050585 0.000311 -0.209501
v -0.340450 0.086045 -0.163204
v -0.100780 0.025311 -0.100778
v -0.100285 0.025992 -0.125601
v -0.338586 0.023850 -0.225512
v -0.096199 0.022584 -0.131713
v 0.077524 0.020691 -0.220823
v 0.200247 0.073283 0.236414
v 0.331548 0.082255 0.224112
v -0.124982 0.020633 0.084405
v 0.076463 0.000696 -0.221900
v -0.262271 0.080780 -0.190870
v 0.031416 0.089168 0.229392
v 0.331730 0.060133 0.195049
v 0.078485 0.083838 0.167942
v 0.065989 0.021350 -0.117993
v 0.315886 0.026027 0.170041
v 0.095467 0.001680 0.195701
v -0.313545 0.087784 -0.159109
v 0.040054 0.087703 -0.191564
v 0.028706 0.082932 0.190231
v 0.062192 0.018358 -0.116954
v -0.075769 0.024081 0.237827
v -0.120028 0.084430 0.190349
v -0.124440 0.023429 0.163794
v 0.124963 0.083734 -0.161860
v -0.247169 0.021807 -0.210691
v 0.005174 0.063747 -0.153608
v 0.022421 0.021196 0.212009
v 0.200179 0.087029 0.229548
v -0.131560 0.080971 -0.165364
v 0.007351 0.023951 0.034182
v 0.276941 0.070944 -0.150121
v 0.110529 0.021315 -0.152273
v 0.260161 0.086076 -0.150670
v -0.279060 0.084147 0.203117
v 0.086124 0.080126 0.198547
v 0.155871 0.057394 -0.220295
v 0.113506 0.015517 -0.150988
v 0.087632 0.087565 -0.181970
v -0.109549 0.022255 -0.184600
v 0.160430 0.085377 -0.219239
v -0.230307 -0.000136 -0.038506
v 0.070002 0.022650 -0.152194
v 0.265411 0.021098 -0.180301
v 0.193935 0.072551 0.172986
v 0.205863 0.073237 0.231246
v 0.329901 0.025350 0.170815
v 0.043525 0.005185 -0.030188
v -0.282029 0.023675 -0.157559
v 0.001076 0.087857 -0.205028
v -0.269627 0.075886 0.219493
v -0.225996 0.002193 0.064230
v 0.088458 0.021806 -0.220112
v -0.164607 0.078770 0.170746
v 0.109399 0.022127 0.058625
v -0.122237 0.075994 0.170676
v 0.304021 0.057018 -0.217999
v 0.129959 0.031359 -0.180450
v -0.281089 0.084296 -0.153808
v 0.109721 0.017343 -0.175580
v 0.119463 0.073870 -0.162675
v 0.110225 0.080961 -0.163202
v 0.105958 0.085650 -0.162716
v -0.130173 0.022083 0.146489
v -0.111268 0.057270 0.237055
v -0.230965 0.001109 -0.007627
v -0.100950 0.021462 -0.092979
v -0.089473 0.076287 0.167786
v -0.284975 0.062135 0.234722
v -0.133093 0.023037 0.163685
v 0.152720 0.088589 0.190043
v 0.149062 0.077271 0.236370
v -0.300007 0.089793 -0.221278
v 0.123538 0.023667 0.168372
v -0.053185 0.053204 -0.221549
v 0.298359 0.078490 0.233670
v 0.013829 0.021665 0.098531
v -0.353071 0.037762 -0.224141
v 0.300582 0.077694 0.228969
v 0.307810 0.031784 -0.172720
v -0.248253 0.024432 -0.213500
v 0.297019 0.084929 0.227781
v -0.005099 0.004909 -0.174350
v 0.299691 0.083883 0.223887
v -0.266270 0.079775 0.222156
v -0.140819 0.020486 -0.144186
v 0.327533 0.026141 0.171106
v -0.142715 -0.000426 0.208674
v -0.119149 0.001784 0.182277
v 0.307026 0.023769 -0.156560
v -0.192517 0.000682 -0.056608
v 0.055470 0.061225 0.167608
v -0.127038 0.084839 -0.167496
v -0.053585 0.009584 0.225924
v 0.142295 0.024071 -0.220130
v 0.323951 0.023214 0.169915
v 0.123692 0.003061 -0.152926
v -0.210515 0.085418 -0.171979
v -0.141652 0.086431 -0.162174
v -0.355171 0.029387 -0.197820
v 0.190730 0.086110 -0.206641
v 0.060979 0.021052 -0.220951
v -0.005671 0.022922 -0.189043
v 0.053004 0.019488 -0.220075
v -0.144742 0.020783 -0.191166
v -0.212425 0.022783 0.239468
v 0.275133 0.075244 0.237754
v -0.183126 0.023978 0.165327
v -0.218977 0.072216 -0.153689
v -0.146528 0.017586 -0.223644
v 0.202585 0.082336 0.229336
v -0.307727 0.076507 0.182707
v -0.208122 0.029031 0.165721
v 0.073398 0.020556 -0.153589
v 0.137943 0.013783 -0.120234
v -0.209950 0.024428 0.166132
v -0.259031 0.085679 -0.185745
v -0.258841 0.030671 -0.151715
v -0.231887 0.087738 -0.199076
v -0.148433 0.023094 -0.223395
v -0.159987 0.025281 -0.223022
v -0.133699 0.021590 0.092288
v -0.026943 0.000437 -0.207983
v 0.096322 0.021786 -0.125765
v -0.260439 0.020272 -0.154850
v 0.043556 0.020606 -0.029924
v -0.138810 0.083043 -0.166833
v 0.079984 0.020168 -0.152764
v -0.215340 0.078202 0.184235
v -0.244934 0.000328 -0.194228
v -0.158040 0.082199 0.235348
v 0.132682 0.074172 -0.165757
v -0.028849 0.022769 -0.151953
v -0.043704 -0.000573 -0.071730
v -0.271482 0.089611 -0.222544
v -0.149202 0.021494 -0.153795
v 0.041903 0.002891 -0.176863
v 0.275761 0.087389 -0.152694
v -0.331558 0.079098 0.215426
v 0.308138 0.057225 -0.191696
v 0.310255 0.087829 -0.149674
v 0.017102 0.088515 0.197425
v -0.242942 0.021486 -0.153875
v 0.086119 0.022441 0.165497
v 0.154968 0.043447 0.167164
v 0.053068 0.022935 0.087155
v 0.152700 0.020239 0.093076
v 0.003520 0.000666 -0.002349
v 0.166609 0.034651 0.168574
v 0.107677 0.066863 0.167365
v 0.034331 0.071802 -0.153017
v -0.353485 0.044480 -0.224420
v -0.171815 0.089503 0.214699
v 0.126806 0.079004 0.171313
v 0.104210 0.000010 0.234787
v -0.229965 0.005222 0.026191
v 0.021602 0.021551 0.235145
v -0.323401 0.038517 0.208888
v -0.245717 0.023840 -0.169552
v 0.066638 0.077890 -0.169802
v 0.324424 0.045795 0.170246
v -0.301335 0.027675 0.188061
v -0.352220 0.087831 -0.184447
v -0.110257 0.082585 0.236591
v -0.333964 0.081025 0.202656
v 0.304994 0.076005 0.189556
v -0.085248 0.021057 0.121835
v -0.208333 0.000846 -0.215981
v 0.151985 0.023368 -0.153221
v -0.252439 0.082420 0.232046
v 0.226752 0.075159 0.175877
v 0.044825 0.065382 -0.153384
v -0.268547 0.076156 0.179133
v -0.086350 0.000402 0.032753
v 0.287709 0.022764 -0.216889
v 0.058717 0.046214 0.165758
v -0.095167 0.004242 -0.011826
v 0.134275 0.089309 0.222904
v -0.142789 0.090028 -0.163946
v -0.003943 0.023576 0.167743
v -0.095157 0.000961 -0.033030
v -0.139391 0.020998 0.233220
v -0.094420 0.023433 -0.213921
v 0.125598 0.026614 -0.169326
v -0.117559 0.090277 0.203440
v -0.114246 0.089994 0.214997
v -0.021083 0.085017 0.237102
v -0.064001 0.085466 0.235302
v 0.020820 0.025713 0.167664
v 0.102492 0.021879 -0.139988
v -0.042730 0.024968 0.237982
v 0.114257 0.025669 -0.174295
v 0.133802 0.082250 0.186481
v -0.163693 0.023849 0.163286
v 0.058638 0.088312 -0.200852
v 0.080906 0.080595 0.186252
v 0.232547 0.085643 -0.216991
v -0.055384 0.025208 0.238015
v -0.029351 0.080987 -0.160850
v 0.059064 0.022934 0.224447
v -0.337850 0.079207 -0.154471
v 0.094136 0.028595 -0.180397
v 0.234417 0.079884 0.188483
v 0.116734 0.022662 0.165262
v -0.084522 0.022558 -0.085064
v -0.032857 0.005474 -0.212652
v -0.146676 0.001725 0.213122
v -0.224407 0.022170 -0.058268
v -0.242397 0.027039 -0.150791
v -0.048758 0.021928 -0.151999
v 0.108058 0.087631 0.235428
v -0.038910 0.081307 -0.156044
v -0.081182 0.021228 -0.211652
v 0.110863 0.022034 -0.212768
v 0.280782 0.087017 0.206060
v 0.109296 0.073833 -0.163086
v -0.092228 0.072637 0.167679
v 0.244151 0.086908 -0.196946
v 0.053268 0.004354 -0.172811
v -0.009760 0.007018 -0.214817
v -0.192458 0.084706 0.228170
v 0.104270 0.023764 -0.221496
v -0.076609 0.019885 0.242024
v 0.081917 0.086243 0.170281
v -0.153656 0.023320 -0.152788
v -0.119233 0.089290 -0.180629
v -0.067705 0.003000 0.242085
v 0.028170 0.085687 0.187710
v 0.007887 0.090065 0.218690
v -0.062355 0.022599 0.165245
v 0.305460 0.081756 -0.211931
v 0.003710 0.002121 -0.048515
v -0.100188 0.079401 -0.163729
v -0.353448 0.087800 -0.204679
v -0.063609 0.077779 -0.162833
v 0.053272 0.041178 0.166856
v 0.306352 0.025047 -0.217939
v -0.008469 0.085986 0.228579
v -0.091711 0.025198 0.168815
v 0.207100 0.022628 0.228265
v -0.146183 -0.000304 -0.176547
v -0.316413 0.075001 0.209033
v 0.302051 0.023588 -0.219007
v -0.067658 0.035651 0.165789
v -0.129959 0.021401 0.113064
v -0.271057 0.086963 0.202202
v -0.095659 0.022795 -0.035336
v -0.354065 0.024501 -0.179651
v -0.085361 0.081993 0.179148
v -0.155852 0.080133 -0.165150
v -0.110209 0.025260 0.214179
v -0.325337 0.076831 0.205240
v -0.275164 0.079313 0.183213
v -0.094713 0.021778 -0.020134
v -0.097084 0.020745 -0.040611
v 0.037054 0.007389 -0.209182
v -0.078588 0.028963 0.160936
v -0.211342 0.034285 -0.224525
v 0.062223 0.043649 0.167832
v -0.297991 0.089468 -0.207536
v -0.238525 0.087708 0.230905
v 0.021062 0.002361 0.235259
v -0.057390 0.055805 0.167352
v -0.119703 0.023998 -0.154600
v 0.048618 0.086414 0.169964
v 0.174972 0.070048 0.239058
v -0.240855 0.000443 -0.147155
v -0.084603 0.060935 0.164920
v -0.107217 0.085243 0.192707
v -0.051035 0.037318 0.166904
v -0.286344 0.076468 0.204019
v -0.088961 0.021294 0.072016
v 0.051071 0.004494 0.084203
v -0.276862 0.069331 0.234384
v -0.147400 0.006877 -0.223096
v 0.148255 0.075295 -0.155497
v -0.312390 0.033390 0.205297
v 0.059225 0.005034 -0.113462
v -0.292359 0.080388 0.181770
v -0.139283 0.021818 -0.102513
v -0.001227 0.025682 -0.065202
v -0.147628 0.000273 -0.073219
v 0.128971 0.089130 -0.220101
v 0.042072 0.021034 -0.049663
v 0.238505 0.086467 -0.187289
v 0.029312 0.023187 -0.220122
v -0.256684 0.082501 0.194428
v 0.086959 0.021295 -0.136500
v 0.261267 0.023393 0.171219
v -0.101731 0.021524 -0.105305
v -0.300410 0.031473 0.190797
v 0.211897 0.079979 -0.148244
v 0.047770 0.076787 0.167549
v 0.076070 0.021566 -0.138788
v -0.353130 0.069649 -0.224036
v -0.115312 0.003074 0.228679
v -0.142193 0.023188 -0.153654
v -0.310784 0.076488 0.223104
v 0.144685 0.000306 0.091207
v -0.268669 0.023929 -0.196425
v -0.014305 0.088676 0.172123
v 0.226742 0.065766 0.168803
v -0.138273 0.078812 0.171555
v -0.272131 0.025311 -0.222594
v -0.107579 0.089428 -0.172785
v 0.143214 0.022146 0.166927
v -0.168028 0.022549 -0.040065
v -0.218135 0.082038 0.177874
v -0.108730 0.016541 -0.186295
v -0.311120 0.073887 0.169101
v 0.141783 0.008825 -0.056721
v -0.324807 0.026785 0.234396
v 0.038479 0.010122 -0.106410
v 0.248479 0.023700 -0.150308
v -0.268859 0.086284 -0.188630
v 0.005071 0.085860 -0.193447
v 0.163388 0.075294 0.237628
v -0.301449 0.077652 0.194456
v 0.151581 0.021970 0.077690
v 0.142564 0.023112 0.066874
v 0.159986 0.023604 0.170437
v -0.239693 0.085325 0.226621
v -0.085245 0.002152 0.131412
v 0.051245 0.001807 0.062666
v -0.263635 0.052687 -0.154319
v -0.151407 0.003536 0.234212
v 0.066767 0.001463 0.037808
v 0.115262 0.014607 -0.131579
v 0.113851 0.013318 -0.133802
v -0.109184 0.022093 -0.208272
v -0.022689 0.001643 -0.211661
v -0.260976 0.026551 0.205551
v -0.170325 0.068080 0.236731
v -0.109126 0.017087 -0.210136
v 0.054843 0.001463 -0.118375
v 0.121418 0.004701 -0.145577
v -0.116615 0.042336 -0.153419
v -0.091871 0.077885 0.236242
v 0.022477 0.023941 0.213675
v -0.059300 0.022352 0.241261
v -0.336671 0.045154 0.236572
v 0.287811 0.073178 -0.218436
v 0.054378 0.014111 -0.221711
v 0.306073 0.024363 -0.169215
v 0.038542 0.021230 0.201961
v -0.334553 0.076828 0.209248
v -0.353609 0.089311 -0.217658
v -0.086595 0.065012 0.237697
v 0.042658 0.023089 0.195831
v -0.072446 0.023656 0.162877
v 0.103148 0.020191 -0.149288
v -0.080071 0.000478 0.105143
v -0.160085 0.086266 0.232165
v 0.123996 0.020329 0.237469
v 0.191542 0.022553 -0.209222
v -0.252564 0.025779 0.170225
v 0.282273 0.087979 0.215166
v -0.049203 0.081714 -0.221740
v -0.319299 0.068436 -0.153977
v 0.086043 0.078496 0.185935
v -0.174303 0.080522 -0.223421
v -0.065190 0.086449 0.227972
v 0.261345 0.072042 0.238196
v -0.122073 0.001783 0.161237
v -0.265246 0.024018 -0.176939
v -0.010195 0.023082 -0.216248
v -0.220520 0.025091 0.186897
v 0.161331 0.003092 0.230697
v -0.133527 0.078240 0.177913
v 0.130912 0.081767 0.232828
v -0.107578 0.098267 -0.158984
v -0.240395 0.084105 -0.193512
v -0.118575 0.089081 0.207743
v -0.042317 0.082961 -0.154604
v 0.202567 0.041426 -0.151713
v -0.043784 0.055923 0.167205
v -0.215094 0.022428 -0.149856
v 0.151802 0.084037 -0.163255
v -0.315316 0.036946 0.165617
v -0.171107 0.028362 0.166732
v -0.094694 0.079097 0.175524
v -0.098440 0.024765 -0.076722
v -0.208398 0.024679 -0.222056
v 0.148982 0.022530 0.048448
v 0.031273 0.088389 0.185223
v -0.081722 0.024156 0.211025
v 0.241411 0.023741 0.171573
v 0.149194 0.001604 0.051657
v 0.081773 0.086785 0.206902
v 0.070381 0.024762 -0.221538
v 0.186800 0.022615 0.235156
v 0.154339 0.000576 0.146492
v -0.093921 0.020656 0.001979
v 0.217772 0.085876 -0.205620
v 0.084929 0.083576 0.205384
v 0.206223 0.085906 -0.207949
v -0.269331 0.053564 -0.153608
v -0.261077 0.087762 0.221231
v -0.313076 0.076430 0.216223
v -0.024326 0.023226 -0.117734
v 0.103514 0.018332 -0.159269
v -0.215649 0.025123 0.164475
v -0.242085 0.021586 -0.138740
v -0.285974 0.086683 0.211228
v 0.310451 0.066758 0.167541
v -0.238228 0.085140 -0.189175
v -0.185715 0.001347 0.071792
v 0.113652 0.011134 -0.157434
v 0.016185 0.022715 0.133216
v 0.067736 0.085912 -0.180305
v -0.054850 0.009845 0.233457
v -0.135371 0.023449 -0.179509
v -0.226147 0.023261 0.052010
v 0.331564 0.024558 0.173081
v -0.335088 0.086754 -0.176823
v -0.033567 -0.000518 0.134205
v -0.242943 0.077933 0.176237
v -0.004832 0.024491 -0.152438
v -0.043357 -0.000168 0.177896
v -0.187357 0.077632 0.167574
v -0.110799 0.020673 -0.188112
v 0.249304 0.077181 0.236801
v 0.200451 0.025248 -0.150906
v -0.216245 0.001379 0.196197
v -0.327248 0.089651 -0.176259
v -0.164167 0.074526 0.167666
v 0.273964 0.022162 0.194737
v -0.322339 0.089949 -0.198588
v -0.021603 0.088430 -0.181167
v 0.041507 0.005196 -0.058755
v 0.056849 0.024457 0.169303
v -0.028777 0.087185 -0.170973
v 0.158071 0.084478 -0.181517
v 0.331462 0.021025 0.200524
v -0.127781 0.020842 0.051819
v -0.106021 0.021964 -0.155551
v -0.223797 0.001501 0.095621
v 0.050990 0.044320 -0.221070
v 0.130841 0.018908 -0.132956
v -0.010676 0.023549 -0.054463
v 0.234719 0.023389 0.173441
v -0.214510 -0.000463 -0.181046
v 0.279586 0.022449 0.227672
v -0.046892 0.022693 0.163885
v 0.052097 0.078319 -0.168305
v 0.087039 0.075827 -0.165632
v -0.065996 0.076935 0.168851
v 0.268790 0.038474 0.169551
v 0.022789 0.021296 0.221390
v 0.032292 0.018024 -0.220074
v -0.006278 0.021520 -0.182215
v 0.172884 0.080225 -0.158560
v 0.290065 0.039748 0.170411
v -0.255948 0.063406 0.233974
v 0.037502 0.064866 -0.158585
v 0.179028 0.022639 0.229144
v -0.219817 0.022387 0.169619
v -0.042869 0.091349 0.176210
v 0.019951 0.020674 0.179130
v -0.234545 0.000537 -0.081047
v 0.310206 0.071140 0.175136
v 0.019110 0.023349 0.175206
v 0.333539 0.042609 0.239096
v -0.214000 0.000778 -0.023161
v 0.291721 0.054109 0.169273
v 0.052360 0.022363 -0.137423
v -0.002062 0.023597 -0.154137
v -0.227556 0.002151 0.053005
v 0.306048 0.023773 -0.175726
v -0.202554 0.081612 0.185522
v 0.000854 0.087859 -0.220828
v -0.319998 0.073879 0.173279
v 0.305064 0.022733 -0.217487
v -0.140490 0.008709 -0.136407
v 0.029240 0.078754 0.195318
v -0.160746 0.089533 0.197777
v -0.013624 0.070536 0.168489
v 0.161402 0.079043 0.233587
v 0.126960 0.000979 -0.111463
v -0.124324 0.021715 0.108441
v 0.236758 0.066472 0.167227
v 0.281030 0.088077 -0.189398
v 0.125974 0.085779 0.180475
v 0.263747 0.085646 -0.185336
v 0.050124 0.022654 0.051681
v -0.212100 0.001334 0.117819
v 0.134650 0.087277 -0.217335
v 0.000377 0.000484 0.033911
v 0.217517 0.085014 -0.213455
v 0.138551 0.000270 0.188165
v 0.069546 0.024423 0.168210
v -0.139789 0.009991 -0.157125
v 0.179919 0.087027 -0.203617
v -0.127871 0.022488 0.164445
v 0.115632 0.086204 -0.183601
v 0.131835 0.059117 0.239056
v -0.109978 0.078436 -0.223725
v 0.006287 0.084295 -0.163646
v -0.106242 0.074419 -0.222463
v 0.087945 0.021342 -0.150827
v -0.096477 0.000603 -0.075319
v 0.063459 0.001053 0.235012
v -0.354375 0.024696 -0.200879
v 0.178629 0.078026 0.237081
v -0.354607 0.023338 -0.217537
v 0.320207 0.077575 0.194203
v -0.066533 0.087001 -0.172931
v -0.167942 0.001524 0.194113
v -0.006643 0.020416 0.238801
v -0.045926 0.084273 0.229592
v 0.201081 0.087796 0.197847
v -0.305259 0.089321 -0.188948
v -0.266215 0.088778 -0.211705
v 0.238797 0.084649 -0.151427
v 0.311312 0.078612 0.234445
v -0.056016 0.022336 -0.086689
v 0.330887 0.066030 0.239939
v -0.256478 0.086043 -0.161621
v 0.158143 0.022025 0.169915
v 0.175799 0.088936 0.233543
v 0.308655 0.088835 -0.156435
v 0.055900 0.058828 -0.151610
v 0.108241 0.065281 -0.152042
v -0.199225 0.077434 0.180153
v 0.124898 0.036968 0.168545
v -0.320197 0.075550 0.196631
v -0.219613 0.002150 0.172966
v 0.176955 0.073887 0.236603
v 0.127681 0.013029 -0.129198
v -0.213556 0.087993 0.223350
v -0.254476 0.084878 -0.172975
v 0.027204 0.080573 0.222122
v -0.085780 0.001537 0.105893
v -0.213269 0.046076 -0.223184
v -0.210304 0.090033 -0.216519
v -0.241542 0.087395 -0.159525
v 0.272694 0.022094 -0.176264
v -0.336547 0.024680 -0.222575
v -0.105350 0.024143 0.236238
v -0.103437 0.061266 -0.153230
v -0.309126 0.073757 0.210015
v 0.295888 0.023882 0.171618
v 0.045321 0.024657 -0.221964
v 0.130365 0.023036 0.164613
v -0.144809 0.039732 0.166855
v -0.333681 0.077355 0.199123
v -0.113406 0.083716 -0.159927
v 0.081151 0.037972 0.166968
v 0.139705 0.022434 0.085231
v 0.331139 0.077336 0.198691
v -0.215842 0.026164 0.236054
v -0.354217 0.087174 -0.223089
v -0.210856 0.025667 0.236484
v -0.250975 0.085979 -0.154563
v -0.152409 0.026463 -0.223586
v -0.141078 0.023305 0.085900
v 0.047504 0.002917 0.034018
v 0.111538 0.019352 -0.222916
v -0.333872 0.027998 0.171632
v -0.079867 0.086485 -0.175709
v -0.078855 0.007117 0.218991
v -0.083174 0.083311 -0.157519
v 0.109199 0.082916 0.193381
v 0.207926 0.073256 -0.152153
v -0.143974 0.022484 0.002456
v 0.239072 0.086259 -0.196990
v 0.283896 0.083364 -0.217987
v 0.299395 0.082917 0.216064
v 0.232064 0.023360 0.217439
v -0.008944 0.087272 0.221829
v -0.161708 0.022980 -0.153011
v -0.135083 0.021389 -0.056282
v -0.320169 0.089733 -0.212498
v -0.120583 0.021833 0.161256
v 0.051160 0.044569 0.238275
v -0.129518 0.038152 0.166380
v -0.081273 0.023839 0.161326
v -0.264368 0.027072 0.235554
v 0.004663 0.023587 -0.023649
v -0.130945 0.048407 0.166751
v -0.219318 0.087255 -0.179755
v 0.048901 0.001370 0.006990
v 0.106696 0.020502 -0.150997
v 0.240841 0.081427 -0.189532
v 0.186876 0.084047 -0.212975
v -0.204439 -0.000167 -0.173484
v 0.017875 0.087335 0.237117
v -0.012117 0.082939 0.179893
v 0.228522 0.080234 0.194500
v 0.218352 0.082190 0.190778
v 0.001988 0.022973 -0.076917
v 0.015956 0.001956 0.131565
v -0.235505 0.031683 -0.152967
v -0.228867 0.048908 -0.153669
v 0.061142 0.001571 -0.086269
v -0.099203 0.057019 0.167369
v -0.005016 0.000623 -0.119941
v 0.012108 0.086909 -0.197626
v 0.079597 0.022449 -0.102281
v 0.051940 0.022325 0.066492
v -0.125359 0.027748 0.166261
v 0.243240 0.059796 -0.150595
v -0.334967 0.034464 0.209016
v -0.094432 0.022766 -0.104164
v -0.123237 0.029535 0.162634
v 0.008290 0.001973 0.032408
v -0.186152 0.022920 -0.116540
v 0.257039 0.086867 0.205934
v -0.281029 0.028103 0.189880
v -0.030557 0.079459 -0.164159
v -0.255583 0.024577 -0.184089
v -0.258060 0.082134 0.217404
v -0.191242 0.024743 -0.223172
v -0.053869 0.088078 -0.182658
v 0.035550 0.024170 -0.152649
v -0.215181 0.039279 0.165059
v -0.039895 0.022442 0.165636
v -0.226355 0.039058 0.166132
v -0.009361 0.049559 -0.152752
v -0.184434 0.089676 -0.185988
v 0.323820 0.032038 0.169142
v -0.354218 0.077547 -0.168712
v 0.123716 0.024784 -0.182826
v 0.208878 0.084194 -0.161448
v 0.282831 0.089268 -0.170753
v -0.262053 0.087406 0.211961
v -0.163383 0.088927 -0.223058
v -0.079421 0.096975 -0.160327
v 0.140377 0.000339 0.005799
v 0.134802 0.021184 0.236207
v 0.150220 0.020583 0.234872
v 0.097428 0.002307 -0.224366
v -0.116287 0.016819 0.231105
v -0.116715 0.023283 -0.184400
v -0.139255 0.020011 -0.120838
v 0.274188 0.087361 -0.199503
v 0.245041 0.068688 0.239168
v -0.353808 0.068847 -0.155145
v 0.030198 0.087775 0.212535
v 0.085297 0.024055 0.167814
v 0.281380 0.087396 -0.194631
v -0.269988 0.032805 -0.153666
v 0.001096 0.085912 0.168555
v -0.219071 0.001284 0.155342
v -0.299857 0.067848 0.172993
v 0.044671 0.003194 -0.124652
v -0.355515 0.025365 -0.194287
v 0.136556 0.023371 -0.151986
v -0.061808 0.080186 0.166846
v -0.258351 0.083263 -0.169423
v -0.059299 0.023309 -0.214658
v 0.104659 0.023384 -0.191477
v -0.355465 0.032684 -0.224926
v 0.109689 0.019117 -0.155176
v 0.298545 0.023882 -0.149911
v -0.336825 0.031098 0.201766
v 0.124359 0.021390 -0.131056
v -0.104760 0.000716 -0.204427
v -0.144530 0.085714 0.227971
v 0.076165 0.085929 0.216764
v 0.103329 0.085659 0.169190
v 0.127713 0.022381 -0.121488
v -0.327628 0.036334 0.207175
v -0.077160 0.007567 0.241801
v -0.276322 0.073873 0.232994
v 0.116007 0.002579 -0.224125
v 0.231379 0.024954 -0.150727
v 0.247108 0.082899 -0.202802
v -0.157693 0.075555 -0.153714
v -0.351517 0.083787 -0.161061
v -0.119925 0.024819 0.168973
v 0.309156 0.069285 -0.173605
v -0.216333 0.088640 -0.195454
v 0.310315 0.088006 -0.169563
v -0.305545 0.089585 -0.155317
v -0.253030 0.027032 0.166867
v 0.023660 0.013200 0.234651
v 0.095464 0.081451 0.220964
v 0.306058 0.039069 -0.217718
v 0.112223 0.023608 0.168456
v 0.037159 0.002609 -0.146866
v 0.218200 0.079973 -0.219719
v 0.033074 0.005053 -0.174173
v -0.192993 0.081409 -0.153906
v 0.290629 0.085587 -0.209279
v -0.114928 0.024149 0.196720
v 0.331497 0.079391 0.214165
v -0.302178 0.073559 0.202224
v -0.010921 0.021765 -0.214795
v -0.229181 0.088156 -0.221951
v -0.158674 0.001082 -0.221536
v -0.199379 0.000251 -0.130951
v -0.202539 0.023682 0.164762
v 0.093505 0.085862 -0.171559
v -0.249828 0.046707 -0.153540
v -0.150646 0.023584 0.164788
v -0.291806 0.023454 -0.201223
v 0.216873 0.024399 0.170464
v -0.180998 0.080008 0.176551
v -0.306421 0.024472 -0.197229
v -0.254561 0.084950 0.220013
v -0.220772 0.022865 -0.093893
v 0.022169 0.002920 0.206084
v -0.336952 0.059234 0.234566
v -0.354328 0.058957 -0.223061
v -0.333601 0.070709 0.229616
v 0.018917 0.001804 0.167063
v -0.049950 0.020720 0.238701
v 0.280873 0.080142 -0.151736
v -0.238298 0.022873 -0.107937
v -0.109386 0.002062 -0.194198
v 0.192356 0.024740 0.169861
v 0.140142 0.001927 0.233615
v 0.035201 0.003924 -0.153670
v 0.304839 0.052673 -0.149517
v 0.332012 0.031751 0.240523
v -0.336229 0.062935 0.231276
v 0.113344 0.014414 -0.142740
v -0.128703 0.021830 0.067946
v 0.124231 0.021487 -0.144731
v 0.280727 0.087444 -0.212953
v 0.110981 0.020451 -0.200718
v 0.086950 0.088428 -0.221070
v -0.285555 0.075743 0.173923
v -0.030253 0.024961 0.167151
v -0.240101 0.022830 -0.130286
v -0.334128 0.076554 0.189442
v -0.200098 0.023693 0.119321
v -0.001688 0.086709 0.176713
v -0.269922 0.024519 -0.154471
v 0.287859 0.022413 0.203473
v 0.154397 0.000829 0.170816
v 0.239759 0.086233 -0.208192
v 0.047082 0.017095 0.025791
v -0.036308 0.087963 -0.193388
v 0.127500 0.085506 0.174897
v 0.149368 0.074224 -0.162783
v 0.077607 0.000291 -0.188931
v -0.279056 0.074743 0.216181
v -0.336063 0.089915 -0.205473
v 0.009933 0.022030 0.045493
v 0.133625 0.000661 -0.042673
v -0.303946 0.085336 -0.207982
v -0.078071 0.079781 0.235822
v 0.156594 0.000034 0.229500
v 0.021077 0.087153 0.191858
v 0.127695 0.022854 -0.047882
v -0.215238 0.005268 0.238269
v 0.331611 0.078168 0.206702
v 0.086471 0.000376 0.227104
v 0.333384 0.022918 0.219548
v -0.240392 0.027257 0.211861
v 0.094754 0.021658 -0.150446
v 0.140889 0.001870 -0.022218
v -0.173180 0.003932 0.236054
v 0.033456 0.022342 -0.162383
v 0.246164 0.022103 -0.174082
v -0.083751 0.048887 0.165209
v 0.030688 0.082651 0.210519
v -0.255654 0.086864 -0.168235
v 0.218454 0.023657 0.194057
v 0.023646 0.084565 -0.168462
v -0.155154 0.086728 0.192896
v -0.331970 0.035934 -0.224662
v 0.198284 0.084597 -0.192725
v -0.179942 0.024176 0.236700
v -0.111214 0.091016 0.195678
v -0.135678 0.002948 -0.064412
v 0.149237 0.080555 -0.167988
v 0.012078 0.001547 0.082355
v 0.011034 0.004428 0.058005
v -0.010234 0.087235 0.233134
v -0.098989 0.003111 -0.061713
v 0.305986 0.087797 -0.198965
v -0.224194 0.088028 0.214074
v 0.331263 0.033002 0.170854
v -0.213177 0.086535 -0.159470
v 0.147110 0.068668 -0.152442
v -0.152916 0.029715 -0.222828
v -0.184354 0.001289 0.235544
v -0.104917 0.000124 -0.185280
v 0.276366 0.069547 0.166144
v -0.062371 0.024028 -0.153202
v 0.071279 0.086552 0.188507
v 0.084017 0.078638 0.191103
v -0.198321 0.041406 0.166374
v -0.333786 0.071442 0.173153
v -0.219435 0.026463 0.166918
v 0.293503 0.022840 0.239871
v -0.226373 0.090198 -0.214939
v -0.233970 0.023000 -0.054646
v 0.235553 0.070915 0.165276
v 0.058515 0.022249 0.208134
v -0.124686 0.001458 0.123481
v 0.135028 0.088658 0.203782
v -0.355059 0.024484 -0.225015
v 0.333644 0.023308 0.240375
v 0.046573 0.022068 0.008972
v -0.205797 0.023079 -0.091711
v 0.078130 0.064163 -0.153084
v 0.142731 0.022606 -0.025230
v -0.222437 0.084088 -0.159412
v -0.280172 0.062521 0.166569
v 0.046002 0.022850 -0.027748
v 0.308071 0.089008 -0.174262
v -0.175234 0.083429 0.176766
v -0.172578 0.079663 0.174675
v 0.135774 0.010640 -0.119177
v 0.082539 0.018768 -0.222420
v -0.127658 0.066592 -0.153981
v 0.273053 0.021714 -0.180770
v -0.228923 0.021753 0.040520
v 0.306960 0.069647 0.183960
v 0.122532 0.001408 0.235161
v 0.280422 0.082717 0.213264
v -0.087652 0.089550 0.218156
v 0.144506 0.024474 -0.152023
v 0.032565 0.081555 0.223368
v 0.134372 0.076954 0.168256
v -0.137786 0.000860 -0.080584
v 0.020430 0.024031 0.238287
v -0.354479 0.070671 -0.167274
v 0.150602 0.023265 -0.182013
v -0.143436 0.011786 -0.176268
v 0.005988 0.088086 0.232190
v 0.248524 0.079282 0.193001
v 0.073673 0.021482 -0.221210
v 0.138431 0.075819 0.171651
v 0.173783 0.061222 -0.151646
v 0.055983 0.021451 -0.220273
v 0.106330 0.077728 0.238202
v -0.129173 0.089102 -0.171082
v -0.313685 0.080004 0.187996
v -0.324871 0.080697 0.188036
v -0.039510 -0.000154 -0.206014
v -0.139417 0.091348 -0.159382
v -0.092236 0.022610 -0.066620
v -0.079318 0.079327 -0.154229
v -0.193750 0.022895 -0.151417
v 0.132351 0.031762 -0.177556
v -0.036510 0.004714 -0.210643
v 0.115040 0.025068 -0.186375
v 0.058088 0.023448 0.146870
v -0.042426 0.087075 0.230834
v -0.120430 0.023543 0.170878
v -0.027787 0.091149 0.228188
v -0.348067 0.089955 -0.220908
v -0.008917 0.000445 -0.177248
v -0.222538 0.084866 -0.164750
v -0.246292 0.022033 -0.174678
v 0.084079 0.022585 0.132537
v 0.032055 0.008641 -0.202583
v 0.054741 0.022145 0.113175
v -0.189472 0.001260 0.211560
v -0.052912 0.020975 0.240888
v 0.056566 0.023103 0.130070
v 0.271962 0.022605 0.199706
v -0.086246 0.088593 -0.217063
v -0.191413 0.083899 0.224819
v -0.227641 0.086454 -0.187986
v 0.054714 0.022985 0.121922
v -0.144086 0.023520 -0.209062
v 0.064474 0.077015 -0.221374
v 0.227751 0.076691 0.185325
v 0.042373 0.002208 -0.079364
v -0.295218 0.026358 0.223623
v 0.303516 0.022532 -0.151036
v 0.051185 0.029881 -0.222747
v 0.102196 0.023698 -0.194392
v 0.040681 0.079766 -0.163879
v 0.053038 0.020022 0.110313
v 0.196282 0.074676 0.184195
v 0.250007 0.072023 0.171880
v -0.214324 0.001878 0.231668
v 0.135089 0.053055 0.168644
v 0.124974 0.023310 -0.162858
v 0.057161 0.023084 0.069181
v 0.219170 0.064965 -0.219411
v 0.224655 0.023607 -0.218773
v -0.297060 0.074512 -0.223778
v 0.079953 0.085558 0.187752
v -0.336425 0.031805 0.212905
v -0.272074 0.088869 -0.174807
v -0.095902 0.084029 -0.166113
v 0.252029 0.086840 -0.181275
v -0.270779 0.089164 -0.156608
v 0.022655 0.023200 0.198194
v -0.108932 0.012196 -0.208621
v 0.152207 0.005644 0.085673
v 0.307863 0.070336 -0.215014
v -0.241028 0.074996 0.167746
v 0.054202 0.089136 -0.196341
v -0.058136 0.085013 0.170710
v -0.187489 0.088435 0.221212
v -0.084043 0.024213 0.174112
v 0.039343 0.021945 -0.090592
v -0.099411 0.024592 0.170555
v 0.211773 0.078011 -0.151461
v -0.083884 0.022366 -0.031962
v 0.111198 0.078036 0.175387
v -0.015845 0.088575 0.179879
v -0.224833 0.025992 -0.223251
v -0.096042 0.021962 -0.040292
v 0.110116 0.021193 -0.187077
v -0.048944 -0.000043 0.221014
v 0.060148 0.023759 0.238273
v -0.125858 0.088123 -0.222242
v 0.019922 0.041030 0.167230
v 0.231539 0.023390 0.202058
v 0.204259 0.022975 0.197043
v 0.288399 0.087305 0.227285
v -0.195297 0.023795 -0.220495
v 0.221939 0.083295 0.225148
v 0.205288 0.086681 0.210850
v 0.332164 0.074248 0.238269
v 0.088874 0.021749 -0.119102
v 0.078477 0.087965 0.184621
v -0.140721 0.017931 -0.159483
v 0.040811 0.022089 -0.150926
v 0.048745 0.049313 -0.151936
v 0.111283 0.008443 -0.199810
v 0.275819 0.022518 -0.209058
v 0.222798 0.073913 0.232074
v 0.331720 0.069986 0.237984
v -0.234756 0.025277 0.220553
v -0.123740 0.036368 0.237663
v -0.011989 0.088455 -0.167797
v -0.086717 0.022223 0.079583
v -0.217645 0.024097 0.204038
v 0.042977 0.004477 -0.092721
v -0.051892 0.091000 0.225592
v 0.235766 0.026408 0.169752
v 0.190589 0.022973 0.238740
v -0.164454 0.002573 0.234468
v 0.160362 0.020173 0.198125
v 0.059001 0.001595 0.181420
v 0.060376 0.001165 0.202906
v 0.179364 0.023535 -0.219571
v 0.304393 0.041965 -0.218822
v -0.002492 0.021026 0.237382
v -0.003676 0.003374 0.237474
v 0.037144 0.021508 -0.219855
v -0.064423 0.046116 0.164984
v 0.157301 0.002823 0.164106
v -0.219553 0.025628 0.182467
v 0.010691 0.087287 -0.180711
v 0.089595 0.022009 -0.050408
v 0.039599 0.020805 -0.085448
v -0.045566 0.022419 0.142595
v -0.190575 0.080222 0.231600
v -0.333082 0.035046 0.206945
v -0.078391 0.022903 0.227486
v 0.258701 0.086799 -0.212896
v -0.275966 0.080540 -0.197984
v -0.032089 -0.000204 -0.180497
v 0.036117 0.019433 -0.140017
v -0.018820 0.089279 -0.219263
v -0.070282 0.083881 -0.168128
v -0.239454 0.002887 -0.098089
v 0.109959 0.023715 -0.152917
v -0.076016 0.022172 0.238853
v -0.006312 0.079062 0.237552
v -0.025778 -0.000436 0.236995
v 0.023203 0.087136 -0.221005
v -0.132781 0.023446 -0.154346
v 0.284366 0.069289 0.172430
v 0.143321 0.084431 0.229898
v -0.182623 0.001436 0.173119
v -0.091110 0.021917 0.031521
v 0.114229 0.000744 -0.222543
v -0.143259 0.025145 0.237324
v -0.058259 0.002908 -0.210458
v 0.190692 0.086447 -0.196225
v -0.335961 0.029659 0.167082
v -0.003718 0.022733 -0.178450
v 0.098897 0.021383 -0.151523
v 0.308226 0.041244 -0.156221
v 0.113150 0.077234 -0.221000
v -0.029776 -0.000078 0.199840
v 0.057587 0.001271 -0.218529
v 0.286904 0.023675 -0.176497
v 0.156923 0.089063 0.213703
v 0.117153 0.022455 0.116522
v -0.271716 0.077401 0.213956
v -0.004545 0.024690 0.237916
v -0.153169 0.056111 -0.152773
v -0.189298 0.022942 -0.080226
v 0.039399 0.002615 -0.108891
v -0.286287 0.071657 0.174908
v -0.101975 0.022380 -0.118950
v -0.112975 0.077156 -0.153652
v -0.203507 0.000713 0.200722
v -0.055606 -0.000183 -0.037569
v 0.038183 0.021837 -0.138998
v -0.129041 0.001066 0.065285
v -0.355349 0.025839 -0.182683
v -0.141833 0.021897 -0.133792
v 0.016042 0.024455 0.166656
v 0.254244 0.022587 -0.152598
v 0.009907 0.033103 0.165113
v -0.007803 0.006811 -0.213207
v -0.120646 0.023658 0.230123
v 0.079741 0.077475 0.167318
v -0.112511 0.054083 0.165584
v 0.293459 0.077546 0.238795
v -0.314896 0.028078 0.200234
v -0.110550 0.017605 -0.208454
v -0.081512 0.021392 0.179453
v -0.122324 0.020613 0.126461
v -0.130659 0.021618 0.028524
v -0.082026 0.021183 0.168765
v 0.317927 0.060688 0.170122
v -0.060799 0.024825 -0.222623
v -0.099016 0.021424 -0.065641
v 0.326135 0.081081 0.204774
v -0.245279 0.084616 0.198419
v -0.243170 0.082947 0.190842
v 0.138426 0.081890 -0.220579
v 0.020199 0.000734 0.206843
v 0.045007 0.087989 0.211279
v -0.179241 0.000175 -0.216288
v -0.015354 0.054549 -0.221659
v -0.353283 0.079269 -0.156576
v 0.202589 0.080327 0.198486
v 0.054201 0.002351 0.133334
v -0.053693 0.088782 0.185571
v 0.062614 0.087157 0.236721
v 0.206921 0.084842 -0.219043
v 0.122658 0.024158 -0.202789
v 0.133138 0.001667 -0.121561
v -0.092927 0.023454 -0.091482
v 0.114731 0.014731 -0.182918
v 0.033469 0.008534 -0.178850
v 0.184635 0.066724 0.169807
v 0.111098 0.008636 -0.223237
v 0.144197 0.007012 -0.025265
v -0.087371 0.001063 0.063545
v -0.282832 0.073379 0.225911
v -0.240876 0.026771 0.167308
v -0.088770 0.003162 0.080207
v 0.096570 0.000509 0.098821
v 0.070701 0.022339 0.042300
v 0.100575 0.086517 -0.177745
v 0.132673 0.049226 -0.220392
v 0.069211 0.088180 -0.220441
v -0.018006 0.000588 -0.209323
v -0.054125 0.023776 0.167370
v 0.177144 0.085890 -0.181380
v 0.309373 0.087347 -0.192355
v -0.055978 -0.000650 0.203026
v -0.138816 0.025507 -0.223072
v -0.047247 0.086873 -0.174819
v -0.066238 0.077683 0.180099
v -0.182999 0.089739 -0.221145
v 0.151469 0.090818 0.209326
v -0.224736 0.068392 0.234404
v 0.045565 0.002448 -0.198942
v 0.269016 0.025236 0.240108
v -0.105160 0.023923 -0.220454
v 0.049855 0.022767 0.026016
v -0.151876 0.091988 0.193915
v -0.085043 0.023229 -0.213633
v -0.123508 0.003739 0.106469
v -0.246623 0.020556 -0.198570
v 0.310148 0.021831 0.238911
v -0.212985 0.006012 0.239564
v -0.261424 0.082718 -0.225541
v 0.062611 0.024075 0.166698
v -0.051728 0.021209 0.239045
v 0.048456 0.002494 -0.171959
v 0.002705 0.023328 -0.214420
v -0.225996 0.020263 -0.046389
v -0.217983 0.024681 0.219601
v -0.155146 0.090253 -0.205133
v -0.139291 0.082504 -0.161390
v -0.132574 0.081823 -0.153945
v -0.332392 0.077624 0.208923
v -0.099510 0.025594 -0.088261
v 0.250061 0.077398 0.185500
v 0.111098 0.006370 -0.224843
v 0.270127 0.073349 0.176925
v -0.154545 0.080296 0.174687
v 0.080024 0.022336 -0.221276
v -0.252312 0.051157 0.235044
v -0.058230 -0.000979 -0.201358
v -0.117640 0.020183 0.193775
v 0.044838 0.021080 -0.007990
v -0.105125 0.001132 -0.152747
v 0.088962 0.045877 -0.221033
v -0.296908 0.071856 0.175785
v -0.199536 0.001231 0.208299
v 0.304591 0.077769 0.196602
v 0.144478 0.068145 0.167901
v 0.221813 0.079304 0.231368
v -0.066870 0.063437 0.163876
v -0.044418 0.023696 -0.153471
v 0.151517 0.061291 0.169561
v 0.084804 0.000561 0.011573
v 0.146587 0.072561 0.169617
v 0.154112 0.033681 -0.220676
v -0.319004 0.070518 0.174868
v 0.057294 0.023015 0.216909
v -0.295945 0.076929 0.180249
v -0.104121 0.072931 0.168553
v -0.125797 0.068114 0.167092
v 0.067517 0.021166 0.243298
v -0.245643 0.022361 -0.212799
v 0.130819 0.024090 -0.220578
v 0.186791 0.084205 -0.219476
v 0.026621 0.080484 0.167545
v 0.161894 0.010962 0.232172
v -0.004193 0.025150 -0.128157
v -0.022708 0.081147 -0.155347
v -0.073294 0.000435 -0.208299
v 0.111517 0.004244 -0.183775
v -0.159551 0.084564 0.225953
v -0.038101 0.022012 -0.213403
v -0.088444 0.022156 0.054178
v 0.182378 0.052964 0.169142
v 0.046140 0.013696 -0.220637
v 0.115979 0.087488 0.184793
v 0.034065 0.088777 -0.218923
v 0.282385 0.060013 0.170126
v 0.036715 0.002162 -0.164832
v -0.353958 0.085029 -0.188093
v -0.220588 0.000991 0.064899
v 0.134348 0.075719 0.182219
v -0.305504 0.024129 -0.188577
v -0.326358 0.024239 -0.170673
v 0.318138 0.064706 0.178154
v 0.092041 0.081665 -0.166353
v -0.082529 0.023470 0.168674
v -0.129033 0.025194 0.237061
v 0.037105 0.023769 0.238569
v -0.186329 0.022768 -0.152211
v -0.093526 0.086513 0.185046
v -0.211090 -0.000707 -0.096725
v -0.048221 0.020964 0.240590
v -0.140651 0.000880 0.030241
v 0.332847 0.021775 0.239525
v 0.103877 0.084280 0.207200
v 0.064156 0.003188 0.240107
v 0.054536 0.020551 0.129698
v 0.057830 0.022987 0.157172
v -0.225504 0.002840 0.086391
v 0.110104 0.022086 0.167114
v 0.285015 0.082627 -0.199328
v 0.119633 0.022267 0.164190
v -0.222568 0.025659 0.180885
v -0.294919 0.023632 -0.156312
v -0.080323 0.078817 -0.162936
v -0.062629 0.069567 0.235749
v 0.015266 0.088139 0.182428
v -0.096202 0.082817 0.174045
v -0.169384 0.083187 0.185742
v -0.211697 0.000079 -0.079442
v 0.278537 0.023335 -0.218296
v -0.216366 0.078838 0.233255
v -0.181977 0.086339 0.182839
v -0.084668 0.086065 -0.168381
v -0.245962 0.002454 -0.210661
v -0.285227 0.085930 -0.205163
v -0.335841 0.024297 -0.155718
v -0.130193 0.079997 0.185647
v 0.244022 0.085306 -0.187455
v 0.242424 0.080352 -0.151014
v -0.334156 0.031105 0.165700
v 0.111879 0.013425 -0.150876
v 0.164721 0.022818 0.230401
v -0.265812 0.082149 -0.194529
v -0.084230 0.086963 0.228484
v 0.082004 0.000308 -0.156097
v -0.310348 0.024615 -0.204854
v -0.294395 0.028337 0.166191
v 0.048421 0.024613 0.238484
v -0.228401 0.084571 -0.223055
v -0.175333 0.080433 0.227726
v 0.226400 0.088279 0.223499
v 0.232182 0.086986 0.233817
v 0.061318 0.019545 0.239003
v -0.279268 0.079705 0.198501
v -0.144626 0.043831 -0.153369
v 0.164594 0.022462 0.226588
v -0.197720 0.081019 0.172724
v -0.227060 0.081327 0.225328
v 0.050826 0.007933 -0.211793
v 0.330937 0.063217 0.177827
v -0.322675 0.050532 -0.224937
v 0.039195 0.022029 -0.125842
v 0.240626 0.074671 0.231764
v 0.039708 0.022656 -0.131246
v 0.330192 0.082697 0.217269
v -0.256798 0.080347 -0.153133
v 0.132924 0.041728 -0.221225
v -0.143646 0.017738 -0.180463
v 0.137354 0.002083 -0.083019
v 0.047624 0.001844 -0.091018
v 0.140785 0.021170 -0.051284
v -0.129047 0.022564 0.052136
v 0.051261 0.000356 -0.165886
v 0.152587 0.022454 0.115684
v 0.061239 0.010843 0.241498
v 0.106898 0.025516 -0.185930
v -0.273110 0.082550 -0.200473
v 0.104370 0.022367 -0.014861
v -0.218822 0.022020 -0.216261
v 0.098279 0.086658 0.217737
v -0.026261 0.000163 -0.157784
v -0.227817 0.021809 -0.214677
v 0.020342 0.074983 -0.155836
v -0.273076 0.024129 -0.182325
v -0.227730 0.024434 -0.153989
v 0.305988 0.081784 -0.215939
v 0.330798 0.045247 0.171654
v 0.065469 0.087483 0.181481
v -0.227025 0.003848 0.065418
v 0.227457 0.083002 -0.172881
v -0.094815 0.096810 -0.155925
v 0.145371 0.000563 0.059798
v -0.063797 0.022990 0.238703
v 0.329885 0.061765 0.180689
v -0.214634 0.013427 0.239317
v -0.335903 0.031891 0.195056
v 0.234333 0.060379 0.169506
v 0.138172 0.021607 -0.077873
v -0.156717 0.088896 0.226079
v 0.117829 0.073919 -0.155555
v -0.041455 0.000107 0.238297
v -0.353078 0.079518 -0.162082
v -0.171836 -0.000090 -0.163404
v -0.217070 0.026001 -0.153212
v 0.111071 0.084624 0.174797
v -0.054544 0.022276 0.165496
v 0.045011 0.086283 -0.176674
v 0.112634 0.067400 0.168860
v -0.249827 0.025486 0.215815
v -0.170041 0.000600 -0.069481
v -0.127654 0.002171 0.048630
v -0.277684 0.026567 0.214593
v -0.303629 0.028612 0.209080
v 0.153779 0.022435 -0.174784
v -0.236184 0.000568 -0.104450
v -0.229347 0.022849 -0.149268
v 0.032811 0.010942 -0.220112
v 0.021333 0.023639 0.178907
v -0.230330 0.023080 -0.040419
v 0.085320 0.079413 0.173401
v -0.310941 0.025832 -0.154638
v -0.082013 0.022325 0.154378
v -0.175130 0.061173 -0.222681
v 0.100482 0.059805 0.168884
v -0.171027 0.000699 -0.010179
v -0.218281 0.003639 0.195174
v 0.069955 0.066465 0.169150
v 0.308321 0.052377 -0.175682
v 0.260077 0.086745 -0.196584
v 0.048815 0.002038 -0.034120
v -0.226950 0.023459 0.036459
v -0.078559 0.087499 -0.221073
v -0.241211 0.079796 0.182266
v 0.267780 0.069141 0.238955
v 0.116292 0.006094 -0.224281
v 0.044494 0.002533 -0.034481
v -0.333072 0.074310 0.184699
v -0.240407 0.021044 -0.118504
v 0.048079 0.021488 0.030592
v 0.117694 0.085827 -0.164524
v -0.149464 0.025492 0.166279
v -0.073275 0.022429 0.028370
v 0.050259 0.011546 -0.212922
v -0.285343 0.082633 0.213819
v -0.003630 0.021773 -0.152396
v 0.151881 0.052603 0.168433
v -0.259621 0.079104 0.180477
v 0.301792 0.023612 0.170913
v -0.002665 0.025429 -0.095342
v -0.168371 0.080962 -0.158197
v -0.354395 0.072231 -0.222204
v 0.291304 0.025989 0.170464
v -0.300836 0.025484 -0.222735
v -0.182594 0.085019 0.187220
v 0.008134 0.075463 -0.160142
v -0.233778 0.001019 -0.057596
v -0.109760 0.023806 -0.213956
v -0.297394 0.031820 0.205362
v 0.275493 0.022358 -0.151793
v -0.197589 0.025801 0.236629
v -0.274600 0.028117 0.206784
v 0.112514 0.019490 -0.152385
v -0.224846 0.040527 0.236902
v -0.201942 0.065518 0.236081
v 0.110488 0.000811 -0.181342
v -0.058362 0.004312 0.241007
v -0.040147 0.023148 -0.215300
v -0.013908 0.023384 -0.006974
v 0.289576 0.071335 0.170360
v -0.137394 0.001521 0.205504
v -0.015602 0.023080 -0.217447
v -0.312061 0.033371 0.207182
v -0.211974 0.023684 -0.217444
v 0.014569 0.087111 0.174627
v 0.130243 0.022598 -0.201096
v 0.106775 0.087598 0.208025
v 0.126154 0.023319 -0.190518
v -0.235920 0.056796 -0.223797
v 0.197868 0.031413 0.169234
v 0.162432 0.020194 0.231223
v 0.126541 0.022999 -0.213223
v -0.145263 0.023651 -0.152782
v -0.145489 0.023703 -0.221951
v -0.051513 0.087259 -0.201976
v 0.112220 0.000270 0.004474
v 0.065533 0.024821 0.238999
v 0.109623 0.000571 -0.188913
v -0.259842 0.025246 0.233394
v 0.127394 0.086955 -0.200801
v -0.094518 0.053960 0.165636
v 0.001370 0.023565 -0.092680
v 0.062262 0.060924 0.238580
v -0.336883 0.026753 0.216327
v 0.033741 0.019569 -0.177093
v 0.103387 0.078193 0.172954
v -0.080941 0.005476 0.192785
v -0.107908 0.024054 -0.154303
v 0.306404 0.024307 -0.163297
v 0.300059 0.022277 0.200012
v 0.137712 0.023690 0.167308
v 0.013083 0.000953 0.100556
v 0.149208 0.086990 -0.187827
v -0.100871 0.084433 0.187011
v 0.040287 0.077613 0.182228
v -0.122060 0.023432 0.164648
v 0.253333 0.022511 0.239524
v 0.055514 0.001073 -0.107760
v 0.070730 0.066501 -0.159712
v -0.006207 -0.000011 0.218395
v 0.139621 0.088502 0.230866
v 0.003260 0.000109 0.086061
v -0.234876 0.020478 -0.044463
v 0.147575 0.019809 0.011046
v -0.215676 0.022916 0.232606
v 0.214384 0.070125 0.237627
v 0.113043 0.006577 -0.223712
v -0.333050 0.067258 0.166843
v 0.013849 0.060212 0.168230
v -0.104597 0.023509 -0.214953
v -0.078842 0.084916 0.181076
v -0.304798 0.027625 0.235058
v 0.183765 0.022942 0.232423
v -0.291669 0.026183 0.234659
v 0.098931 0.023715 0.167935
v -0.321047 0.074679 0.208071
v 0.116926 0.037782 -0.220802
v 0.125532 -0.000281 0.233251
v 0.145095 0.022796 0.010781
v -0.219809 0.081559 0.171345
v -0.338351 0.026676 0.230265
v -0.252404 0.036898 0.164463
v -0.291377 0.026129 -0.223160
v -0.134119 0.025122 0.153562
v -0.268572 0.074946 0.166977
v -0.218994 0.025215 0.201058
v -0.255138 0.024422 -0.154444
v -0.027470 0.090889 0.180666
v -0.279066 0.028363 0.166441
v -0.261722 0.088407 -0.197852
v 0.306608 0.023846 -0.196245
v 0.060695 0.003466 0.234745
v -0.077831 0.089924 -0.166697
v -0.134088 0.021156 -0.044511
v -0.220477 0.085393 0.231595
v -0.189733 0.003277 -0.158419
v 0.227349 0.022532 0.212080
v 0.073067 0.080597 -0.172861
v -0.011918 0.021334 0.237987
v -0.039631 0.083316 -0.167773
v -0.141837 0.021990 -0.151952
v -0.050183 0.003474 0.240362
v -0.115272 0.024152 0.219831
v 0.031490 0.075883 -0.160750
v 0.108445 0.088428 -0.199790
v 0.275760 0.081866 0.237617
v 0.012983 0.084194 0.225622
v -0.178990 0.022879 -0.151817
v 0.332741 0.072315 0.236047
v -0.269703 0.082723 0.227267
v -0.141715 0.022219 -0.121491
v 0.013950 0.024003 0.117940
v 0.058634 0.022694 0.166032
v -0.017663 0.023512 -0.220095
v -0.012677 0.000135 -0.116737
v 0.081020 0.088382 0.220692
v -0.123131 0.090936 0.231781
v 0.019584 0.023700 0.167886
v -0.142937 0.022784 -0.168086
v -0.297915 0.035818 -0.224149
v -0.210444 0.022683 -0.151839
v 0.305109 0.032153 -0.218867
v -0.326848 0.027929 0.194443
v 0.039772 0.071206 -0.162401
v 0.056883 0.022032 -0.112700
v 0.039475 0.022313 -0.101150
v 0.039003 0.021901 -0.110206
v -0.058292 0.089624 0.213131
v 0.193982 0.089460 0.206435
v -0.084431 0.093114 -0.156696
v -0.230728 0.022779 -0.000610
v -0.168056 0.022130 0.235717
v -0.105049 0.020463 -0.142076
v 0.159145 0.020670 0.178955
v 0.055536 0.084496 0.186938
v 0.121631 0.077580 -0.160468
v -0.124026 0.080463 0.176437
v -0.017992 0.088356 0.167452
v -0.055895 0.021052 0.241462
v 0.222169 0.023312 0.190440
v -0.173954 0.002478 0.234440
v -0.001305 0.080576 -0.221830
v -0.109761 0.095192 -0.162499
v 0.116852 0.023699 -0.152521
v 0.138681 0.087290 0.182668
v -0.286068 0.085708 0.206901
v -0.022255 0.090930 0.171562
v -0.258713 0.026291 0.189049
v -0.307684 0.064749 0.234181
v 0.331597 0.071682 0.194443
v -0.250433 0.063305 0.166223
v 0.032761 0.037457 0.238739
v 0.093013 0.089300 -0.218583
v -0.271168 0.023409 -0.165435
v -0.228022 0.078802 0.168216
v -0.005574 0.025143 -0.118389
v -0.022282 0.088457 0.198125
v -0.087839 0.085080 0.233571
v 0.142387 0.085693 -0.172098
v 0.029319 0.024352 -0.221622
v 0.214008 0.058411 0.239467
v -0.330068 0.025714 -0.221760
v 0.032051 0.022303 -0.221254
v -0.126109 0.013898 0.064166
v 0.052186 0.009505 0.102878
v -0.319872 0.075018 0.224754
v 0.202125 0.083072 -0.197940
v 0.115464 0.001500 -0.158729
v -0.124071 0.021632 0.119262
v -0.100610 0.021368 -0.087222
v -0.173560 0.083653 -0.155790
v 0.234677 0.023045 -0.152493
v -0.147573 0.022095 -0.113472
v -0.204463 0.077532 -0.161545
v 0.052241 0.083513 -0.179130
v -0.008125 0.021303 -0.200516
v 0.145733 0.001409 0.023520
v 0.198834 0.022468 -0.180086
v 0.072075 0.062034 -0.220861
v 0.055259 0.086920 0.182325
v 0.117176 0.024215 -0.220477
v -0.335658 0.024524 -0.171267
v 0.243374 0.022256 -0.185130
v 0.331179 0.075451 0.235334
v 0.003488 0.000309 0.217582
v 0.012530 0.023299 0.075841
v 0.298672 0.088303 -0.148758
v 0.162627 0.022443 -0.176276
v 0.162647 0.071587 0.179608
v -0.335601 0.070170 0.218108
v 0.202945 0.023860 0.239505
v 0.236726 0.024133 0.240117
v -0.323899 0.088524 -0.222746
v -0.159212 0.089918 0.205025
v 0.252609 0.085704 -0.172232
v -0.006719 0.002194 -0.196720
v 0.071628 0.022632 -0.002963
v 0.038563 0.079418 0.205008
v 0.108238 0.021645 -0.204745
v -0.056506 0.086063 0.217148
v 0.238494 0.023431 0.230578
v 0.069723 0.001250 -0.105724
v -0.293879 0.083757 -0.193345
v -0.256635 0.082497 -0.195251
v -0.075628 0.081342 0.173247
v -0.176222 0.000002 -0.200562
v 0.058238 0.003034 0.199358
v -0.138824 0.023868 -0.154892
v -0.135349 0.088368 0.193332
v -0.130097 0.094019 -0.164349
v -0.126816 0.021427 0.082842
v 0.158920 0.000283 0.206619
v 0.155849 0.003699 0.134304
v -0.057156 0.053782 0.237737
v 0.057197 0.000976 -0.138799
v 0.043039 0.077795 -0.166424
v 0.058379 0.020422 0.193730
v 0.008498 0.000466 0.134661
v -0.111283 0.079985 -0.162662
v 0.119146 0.071837 -0.161266
v -0.220189 0.025532 0.169662
v 0.304946 0.070336 0.179580
v -0.015490 0.066515 0.167972
v -0.056293 0.087039 -0.187229
v 0.036332 0.004515 -0.130628
v -0.218193 0.023169 -0.037009
v 0.007436 0.003590 0.003864
v -0.084560 0.087935 -0.187523
v -0.133889 0.001966 0.231483
v 0.156877 0.017818 0.150680
v 0.158060 0.068267 0.169552
v 0.221924 0.073885 0.183193
v -0.077130 0.022891 0.236028
v -0.221724 0.003815 0.143275
v 0.331361 0.057005 0.240623
v -0.106743 0.033451 -0.151001
v -0.241190 0.082523 -0.154783
v -0.221754 0.001664 0.112801
v -0.216957 0.074761 0.167631
v 0.134930 0.022670 0.163086
v -0.319516 0.066655 0.228939
v -0.297001 0.078145 0.207676
v -0.309623 0.080338 0.214754
v 0.019089 0.022332 0.167158
v 0.289620 0.025073 0.199392
v 0.121799 0.022655 0.149890
v 0.097331 0.021941 -0.116027
v 0.126614 0.022471 0.165159
v 0.080587 0.021876 -0.087462
v -0.080797 0.040939 0.164196
v -0.249987 0.025238 0.204262
v -0.026818 0.068846 0.237800
v -0.202176 0.088004 0.198605
v -0.192965 0.024744 0.165690
v 0.208246 0.023250 0.172344
v -0.316788 0.072763 0.197591
v 0.040274 0.054120 0.168003
v 0.017371 0.000895 0.181596
v 0.091138 0.001697 0.237614
v -0.335909 0.031870 0.204852
v -0.186629 0.021877 -0.220195
v 0.166502 0.075170 0.183863
v 0.015080 0.023782 0.141766
v 0.107066 0.023441 0.239202
v 0.110040 0.023118 -0.220733
v 0.057651 0.021746 0.176890
v 0.054914 0.023350 0.177984
v 0.183506 0.024902 -0.220160
v 0.052526 0.022786 0.074385
v -0.338073 0.035721 0.234972
v 0.032653 0.024527 0.169482
v -0.179979 0.087728 -0.174326
v -0.122475 0.021796 0.223023
v 0.130803 0.027267 -0.177918
v -0.111309 0.094281 -0.160497
v -0.140420 0.021533 -0.148909
v 0.186688 0.023679 0.170857
v 0.051872 0.024022 0.169833
v -0.222372 0.023454 0.090823
v -0.116403 0.003721 0.231502
v 0.112375 0.007285 -0.181647
v 0.169899 0.024834 -0.220013
v 0.232213 0.022314 0.210441
v 0.115123 0.015528 -0.185405
v -0.200239 -0.001959 -0.095067
v 0.241532 0.016346 0.213429
v -0.200367 -0.000863 -0.096379
v 0.267482 0.021242 0.193038
v -0.207578 -0.001474 -0.091824
v -0.211337 -0.000162 -0.090949
v 0.231407 0.022003 0.213630
v -0.203440 -0.001967 -0.093337
v 0.237529 0.018149 0.214193
v 0.249428 0.010739 0.217046
v -0.209125 -0.002168 -0.093251
v 0.246149 0.007234 0.216109
v 0.247892 0.011499 0.214049
v 0.268537 0.021606 0.193576
v 0.118271 -0.000170 -0.185660
v 0.114406 0.002059 -0.183440
v 0.252639 0.015584 0.185324
v -0.207099 -0.002166 -0.093439
v 0.116318 -0.000153 -0.188022
v 0.250339 0.011247 0.215476
v 0.252865 0.015522 0.184389
v 0.253059 0.012275 0.185959
v 0.112503 -0.000555 -0.184632
v 0.255609 0.011937 0.182334
v 0.115030 0.006113 -0.183512
v 0.114685 0.017877 -0.182766
v -0.200028 -0.005171 -0.094419
v -0.201200 -0.002669 -0.098940
v 0.247454 0.008158 0.216995
v 0.116528 0.001500 -0.185229
v 0.238710 0.018434 0.212588
v 0.232490 0.022503 0.210773
v 0.114643 0.015358 -0.185505
v 0.270396 0.020178 0.196097
v 0.114270 0.020778 -0.182444
v 0.273036 0.022122 0.196602
v 0.255237 0.015335 0.185570
v 0.115687 0.014044 -0.184150
v -0.205804 -0.001331 -0.092848
v -0.201038 -0.002817 -0.095129
v 0.114088 0.022841 -0.182150
v 0.269783 0.021797 0.193884
v 0.272132 0.021898 0.195452
v 0.254892 0.014994 0.181513
v 0.118180 0.000361 -0.186028
v 0.114204 0.003796 -0.184147
v -0.199845 -0.000912 -0.095463
v 0.114918 0.010640 -0.183106
v 0.262891 0.016035 0.189308
v 0.272116 0.022277 0.197745
v 0.258770 0.014985 0.188589
v -0.203739 -0.004322 -0.094109
v 0.115006 0.023028 -0.182513
v 0.115675 0.013615 -0.184731
v 0.228855 0.022865 0.210566
v 0.112944 0.021343 -0.183112
v 0.117892 -0.000006 -0.186873
v 0.246629 0.010227 0.212655
v -0.198490 -0.000265 -0.092069
v -0.207666 -0.001983 -0.093082
v 0.235650 0.019490 0.211113
v 0.249726 0.011581 0.213967
v 0.260380 0.017507 0.187622
v 0.262014 0.018449 0.188864
v 0.115590 0.007248 -0.183755
v 0.113019 0.022203 -0.182305
v 0.113273 0.000553 -0.182428
v 0.112806 -0.000497 -0.183513
v -0.204691 -0.000671 -0.094332
v 0.115149 0.001755 -0.183411
v 0.253326 0.016519 0.184298
v 0.257449 0.016058 0.185823
v 0.115191 -0.000159 -0.188243
v 0.246871 0.007722 0.216953
v 0.112325 -0.000240 -0.186176
v 0.230266 0.022254 0.212945
v -0.203839 -0.003208 -0.092242
v 0.236335 0.020168 0.212104
v -0.211007 0.000018 -0.090302
v 0.249964 0.011610 0.215018
v 0.229883 0.022790 0.209985
v 0.114076 0.001090 -0.182745
v 0.115074 0.007407 -0.183326
v 0.112963 -0.000124 -0.187213
v 0.229078 0.022316 0.211612
v 0.248643 0.009778 0.217665
v -0.203015 -0.002872 -0.093707
v -0.200205 -0.000710 -0.092768
v -0.200378 -0.000245 -0.092245
v -0.203419 -0.000750 -0.092332
v -0.203140 -0.000868 -0.092854
v 0.270550 0.021936 0.197323
v 0.268778 0.021804 0.196001
v -0.197944 -0.000529 -0.093173
v -0.200777 -0.000486 -0.098341
v -0.207513 -0.000846 -0.091945
v -0.207580 -0.000701 -0.091354
v -0.208237 -0.000698 -0.093430
v 0.112534 0.001242 -0.182673
v -0.200077 -0.000355 -0.098471
v -0.199076 -0.000564 -0.096648
v 0.112546 0.022676 -0.183094
v 0.112220 0.020487 -0.183681
v 0.112391 0.015740 -0.187322
v -0.209273 -0.000397 -0.093354
v -0.211223 -0.000060 -0.091707
v 0.233037 0.022178 0.213258
v 0.233542 0.022216 0.212607
v 0.233535 0.022466 0.211814
v 0.268011 0.021687 0.193967
v 0.268032 0.021799 0.194870
v 0.115036 0.023745 -0.184422
v 0.113777 0.024109 -0.185165
v 0.112761 0.023597 -0.184763
v 0.115047 0.000517 -0.188629
v 0.114038 0.018980 -0.182516
v -0.204922 -0.000751 -0.092043
v -0.205628 -0.000724 -0.093915
v -0.205805 -0.000898 -0.092841
v 0.222750 0.076635 0.237554
v -0.195473 0.000360 -0.091255
v -0.210363 0.000072 -0.089814
v -0.212870 -0.000204 -0.091086
v -0.211799 0.000614 -0.088795
v -0.203418 -0.000951 -0.093724
v -0.289475 0.083063 0.209849
v -0.293232 0.082469 0.209351
v -0.294661 0.083697 0.208657
vn 0.9965 0.0776 -0.0301
vn 0.5596 0.7136 0.4215
vn 0.9988 0.0477 0.0059
vn -0.0953 0.7606 0.6422
vn -0.0192 0.3727 0.9277
vn -0.0702 0.1718 0.9826
vn 0.3006 -0.0687 0.9513
vn -0.0561 -0.1957 0.9791
vn -0.3194 0.3959 0.8609
vn -0.1981 0.6566 0.7278
vn 0.0015 0.3815 0.9244
vn -0.0106 -0.9999 0.0049
vn 0.5200 -0.6081 0.5998
vn 0.8189 0.4209 0.3902
vn 0.0131 0.4673 0.8840
vn 0.0066 0.1401 0.9901
vn 0.0441 0.2212 0.9742
vn 0.0640 0.9642 -0.2573
vn -0.0228 0.9451 -0.3260
vn 0.0014 0.9080 -0.4189
vn -0.0068 0.9623 -0.2718
vn 0.0844 0.9731 -0.2141
vn -0.0453 0.9847 -0.1683
vn -0.0070 0.0074 0.9999
vn -0.0077 0.0213 0.9997
vn -0.0068 0.0099 0.9999
vn 0.0038 -0.0120 -0.9999
vn 0.0058 -0.0677 -0.9977
vn 0.0074 0.0135 -0.9999
vn -0.0160 0.8157 -0.5782
vn -0.1724 0.9556 -0.2390
vn -0.0068 0.9442 -0.3292
vn -0.0121 0.0562 0.9983
vn -0.0070 0.0066 1.0000
vn -0.0051 0.0176 0.9998
vn -0.0236 0.9840 0.1769
vn 0.1101 0.9331 0.3424
vn -0.0288 0.5589 0.8287
vn -0.0182 0.0251 -0.9995
vn 0.0038 0.0167 -0.9999
vn 0.0168 0.0213 -0.9996
vn 0.1004 0.9880 0.1177
vn 0.0256 0.9970 0.0733
vn 0.0214 0.9993 -0.0316
vn -0.0192 0.1779 0.9839
vn -0.0065 0.2861 0.9582
vn -0.0054 0.9921 0.1255
vn 0.1412 0.1294 0.9815
vn -0.0333 0.0439 0.9985
vn 0.0041 0.0831 0.9965
vn -0.0195 0.4860 0.8738
vn 0.1454 0.1888 0.9712
vn -0.0072 -0.0575 0.9983
vn -0.0061 0.0098 0.9999
vn -0.0201 -0.9998 0.0004
vn -0.0632 -0.9980 -0.0009
vn -0.0389 -0.9992 -0.0004
vn -0.0140 0.0707 0.9974
vn -0.0106 0.0087 0.9999
vn 0.0839 0.9917 -0.0976
vn 0.0387 0.9289 -0.3684
vn -0.0018 0.9976 0.0688
vn -0.0255 0.9944 0.1025
vn -0.0594 0.9900 0.1278
vn -0.3375 0.7657 0.5476
vn -0.0308 0.9913 -0.1280
vn -0.0346 -0.9991 -0.0226
vn -0.0379 -0.9992 0.0101
vn -0.7938 -0.6077 0.0247
vn -0.1530 0.4221 0.8936
vn -0.7058 0.4654 0.5342
vn -0.1189 0.9429 0.3111
vn -0.6524 0.6415 -0.4035
vn -0.9962 0.0831 -0.0270
vn -0.9054 0.4101 -0.1094
vn -0.9484 0.2806 -0.1477
vn 0.9356 0.3478 -0.0611
vn 0.9920 0.1032 -0.0720
vn 0.9961 -0.0581 -0.0657
vn -0.9883 0.1365 0.0676
vn -0.9835 0.1661 0.0718
vn -0.9955 -0.0499 0.0801
vn 0.0006 1.0000 -0.0025
vn -0.0104 0.9999 -0.0054
vn 0.0006 1.0000 -0.0060
vn 0.5188 0.8418 -0.1492
vn 0.4682 0.8824 -0.0466
vn -0.1870 0.9719 -0.1433
vn -0.8061 0.5829 0.1022
vn -0.9945 -0.0785 0.0694
vn -0.7116 0.7017 0.0343
vn -0.8552 0.5152 0.0559
vn -0.0076 1.0000 -0.0036
vn -0.0807 0.9967 -0.0126
vn 0.5818 -0.7452 0.3259
vn 0.0307 -0.7579 0.6516
vn 0.0018 -0.9990 0.0451
vn -0.8225 -0.2865 0.4913
vn -0.6253 -0.6879 0.3685
vn 0.4779 0.8708 0.1155
vn 0.7292 0.6843 0.0008
vn 0.4063 0.8891 0.2107
vn -0.4466 -0.1085 0.8881
vn 0.0938 0.7779 0.6214
vn 0.7087 0.2571 0.6570
vn 0.4645 -0.0106 0.8855
vn 0.9922 -0.0409 -0.1181
vn 0.9440 -0.3177 -0.0889
vn 0.0303 -0.4064 0.9132
vn -0.0745 -0.4167 -0.9060
vn 0.9698 0.1530 -0.1902
vn 0.1761 0.2535 -0.9512
vn 0.5944 0.8034 0.0355
vn 0.3015 0.9509 0.0700
vn -0.0117 -0.9880 -0.1539
vn 0.0422 -0.9947 0.0939
vn -0.1026 -0.8881 0.4480
vn -0.0483 -0.9841 0.1711
vn 0.2017 -0.9751 -0.0920
vn 0.6629 -0.5997 0.4483
vn 0.7273 0.0540 -0.6842
vn 0.9733 -0.0545 -0.2230
vn 0.0022 0.2613 0.9653
vn -0.2295 -0.0113 0.9732
vn -0.0075 0.0096 0.9999
vn 0.7515 0.6589 -0.0334
vn 0.8733 0.4849 -0.0466
vn -0.0030 0.0218 0.9998
vn 0.0047 0.0181 0.9998
vn 0.0004 -1.0000 0.0061
vn -0.0621 -0.9978 0.0235
vn -0.0177 -0.9997 0.0169
vn 0.0202 -0.0304 -0.9993
vn 0.0052 0.0030 -1.0000
vn 0.0129 0.0308 -0.9994
vn -0.0408 0.9978 -0.0527
vn -0.0874 0.8804 0.4661
vn -0.0497 0.9422 -0.3313
vn -0.0346 -0.2767 -0.9603
vn -0.0354 -0.2398 -0.9702
vn -0.0586 -0.2253 -0.9725
vn 0.0069 0.0600 0.9982
vn -0.0001 0.0833 0.9965
vn -0.0055 0.0114 0.9999
vn -0.0838 -0.2323 0.9690
vn -0.0751 -0.9971 0.0083
vn -0.0344 -0.9993 0.0177
vn -0.0138 0.0530 0.9985
vn -0.0019 1.0000 -0.0006
vn -0.0127 0.9999 -0.0001
vn -0.0056 1.0000 0.0004
vn 0.0058 0.0418 -0.9991
vn 0.0051 0.0413 -0.9991
vn 0.0100 0.0268 -0.9996
vn 0.0209 0.0111 -0.9997
vn 0.0065 0.0393 -0.9992
vn 0.0029 0.0153 -0.9999
vn -0.0128 0.1749 0.9845
vn 0.0089 0.1195 0.9928
vn 0.0130 0.1274 0.9918
vn 0.9490 -0.3070 -0.0713
vn 0.0505 -0.9987 -0.0049
vn 0.0393 -0.9992 -0.0016
vn 0.9961 -0.0402 -0.0780
vn 0.9914 0.1065 -0.0754
vn 0.9865 -0.1509 -0.0633
vn 0.9935 -0.0883 -0.0713
vn 0.9971 -0.0654 -0.0383
vn -0.0014 -0.1585 0.9874
vn 0.0795 -0.5219 0.8493
vn -0.0049 -0.1803 0.9836
vn 0.0984 -0.2090 0.9730
vn 0.0885 -0.1710 0.9813
vn -0.0034 -0.9973 0.0735
vn -0.0058 -0.9999 0.0132
vn -0.0048 -0.9997 0.0254
vn 0.0343 -0.9989 -0.0305
vn 0.0621 -0.9981 0.0012
vn 0.2406 -0.9686 0.0626
vn 0.1156 -0.9897 -0.0850
vn 0.3406 -0.9373 -0.0743
vn -0.0099 -0.1073 0.9942
vn -0.0092 -0.9926 0.1210
vn 0.9965 -0.0822 -0.0157
vn 0.9990 -0.0389 -0.0240
vn 0.9829 -0.0662 0.1717
vn -0.0066 0.0019 1.0000
vn -0.0028 -0.0034 1.0000
vn -0.0109 0.0476 0.9988
vn -0.1728 0.8174 0.5496
vn -0.1033 0.8715 0.4794
vn -0.1276 0.8750 0.4670
vn -0.0447 0.0585 -0.9973
vn -0.1283 0.0058 -0.9917
vn -0.0167 0.0924 -0.9956
vn -0.0233 -0.9580 -0.2858
vn -0.0033 -0.9757 -0.2192
vn -0.0381 -0.6608 -0.7496
vn -0.0438 -0.9976 0.0532
vn -0.0286 -0.9934 0.1107
vn -0.0123 -0.9999 -0.0088
vn -0.9946 0.0829 0.0628
vn -0.9979 0.0009 0.0655
vn -0.9942 0.0847 0.0661
vn -0.9738 0.2170 0.0682
vn -0.0369 0.9924 0.1170
vn -0.6837 0.7290 0.0341
vn -0.2030 0.9668 0.1549
vn -0.0168 0.9995 0.0261
vn 0.0025 0.8860 -0.4637
vn -0.0060 0.9994 0.0333
vn -0.0113 0.0014 -0.9999
vn 0.0029 0.0008 -1.0000
vn -0.0375 -0.0858 -0.9956
vn 0.9567 0.2910 -0.0066
vn 0.0819 -0.0533 0.9952
vn 0.0823 -0.0887 0.9926
vn 0.0712 -0.1685 0.9831
vn -0.9928 -0.0985 0.0687
vn -0.9945 -0.0567 0.0875
vn 0.0467 0.9986 -0.0248
vn 0.0489 0.9892 -0.1379
vn 0.1583 0.9730 -0.1679
vn 0.0058 0.0119 -0.9999
vn 0.0023 0.0161 -0.9999
vn 0.0070 0.0005 -1.0000
vn -0.2127 0.6148 -0.7595
vn -0.2382 0.9709 -0.0265
vn -0.2059 0.9615 -0.1820
vn -0.0174 0.3464 -0.9379
vn -0.0994 0.3156 -0.9437
vn -0.1505 0.1852 -0.9711
vn 0.0143 -0.9977 0.0658
vn 0.0593 -0.9982 -0.0029
vn -0.0496 -0.9980 0.0403
vn 0.0024 0.0143 0.9999
vn -0.0091 0.0261 0.9996
vn -0.0080 -0.0049 1.0000
vn 0.5049 -0.8425 -0.1878
vn 0.9755 0.0842 -0.2034
vn 0.6142 -0.6754 -0.4083
vn -0.0892 -0.1898 -0.9778
vn -0.0880 -0.1973 -0.9764
vn -0.0897 -0.0659 -0.9938
vn -0.0295 0.1022 0.9943
vn -0.1103 0.1120 0.9876
vn -0.0177 0.0590 0.9981
vn 0.9984 -0.0286 -0.0497
vn 0.9990 0.0251 -0.0362
vn 0.9993 -0.0162 -0.0331
vn -0.0271 -0.9996 0.0032
vn -0.0821 -0.9966 0.0006
vn -0.0262 -0.9997 0.0025
vn 0.0261 0.9995 0.0167
vn 0.0121 0.9883 -0.1520
vn 0.0243 0.9971 -0.0720
vn -0.0383 0.9351 -0.3523
vn -0.0472 0.9245 -0.3783
vn 0.0844 0.9835 -0.1597
vn 0.1224 0.9833 -0.1345
vn -0.0393 0.9961 -0.0785
vn -0.0092 -0.0022 -1.0000
vn 0.0332 0.0369 -0.9988
vn 0.1457 0.9671 -0.2087
vn 0.3419 0.5324 -0.7744
vn 0.6752 0.5820 -0.4532
vn 0.1110 0.9665 0.2314
vn 0.0821 0.9100 0.4065
vn 0.3064 0.6505 0.6950
vn 0.0141 0.9995 0.0278
vn -0.0343 0.9959 -0.0837
vn 0.0113 0.9973 0.0720
vn -0.0874 0.9595 -0.2677
vn -0.0117 0.0001 0.9999
vn 0.0980 0.9844 -0.1459
vn -0.1309 0.9588 -0.2521
vn 0.0505 0.9812 0.1865
vn -0.5229 0.5570 0.6453
vn -0.9646 0.2624 0.0272
vn 0.0250 0.9338 0.3570
vn 0.4125 0.7815 0.4681
vn 0.0622 0.9975 0.0344
vn -0.0043 0.9983 0.0582
vn -0.0334 0.9994 0.0011
vn -0.1181 0.8338 0.5392
vn -0.0360 0.9599 -0.2780
vn 0.2856 -0.9447 -0.1612
vn 0.0508 -0.9612 -0.2713
vn 0.0485 0.9986 -0.0199
vn -0.0028 0.9996 0.0277
vn 0.1698 0.9667 -0.1917
vn 0.0022 -0.0003 1.0000
vn -0.0066 0.0061 1.0000
vn -0.0067 0.0306 0.9995
vn -0.2609 -0.9652 -0.0167
vn -0.0031 -0.9976 -0.0693
vn -0.0452 -0.9978 -0.0489
vn 0.1316 -0.5221 0.8427
vn -0.0212 -0.6779 0.7348
vn -0.1604 -0.6753 0.7199
vn 0.0174 0.8794 -0.4758
vn -0.0213 0.9722 -0.2333
vn -0.0265 0.9446 -0.3270
vn -0.0449 0.9757 -0.2145
vn -0.1372 0.8916 -0.4316
vn 0.0010 0.8615 -0.5078
vn -0.3262 0.9020 0.2829
vn -0.2322 0.9602 0.1553
vn 0.0296 0.9720 0.2330
vn -0.0205 -0.9179 0.3963
vn -0.0030 -0.2745 0.9616
vn -0.0887 -0.9782 0.1878
vn 0.0061 -0.9997 -0.0252
vn -0.2724 -0.9620 -0.0186
vn 0.0076 -0.0082 0.9999
vn 0.0034 -0.0127 0.9999
vn 0.0102 0.0466 0.9989
vn 0.0253 0.8518 0.5233
vn -0.0370 0.9978 0.0555
vn 0.0214 0.9637 0.2661
vn -0.0132 0.7046 0.7095
vn 0.1746 0.8105 0.5591
vn 0.0493 0.9214 0.3854
vn -0.0082 0.0571 0.9983
vn 0.0531 0.3047 0.9510
vn 0.0362 0.8785 0.4763
vn 0.1072 0.7757 0.6219
vn 0.2031 0.5728 0.7941
vn -0.4819 -0.3723 -0.7932
vn -0.6132 -0.5530 -0.5641
vn -0.0997 -0.9948 -0.0226
vn -0.1994 -0.9796 -0.0226
vn -0.0463 -0.9989 0.0022
vn -0.0076 0.9998 -0.0184
vn 0.7470 0.5663 -0.3483
vn 0.0166 0.9825 -0.1858
vn 0.5138 0.2528 -0.8198
vn -0.0903 0.9094 -0.4061
vn -0.2426 0.9415 -0.2339
vn -0.0969 0.9639 -0.2479
vn -0.0227 0.0975 0.9950
vn 0.0286 -0.7875 0.6157
vn 0.0030 0.9902 0.1397
vn -0.0039 0.9996 0.0275
vn 0.0033 0.9988 0.0497
vn -0.9971 -0.0360 0.0670
vn -0.9955 0.0626 0.0716
vn -0.0029 -0.9966 -0.0819
vn -0.2246 -0.9549 -0.1942
vn -0.1631 -0.9800 -0.1140
vn 0.0262 -0.5389 -0.8420
vn -0.0367 -0.9219 -0.3856
vn -0.0123 0.0376 0.9992
vn -0.0163 0.1034 0.9945
vn -0.3787 -0.6413 -0.6673
vn -0.0213 -0.1204 -0.9925
vn -0.0152 -0.1155 -0.9932
vn 0.0433 0.7432 -0.6677
vn -0.0405 0.7761 -0.6293
vn 0.0246 0.5640 -0.8254
vn 0.0734 0.4329 0.8985
vn 0.0023 0.0175 0.9998
vn -0.0007 0.7431 0.6691
vn -0.0087 0.4512 0.8924
vn 0.9965 -0.0762 -0.0339
vn 0.8765 0.4637 -0.1292
vn 0.6873 0.6902 -0.2264
vn 0.6488 0.7348 -0.1978
vn -0.0201 0.9906 0.1354
vn -0.0216 0.9968 0.0773
vn -0.0391 0.8545 0.5179
vn -0.0244 -0.9997 -0.0093
vn -0.0115 -0.9991 -0.0412
vn -0.0204 -0.9998 0.0083
vn 0.0482 0.9938 -0.1003
vn 0.0450 0.9985 0.0315
vn -0.0227 -0.9659 0.2579
vn -0.0035 -0.1132 0.9936
vn -0.0096 -0.1274 0.9918
vn -0.3195 0.1121 0.9409
vn -0.0194 0.7710 0.6366
vn -0.0864 0.8643 0.4954
vn -0.6066 0.7916 0.0737
vn 0.0689 0.9305 -0.3598
vn 0.7851 -0.3359 -0.5204
vn 0.5329 -0.1179 -0.8379
vn 0.6539 -0.7123 -0.2551
vn -0.0115 0.0034 0.9999
vn -0.0180 0.0194 0.9997
vn -0.0055 0.1593 0.9872
vn -0.0478 0.9978 -0.0463
vn -0.0577 0.9983 -0.0123
vn -0.0991 0.9943 0.0382
vn 0.0025 0.0013 -1.0000
vn -0.0511 0.0913 -0.9945
vn -0.0104 0.0010 -0.9999
vn 0.3678 0.8008 -0.4727
vn 0.0638 0.9168 -0.3942
vn 0.0524 0.5651 -0.8233
vn -0.0076 0.0988 0.9951
vn 0.0187 0.0344 0.9992
vn -0.0332 0.1384 0.9898
vn -0.1538 0.9094 0.3865
vn -0.1063 0.9501 0.2933
vn -0.1919 0.5339 0.8235
vn -0.2005 0.9111 0.3600
vn -0.0078 -0.9762 -0.2169
vn 0.0001 -0.9856 -0.1689
vn -0.3122 -0.9472 0.0731
vn 0.0493 -0.9987 -0.0095
vn 0.0401 -0.9986 -0.0340
vn 0.0139 -0.9997 -0.0192
vn 0.1185 0.9918 0.0477
vn 0.0352 0.9978 -0.0568
vn 0.0589 0.9980 -0.0222
vn 0.0340 0.9993 0.0180
vn 0.0751 0.9939 -0.0806
vn 0.0151 0.9933 -0.1143
vn -0.0009 -0.2335 -0.9724
vn 0.0844 -0.9358 -0.3421
vn 0.0203 -0.0685 -0.9974
vn 0.0274 0.9980 0.0562
vn 0.0229 0.9978 0.0630
vn 0.0306 0.9465 0.3214
vn 0.0092 -0.0011 -1.0000
vn 0.0051 0.0184 -0.9998
vn 0.0022 0.2113 0.9774
vn 0.0556 -0.6162 0.7856
vn 0.0572 -0.0587 0.9966
vn 0.0476 -0.0189 0.9987
vn 0.0212 0.9905 -0.1358
vn 0.0139 0.0064 -0.9999
vn -0.0004 0.1030 -0.9947
vn -0.0317 0.3731 -0.9273
vn 0.9185 -0.0169 0.3951
vn -0.9957 -0.0393 0.0841
vn -0.9876 -0.1375 0.0753
vn -0.9927 -0.0757 0.0944
vn 0.0145 0.0107 -0.9998
vn 0.9931 0.0964 -0.0666
vn 0.6745 0.7369 -0.0453
vn 0.1104 0.9938 -0.0100
vn -0.6527 0.5421 0.5292
vn -0.0329 0.0625 0.9975
vn -0.0644 0.7005 0.7107
vn 0.0071 0.0142 -0.9999
vn -0.0247 0.0431 -0.9988
vn -0.0093 0.0112 -0.9999
vn 0.0253 0.9991 -0.0341
vn 0.0431 0.9139 -0.4037
vn -0.0349 0.9761 0.2145
vn -0.1066 0.9388 0.3275
vn -0.1625 0.9695 -0.1833
vn -0.0200 0.0639 -0.9978
vn -0.0634 0.6919 -0.7192
vn -0.0456 0.3283 -0.9435
vn 0.9961 -0.0183 -0.0862
vn 0.9986 -0.0415 -0.0335
vn 0.0178 0.0121 -0.9998
vn 0.0983 0.0316 -0.9946
vn 0.0181 0.0156 -0.9997
vn 0.6690 0.6513 0.3581
vn 0.3854 0.8094 0.4431
vn 0.0009 0.0325 0.9995
vn -0.0147 -0.1181 0.9929
vn -0.0155 0.0256 0.9996
vn -0.0014 0.9643 -0.2649
vn 0.0835 0.9929 0.0845
vn 0.1234 0.9922 0.0151
vn 0.9641 -0.1596 0.2121
vn 0.9204 0.3904 -0.0218
vn -0.9734 -0.0011 0.2290
vn -0.9980 0.0162 0.0611
vn -0.9871 -0.1309 0.0919
vn -0.0000 0.1431 0.9897
vn 0.0359 -0.0137 0.9993
vn 0.0080 -0.0020 -1.0000
vn 0.0109 0.0004 -0.9999
vn 0.0202 0.0822 -0.9964
vn 0.9758 0.1921 -0.1043
vn 0.1612 -0.9863 -0.0358
vn 0.8208 0.0662 -0.5673
vn 0.8912 0.0116 -0.4534
vn 0.1007 -0.9948 -0.0162
vn 0.4507 -0.6081 -0.6535
vn 0.3266 0.9312 -0.1620
vn 0.2767 0.9535 0.1192
vn 0.1283 0.2673 -0.9550
vn 0.0025 -0.1337 -0.9910
vn 0.0218 -0.1503 -0.9884
vn -0.9999 -0.0106 0.0061
vn -0.9988 -0.0121 0.0467
vn -0.9998 0.0210 0.0071
vn -0.0172 0.0067 0.9998
vn -0.4155 0.0250 0.9092
vn -0.9968 -0.0321 0.0734
vn -0.0907 -0.9959 -0.0059
vn 0.0164 0.0259 -0.9995
vn 0.0232 0.0245 -0.9994
vn 0.0291 0.0583 -0.9979
vn -0.9946 -0.0488 0.0913
vn 0.1890 0.9725 -0.1358
vn 0.3153 -0.6100 0.7270
vn 0.4002 -0.6780 0.6166
vn 0.0352 0.9993 -0.0126
vn 0.0725 0.7949 0.6025
vn 0.0657 0.9169 0.3937
vn 0.0822 0.9960 -0.0356
vn -0.0196 0.9094 0.4155
vn -0.0147 -0.9984 -0.0548
vn -0.0167 -0.9930 0.1168
vn -0.0036 -0.0319 0.9995
vn -0.0075 -0.0871 0.9962
vn 0.1323 0.6293 0.7658
vn 0.0626 0.5508 0.8323
vn 0.9975 -0.0014 -0.0701
vn 0.9954 0.0555 -0.0781
vn 0.9674 -0.2418 -0.0753
vn 0.3838 0.8587 0.3396
vn 0.2113 0.3758 0.9023
vn 0.0450 0.5198 0.8531
vn 0.0137 0.9646 0.2635
vn 0.3087 0.9163 0.2550
vn 0.5346 0.7790 0.3276
vn 0.1013 0.9939 0.0438
vn 0.9518 -0.2987 -0.0703
vn 0.9735 0.2188 -0.0671
vn -0.0777 0.9890 -0.1262
vn -0.0896 -0.9959 0.0094
vn -0.0417 -0.9991 -0.0022
vn -0.0067 -1.0000 0.0001
vn -0.0806 0.7446 0.6627
vn -0.8614 0.0835 0.5011
vn 0.0055 0.2127 0.9771
vn -0.0576 0.8964 0.4395
vn -0.1871 0.9191 0.3467
vn -0.0210 0.9962 0.0847
vn 0.0745 0.8541 -0.5148
vn 0.4621 0.6808 -0.5683
vn -0.0402 0.9932 -0.1089
vn 0.0229 0.9619 0.2723
vn 0.0180 0.4094 0.9122
vn 0.0807 0.5679 0.8191
vn 0.0133 0.7048 0.7092
vn 0.0613 0.7845 0.6171
vn 0.1042 0.9875 0.1186
vn 0.0247 0.9976 -0.0652
vn 0.4991 0.6531 -0.5696
vn 0.2375 0.6978 -0.6758
vn 0.9222 0.2933 -0.2520
vn 0.0011 -1.0000 0.0040
vn 0.0452 -0.9988 0.0186
vn -0.0108 -0.9998 0.0191
vn 0.9685 -0.2334 -0.0873
vn 0.1013 -0.9925 -0.0687
vn 0.1644 -0.2791 -0.9461
vn -0.0583 0.9983 0.0081
vn -0.0823 0.9820 0.1701
vn -0.0757 0.9943 0.0753
vn 0.9996 0.0235 0.0154
vn 0.0009 0.0030 1.0000
vn -0.0016 0.9985 -0.0555
vn -0.0041 0.9961 0.0884
vn -0.0483 0.9420 0.3321
vn -0.0037 0.9396 0.3422
vn -0.0263 0.3900 0.9204
vn -0.0005 0.9998 0.0219
vn 0.0360 0.9965 -0.0750
vn 0.1464 0.8957 -0.4199
vn 0.0153 0.9385 -0.3449
vn 0.0752 0.9318 -0.3552
vn -0.0198 0.8462 -0.5325
vn 0.1748 0.9640 -0.2004
vn 0.0431 0.9572 0.2863
vn -0.9797 0.1868 0.0727
vn -0.8759 0.4747 0.0866
vn -0.2167 0.9326 0.2888
vn -0.1045 0.4447 0.8895
vn 0.9960 0.0635 -0.0630
vn 0.9947 -0.0796 -0.0643
vn 0.9951 -0.0721 -0.0669
vn 0.1196 -0.0842 0.9892
vn -0.9927 -0.0946 0.0748
vn -0.9371 0.3386 0.0850
vn -0.9947 0.0752 0.0702
vn 0.0085 -0.0234 -0.9997
vn 0.0440 0.7271 -0.6851
vn 0.0267 0.1444 -0.9892
vn 0.3776 0.6566 0.6529
vn 0.2700 0.9570 0.1060
vn 0.0084 0.9931 -0.1168
vn -0.1055 0.6762 -0.7292
vn -0.0082 0.1855 -0.9826
vn 0.0658 0.9394 -0.3365
vn 0.2871 0.9517 -0.1088
vn 0.0344 0.6987 -0.7146
vn -0.0119 0.5940 0.8044
vn -0.6075 0.3393 0.7182
vn -0.0071 1.0000 -0.0007
vn 0.0061 1.0000 -0.0044
vn -0.0126 0.9999 0.0017
vn -0.9956 -0.0628 0.0691
vn -0.9963 0.0541 0.0666
vn -0.9915 0.1065 0.0742
vn -0.0171 0.9994 0.0314
vn -0.0062 0.9994 0.0330
vn -0.0116 0.9945 0.1039
vn 0.9960 -0.0577 -0.0677
vn 0.7049 -0.7092 -0.0143
vn 0.6759 -0.7363 -0.0327
vn 0.2036 0.9526 -0.2260
vn 0.2531 0.9249 -0.2838
vn -0.1724 0.7541 0.6337
vn -0.0500 0.4053 0.9128
vn -0.0856 -0.2047 0.9751
vn -0.0275 0.0118 0.9996
vn -0.0151 -0.0040 0.9999
vn -0.1258 -0.9918 -0.0211
vn 0.3292 0.2479 0.9111
vn 0.0936 0.5833 0.8068
vn 0.0163 0.8046 0.5935
vn 0.0351 0.9994 0.0003
vn 0.0028 0.1083 0.9941
vn 0.1263 0.1278 -0.9837
vn -0.0147 0.1664 -0.9860
vn 0.1327 0.9503 -0.2818
vn 0.0933 0.9611 -0.2599
vn -0.9974 -0.0301 -0.0654
vn -0.9997 0.0135 -0.0190
vn -0.1305 0.9491 -0.2866
vn -0.0130 0.9896 0.1432
vn 0.1436 -0.9892 -0.0283
vn -0.0439 -0.9989 -0.0187
vn 0.0164 0.1549 -0.9878
vn 0.0059 0.6038 -0.7971
vn 0.0469 0.7291 -0.6828
vn 0.0067 0.3845 -0.9231
vn 0.1210 0.4049 -0.9063
vn 0.1595 0.8505 -0.5012
vn -0.0889 0.9960 -0.0031
vn 0.0348 0.9892 -0.1421
vn 0.0638 0.9978 0.0155
vn -0.2114 -0.6180 0.7572
vn -0.0694 -0.8621 0.5019
vn -0.0882 -0.5078 0.8570
vn -0.1236 0.9109 0.3938
vn -0.1411 0.9630 0.2297
vn -0.0641 0.9358 0.3466
vn -0.0266 0.3288 0.9440
vn -0.0781 0.6729 0.7356
vn -0.0118 0.3426 0.9394
vn -0.0233 0.9997 0.0016
vn 0.5664 -0.8237 -0.0247
vn 0.2947 0.9517 -0.0859
vn 0.2649 0.8763 0.4024
vn -0.0723 0.9324 0.3541
vn 0.1463 0.9834 -0.1075
vn -0.0829 0.9575 -0.2763
vn 0.9727 0.0090 0.2317
vn 0.9076 -0.0574 0.4159
vn -0.0554 0.9984 0.0104
vn -0.0727 0.9956 0.0588
vn 0.0123 0.9987 0.0504
vn 0.1620 0.9032 -0.3975
vn -0.1310 0.8224 0.5536
vn 0.0549 0.8881 -0.4564
vn 0.0704 0.9515 0.2994
vn -0.1171 0.7612 0.6378
vn -0.2214 0.5460 0.8080
vn 0.0520 0.9852 0.1635
vn 0.0079 0.9782 0.2077
vn -0.0335 0.7282 0.6846
vn -0.0675 0.5731 0.8167
vn -0.1052 0.4759 0.8732
vn 0.1759 0.9551 -0.2386
vn -0.0791 0.9794 -0.1857
vn 0.1057 0.9456 -0.3076
vn -0.0485 0.9588 -0.2797
vn -0.0020 0.7700 -0.6381
vn -0.0230 0.7475 0.6639
vn 0.0402 0.8607 0.5075
vn -0.0028 0.0370 0.9993
vn 0.2021 0.1371 0.9697
vn 0.0797 -0.0074 0.9968
vn 0.1676 0.1932 0.9667
vn -0.3548 0.9348 0.0164
vn -0.0569 0.9916 -0.1163
vn -0.0302 -0.9995 -0.0012
vn -0.1319 -0.9913 0.0022
vn -0.0867 -0.9962 0.0109
vn 0.0333 0.0338 -0.9989
vn 0.0089 0.0043 -1.0000
vn 0.0513 -0.0943 -0.9942
vn -0.1410 0.4604 0.8764
vn -0.2414 0.0932 0.9659
vn -0.1429 0.0324 0.9892
vn 0.0144 0.8714 0.4903
vn -0.0137 -0.9984 -0.0542
vn -0.0136 -0.9865 -0.1632
vn 0.0007 -0.9837 -0.1795
vn -0.9875 -0.1426 0.0672
vn -0.8268 -0.5598 0.0551
vn -0.9512 -0.2963 0.0860
vn 0.2934 0.9296 -0.2230
vn 0.0638 0.0396 0.9972
vn 0.0618 -0.1479 0.9871
vn 0.0681 0.1061 0.9920
vn 0.2634 -0.9430 0.2034
vn -0.2668 -0.9617 0.0624
vn -0.0270 -0.9995 0.0184
vn -0.0315 0.0240 -0.9992
vn -0.0434 0.9790 0.1993
vn -0.0896 0.8276 0.5542
vn -0.1294 0.9749 0.1812
vn -0.2086 0.4799 0.8522
vn -0.1676 0.9851 -0.0375
vn -0.1125 0.9922 0.0539
vn -0.0604 0.9747 -0.2150
vn -0.0086 0.9999 -0.0053
vn -0.0291 0.9971 -0.0705
vn 0.0331 0.9909 -0.1304
vn 0.0368 0.9986 -0.0376
vn -0.0298 0.9950 0.0951
vn 0.0199 0.9851 0.1707
vn -0.9990 -0.0457 -0.0034
vn -0.9897 0.0185 0.1418
vn -0.0836 -0.5700 -0.8174
vn -0.0622 -0.7909 -0.6088
vn -0.0419 -0.8784 -0.4761
vn -0.0160 -0.9998 -0.0149
vn -0.1191 -0.9843 0.1304
vn 0.0269 -0.9996 -0.0027
vn 0.0449 -0.4384 -0.8977
vn 0.0230 0.0079 -0.9997
vn 0.0385 -0.1482 -0.9882
vn 0.0908 0.9637 0.2512
vn 0.0982 0.9759 0.1949
vn -0.0375 0.1293 -0.9909
vn 0.0067 0.1883 -0.9821
vn 0.0001 0.1386 -0.9903
vn 0.0583 0.9639 0.2600
vn -0.1664 0.9609 0.2212
vn -0.1178 0.8092 0.5756
vn 0.0444 0.6484 0.7600
vn -0.0732 0.8237 0.5622
vn -0.2654 0.8027 0.5340
vn -0.1749 -0.9827 -0.0614
vn -0.2713 -0.9603 -0.0650
vn -0.3581 -0.9329 0.0389
vn -0.2370 0.9555 -0.1755
vn 0.0169 0.7555 0.6549
vn 0.2776 -0.9473 0.1601
vn -0.5021 -0.8640 0.0368
vn -0.1754 -0.9705 0.1652
vn -0.5996 -0.6404 0.4800
vn -0.1490 -0.9875 0.0510
vn 0.7418 -0.4893 0.4586
vn 0.8217 -0.1869 0.5383
vn 0.5922 -0.3551 0.7233
vn 0.0542 0.3278 -0.9432
vn -0.0921 0.1390 0.9860
vn -0.3358 0.9140 0.2275
vn -0.0802 0.9503 0.3008
vn -0.3593 0.2354 -0.9030
vn -0.3858 0.5591 -0.7338
vn 0.3558 0.5900 0.7248
vn 0.1618 0.4525 0.8770
vn 0.3401 0.7342 0.5875
vn -0.0084 1.0000 0.0016
vn -0.0026 1.0000 0.0054
vn 0.0426 0.9990 -0.0098
vn 0.7974 -0.6005 -0.0596
vn -0.0194 0.2114 0.9772
vn 0.2157 0.4089 0.8867
vn 0.1494 0.3993 0.9046
vn 0.6559 0.3525 0.6675
vn -0.0797 0.7568 0.6487
vn -0.3898 -0.9209 -0.0013
vn -0.0476 -0.9984 -0.0305
vn -0.1329 -0.9901 -0.0460
vn -0.0064 0.9917 -0.1283
vn 0.0153 0.8603 -0.5095
vn -0.0400 0.9988 -0.0265
vn 0.1072 0.9942 0.0077
vn 0.0390 0.1036 -0.9939
vn -0.1571 -0.9876 -0.0038
vn -0.0510 -0.9987 0.0084
vn -0.1992 -0.9798 0.0169
vn -0.0246 0.8533 -0.5208
vn -0.0248 0.8831 -0.4686
vn -0.0108 0.9254 -0.3789
vn 0.2780 0.9573 -0.0790
vn 0.0129 0.9113 -0.4115
vn -0.1235 -0.9922 0.0149
vn -0.7859 -0.6145 0.0687
vn 0.1484 0.9344 -0.3239
vn 0.6698 -0.2186 -0.7097
vn -0.0011 -0.9995 -0.0319
vn -0.0114 -0.9985 -0.0529
vn 0.0002 -0.9850 -0.1724
vn 0.0562 -0.8024 0.5941
vn -0.0551 0.1299 0.9900
vn -0.0210 0.0693 0.9974
vn -0.1019 -0.1203 0.9875
vn -0.1646 0.2558 0.9526
vn -0.5771 0.2058 0.7903
vn 0.3422 -0.0679 0.9372
vn 0.0717 0.9813 0.1784
vn 0.1643 0.9376 -0.3066
vn -0.1288 0.9630 -0.2366
vn -0.0305 0.8851 0.4644
vn -0.0183 0.4258 0.9046
vn -0.2277 0.8785 -0.4199
vn -0.0150 -0.2992 -0.9541
vn 0.0582 0.4926 -0.8683
vn 0.2034 0.9777 -0.0524
vn -0.0000 -0.0126 -0.9999
vn 0.0120 -0.0086 -0.9999
vn -0.0095 -0.0337 -0.9994
vn 0.0427 0.9991 -0.0040
vn -0.0131 0.9991 -0.0404
vn 0.0649 -0.1213 -0.9905
vn 0.0682 -0.9976 0.0069
vn 0.6941 -0.7127 0.1009
vn -0.9548 -0.2861 -0.0809
vn -0.9984 -0.0559 0.0047
vn -0.8969 -0.4180 -0.1445
vn -0.9963 0.0832 0.0216
vn 0.2183 0.9757 -0.0180
vn 0.1190 0.9928 -0.0138
vn -0.2719 0.1942 -0.9425
vn -0.9995 -0.0137 -0.0280
vn -0.9143 0.4050 0.0075
vn -0.9905 -0.1224 0.0630
vn -0.0384 -0.9985 0.0399
vn -0.1843 -0.9828 0.0081
vn 0.0189 0.1529 0.9881
vn 0.2432 -0.9668 -0.0779
vn -0.0476 -0.9961 0.0749
vn 0.1622 -0.6901 0.7053
vn 0.0591 0.9097 -0.4111
vn -0.0211 -0.9946 -0.1013
vn 0.0031 0.7993 0.6009
vn -0.1256 0.0692 -0.9897
vn -0.0111 0.2572 -0.9663
vn -0.0947 0.1087 -0.9896
vn 0.1452 0.9180 -0.3690
vn 0.9662 -0.1926 -0.1712
vn 0.8983 -0.4262 -0.1069
vn 0.1901 -0.9684 -0.1615
vn 0.1427 -0.9897 -0.0133
vn 0.0235 -0.9997 -0.0031
vn 0.0165 -0.9979 -0.0619
vn 0.5452 0.2726 -0.7927
vn 0.0016 0.9980 0.0631
vn 0.4931 0.8685 -0.0509
vn -0.0105 -0.0792 -0.9968
vn 0.0243 0.2151 -0.9763
vn -0.1068 -0.9943 -0.0010
vn -0.3862 -0.9214 0.0440
vn -0.0035 -0.9996 -0.0291
vn -0.9586 -0.2726 0.0819
vn -0.1314 -0.9912 0.0130
vn -0.0610 0.9974 0.0387
vn -0.2596 0.9538 0.1509
vn 0.0825 -0.6460 -0.7588
vn -0.0542 -0.9394 -0.3385
vn -0.0232 -0.1189 -0.9926
vn 0.1756 0.0654 0.9823
vn -0.0459 0.0253 0.9986
vn -0.1340 -0.1940 0.9718
vn 0.1098 0.8745 -0.4724
vn 0.0622 0.9854 -0.1583
vn -0.0119 0.3366 0.9416
vn -0.0123 0.9501 -0.3117
vn 0.0366 0.9908 0.1301
vn -0.0077 0.9893 -0.1458
vn -0.0216 0.9849 -0.1719
vn 0.0338 0.9994 -0.0058
vn -0.0112 0.8997 -0.4363
vn -0.0078 0.9733 -0.2296
vn -0.0127 0.0719 0.9973
vn -0.0077 -0.0092 0.9999
vn 0.0031 -0.0634 -0.9980
vn -0.0353 -0.9589 -0.2816
vn 0.0176 -0.9294 -0.3687
vn -0.1501 0.7474 -0.6472
vn -0.1991 0.7537 0.6263
vn -0.1486 -0.6312 0.7612
vn -0.0875 0.4123 0.9068
vn 0.0352 -0.3467 0.9373
vn 0.0167 0.2901 -0.9569
vn 0.1264 0.3164 -0.9402
vn 0.0216 0.0166 -0.9996
vn -0.0138 -0.9947 -0.1016
vn -0.0276 -0.9758 -0.2169
vn 0.0622 0.5332 0.8437
vn 0.0236 0.2006 0.9794
vn 0.0728 0.6596 0.7481
vn -0.0046 0.1456 0.9893
vn 0.0188 -0.9998 -0.0033
vn 0.0364 -0.9993 0.0019
vn 0.1156 -0.9932 -0.0102
vn 0.0094 0.8387 -0.5446
vn -0.0166 0.7923 -0.6099
vn -0.0056 0.9848 -0.1737
vn 0.0382 0.9992 -0.0112
vn 0.0207 0.9519 -0.3058
vn 0.0354 0.9985 0.0423
vn -0.0327 0.9976 0.0617
vn -0.1275 0.5221 0.8433
vn -0.2625 0.3859 0.8844
vn 0.1778 0.4309 0.8847
vn 0.0746 0.8376 0.5412
vn 0.0294 0.9976 0.0632
vn -0.0148 0.9998 -0.0122
vn 0.2141 -0.9504 0.2256
vn 0.0511 -0.9949 -0.0871
vn -0.0010 -0.9820 0.1891
vn 0.0320 0.9995 -0.0074
vn 0.5693 0.8208 -0.0470
vn 0.0240 0.9997 -0.0033
vn -0.0606 0.9676 -0.2451
vn -0.2100 0.7440 -0.6343
vn 0.0121 0.9873 -0.1587
vn 0.0625 0.9978 -0.0214
vn -0.0121 0.9984 0.0558
vn -0.0615 0.9566 -0.2848
vn 0.0349 0.9613 -0.2731
vn -0.0099 0.9931 0.1172
vn -0.0780 0.9657 0.2478
vn -0.1606 0.9367 0.3111
vn 0.0153 0.9986 0.0497
vn -0.0428 0.9547 0.2945
vn -0.0068 1.0000 -0.0057
vn -0.0329 0.9994 -0.0080
vn 0.0692 0.9961 0.0546
vn 0.0040 0.9806 -0.1961
vn -0.0901 0.9958 0.0159
vn -0.0100 0.9997 -0.0203
vn -0.0341 0.9928 0.1153
vn 0.0093 -0.9979 -0.0639
vn 0.0130 -0.0511 -0.9986
vn 0.0644 -0.2992 -0.9520
vn 0.0421 -0.0724 -0.9965
vn 0.1256 0.9783 -0.1645
vn -0.0683 0.9868 -0.1470
vn -0.0252 0.9743 -0.2240
vn -0.0664 0.9977 0.0103
vn 0.6888 -0.7248 0.0151
vn 0.9746 -0.1635 0.1529
vn 0.9894 0.0422 -0.1391
vn 0.0471 0.9987 0.0192
vn -0.0152 0.0624 0.9979
vn 0.0351 0.9978 0.0567
vn 0.0602 0.2405 0.9688
vn 0.4431 0.8956 -0.0400
vn 0.6408 0.5323 -0.5532
vn 0.2514 0.9432 -0.2171
vn -0.0423 0.8799 0.4733
vn -0.0755 0.8014 0.5933
vn -0.0451 0.9947 0.0925
vn -0.1600 0.1912 -0.9684
vn -0.9961 0.0737 0.0489
vn -0.8319 -0.5422 -0.1186
vn -0.0062 0.9956 0.0938
vn 0.0275 0.9989 0.0369
vn 0.2300 0.7710 0.5938
vn 0.0764 0.4979 0.8638
vn 0.5093 0.8584 0.0613
vn -0.0306 0.9895 -0.1412
vn -0.0124 -0.9999 -0.0004
vn 0.0055 -1.0000 -0.0063
vn 0.1261 0.7407 0.6599
vn 0.0625 0.9006 -0.4301
vn -0.6036 -0.7935 0.0776
vn -0.1975 0.3899 0.8994
vn -0.8026 0.5302 -0.2733
vn -0.1467 -0.6074 0.7807
vn 0.0064 -0.9460 0.3242
vn -0.1036 0.2251 -0.9688
vn 0.0378 0.1000 -0.9943
vn -0.0074 0.1859 -0.9825
vn -0.0099 0.0498 0.9987
vn -0.0017 0.0682 0.9977
vn 0.0115 0.5188 -0.8548
vn 0.0836 0.9728 -0.2159
vn -0.0889 0.9456 -0.3128
vn -0.1160 -0.9931 0.0192
vn -0.0330 0.9994 -0.0051
vn 0.0006 0.9167 -0.3997
vn 0.0659 0.9975 0.0266
vn -0.2167 0.9710 0.1006
vn -0.0296 -0.9962 -0.0824
vn -0.1395 -0.9893 0.0434
vn 0.0505 0.4844 0.8734
vn -0.0000 0.0665 0.9978
vn -0.0087 0.1490 -0.9888
vn -0.0246 0.1290 -0.9913
vn 0.0268 -0.9992 0.0294
vn 0.0124 -0.9999 0.0037
vn 0.1062 -0.9904 0.0880
vn -0.9341 -0.3461 0.0876
vn 0.0216 -0.9981 0.0577
vn 0.0322 0.5950 -0.8030
vn 0.9909 -0.1107 -0.0772
vn 0.9853 0.1522 -0.0776
vn 0.9948 0.0645 -0.0793
vn -0.1006 0.9949 0.0056
vn -0.9970 0.0312 0.0701
vn -0.6393 0.5220 -0.5646
vn 0.1391 0.8879 0.4385
vn -0.0057 -0.9867 -0.1626
vn 0.2522 0.9611 -0.1130
vn 0.1191 0.8790 -0.4617
vn 0.1414 0.9624 -0.2318
vn -0.9951 0.0705 0.0690
vn -0.9946 0.0789 0.0675
vn -0.0319 0.9995 0.0003
vn -0.0872 -0.9957 0.0311
vn 0.0844 -0.9930 -0.0824
vn -0.0018 0.4515 0.8923
vn -0.0105 0.4595 0.8881
vn 0.9846 0.1691 0.0438
vn 0.9100 0.4068 -0.0805
vn -0.0005 0.9992 0.0389
vn 0.0030 0.9901 -0.1405
vn -0.0221 0.4112 -0.9113
vn -0.0670 0.3902 0.9183
vn -0.5584 0.7525 0.3492
vn -0.4054 0.3896 0.8269
vn -0.0487 0.9988 0.0051
vn -0.0532 0.9986 -0.0008
vn 0.2097 -0.9496 0.2330
vn 0.1265 -0.0269 0.9916
vn -0.0719 0.8035 -0.5910
vn 0.0218 0.9996 0.0169
vn -0.0195 0.9804 -0.1962
vn 0.0197 0.9382 -0.3455
vn -0.0679 0.9516 -0.2997
vn 0.0113 0.0484 -0.9988
vn 0.0125 0.0210 -0.9997
vn -0.0266 0.9796 -0.1990
vn 0.1176 0.9929 0.0183
vn 0.2107 -0.9775 -0.0077
vn 0.9973 -0.0211 -0.0697
vn 0.9969 -0.0210 -0.0758
vn 0.9956 0.0647 -0.0673
vn 0.0182 0.0781 -0.9968
vn 0.1151 0.9521 -0.2834
vn 0.7183 0.6747 0.1700
vn 0.9984 -0.0476 -0.0291
vn 0.9934 0.1137 -0.0138
vn 0.0406 0.9989 0.0236
vn 0.0492 0.9988 0.0001
vn -0.0092 0.5228 0.8524
vn -0.0917 0.2246 -0.9701
vn 0.0031 -0.0653 -0.9979
vn 0.0081 0.1846 -0.9828
vn -0.1683 -0.3997 0.9011
vn -0.1375 -0.1441 0.9800
vn 0.0102 -0.2150 0.9766
vn -0.0749 0.9972 0.0050
vn -0.1097 0.9936 -0.0270
vn -0.2434 0.9679 -0.0633
vn -0.0599 0.9715 -0.2292
vn 0.4614 0.8080 -0.3663
vn 0.2985 0.9484 -0.1071
vn -0.0185 0.9908 -0.1341
vn 0.5679 -0.2160 0.7943
vn 0.8690 0.4949 -0.0027
vn 0.9804 0.1805 -0.0790
vn 0.0123 -0.9999 -0.0052
vn 0.0784 -0.9955 -0.0525
vn -0.1804 0.9812 -0.0681
vn 0.0813 0.9821 0.1700
vn -0.0551 0.3413 -0.9384
vn 0.9981 -0.0517 -0.0342
vn 0.9799 -0.1825 -0.0810
vn -0.0076 0.0256 -0.9996
vn -0.0725 -0.9142 0.3988
vn -0.0171 -0.9984 -0.0531
vn -0.1964 0.9801 0.0286
vn 0.0292 0.9995 -0.0143
vn -0.1015 0.9948 0.0118
vn 0.0117 0.9998 0.0130
vn 0.0389 0.0076 -0.9992
vn 0.0244 -0.9997 -0.0012
vn -0.0241 -0.9997 0.0014
vn -0.0086 -1.0000 0.0042
vn 0.0360 -0.9993 -0.0026
vn -0.0689 0.9934 -0.0922
vn 0.0181 0.9974 -0.0704
vn -0.1302 0.8575 -0.4977
vn -0.0020 0.9399 -0.3414
vn -0.0121 0.9601 -0.2794
vn 0.9963 -0.0236 -0.0830
vn 0.9864 -0.1464 -0.0742
vn 0.9918 0.0986 -0.0817
vn -0.9906 0.1186 0.0677
vn -0.1720 0.9847 0.0265
vn -0.0453 0.9990 0.0047
vn 0.0092 1.0000 0.0032
vn -0.0555 0.7407 -0.6695
vn -0.0676 0.9937 -0.0892
vn 0.0537 0.9983 0.0246
vn 0.0730 0.9271 -0.3676
vn 0.0237 0.8886 -0.4581
vn 0.0579 0.8261 -0.5605
vn 0.1326 0.9906 -0.0344
vn 0.0186 0.9998 -0.0033
vn 0.0567 0.9771 -0.2049
vn -0.0024 -0.0108 -0.9999
vn 0.0056 -0.0768 -0.9970
vn -0.0822 0.9914 -0.1017
vn 0.0396 0.9548 0.2947
vn -0.1460 0.9892 0.0085
vn -0.0609 0.9744 -0.2164
vn -0.0197 0.9614 -0.2744
vn -0.0191 0.9998 -0.0041
vn -0.1635 0.8261 0.5392
vn 0.0461 -0.9197 0.3898
vn -0.0207 -0.9995 -0.0236
vn -0.1038 -0.9871 0.1222
vn 0.1887 -0.9820 -0.0069
vn 0.1708 0.9850 -0.0233
vn 0.0496 0.9987 -0.0086
vn 0.0028 -0.9999 -0.0141
vn -0.0412 -0.9991 0.0049
vn -0.9879 -0.1379 0.0708
vn -0.1275 -0.9917 0.0145
vn 0.5668 0.6900 -0.4501
vn -0.0544 0.6869 -0.7247
vn 0.0513 -0.9987 0.0046
vn -0.0126 -0.9999 0.0070
vn -0.0033 0.0235 0.9997
vn -0.0044 0.1210 0.9926
vn -0.0043 -0.0152 0.9999
vn 0.0886 -0.3652 0.9267
vn 0.7298 0.4660 0.5002
vn 0.0033 0.8878 0.4601
vn 0.2210 0.8411 0.4938
vn 0.0420 0.9707 0.2365
vn 0.0835 0.9442 0.3187
vn 0.0004 -0.1867 0.9824
vn -0.0161 -0.9998 0.0132
vn 0.0019 -1.0000 0.0028
vn 0.0145 -0.9999 0.0022
vn 0.0541 -0.1840 0.9814
vn -0.1496 -0.9838 0.0986
vn 0.0025 -0.9848 0.1735
vn 0.1204 -0.0768 0.9898
vn -0.9223 -0.3864 0.0004
vn -0.9880 -0.1405 -0.0643
vn 0.0028 -0.0130 -0.9999
vn 0.0093 -0.0152 -0.9998
vn 0.0163 -0.6598 -0.7513
vn 0.0083 0.0696 -0.9975
vn -0.2566 -0.3470 -0.9021
vn -0.1131 -0.9855 0.1266
vn -0.1200 -0.9706 -0.2088
vn -0.0183 -0.9998 0.0049
vn -0.1625 0.9290 0.3324
vn -0.2506 0.0118 0.9680
vn -0.0234 0.4344 0.9004
vn 0.9941 -0.0852 -0.0674
vn -0.0469 -0.0633 -0.9969
vn 0.9949 -0.0368 -0.0937
vn -0.1178 0.9547 -0.2733
vn 0.0071 0.9987 0.0507
vn -0.9813 -0.0189 0.1916
vn -0.2243 0.6579 0.7189
vn -0.0751 0.9915 0.1062
vn -0.0411 0.9904 -0.1320
vn -0.9828 -0.1751 0.0589
vn 0.0525 0.9979 0.0384
vn 0.0079 -0.0900 -0.9959
vn 0.9986 0.0526 -0.0002
vn 0.5444 0.0289 -0.8383
vn -0.1176 0.6443 -0.7557
vn 0.1777 0.9840 -0.0120
vn 0.0906 0.9958 -0.0152
vn 0.0769 0.9968 -0.0234
vn -0.0264 -0.9980 0.0582
vn -0.0071 -0.9977 0.0670
vn 0.3483 0.5409 -0.7656
vn 0.0553 -0.0451 -0.9975
vn -0.0281 0.9995 -0.0138
vn -0.0233 0.9997 0.0015
vn -0.0051 -1.0000 -0.0057
vn -0.0357 -0.0660 -0.9972
vn 0.0328 -0.9992 0.0242
vn 0.0372 -0.9993 -0.0033
vn -0.0905 0.9872 -0.1316
vn 0.0153 0.9971 -0.0751
vn 0.0366 0.9267 -0.3740
vn 0.0632 0.8824 0.4662
vn -0.3974 -0.7949 -0.4585
vn 0.0657 0.9694 -0.2366
vn -0.1077 0.9728 0.2050
vn 0.2016 0.9721 0.1199
vn -0.9938 -0.0913 0.0641
vn -0.0554 -0.9984 0.0106
vn -0.9872 0.1571 -0.0291
vn -0.9993 -0.0312 -0.0186
vn -0.9676 -0.2491 0.0414
vn 0.0131 -0.2794 0.9601
vn 0.2571 0.8209 0.5099
vn 0.0165 0.9064 0.4221
vn 0.0468 -0.0891 -0.9949
vn -0.1897 -0.9816 0.0213
vn -0.9947 -0.0788 0.0665
vn -0.1237 -0.9923 0.0023
vn -0.0142 0.9981 0.0601
vn 0.0092 0.9879 0.1549
vn -0.0136 0.6094 0.7928
vn 0.0157 0.5047 0.8631
vn 0.1133 -0.2480 0.9621
vn 0.0024 -0.9998 0.0213
vn 0.0509 -0.9973 0.0534
vn 0.0139 0.0068 -0.9999
vn 0.0070 -0.0011 -1.0000
vn 0.0102 -0.0049 -0.9999
vn -0.2322 -0.3844 -0.8935
vn -0.9995 0.0178 -0.0265
vn 0.2431 -0.9674 -0.0712
vn -0.0004 -1.0000 -0.0015
vn -0.0047 -1.0000 0.0025
vn -0.0637 0.6476 0.7593
vn 0.0455 0.9623 0.2683
vn 0.0426 0.9844 -0.1706
vn 0.0708 0.9840 -0.1637
vn 0.8729 0.3849 0.2997
vn 0.3597 0.2156 0.9078
vn -0.0193 0.7435 0.6685
vn 0.0715 0.9802 0.1846
vn 0.0619 0.9890 -0.1345
vn 0.0111 -0.0080 -0.9999
vn 0.0060 -0.0087 -0.9999
vn 0.0046 0.8464 -0.5325
vn -0.0050 0.9068 -0.4216
vn 0.0153 0.0812 -0.9966
vn 0.0235 0.0650 -0.9976
vn -0.0426 0.9990 -0.0164
vn 0.1207 0.9793 -0.1626
vn 0.0608 -0.7183 0.6931
vn 0.0717 -0.9974 -0.0082
vn 0.5099 -0.8584 -0.0557
vn 0.9602 -0.2690 -0.0746
vn -0.0607 0.9442 -0.3236
vn 0.0449 -0.9967 0.0674
vn 0.0019 -0.9997 0.0258
vn 0.0093 -0.9999 -0.0048
vn 0.1027 -0.9947 -0.0042
vn 0.0480 0.9022 -0.4286
vn -0.0283 -0.9976 -0.0629
vn 0.0535 0.9935 0.1001
vn 0.0229 0.9958 0.0884
vn -0.0476 0.9988 -0.0139
vn 0.0415 0.0094 -0.9991
vn -0.0255 0.0096 0.9996
vn -0.0226 -0.0371 0.9991
vn -0.9892 0.1361 0.0549
vn -0.0709 0.9964 0.0469
vn 0.0154 0.9994 0.0300
vn -0.0714 0.7787 0.6233
vn 0.0255 0.9992 0.0310
vn -0.9219 0.3815 0.0671
vn -0.0901 0.9902 0.1071
vn -0.9774 0.2028 0.0594
vn -0.9835 0.1659 0.0719
vn 0.9883 -0.1424 -0.0549
vn -0.0212 0.9997 -0.0104
vn 0.0711 0.7055 0.7051
vn 0.0467 -0.9989 -0.0032
vn 0.0936 0.0728 0.9929
vn -0.9931 0.1158 0.0163
vn 0.0124 -0.1470 -0.9891
vn 0.0040 0.0394 0.9992
vn 0.0797 -0.7522 -0.6541
vn -0.0095 0.9996 -0.0265
vn -0.0282 0.9994 0.0195
vn -0.0241 0.2042 0.9786
vn 0.0237 0.4630 -0.8860
vn -0.0099 0.7504 0.6609
vn -0.1150 0.9595 0.2571
vn -0.0272 -0.9949 -0.0973
vn -0.2834 0.1951 -0.9390
vn -0.0559 0.0380 -0.9977
vn 0.0263 -0.0640 -0.9976
vn -0.8260 -0.5619 0.0440
vn 0.1527 -0.0072 0.9882
vn 0.9921 0.1246 -0.0163
vn -0.9961 0.0589 0.0659
vn -0.3292 0.9430 0.0495
vn -0.1858 0.9731 -0.1362
vn 0.4217 0.1916 0.8863
vn 0.0104 -0.9648 -0.2628
vn 0.0060 -0.4196 -0.9077
vn -0.0868 0.9962 -0.0071
vn -0.1956 0.9727 0.1245
vn 0.8622 -0.4962 0.1018
vn 0.0127 0.9978 -0.0651
vn -0.9921 -0.1060 0.0670
vn -0.0859 -0.9963 0.0074
vn -0.1711 0.9827 0.0709
vn -0.0133 -0.0756 -0.9970
vn 0.0579 -0.9980 -0.0242
vn 0.0008 -0.9998 -0.0193
vn -0.1139 -0.9931 -0.0261
vn 0.3892 -0.0734 -0.9182
vn 0.9154 0.0611 -0.3978
vn 0.9883 -0.0513 -0.1440
vn 0.1716 -0.9825 -0.0728
vn -0.0305 -0.9995 0.0071
vn 0.0137 -0.9999 0.0040
vn 0.0312 -0.9995 -0.0044
vn -0.9616 -0.2404 0.1325
vn -0.9946 -0.0664 0.0801
vn -0.1649 -0.5030 0.8484
vn 0.9448 -0.2742 0.1791
vn 0.1998 -0.9797 -0.0189
vn 0.1520 0.9861 -0.0664
vn 0.0366 -0.9827 -0.1816
vn -0.4476 0.8539 -0.2655
vn 0.0801 0.9850 0.1528
vn -0.0097 -0.8422 -0.5392
vn -0.0051 -0.3794 0.9252
vn -0.0055 -0.9937 0.1124
vn -0.0397 0.0968 0.9945
vn -0.0547 0.5473 0.8351
vn 0.0841 0.9882 0.1280
vn 0.0225 0.9717 0.2350
vn -0.0973 -0.2467 -0.9642
vn -0.0738 -0.3785 -0.9227
vn 0.0143 0.7894 0.6137
vn -0.0485 0.9748 0.2178
vn 0.0154 0.9999 0.0009
vn 0.0096 0.9999 -0.0042
vn -0.0123 -0.0516 0.9986
vn 0.0363 -0.9922 0.1189
vn 0.0351 -0.9994 -0.0031
vn 0.0158 -0.9998 -0.0112
vn 0.0015 -1.0000 -0.0004
vn 0.0571 0.9956 -0.0749
vn 0.0374 0.9982 0.0472
vn 0.0509 0.9974 0.0508
vn 0.0462 0.9983 0.0364
vn 0.0158 -0.0498 -0.9986
vn 0.0106 0.0181 -0.9998
vn 0.1114 0.9829 -0.1465
vn 0.0733 0.9904 -0.1174
vn -0.0138 0.9840 0.1774
vn -0.0114 0.0404 0.9991
vn -0.0625 0.9980 -0.0005
vn -0.0249 0.6470 0.7621
vn -0.1217 0.9925 0.0063
vn -0.0010 1.0000 -0.0035
vn 0.0021 0.9972 -0.0748
vn 0.9825 -0.1744 -0.0650
vn 0.9798 -0.1829 -0.0803
vn -0.1754 0.9585 -0.2248
vn -0.0024 0.1017 -0.9948
vn -0.2069 0.9253 0.3177
vn -0.1087 0.6916 0.7141
vn -0.0222 0.9205 0.3901
vn -0.0031 -0.9993 -0.0386
vn -0.0013 -0.9999 -0.0170
vn 0.0307 -0.9995 -0.0013
vn 0.1166 0.7567 0.6433
vn 0.1279 0.7599 0.6373
vn -0.1680 0.9690 -0.1809
vn -0.8911 -0.1747 0.4188
vn -0.0697 0.9971 0.0289
vn -0.0072 0.9999 0.0125
vn 0.1962 -0.9773 -0.0805
vn -0.1789 0.9182 0.3535
vn -0.9913 -0.1261 0.0370
vn -0.3350 -0.8681 -0.3664
vn -0.8464 0.2730 -0.4574
vn 0.2541 -0.1570 -0.9544
vn 0.0131 -0.9975 -0.0697
vn -0.1329 0.9143 -0.3827
vn 0.0143 -0.9991 -0.0390
vn 0.0070 -0.4797 -0.8774
vn 0.0534 0.8547 -0.5164
vn -0.0149 0.9548 0.2968
vn -0.0116 0.9990 0.0442
vn 0.0567 -0.9626 0.2650
vn -0.0223 -0.9436 -0.3304
vn -0.0222 -0.3927 0.9194
vn -0.0058 0.9998 -0.0203
vn -0.8310 -0.5528 -0.0615
vn -0.9109 -0.2873 -0.2961
vn -0.0407 -0.9992 0.0046
vn -0.0157 0.9555 -0.2947
vn -0.0238 -0.9986 -0.0473
vn 0.1588 -0.9872 -0.0174
vn -0.0840 -0.9722 0.2187
vn -0.0165 -0.9161 0.4006
vn 0.9922 0.1016 -0.0719
vn -0.0727 0.9973 0.0088
vn 0.1037 0.9941 0.0331
vn 0.0602 0.9980 -0.0201
vn -0.0186 0.9965 0.0812
vn 0.0138 0.9998 0.0164
vn -0.9797 -0.1853 0.0766
vn -0.9910 -0.1088 0.0784
vn -0.1534 -0.9882 -0.0002
vn -0.9909 0.1077 0.0809
vn 0.0404 -0.9772 0.2084
vn 0.1099 -0.9937 0.0237
vn -0.0113 -0.9983 0.0570
vn 0.0225 0.2255 0.9740
vn -0.0177 0.8622 0.5063
vn 0.0375 0.0233 -0.9990
vn 0.9968 0.0542 -0.0588
vn 0.8191 -0.5713 -0.0516
vn -0.9986 0.0291 -0.0447
vn 0.0071 0.0043 -1.0000
vn -0.0448 0.0064 -0.9990
vn 0.2958 0.9319 0.2101
vn -0.4908 0.8497 0.1925
vn 0.0017 0.9994 0.0338
vn -0.0775 0.9295 -0.3605
vn -0.1528 0.9256 -0.3462
vn -0.0562 -0.9984 0.0048
vn -0.0747 -0.9972 0.0075
vn -0.0636 -0.9961 0.0606
vn 0.0673 0.8817 -0.4670
vn -0.0057 -1.0000 0.0053
vn -0.0364 -0.9993 -0.0052
vn 0.0156 -0.9999 0.0044
vn 0.0641 -0.9979 -0.0019
vn -0.2114 -0.6243 0.7521
vn -0.6375 -0.7704 -0.0021
vn -0.0893 0.9955 -0.0312
vn -0.1934 0.9811 -0.0016
vn -0.0825 0.9893 0.1199
vn -0.1137 -0.2396 -0.9642
vn 0.0035 -0.9991 -0.0429
vn -0.1738 -0.9847 0.0138
vn -0.9895 -0.1210 0.0796
vn -0.2086 -0.9771 0.0412
vn -0.0731 -0.1586 -0.9846
vn 0.0248 0.8812 -0.4721
vn -0.3348 -0.9346 -0.1199
vn 0.0053 -0.9492 -0.3146
vn -0.2036 -0.5301 -0.8231
vn 0.0894 -0.6522 0.7528
vn -0.1094 -0.9590 0.2616
vn -0.6390 -0.5796 0.5058
vn 0.0225 0.0047 0.9997
vn -0.0422 0.9395 -0.3400
vn -0.0139 0.8810 0.4729
vn 0.1694 0.8621 -0.4775
vn 0.9565 -0.2507 -0.1492
vn 0.9203 0.3321 -0.2070
vn 0.0002 -0.9995 -0.0331
vn -0.0043 -0.9999 0.0101
vn -0.0336 -0.9965 0.0765
vn 0.0101 -0.9666 0.2561
vn -0.0671 -0.9977 0.0068
vn -0.4837 -0.8752 0.0082
vn -0.9978 -0.0209 0.0626
vn -0.0451 0.9934 0.1054
vn -0.0249 0.9701 -0.2413
vn -0.0127 0.9989 0.0441
vn -0.0336 0.9994 -0.0093
vn -0.0701 -0.9968 -0.0388
vn -0.0580 -0.9983 0.0033
vn 0.2354 0.9614 -0.1425
vn -0.0390 0.9973 0.0615
vn -0.0520 0.9981 -0.0335
vn -0.0368 -0.8302 -0.5563
vn 0.0008 -0.5054 -0.8629
vn 0.0108 -0.9999 0.0024
vn 0.6306 -0.7749 -0.0417
vn 0.9395 -0.3370 -0.0618
vn 0.9752 0.1048 -0.1948
vn 0.9731 -0.2125 -0.0885
vn 0.7516 -0.3710 -0.5454
vn 0.9965 0.0368 -0.0746
vn -0.0499 -0.9987 0.0105
vn -0.0498 -0.9971 -0.0570
vn 0.6751 0.7369 -0.0337
vn -0.4575 0.3906 0.7988
vn 0.0303 -0.9971 -0.0691
vn 0.0321 0.2350 0.9715
vn -0.3100 0.8054 0.5053
vn -0.0276 -0.9992 0.0284
vn 0.1476 -0.9761 -0.1596
vn 0.9505 -0.2996 -0.0816
vn -0.7806 -0.5834 0.2242
vn -0.0057 0.9984 0.0556
vn -0.6476 -0.7618 0.0181
vn -0.9982 -0.0556 0.0201
vn -0.7174 -0.6887 -0.1049
vn 0.0065 0.7467 -0.6651
vn 0.0584 0.8020 -0.5945
vn -0.0042 0.9508 -0.3096
vn -0.9637 -0.2659 0.0243
vn -0.9931 -0.1008 0.0607
vn 0.4983 -0.8659 0.0445
vn 0.0034 -0.9886 0.1505
vn 0.0223 0.8148 -0.5792
vn 0.1069 0.9668 0.2321
vn -0.0000 -1.0000 0.0036
vn -0.0687 -0.0298 -0.9972
vn 0.0065 -0.0081 -0.9999
vn 0.0050 0.0182 -0.9998
vn -0.4272 -0.9039 0.0208
vn -0.0074 -1.0000 0.0035
vn 0.0378 -0.9993 -0.0022
vn -0.0093 0.8620 -0.5068
vn 0.0201 0.1265 -0.9918
vn 0.0103 -0.9999 -0.0067
vn -0.1299 -0.9891 -0.0691
vn -0.4458 -0.8872 -0.1190
vn -0.0105 0.8984 -0.4391
vn -0.0676 -0.9436 -0.3242
vn 0.0058 1.0000 -0.0065
vn 0.1595 0.9870 0.0183
vn -0.1019 -0.2236 0.9693
vn -0.0147 -0.0185 0.9997
vn -0.0389 -0.9990 -0.0223
vn -0.0344 0.9925 -0.1169
vn 0.0384 -0.9297 0.3664
vn 0.7025 -0.5995 0.3834
vn -0.0830 -0.9888 -0.1244
vn -0.5067 -0.4929 -0.7074
vn -0.0295 -0.8152 -0.5784
vn 0.0928 0.5107 -0.8547
vn 0.0143 0.0644 -0.9978
vn -0.9949 0.0597 -0.0808
vn -0.0058 -0.9153 -0.4027
vn -0.0163 -0.5316 -0.8468
vn -0.0301 -0.9991 -0.0301
vn 0.0035 0.9998 -0.0172
vn -0.0385 0.9993 -0.0006
vn -0.1061 0.9942 -0.0162
vn 0.5762 -0.8161 -0.0439
vn -0.0107 -0.9994 -0.0321
vn -0.0461 -0.9989 0.0009
vn 0.9331 0.3558 -0.0533
vn -0.0094 0.1211 0.9926
vn -0.0088 -0.9990 0.0427
vn -0.0353 -0.9993 0.0142
vn 0.0368 -0.9471 0.3187
vn -0.9906 -0.1125 0.0783
vn -0.9937 0.0823 0.0755
vn -0.1354 0.9096 -0.3929
vn -0.0487 0.7972 -0.6018
vn -0.0063 -0.9974 -0.0711
vn -0.0002 0.8306 -0.5569
vn -0.0375 -0.9943 -0.0993
vn -0.1550 -0.8648 -0.4777
vn -0.2166 -0.2142 0.9525
vn -0.0522 0.9941 0.0950
vn -0.0827 0.7723 -0.6299
vn -0.1549 0.8573 -0.4910
vn -0.0005 0.8762 0.4820
vn 0.1051 0.9441 0.3126
vn 0.2400 0.5631 -0.7908
vn -0.2273 -0.9477 0.2239
vn 0.0847 0.9963 -0.0137
vn -0.0215 0.9837 0.1786
vn -0.0449 0.9482 -0.3145
vn -0.0095 0.0822 -0.9966
vn -0.0548 -0.2866 0.9565
vn -0.0244 -0.0055 0.9997
vn 0.9914 0.0740 -0.1082
vn 0.9934 0.0968 -0.0607
vn 0.9991 0.0335 -0.0241
vn 0.0202 0.0139 -0.9997
vn 0.0482 0.1275 -0.9907
vn -0.0936 0.9955 0.0176
vn -0.9870 0.1425 0.0748
vn -0.0952 0.9241 -0.3701
vn -0.9877 -0.1465 0.0548
vn 0.0145 0.9954 -0.0950
vn -0.1094 -0.3981 -0.9108
vn -0.1340 -0.0887 -0.9870
vn -0.2083 -0.0877 -0.9741
vn -0.9934 -0.0829 -0.0790
vn -0.0959 0.2663 0.9591
vn -0.2151 -0.8522 0.4769
vn -0.3720 -0.8236 0.4281
vn -0.0127 0.9963 0.0846
vn -0.0007 0.9996 0.0279
vn -0.2844 0.6318 0.7211
vn 0.0161 -0.0937 -0.9955
vn 0.0090 -0.1189 -0.9929
vn 0.6524 -0.3941 -0.6473
vn 0.0847 -0.0805 0.9931
vn 0.0203 -0.9958 0.0891
vn 0.0075 0.9999 -0.0095
vn -0.3054 0.6130 0.7287
vn 0.9956 -0.0512 -0.0779
vn 0.2049 -0.9761 -0.0721
vn 0.9972 -0.0290 -0.0692
vn -0.0198 -0.2464 -0.9690
vn -0.0152 0.0616 0.9980
vn -0.3387 0.9378 -0.0759
vn 0.7023 -0.5458 -0.4571
vn 0.0634 0.8994 -0.4326
vn 0.0333 -0.9994 0.0025
vn -0.1825 0.6643 -0.7249
vn 0.1107 0.9451 0.3073
vn -0.0591 -0.9877 -0.1444
vn 0.4760 -0.8795 -0.0026
vn 0.0314 -0.9993 0.0183
vn 0.0610 -0.9981 0.0021
vn 0.9735 0.0857 -0.2120
vn -0.0035 -0.8368 -0.5475
vn 0.0390 0.7884 0.6140
vn 0.0341 0.9898 -0.1386
vn -0.2858 0.9582 0.0089
vn -0.1137 0.9755 0.1886
vn 0.0639 0.3024 -0.9510
vn 0.8801 0.4711 -0.0598
vn -0.2615 0.9652 -0.0080
vn -0.9811 0.1852 0.0569
vn -0.0281 -0.9987 0.0423
vn -0.0082 -0.9803 -0.1974
vn 0.0018 -0.9081 -0.4188
vn -0.2061 -0.9785 -0.0082
vn -0.0039 -0.9999 -0.0154
vn 0.0197 0.7758 -0.6307
vn 0.1022 0.9947 0.0082
vn -0.0485 0.2566 -0.9653
vn -0.0694 0.9964 -0.0480
vn 0.0187 0.9982 -0.0564
vn -0.9885 -0.1417 0.0525
vn -0.0387 0.5081 -0.8604
vn -0.0191 0.3043 0.9524
vn 0.9948 0.0768 -0.0666
vn -0.0318 -0.9957 0.0865
vn -0.1608 -0.4053 -0.8999
vn -0.0422 -0.0530 -0.9977
vn 0.0078 0.1654 -0.9862
vn -0.0329 0.9905 -0.1332
vn 0.3966 -0.9176 -0.0285
vn 0.1073 -0.9941 -0.0178
vn -0.0180 0.9981 0.0593
vn 0.0937 0.9953 0.0239
vn 0.0117 0.0103 0.9999
vn -0.0013 1.0000 0.0037
vn -0.0432 -0.9979 -0.0490
vn 0.0138 0.9091 0.4164
vn -0.5437 -0.8382 -0.0428
vn -0.0130 -0.9836 0.1799
vn -0.0237 0.9992 0.0328
vn 0.0133 0.1699 0.9854
vn -0.0589 0.9641 -0.2588
vn 0.6373 0.7631 -0.1078
vn -0.0184 0.1845 -0.9827
vn -0.0210 0.9963 -0.0829
vn 0.1180 0.9914 -0.0566
vn 0.0103 0.4779 0.8783
vn -0.0079 0.9902 0.1398
vn -0.9921 0.1043 0.0697
vn 0.0326 -0.9907 -0.1324
vn 0.0035 -1.0000 -0.0071
vn 0.0253 0.0641 0.9976
vn 0.0570 0.9638 0.2603
vn 0.0692 0.9937 0.0882
vn -0.1001 0.9947 0.0250
vn 0.0112 0.9997 -0.0205
vn -0.1662 0.9843 -0.0595
vn -0.0236 -0.0485 -0.9985
vn -0.0485 0.0683 -0.9965
vn -0.2081 0.6470 -0.7335
vn -0.1694 0.3998 -0.9008
vn -0.1249 0.4278 -0.8952
vn -0.0289 -0.0564 -0.9980
vn 0.5039 -0.6209 0.6005
vn 0.4392 0.8842 0.1591
vn -0.9668 -0.2478 0.0621
vn 0.9406 0.3345 -0.0571
vn 0.1195 0.9828 -0.1408
vn 0.9902 0.1182 -0.0746
vn 0.0433 0.0304 -0.9986
vn -0.0227 0.9997 0.0015
vn 0.0746 0.9972 -0.0003
vn -0.0064 0.0361 -0.9993
vn -0.0957 -0.9932 0.0657
vn 0.0044 0.1384 -0.9904
vn -0.0717 0.6100 -0.7892
vn 0.2183 0.7118 0.6676
vn 0.1024 0.0538 0.9933
vn 0.0273 -0.9992 0.0308
vn 0.0298 -0.6104 -0.7915
vn -0.9905 -0.1329 0.0363
vn 0.5939 -0.4562 -0.6627
vn 0.2085 -0.9692 -0.1306
vn 0.0152 -0.9999 -0.0082
vn 0.0184 -0.9995 0.0237
vn 0.0502 -0.9974 -0.0512
vn -0.0823 0.9747 0.2077
vn 0.9966 0.0480 -0.0674
vn 0.3251 0.9454 -0.0244
vn 0.8903 -0.4510 -0.0620
vn -0.0486 -0.0176 0.9987
vn -0.1163 -0.0166 -0.9931
vn 0.0104 0.9996 -0.0277
vn -0.0047 -0.9996 -0.0267
vn -0.6379 -0.7687 0.0470
vn -0.1188 -0.9920 -0.0436
vn 0.0300 -0.9995 0.0051
vn 0.0078 -0.9990 -0.0438
vn -0.0033 -0.9997 -0.0227
vn 0.9790 0.0326 -0.2014
vn 0.0533 -0.9984 -0.0163
vn -0.0079 -0.9997 0.0209
vn -0.8527 0.5072 0.1253
vn -0.0360 0.9949 0.0943
vn 0.0109 0.0185 -0.9998
vn -0.1049 0.9407 -0.3226
vn -0.3533 0.9028 -0.2453
vn -0.0313 -0.9990 0.0321
vn 0.2395 0.0641 -0.9688
vn 0.9811 -0.0234 -0.1922
vn -0.0257 0.2887 -0.9571
vn -0.0476 0.1560 -0.9866
vn 0.0121 -0.1788 -0.9838
vn 0.0070 -0.9999 0.0078
vn -0.0068 0.4860 -0.8739
vn 0.0787 0.9530 -0.2926
vn -0.0058 -1.0000 0.0055
vn -0.5828 -0.1682 0.7950
vn -0.0074 1.0000 -0.0043
vn 0.0070 0.0228 -0.9997
vn -0.0773 0.9833 -0.1648
vn -0.0494 -0.9988 0.0019
vn 0.0046 0.0127 -0.9999
vn 0.0442 0.9986 -0.0295
vn 0.1016 -0.0092 -0.9948
vn 0.1091 0.0390 -0.9933
vn 0.5888 -0.8048 0.0751
vn 0.0318 0.9995 -0.0086
vn 0.0094 -0.0087 -0.9999
vn -0.0555 0.9982 -0.0246
vn -0.0076 -0.9998 -0.0158
vn 0.0299 0.9952 0.0929
vn 0.0500 0.9917 0.1183
vn -0.0118 0.9951 0.0987
vn 0.0120 0.0035 -0.9999
vn 0.9420 -0.3245 -0.0862
vn -0.0155 0.9994 0.0319
vn -0.2886 0.6929 0.6607
vn -0.0525 0.9933 0.1026
vn 0.1156 0.9670 -0.2269
vn -0.4024 0.6855 -0.6067
vn -0.0076 -0.9996 0.0276
vn 0.4450 -0.8934 -0.0609
vn 0.2338 -0.4680 -0.8523
vn 0.9814 -0.1389 0.1323
vn 0.0209 0.8587 -0.5120
vn -0.1313 0.7558 -0.6415
vn -0.0098 0.6492 -0.7606
vn 0.0060 0.1440 -0.9896
vn 0.0287 0.0739 -0.9969
vn -0.0038 0.0400 -0.9992
vn -0.0603 -0.9973 0.0422
vn -0.0915 -0.9955 -0.0237
vn 0.9446 -0.3218 -0.0640
vn 0.9663 0.2510 -0.0570
vn 0.0103 -0.0182 -0.9998
vn 0.0149 -0.0021 -0.9999
vn 0.0022 0.0020 -1.0000
vn 0.0152 -0.0077 -0.9999
vn 0.1055 0.7918 -0.6016
vn 0.0047 0.1926 -0.9813
vn 0.0231 0.9995 -0.0206
vn -0.0046 0.9925 -0.1219
vn 0.0048 1.0000 -0.0050
vn 0.0950 0.1713 -0.9806
vn -0.0310 -0.1365 -0.9902
vn 0.9079 -0.4038 -0.1124
vn -0.6252 0.0471 0.7790
vn -0.0288 0.1233 0.9919
vn 0.0157 -0.9999 -0.0014
vn 0.1577 -0.9720 -0.1742
vn -0.0562 0.4258 -0.9031
vn -0.1633 0.7466 -0.6450
vn 0.0302 -0.0388 0.9988
vn -0.0928 0.9956 -0.0112
vn 0.0136 0.9998 -0.0121
vn 0.0532 0.9986 -0.0018
vn -0.0027 0.9995 -0.0302
vn 0.1406 0.9900 -0.0103
vn 0.1017 0.9948 -0.0082
vn -0.9852 -0.1598 0.0613
vn -0.0155 0.0187 -0.9997
vn -0.9546 -0.0147 0.2974
vn -0.0045 0.6203 0.7843
vn 0.0161 0.0838 -0.9964
vn 0.0129 0.9986 -0.0518
vn -0.0047 0.9983 -0.0589
vn 0.0300 0.1892 -0.9815
vn 0.0080 0.9999 -0.0090
vn 0.3074 0.9515 -0.0069
vn 0.1096 0.9940 -0.0017
vn 0.2462 0.9670 -0.0649
vn -0.0003 0.0504 -0.9987
vn 0.9985 -0.0540 -0.0110
vn -0.1226 -0.9924 0.0100
vn 0.0450 0.9806 -0.1908
vn -0.1385 0.9797 0.1452
vn -0.0407 -0.9988 0.0282
vn -0.0206 -0.9998 -0.0079
vn -0.0023 -0.2188 0.9758
vn 0.5189 -0.7066 -0.4810
vn 0.0229 -0.9976 0.0660
vn 0.6022 0.4080 -0.6862
vn 0.0039 -0.5960 -0.8030
vn 0.2239 0.9746 -0.0090
vn 0.0066 0.3048 -0.9524
vn 0.1372 -0.1278 0.9823
vn 0.2225 -0.1453 0.9640
vn -0.1257 0.9921 -0.0016
vn -0.0106 0.9999 0.0003
vn 0.0196 0.9998 0.0022
vn -0.0491 -0.2097 -0.9765
vn -0.1232 -0.2125 -0.9694
vn -0.0247 -0.6012 -0.7987
vn -0.0204 -0.9558 0.2933
vn -0.1119 -0.1649 -0.9799
vn -0.0033 -0.8879 -0.4601
vn 0.0930 0.5107 -0.8547
vn 0.0096 0.0364 -0.9993
vn -0.0028 1.0000 0.0011
vn 0.0145 0.9999 -0.0008
vn 0.0084 -0.0044 -1.0000
vn -0.1689 -0.3898 -0.9053
vn -0.1820 -0.8252 -0.5347
vn 0.0249 -0.8378 -0.5455
vn 0.0414 -0.9702 -0.2389
vn 0.3357 0.9418 -0.0154
vn 0.1221 0.9773 -0.1733
vn 0.0263 -0.9913 -0.1291
vn 0.9926 -0.0876 -0.0839
vn 0.0207 0.8651 -0.5012
vn 0.0113 0.9987 -0.0504
vn 0.0064 0.9988 -0.0488
vn 0.0098 0.9994 -0.0328
vn -0.0065 1.0000 -0.0028
vn 0.0306 -0.0289 -0.9991
vn -0.2366 0.9052 0.3530
vn 0.0237 0.9997 0.0099
vn -0.0138 0.9993 -0.0334
vn -0.0070 -0.9998 0.0184
vn 0.0617 0.2856 0.9564
vn 0.0437 0.9950 0.0901
vn 0.0252 -0.3525 -0.9355
vn 0.0745 0.8804 0.4683
vn 0.0778 0.9795 0.1858
vn -0.0057 0.0326 0.9995
vn -0.9349 -0.3137 0.1661
vn -0.0071 0.9916 -0.1293
vn 0.0048 0.9869 -0.1610
vn 0.9958 -0.0004 -0.0917
vn -0.0080 -0.5274 0.8496
vn 0.0440 0.9604 0.2753
vn 0.1171 0.3740 0.9200
vn -0.0397 -0.9333 -0.3569
vn -0.0710 -0.9954 -0.0650
vn -0.0128 0.9999 0.0026
vn 0.0160 0.9990 0.0414
vn -0.0372 -0.9983 0.0442
vn 0.2533 -0.8738 -0.4150
vn 0.0191 -0.2439 -0.9696
vn 0.9849 -0.0701 -0.1582
vn 0.1189 0.0090 -0.9929
vn -0.0999 0.9944 -0.0339
vn -0.1334 0.9909 0.0178
vn 0.0030 1.0000 0.0062
vn 0.0170 -0.9998 -0.0128
vn 0.0428 -0.9866 0.1577
vn -0.1943 0.9806 0.0262
vn -0.9946 0.0757 0.0714
vn 0.1887 0.2682 -0.9447
vn 0.0918 0.1100 -0.9897
vn -0.0019 -0.0498 -0.9988
vn 0.0696 -0.0368 -0.9969
vn -0.0002 -1.0000 -0.0016
vn 0.1681 -0.7924 0.5864
vn -0.1418 -0.9873 0.0716
vn -0.0610 -0.9980 0.0153
vn 0.0147 -0.0798 -0.9967
vn -0.0060 0.7240 -0.6897
vn -0.9768 -0.2052 0.0619
vn -0.9972 -0.0248 0.0704
vn -0.9968 0.0438 0.0664
vn 0.1802 -0.9828 0.0399
vn 0.9124 0.4052 -0.0573
vn -0.0344 0.9993 -0.0144
vn 0.0513 0.9188 0.3914
vn -0.0125 0.9999 -0.0081
vn -0.0026 -0.9739 -0.2270
vn 0.0069 1.0000 -0.0023
vn 0.0417 -0.9786 0.2014
vn -0.0076 1.0000 -0.0021
vn 0.0085 -0.0294 -0.9995
vn 0.0328 -0.9882 0.1495
vn -0.3700 -0.9288 0.0196
vn -0.0036 -1.0000 0.0003
vn 0.0021 -0.0072 -1.0000
vn -0.0136 -0.0670 0.9977
vn -0.0333 0.9994 0.0040
vn -0.0206 -0.9992 -0.0354
vn -0.1456 -0.9891 0.0208
vn 0.9008 0.0791 -0.4270
vn -0.3170 0.9480 0.0280
vn -0.5960 0.8017 0.0458
vn -0.0260 -0.9976 -0.0638
vn 0.0349 -0.9994 -0.0067
vn -0.3429 0.9392 0.0193
vn -0.0066 -1.0000 -0.0003
vn 0.0065 0.0716 0.9974
vn -0.2075 0.7591 0.6171
vn -0.0041 -0.9999 -0.0138
vn -0.0089 -0.1725 0.9850
vn -0.0199 -0.9392 0.3428
vn 0.1693 0.3453 -0.9231
vn -0.0088 -0.9997 -0.0215
vn 0.0885 -0.2059 0.9746
vn 0.9571 -0.2881 0.0316
vn -0.9940 0.1037 0.0351
vn -0.8142 -0.5798 -0.0305
vn 0.0154 -0.9973 0.0724
vn 0.0067 -0.9996 -0.0269
vn 0.0116 0.0578 -0.9983
vn -0.0770 -0.8928 -0.4438
vn -0.0327 -0.9994 -0.0113
vn -0.0163 -0.9997 -0.0185
vn 0.2258 -0.9741 -0.0105
vn -0.0187 -0.9998 -0.0078
vn -0.0249 -0.2134 -0.9766
vn 0.9888 0.1242 -0.0830
vn 0.8205 -0.5715 -0.0146
vn -0.0417 0.9788 -0.2004
vn 0.9974 -0.0448 -0.0566
vn -0.8272 -0.5605 0.0390
vn 0.0516 -0.0447 -0.9977
vn -0.0108 0.9982 -0.0584
vn -0.0112 0.9982 -0.0586
vn 0.2947 -0.5050 0.8113
vn -0.4033 -0.5226 0.7512
vn 0.9121 0.0018 0.4100
vn 0.0098 0.0202 -0.9997
vn -0.0276 -0.7186 -0.6949
vn 0.8489 -0.5135 -0.1255
vn -0.1612 -0.0887 -0.9829
vn 0.0129 -0.2947 -0.9555
vn 0.0014 -0.1049 -0.9945
vn 0.1540 -0.9770 -0.1477
vn 0.6115 -0.4722 -0.6349
vn 0.1297 -0.8480 0.5138
vn 0.0854 -0.9916 0.0967
vn 0.5138 -0.0903 0.8532
vn 0.2402 -0.9706 -0.0172
vn 0.1128 0.9935 0.0161
vn 0.0185 0.9998 -0.0048
vn -0.0202 0.9998 -0.0059
vn -0.8973 0.4361 0.0686
vn 0.0197 0.0227 -0.9995
vn -0.0407 0.3296 -0.9432
vn 0.0263 0.9748 -0.2213
vn -0.0371 -0.9993 0.0072
vn -0.1042 -0.6009 0.7925
vn -0.0248 -0.9997 -0.0021
vn 0.0635 -0.0181 0.9978
vn 0.0102 -0.0203 0.9997
vn 0.5643 0.1130 0.8178
vn 0.0196 0.2157 0.9763
vn 0.3069 0.1814 0.9343
vn -0.1658 -0.9522 -0.2566
vn -0.0492 -0.9377 -0.3440
vn -0.2297 -0.9308 0.2845
vn -0.5162 -0.8436 -0.1475
vn -0.4238 -0.6877 0.5895
vn -0.0102 0.0816 0.9966
vn 0.4070 0.4309 0.8054
vn -0.0103 -0.1403 -0.9901
vn 0.0222 0.9940 -0.1068
vn -0.8991 -0.4288 0.0877
vn 0.6246 0.5899 0.5119
vn 0.3309 0.9435 -0.0143
vn -0.0272 -0.9994 -0.0225
vn 0.4139 -0.9101 -0.0210
vn -0.5203 0.8532 0.0372
vn -0.5370 -0.8435 -0.0142
vn 0.0159 0.9997 0.0182
vn 0.5218 -0.8524 -0.0353
vn -0.0078 -0.0095 -0.9999
vn 0.9976 -0.0209 -0.0662
vn -0.0152 -0.5582 0.8296
vn -0.0053 -0.1163 0.9932
vn 0.3900 0.9205 0.0246
vn 0.0205 -0.0671 0.9975
vn -0.0146 -0.9995 -0.0274
vn -0.0246 -0.9980 -0.0586
vn 0.0544 -0.9982 -0.0262
vn 0.0244 -0.9992 0.0302
vn -0.0053 -0.9944 -0.1060
vn -0.0036 -0.3599 -0.9330
vn 0.7873 -0.6135 -0.0608
vn 0.6349 -0.7311 -0.2499
vn -0.4246 -0.5685 0.7046
vn 0.7125 -0.5267 -0.4635
vn -0.0049 -0.6301 -0.7765
vn -0.9891 0.1287 0.0719
vn 0.0148 0.1017 -0.9947
vn -0.0152 -0.2102 0.9775
vn -0.0021 -1.0000 -0.0092
vn -0.0865 0.1001 -0.9912
vn -0.0185 0.9980 0.0612
vn -0.9906 0.1223 0.0617
vn -0.4712 -0.1278 -0.8727
vn -0.1889 0.9810 0.0446
vn -0.0660 0.9978 -0.0012
vn -0.0376 0.9988 -0.0319
vn -0.7967 0.6025 0.0483
vn -0.0136 0.9999 -0.0029
vn -0.0220 -0.9997 -0.0074
vn -0.1428 0.7141 0.6853
vn 0.4365 -0.0173 -0.8995
vn 0.2295 0.9732 -0.0162
vn -0.0180 -0.9975 0.0687
vn 0.0002 -0.3537 0.9353
vn 0.1501 -0.9817 -0.1169
vn -0.2638 -0.8139 -0.5177
vn 0.2073 -0.8139 0.5428
vn 0.0199 -0.6965 0.7173
vn 0.0740 -0.9940 -0.0800
vn -0.0796 -0.9906 -0.1109
vn -0.1959 -0.9773 -0.0804
vn -0.3686 -0.8996 0.2342
vn -0.2837 -0.9024 -0.3242
vn -0.0695 0.9976 0.0075
vn -0.0098 -0.9996 0.0251
vn -0.0124 -0.2621 0.9650
vn -0.0621 -0.9432 0.3265
vn -0.0905 -0.9803 0.1754
vn -0.2341 -0.9661 0.1085
vn 0.0451 -0.9518 -0.3035
vn -0.7187 0.1941 0.6677
vn 0.2484 -0.0876 0.9647
vn -0.0367 0.9980 -0.0512
vn 0.6411 0.7609 -0.0999
vn 0.2219 0.0744 -0.9722
vn 0.9980 0.0583 -0.0263
vn 0.7175 0.0702 -0.6930
vn 0.9697 0.0161 0.2439
vn 0.3463 -0.2058 0.9153
vn -0.3735 0.9196 -0.1213
vn 0.2527 0.0214 -0.9673
vn -0.4563 -0.1614 0.8750
vn -0.3783 -0.9240 0.0554
vn -0.7056 -0.1873 -0.6834
vn 0.7000 -0.0026 0.7141
vn -0.2606 -0.2151 0.9412
vn -0.6044 -0.7956 0.0412
vn 0.6409 -0.7607 -0.1027
vn 0.0879 0.5914 0.8016
vn -0.5169 -0.7650 -0.3843
vn 0.6144 -0.5818 -0.5329
vn 0.6805 -0.7121 -0.1725
vn 0.7820 0.2520 -0.5701
vn 0.7515 -0.0459 0.6582
vn 0.4993 0.7034 -0.5059
vn -0.5728 0.0843 0.8154
vn 0.0013 -0.7885 0.6151
vn 0.6921 -0.3767 -0.6157
vn -0.0000 -0.0000 -0.0000
vn -0.8349 -0.2171 -0.5058
vn 0.6215 -0.5816 -0.5248
vn -0.4225 -0.8819 0.2092
vn -0.8633 0.2947 0.4098
vn 0.2587 -0.9626 0.0810
vn 0.2945 -0.1266 0.9472
vn 0.6067 0.7874 -0.1091
vn 0.6840 -0.0095 0.7295
vn 0.4350 0.0552 0.8988
vn 0.2590 -0.5806 0.7719
vn 0.3028 -0.9032 0.3041
vn 0.1489 -0.9713 0.1855
vn -0.0122 -0.9851 -0.1718
vn 0.6318 0.3821 0.6745
vn -0.1832 -0.8757 0.4468
vn 0.0897 -0.9722 0.2162
vn -0.0368 -0.9852 -0.1672
vn -0.0519 0.9645 0.2589
vn -0.7655 0.5804 0.2778
vn -0.5143 0.2740 0.8127
vn 0.5697 0.8206 -0.0444
vn 0.4068 0.3225 -0.8547
vn -0.3937 0.3564 0.8473
vn -0.2225 0.7942 0.5654
vn 0.3085 -0.7968 -0.5195
vn 0.5167 0.6648 -0.5395
vn 0.1605 0.4479 0.8796
vn 0.1191 0.9894 -0.0826
vn 0.0179 0.6338 -0.7733
vn 0.3536 0.2795 -0.8927
vn -0.3496 0.8964 -0.2727
vn -0.0504 -0.9836 -0.1729
vn 0.7819 -0.6194 -0.0705
vn 0.0204 -0.9948 -0.0996
vn 0.7355 -0.5700 0.3663
vn 0.5193 -0.3063 0.7978
vn 0.5945 0.8040 -0.0127
vn -0.4664 -0.8842 0.0252
vn 0.5348 -0.4228 0.7316
vn -0.0615 0.9838 -0.1687
vn 0.6730 0.7312 -0.1113
vn -0.5366 -0.8424 0.0494
vn 0.5466 -0.0614 0.8351
vn -0.1385 0.8689 -0.4752
vn -0.4570 0.8698 -0.1860
vn -0.5905 -0.4421 0.6752
vt 0.625062 0.712389
vt 0.639840 0.713374
vt 0.647969 0.719883
vt 0.742553 0.065843
vt 0.765439 0.056753
vt 0.761202 0.068481
vt 0.749466 0.067908
vt 0.742908 0.072178
vt 0.740179 0.077860
vt 0.737603 0.072341
vt 0.733119 0.063198
vt 0.623185 0.868747
vt 0.625425 0.873897
vt 0.624784 0.873440
vt 0.679248 0.068253
vt 0.691455 0.062525
vt 0.693642 0.067163
vt 0.723781 0.105882
vt 0.744981 0.105627
vt 0.769641 0.121716
vt 0.772449 0.150628
vt 0.812717 0.151522
vt 0.775535 0.155984
vt 0.755400 0.023421
vt 0.646543 0.050988
vt 0.562295 0.035066
vt 0.794253 0.188406
vt 0.761460 0.203051
vt 0.704128 0.178999
vt 0.596160 0.114160
vt 0.616871 0.123946
vt 0.597001 0.121654
vt 0.481191 0.064548
vt 0.449880 0.050789
vt 0.573794 0.051595
vt 0.498784 0.085074
vt 0.485652 0.094451
vt 0.487467 0.081111
vt 0.654321 0.184884
vt 0.645070 0.202408
vt 0.616952 0.181859
vt 0.540182 0.133784
vt 0.569922 0.122617
vt 0.565929 0.135464
vt 0.565748 0.139973
vt 0.580421 0.142365
vt 0.565418 0.146993
vt 0.569306 0.135212
vt 0.431383 0.020526
vt 0.451946 0.020781
vt 0.552375 0.136111
vt 0.538565 0.139320
vt 0.426666 0.021874
vt 0.382801 0.034094
vt 0.460110 0.655667
vt 0.452757 0.702967
vt 0.384368 0.692307
vt 0.301645 0.063606
vt 0.394773 0.055655
vt 0.365226 0.123591
vt 0.350233 0.126664
vt 0.349174 0.115403
vt 0.262301 0.092919
vt 0.232434 0.101206
vt 0.237091 0.094439
vt 0.262569 0.112538
vt 0.622185 0.674147
vt 0.627123 0.634411
vt 0.630083 0.673804
vt 0.220060 0.092603
vt 0.206367 0.090464
vt 0.202940 0.085032
vt 0.194905 0.107928
vt 0.197360 0.104323
vt 0.202156 0.108921
vt 0.113007 0.153440
vt 0.147326 0.157898
vt 0.158248 0.163963
vt 0.224502 0.839225
vt 0.268607 0.839580
vt 0.253269 0.859518
vt 0.803845 0.841343
vt 0.803993 0.809173
vt 0.822555 0.803822
vt 0.238483 0.543667
vt 0.168696 0.511877
vt 0.198052 0.494538
vt 0.898930 0.044115
vt 0.913242 0.046941
vt 0.895131 0.048465
vt 0.170590 0.688932
vt 0.155338 0.675473
vt 0.175864 0.688232
vt 0.799994 0.714421
vt 0.783202 0.678287
vt 0.795967 0.673608
vt 0.939189 0.062061
vt 0.934373 0.078316
vt 0.931635 0.059630
vt 0.938037 0.059658
vt 0.938291 0.059045
vt 0.927187 0.039221
vt 0.929518 0.038198
vt 0.924510 0.036834
vt 0.927961 0.031160
vt 0.928967 0.033679
vt 0.926113 0.027853
vt 0.007038 0.024480
vt 0.004773 0.023996
vt 0.006008 0.019947
vt 0.007511 0.021534
vt 0.014834 0.017185
vt 0.020110 0.033228
vt 0.013211 0.018522
vt 0.953797 0.047187
vt 0.950052 0.049362
vt 0.951257 0.040252
vt 0.941544 0.062350
vt 0.955382 0.061481
vt 0.938307 0.071140
vt 0.941069 0.053618
vt 0.934514 0.039135
vt 0.947910 0.051329
vt 0.058589 0.027565
vt 0.020568 0.036862
vt 0.415094 0.442058
vt 0.374124 0.438561
vt 0.421600 0.416288
vt 0.033089 0.027160
vt 0.057318 0.020955
vt 0.518840 0.415973
vt 0.473738 0.448965
vt 0.864877 0.658963
vt 0.822941 0.630996
vt 0.846331 0.634350
vt 0.344508 0.245827
vt 0.364283 0.251289
vt 0.325114 0.267254
vt 0.557617 0.388585
vt 0.574679 0.381897
vt 0.587523 0.390052
vt 0.029212 0.897296
vt 0.029904 0.919579
vt 0.010902 0.898680
vt 0.634265 0.455517
vt 0.612689 0.454845
vt 0.618127 0.420396
vt 0.783913 0.451047
vt 0.787813 0.475806
vt 0.767297 0.470391
vt 0.455500 0.447132
vt 0.390266 0.772187
vt 0.154603 0.782802
vt 0.270895 0.754691
vt 0.532202 0.207790
vt 0.479054 0.223410
vt 0.510624 0.197079
vt 0.298164 0.194836
vt 0.355604 0.177510
vt 0.354106 0.199980
vt 0.182750 0.037432
vt 0.252626 0.042640
vt 0.217501 0.049776
vt 0.422303 0.594364
vt 0.434045 0.599610
vt 0.376640 0.599312
vt 0.372561 0.588154
vt 0.440600 0.581567
vt 0.475197 0.600135
vt 0.489909 0.584170
vt 0.524034 0.588769
vt 0.645383 0.014427
vt 0.666139 0.008490
vt 0.698529 0.014921
vt 0.539380 0.618699
vt 0.539884 0.635346
vt 0.518913 0.647008
vt 0.906018 0.102689
vt 0.930797 0.112622
vt 0.931089 0.199005
vt 0.926973 0.239786
vt 0.934384 0.241542
vt 0.934255 0.260857
vt 0.916164 0.261072
vt 0.927245 0.261252
vt 0.905954 0.144173
vt 0.908658 0.187962
vt 0.071780 0.430549
vt 0.066049 0.409463
vt 0.087374 0.418451
vt 0.361837 0.411761
vt 0.291256 0.425029
vt 0.300027 0.395491
vt 0.290626 0.386498
vt 0.302931 0.384359
vt 0.316352 0.391201
vt 0.045630 0.608895
vt 0.036506 0.631792
vt 0.026512 0.614924
vt 0.459577 0.238735
vt 0.436007 0.243858
vt 0.433882 0.241110
vt 0.722027 0.460751
vt 0.764938 0.454683
vt 0.757296 0.470786
vt 0.802393 0.756756
vt 0.370713 0.701896
vt 0.435423 0.721630
vt 0.396947 0.716895
vt 0.761878 0.359485
vt 0.780584 0.354605
vt 0.777969 0.358388
vt 0.369322 0.324952
vt 0.415381 0.311962
vt 0.414842 0.329203
vt 0.573545 0.211056
vt 0.544119 0.206233
vt 0.568215 0.206213
vt 0.023140 0.043399
vt 0.036580 0.039271
vt 0.026420 0.046695
vt 0.891043 0.959574
vt 0.904190 0.976878
vt 0.874946 0.979476
vt 0.800934 0.908567
vt 0.823717 0.916014
vt 0.803078 0.926448
vt 0.747396 0.350269
vt 0.723834 0.351356
vt 0.744440 0.343582
vt 0.432842 0.277193
vt 0.417706 0.304252
vt 0.349881 0.299958
vt 0.444983 0.142847
vt 0.464265 0.148343
vt 0.438925 0.150347
vt 0.399072 0.167700
vt 0.412055 0.169184
vt 0.410075 0.181039
vt 0.956790 0.560529
vt 0.952209 0.534849
vt 0.980821 0.552701
vt 0.531805 0.435503
vt 0.570805 0.421750
vt 0.561318 0.434444
vt 0.130965 0.544613
vt 0.128839 0.535556
vt 0.130338 0.533866
vt 0.909531 0.493846
vt 0.882445 0.472313
vt 0.903701 0.472234
vt 0.277963 0.064325
vt 0.226150 0.062869
vt 0.225693 0.058203
vt 0.584760 0.770047
vt 0.605634 0.732690
vt 0.631462 0.770405
vt 0.308091 0.668686
vt 0.273338 0.680607
vt 0.285007 0.645473
vt 0.498243 0.336535
vt 0.479723 0.316586
vt 0.506239 0.314092
vt 0.251598 0.127720
vt 0.249345 0.119038
vt 0.331466 0.136751
vt 0.356146 0.148192
vt 0.319038 0.138387
vt 0.604025 0.181137
vt 0.577765 0.202970
vt 0.655713 0.159938
vt 0.642564 0.155994
vt 0.646766 0.151128
vt 0.368973 0.358559
vt 0.390800 0.367960
vt 0.373213 0.372788
vt 0.455642 0.121121
vt 0.435203 0.129582
vt 0.417627 0.104878
vt 0.452444 0.139327
vt 0.212397 0.435416
vt 0.201541 0.417776
vt 0.156545 0.125557
vt 0.181074 0.119781
vt 0.168668 0.128380
vt 0.166617 0.046754
vt 0.155262 0.064166
vt 0.156307 0.052147
vt 0.692290 0.083236
vt 0.716678 0.085292
vt 0.717675 0.092239
vt 0.746684 0.092153
vt 0.732349 0.097004
vt 0.736482 0.092937
vt 0.238684 0.111522
vt 0.914258 0.049922
vt 0.926883 0.060547
vt 0.711003 0.110552
vt 0.672568 0.102483
vt 0.723561 0.120715
vt 0.504188 0.017543
vt 0.542939 0.028622
vt 0.464870 0.020117
vt 0.478921 0.727016
vt 0.464690 0.742107
vt 0.446783 0.728067
vt 0.513055 0.384003
vt 0.512786 0.379143
vt 0.531017 0.379058
vt 0.233644 0.139909
vt 0.253775 0.138086
vt 0.224214 0.143476
vt 0.296917 0.119941
vt 0.294009 0.131870
vt 0.282879 0.130748
vt 0.215347 0.067993
vt 0.223377 0.082625
vt 0.199135 0.067578
vt 0.401656 0.020761
vt 0.377809 0.022600
vt 0.992499 0.963308
vt 0.948186 0.961442
vt 0.990244 0.954866
vt 0.685622 0.432123
vt 0.639750 0.407036
vt 0.679037 0.402570
vt 0.313625 0.097025
vt 0.329939 0.104959
vt 0.286315 0.093317
vt 0.817611 0.069975
vt 0.855619 0.073187
vt 0.835046 0.075296
vt 0.407979 0.399682
vt 0.407182 0.390327
vt 0.405420 0.382266
vt 0.381701 0.379844
vt 0.408295 0.376658
vt 0.044625 0.625164
vt 0.045860 0.637712
vt 0.089796 0.628106
vt 0.048473 0.625802
vt 0.080842 0.612121
vt 0.143791 0.517440
vt 0.140939 0.537506
vt 0.131125 0.527372
vt 0.130557 0.530410
vt 0.317464 0.133817
vt 0.317667 0.147649
vt 0.298696 0.142439
vt 0.577615 0.014855
vt 0.559517 0.014895
vt 0.225163 0.362678
vt 0.210083 0.335055
vt 0.230843 0.348583
vt 0.107626 0.663897
vt 0.119270 0.681494
vt 0.064130 0.643979
vt 0.051692 0.651819
vt 0.063791 0.638622
vt 0.037689 0.641257
vt 0.050500 0.642038
vt 0.502505 0.073763
vt 0.444116 0.067977
vt 0.039642 0.655414
vt 0.029376 0.650228
vt 0.028096 0.625495
vt 0.362637 0.158787
vt 0.409189 0.157504
vt 0.379786 0.162665
vt 0.663174 0.397903
vt 0.576187 0.400980
vt 0.589325 0.395048
vt 0.612392 0.396520
vt 0.955357 0.261398
vt 0.933810 0.290509
vt 0.931022 0.269226
vt 0.116437 0.566441
vt 0.136750 0.554205
vt 0.131715 0.568011
vt 0.586143 0.366301
vt 0.605456 0.356208
vt 0.599919 0.368364
vt 0.639757 0.825932
vt 0.615173 0.817832
vt 0.651101 0.794514
vt 0.520082 0.114431
vt 0.485648 0.125922
vt 0.217950 0.010342
vt 0.244743 0.016109
vt 0.198023 0.010765
vt 0.219889 0.085543
vt 0.214519 0.080304
vt 0.614784 0.146987
vt 0.624883 0.146630
vt 0.617107 0.155070
vt 0.146949 0.570650
vt 0.151909 0.556102
vt 0.160879 0.570443
vt 0.231682 0.397171
vt 0.196609 0.394374
vt 0.259597 0.390624
vt 0.123945 0.331630
vt 0.152666 0.342571
vt 0.151343 0.351740
vt 0.178583 0.200229
vt 0.162317 0.170273
vt 0.233308 0.204109
vt 0.720960 0.127797
vt 0.737815 0.129367
vt 0.715056 0.142414
vt 0.789324 0.060491
vt 0.856060 0.050386
vt 0.814789 0.064803
vt 0.328653 0.090722
vt 0.326030 0.088250
vt 0.323328 0.081140
vt 0.186181 0.127748
vt 0.479604 0.237953
vt 0.528067 0.244340
vt 0.979040 0.528485
vt 0.619551 0.946569
vt 0.590925 0.948909
vt 0.609082 0.903691
vt 0.525343 0.128775
vt 0.524474 0.144705
vt 0.492618 0.146342
vt 0.541254 0.144130
vt 0.594404 0.153040
vt 0.523789 0.153317
vt 0.402740 0.218041
vt 0.381163 0.220302
vt 0.390254 0.200810
vt 0.295029 0.347413
vt 0.303349 0.331515
vt 0.324226 0.351135
vt 0.342329 0.284237
vt 0.364349 0.266294
vt 0.599244 0.012907
vt 0.515458 0.678853
vt 0.539953 0.665412
vt 0.531419 0.705817
vt 0.559109 0.160220
vt 0.463452 0.191560
vt 0.445464 0.165217
vt 0.463082 0.156821
vt 0.918356 0.019058
vt 0.919247 0.016944
vt 0.919512 0.022996
vt 0.053154 0.986536
vt 0.119707 0.971345
vt 0.085016 0.991075
vt 0.287937 0.207199
vt 0.381660 0.573728
vt 0.366065 0.570657
vt 0.404914 0.572810
vt 0.744988 0.079513
vt 0.770097 0.072494
vt 0.753720 0.082803
vt 0.752157 0.296356
vt 0.782762 0.308598
vt 0.724585 0.308181
vt 0.690403 0.332183
vt 0.697137 0.322381
vt 0.707388 0.335390
vt 0.184294 0.072544
vt 0.192489 0.084226
vt 0.214488 0.171550
vt 0.195344 0.162190
vt 0.220496 0.160253
vt 0.974317 0.309309
vt 0.950342 0.295692
vt 0.120087 0.290333
vt 0.102999 0.274614
vt 0.102970 0.259059
vt 0.531615 0.128919
vt 0.530685 0.134355
vt 0.226725 0.033372
vt 0.261610 0.020533
vt 0.281481 0.035512
vt 0.554352 0.119344
vt 0.540828 0.127361
vt 0.530868 0.122340
vt 0.027262 0.018518
vt 0.048949 0.013696
vt 0.513974 0.715836
vt 0.463885 0.724190
vt 0.506531 0.709100
vt 0.537356 0.687223
vt 0.536763 0.709429
vt 0.309902 0.022408
vt 0.326982 0.021545
vt 0.640261 0.274921
vt 0.662760 0.287381
vt 0.653116 0.316622
vt 0.100555 0.573140
vt 0.118286 0.578032
vt 0.091299 0.575760
vt 0.581425 0.735109
vt 0.582171 0.749347
vt 0.041142 0.007713
vt 0.055011 0.009099
vt 0.354201 0.242047
vt 0.836424 0.151776
vt 0.857157 0.150264
vt 0.833374 0.155989
vt 0.806275 0.165371
vt 0.799270 0.155842
vt 0.812669 0.445904
vt 0.788537 0.449495
vt 0.789932 0.403066
vt 0.743091 0.412745
vt 0.778117 0.407674
vt 0.989276 0.907813
vt 0.986899 0.916636
vt 0.629109 0.172279
vt 0.670920 0.174305
vt 0.672187 0.183333
vt 0.824993 0.959502
vt 0.504355 0.367682
vt 0.507731 0.371924
vt 0.498139 0.369730
vt 0.164401 0.543411
vt 0.673490 0.396111
vt 0.693626 0.393812
vt 0.700946 0.382794
vt 0.727834 0.393824
vt 0.575271 0.603412
vt 0.586496 0.598473
vt 0.579819 0.635708
vt 0.791036 0.016331
vt 0.757001 0.014940
vt 0.720737 0.081770
vt 0.724854 0.071678
vt 0.350808 0.838274
vt 0.387017 0.836442
vt 0.385559 0.857893
vt 0.368917 0.387169
vt 0.379201 0.390334
vt 0.366807 0.395032
vt 0.631701 0.374806
vt 0.635017 0.389341
vt 0.628783 0.385672
vt 0.480005 0.143932
vt 0.337487 0.588120
vt 0.336197 0.566775
vt 0.152828 0.160202
vt 0.406209 0.957551
vt 0.352898 0.956014
vt 0.339341 0.912947
vt 0.511801 0.952033
vt 0.505577 0.965314
vt 0.508830 0.947051
vt 0.338191 0.365262
vt 0.318365 0.359474
vt 0.343481 0.350315
vt 0.655097 0.135785
vt 0.641656 0.141183
vt 0.632053 0.135334
vt 0.608576 0.082810
vt 0.573975 0.078097
vt 0.621183 0.080021
vt 0.282648 0.084873
vt 0.310142 0.090298
vt 0.809748 0.085884
vt 0.803932 0.098087
vt 0.592877 0.730029
vt 0.597712 0.723772
vt 0.604580 0.720893
vt 0.873869 0.555107
vt 0.859741 0.538696
vt 0.890549 0.513616
vt 0.923407 0.495960
vt 0.918682 0.499304
vt 0.921257 0.490679
vt 0.661201 0.357531
vt 0.641244 0.366681
vt 0.650291 0.358094
vt 0.651107 0.750230
vt 0.653396 0.735422
vt 0.653549 0.761350
vt 0.648639 0.093084
vt 0.560292 0.081322
vt 0.679640 0.087862
vt 0.644019 0.390560
vt 0.641733 0.397572
vt 0.448015 0.110224
vt 0.484852 0.101971
vt 0.856532 0.117918
vt 0.828721 0.120702
vt 0.813727 0.109522
vt 0.170228 0.149510
vt 0.174787 0.156686
vt 0.173031 0.159677
vt 0.784421 0.384715
vt 0.780450 0.363570
vt 0.791485 0.387058
vt 0.736086 0.391040
vt 0.744126 0.396033
vt 0.945975 0.850457
vt 0.928989 0.884069
vt 0.928230 0.829964
vt 0.926972 0.958071
vt 0.181312 0.968369
vt 0.177717 0.987331
vt 0.155450 0.987876
vt 0.688893 0.309502
vt 0.665400 0.318136
vt 0.687420 0.314382
vt 0.598407 0.148856
vt 0.598550 0.140449
vt 0.594732 0.129862
vt 0.715808 0.156318
vt 0.705238 0.163995
vt 0.708578 0.157079
vt 0.810927 0.098647
vt 0.814704 0.100818
vt 0.180735 0.048673
vt 0.165878 0.034106
vt 0.779863 0.619444
vt 0.742118 0.599953
vt 0.796132 0.579462
vt 0.818133 0.539040
vt 0.798646 0.591844
vt 0.797873 0.570327
vt 0.359348 0.337591
vt 0.354963 0.332661
vt 0.403308 0.336939
vt 0.947029 0.920520
vt 0.927397 0.954979
vt 0.927239 0.908093
vt 0.804738 0.103593
vt 0.802643 0.108679
vt 0.196918 0.374007
vt 0.196124 0.384110
vt 0.191419 0.380472
vt 0.203548 0.434476
vt 0.158980 0.399831
vt 0.090885 0.640321
vt 0.377677 0.379446
vt 0.371217 0.381670
vt 0.359410 0.371057
vt 0.264238 0.837294
vt 0.438724 0.392230
vt 0.653248 0.142847
vt 0.685707 0.137857
vt 0.676374 0.156883
vt 0.654012 0.149289
vt 0.154648 0.207074
vt 0.117647 0.180702
vt 0.176961 0.113151
vt 0.186379 0.112921
vt 0.188143 0.122753
vt 0.944248 0.504161
vt 0.976727 0.504796
vt 0.334632 0.162893
vt 0.310426 0.158586
vt 0.334398 0.157304
vt 0.684933 0.146324
vt 0.712618 0.138295
vt 0.709600 0.128223
vt 0.750622 0.374415
vt 0.712534 0.364427
vt 0.729112 0.359893
vt 0.606793 0.577173
vt 0.611167 0.577270
vt 0.607903 0.593550
vt 0.342717 0.092210
vt 0.343515 0.086296
vt 0.346794 0.094231
vt 0.395064 0.081701
vt 0.359559 0.090993
vt 0.346269 0.081312
vt 0.295980 0.736695
vt 0.368990 0.592057
vt 0.716397 0.355123
vt 0.709184 0.341872
vt 0.684859 0.345803
vt 0.681886 0.152788
vt 0.712211 0.150828
vt 0.089042 0.369859
vt 0.089977 0.404317
vt 0.119510 0.350219
vt 0.125393 0.369146
vt 0.091187 0.362379
vt 0.641214 0.147502
vt 0.545927 0.099144
vt 0.540273 0.106635
vt 0.516383 0.105095
vt 0.328973 0.369652
vt 0.317868 0.369629
vt 0.266621 0.359568
vt 0.292455 0.365777
vt 0.204001 0.059171
vt 0.194307 0.047150
vt 0.223064 0.054973
vt 0.692393 0.361732
vt 0.689767 0.353516
vt 0.500621 0.090289
vt 0.515664 0.084259
vt 0.522270 0.091522
vt 0.442829 0.084904
vt 0.417888 0.086627
vt 0.428231 0.079637
vt 0.282655 0.371007
vt 0.288697 0.374159
vt 0.289320 0.378572
vt 0.449066 0.158056
vt 0.429909 0.158066
vt 0.180904 0.650181
vt 0.231551 0.672798
vt 0.173377 0.663397
vt 0.617115 0.160995
vt 0.583703 0.179064
vt 0.592711 0.166790
vt 0.300345 0.380010
vt 0.299443 0.371650
vt 0.303566 0.375315
vt 0.381861 0.091605
vt 0.602374 0.838786
vt 0.580879 0.845014
vt 0.581238 0.808523
vt 0.379417 0.963055
vt 0.353445 0.962191
vt 0.441941 0.964287
vt 0.717374 0.119629
vt 0.511110 0.924992
vt 0.494127 0.885928
vt 0.512134 0.905087
vt 0.476606 0.935926
vt 0.465408 0.950896
vt 0.453750 0.937466
vt 0.552921 0.193715
vt 0.655145 0.345850
vt 0.663694 0.353083
vt 0.680473 0.353266
vt 0.225582 0.066768
vt 0.209861 0.118050
vt 0.342836 0.116022
vt 0.340971 0.123740
vt 0.203037 0.317986
vt 0.191744 0.310734
vt 0.222896 0.313368
vt 0.092585 0.342858
vt 0.441369 0.093238
vt 0.479713 0.094611
vt 0.106861 0.193033
vt 0.091276 0.166508
vt 0.604573 0.577585
vt 0.605107 0.612729
vt 0.600577 0.587506
vt 0.856020 0.364778
vt 0.843857 0.358263
vt 0.862397 0.344947
vt 0.773138 0.259778
vt 0.764368 0.271718
vt 0.764662 0.262010
vt 0.421649 0.103564
vt 0.421550 0.092704
vt 0.389276 0.188054
vt 0.375656 0.171811
vt 0.403427 0.185645
vt 0.427889 0.368277
vt 0.445351 0.365469
vt 0.440136 0.374470
vt 0.422004 0.378893
vt 0.192021 0.154868
vt 0.195398 0.151550
vt 0.091904 0.645596
vt 0.085766 0.651814
vt 0.230230 0.676965
vt 0.230888 0.076394
vt 0.248145 0.075302
vt 0.487011 0.948634
vt 0.846673 0.341181
vt 0.489327 0.921930
vt 0.492068 0.928996
vt 0.472676 0.930156
vt 0.490750 0.937284
vt 0.506634 0.940288
vt 0.491680 0.946415
vt 0.677043 0.166158
vt 0.261029 0.368338
vt 0.261257 0.375565
vt 0.255390 0.369135
vt 0.204977 0.101415
vt 0.211265 0.109333
vt 0.369060 0.373175
vt 0.796779 0.074338
vt 0.818933 0.085005
vt 0.347677 0.526509
vt 0.355335 0.560899
vt 0.298054 0.561680
vt 0.353203 0.859544
vt 0.695144 0.071422
vt 0.717776 0.067465
vt 0.712749 0.079142
vt 0.718997 0.076823
vt 0.258815 0.382697
vt 0.674174 0.488376
vt 0.686286 0.496099
vt 0.686776 0.528244
vt 0.650347 0.327909
vt 0.654113 0.320324
vt 0.674987 0.328199
vt 0.484716 0.154097
vt 0.488937 0.159512
vt 0.099053 0.643118
vt 0.127070 0.642789
vt 0.125068 0.649972
vt 0.367882 0.130959
vt 0.383174 0.137784
vt 0.371853 0.143109
vt 0.632343 0.394738
vt 0.623573 0.387256
vt 0.167517 0.964235
vt 0.087725 0.969515
vt 0.152943 0.542956
vt 0.156033 0.550259
vt 0.966278 0.142188
vt 0.970310 0.075323
vt 0.976570 0.175981
vt 0.678010 0.463829
vt 0.661947 0.461116
vt 0.670983 0.438369
vt 0.467641 0.014954
vt 0.486685 0.014643
vt 0.496427 0.932094
vt 0.507646 0.933889
vt 0.506181 0.936440
vt 0.587415 0.140454
vt 0.590884 0.135905
vt 0.596800 0.135581
vt 0.617328 0.132947
vt 0.356146 0.390359
vt 0.331703 0.395543
vt 0.251663 0.145217
vt 0.614447 0.246863
vt 0.586323 0.249761
vt 0.593480 0.246533
vt 0.509903 0.160356
vt 0.493330 0.156120
vt 0.558948 0.175495
vt 0.495094 0.176802
vt 0.536567 0.167036
vt 0.423373 0.356553
vt 0.438131 0.354510
vt 0.376878 0.213076
vt 0.952520 0.923844
vt 0.952220 0.949486
vt 0.841875 0.365767
vt 0.838876 0.361455
vt 0.087838 0.192035
vt 0.088833 0.172927
vt 0.167426 0.026649
vt 0.207793 0.553781
vt 0.261698 0.558826
vt 0.782145 0.327173
vt 0.797829 0.330206
vt 0.782833 0.336374
vt 0.806552 0.956674
vt 0.803571 0.958498
vt 0.802868 0.942920
vt 0.828619 0.981002
vt 0.862607 0.982168
vt 0.844270 0.984543
vt 0.488980 0.765767
vt 0.496054 0.728555
vt 0.502539 0.768548
vt 0.686123 0.356803
vt 0.899442 0.346412
vt 0.795395 0.079620
vt 0.370139 0.203132
vt 0.348232 0.214678
vt 0.373240 0.214648
vt 0.364893 0.219651
vt 0.030101 0.866330
vt 0.046819 0.867495
vt 0.033909 0.878642
vt 0.066521 0.869990
vt 0.086187 0.888072
vt 0.034720 0.887592
vt 0.376036 0.219972
vt 0.539118 0.350621
vt 0.234625 0.557267
vt 0.558939 0.170436
vt 0.590577 0.160866
vt 0.147088 0.649809
vt 0.153265 0.667488
vt 0.138438 0.658903
vt 0.130987 0.667409
vt 0.114848 0.662664
vt 0.370534 0.094651
vt 0.365311 0.091383
vt 0.580496 0.778778
vt 0.580710 0.802253
vt 0.578637 0.787478
vt 0.680861 0.455710
vt 0.693875 0.452601
vt 0.685301 0.457012
vt 0.679217 0.150995
vt 0.100178 0.318507
vt 0.528045 0.079226
vt 0.593343 0.094606
vt 0.746348 0.335420
vt 0.726212 0.325054
vt 0.774923 0.329661
vt 0.588193 0.100039
vt 0.593096 0.110523
vt 0.555667 0.105476
vt 0.703734 0.399755
vt 0.691725 0.431139
vt 0.653596 0.254815
vt 0.679857 0.254519
vt 0.702650 0.256459
vt 0.428811 0.164806
vt 0.739699 0.086430
vt 0.557255 0.377423
vt 0.556657 0.382870
vt 0.544315 0.383531
vt 0.547920 0.311961
vt 0.509875 0.310172
vt 0.531781 0.301329
vt 0.598673 0.644545
vt 0.597717 0.615578
vt 0.658359 0.082186
vt 0.642996 0.071547
vt 0.664092 0.071064
vt 0.661256 0.067455
vt 0.472550 0.877624
vt 0.388073 0.865935
vt 0.437075 0.859827
vt 0.345315 0.153773
vt 0.324855 0.145883
vt 0.682055 0.363493
vt 0.676661 0.376364
vt 0.527479 0.355918
vt 0.503132 0.343375
vt 0.199177 0.114941
vt 0.676789 0.074327
vt 0.680127 0.082598
vt 0.645292 0.077220
vt 0.653610 0.084727
vt 0.286959 0.322826
vt 0.320087 0.313034
vt 0.959921 0.057515
vt 0.975800 0.063303
vt 0.959665 0.070762
vt 0.711136 0.725715
vt 0.696195 0.666761
vt 0.703085 0.607198
vt 0.541933 0.086892
vt 0.539988 0.095028
vt 0.668844 0.127134
vt 0.676594 0.110716
vt 0.172443 0.341845
vt 0.216711 0.136685
vt 0.198830 0.139098
vt 0.196874 0.130044
vt 0.175790 0.138656
vt 0.750558 0.387363
vt 0.759114 0.373923
vt 0.763595 0.387777
vt 0.371032 0.835219
vt 0.390198 0.108670
vt 0.403166 0.105137
vt 0.392296 0.128509
vt 0.386255 0.120581
vt 0.385112 0.116044
vt 0.639055 0.348799
vt 0.583522 0.900079
vt 0.722099 0.200146
vt 0.684760 0.213152
vt 0.689685 0.200262
vt 0.822496 0.097902
vt 0.132744 0.321630
vt 0.127656 0.307386
vt 0.144207 0.316660
vt 0.123504 0.149267
vt 0.945470 0.547058
vt 0.946786 0.562230
vt 0.940929 0.556428
vt 0.707717 0.568092
vt 0.713207 0.564972
vt 0.730997 0.564798
vt 0.796839 0.067802
vt 0.057103 0.017677
vt 0.056259 0.013377
vt 0.157018 0.547367
vt 0.344668 0.369388
vt 0.344263 0.355187
vt 0.352342 0.347800
vt 0.423425 0.217484
vt 0.418914 0.227452
vt 0.418727 0.225044
vt 0.374050 0.342962
vt 0.404598 0.355060
vt 0.500008 0.098579
vt 0.511433 0.099095
vt 0.586593 0.144125
vt 0.575132 0.148149
vt 0.375583 0.649848
vt 0.473217 0.622779
vt 0.821335 0.076025
vt 0.687602 0.129766
vt 0.824456 0.813373
vt 0.303384 0.367563
vt 0.621415 0.126669
vt 0.694866 0.461652
vt 0.684722 0.465614
vt 0.440474 0.168064
vt 0.419965 0.183403
vt 0.433650 0.168193
vt 0.376086 0.065436
vt 0.419804 0.063526
vt 0.145463 0.300461
vt 0.149723 0.308446
vt 0.506775 0.150602
vt 0.946755 0.074200
vt 0.177900 0.352548
vt 0.326409 0.151638
vt 0.299794 0.151124
vt 0.315989 0.362529
vt 0.653349 0.555831
vt 0.648418 0.557938
vt 0.628148 0.553825
vt 0.516489 0.370566
vt 0.619598 0.069450
vt 0.750951 0.324662
vt 0.719715 0.317935
vt 0.093701 0.580069
vt 0.067921 0.606755
vt 0.085659 0.579517
vt 0.622565 0.552996
vt 0.624001 0.563301
vt 0.128419 0.203864
vt 0.126205 0.198342
vt 0.426146 0.145532
vt 0.227926 0.569763
vt 0.189418 0.555523
vt 0.255829 0.564001
vt 0.272520 0.736162
vt 0.314104 0.734223
vt 0.425834 0.225149
vt 0.530061 0.386635
vt 0.950987 0.894445
vt 0.970864 0.897846
vt 0.987240 0.897049
vt 0.857319 0.142825
vt 0.844037 0.146666
vt 0.831826 0.137495
vt 0.833145 0.147050
vt 0.237366 0.454767
vt 0.257732 0.455948
vt 0.259866 0.459653
vt 0.698373 0.473444
vt 0.692562 0.482400
vt 0.285328 0.076154
vt 0.312154 0.081186
vt 0.943628 0.942366
vt 0.947856 0.886421
vt 0.168451 0.314868
vt 0.159806 0.320109
vt 0.749376 0.162463
vt 0.761010 0.399635
vt 0.775012 0.390575
vt 0.777056 0.397239
vt 0.191511 0.826173
vt 0.125168 0.817726
vt 0.096312 0.437408
vt 0.095084 0.406294
vt 0.555720 0.113196
vt 0.542200 0.339847
vt 0.742403 0.140975
vt 0.748045 0.148807
vt 0.721934 0.151302
vt 0.309559 0.244224
vt 0.296307 0.258562
vt 0.677200 0.381713
vt 0.680728 0.380086
vt 0.923446 0.688853
vt 0.925021 0.654061
vt 0.926583 0.740702
vt 0.944970 0.773253
vt 0.438668 0.182027
vt 0.854209 0.096256
vt 0.856030 0.088744
vt 0.856942 0.100375
vt 0.932608 0.559159
vt 0.943124 0.572108
vt 0.146328 0.465181
vt 0.130312 0.494021
vt 0.130296 0.483195
vt 0.759987 0.162020
vt 0.757626 0.168392
vt 0.392318 0.311159
vt 0.524917 0.373929
vt 0.529587 0.371240
vt 0.551932 0.373511
vt 0.758843 0.368743
vt 0.620130 0.109910
vt 0.623685 0.115715
vt 0.116240 0.309929
vt 0.101807 0.304305
vt 0.122492 0.309873
vt 0.121148 0.319935
vt 0.506228 0.938181
vt 0.443422 0.018691
vt 0.447917 0.015996
vt 0.919264 0.036537
vt 0.893619 0.038532
vt 0.898978 0.034375
vt 0.121099 0.560401
vt 0.707443 0.484650
vt 0.703789 0.490579
vt 0.161118 0.336775
vt 0.165487 0.334920
vt 0.497862 0.310259
vt 0.930992 0.580301
vt 0.924111 0.560251
vt 0.785949 0.276412
vt 0.616528 0.575587
vt 0.615380 0.608174
vt 0.158529 0.451513
vt 0.172117 0.469754
vt 0.152899 0.452036
vt 0.453606 0.341405
vt 0.493299 0.181040
vt 0.173571 0.910005
vt 0.208002 0.923980
vt 0.092345 0.917879
vt 0.283912 0.869352
vt 0.389426 0.103012
vt 0.413523 0.123473
vt 0.402935 0.141704
vt 0.419678 0.150127
vt 0.405159 0.147529
vt 0.058761 0.847106
vt 0.069217 0.863324
vt 0.090341 0.843913
vt 0.326350 0.709273
vt 0.352960 0.714467
vt 0.339731 0.713192
vt 0.423966 0.502611
vt 0.365152 0.468510
vt 0.378239 0.469429
vt 0.616066 0.112914
vt 0.611016 0.099752
vt 0.748881 0.125335
vt 0.769547 0.126487
vt 0.795126 0.124072
vt 0.829366 0.128578
vt 0.457955 0.577295
vt 0.453400 0.561470
vt 0.457731 0.564073
vt 0.370382 0.245992
vt 0.378807 0.242185
vt 0.386964 0.245707
vt 0.150708 0.136219
vt 0.165625 0.131624
vt 0.154519 0.145577
vt 0.384432 0.143786
vt 0.378123 0.151034
vt 0.799954 0.768781
vt 0.567250 0.372407
vt 0.629972 0.590414
vt 0.636038 0.595770
vt 0.627169 0.611196
vt 0.924822 0.847381
vt 0.699944 0.753527
vt 0.700507 0.777700
vt 0.862115 0.582557
vt 0.822380 0.606752
vt 0.817763 0.613080
vt 0.820499 0.562225
vt 0.527799 0.114549
vt 0.541253 0.111658
vt 0.128604 0.875517
vt 0.850387 0.530055
vt 0.544792 0.411737
vt 0.494459 0.394652
vt 0.159999 0.378656
vt 0.168629 0.376599
vt 0.038104 0.046193
vt 0.838702 0.080941
vt 0.824484 0.080522
vt 0.848760 0.089610
vt 0.822666 0.088852
vt 0.516101 0.016395
vt 0.876610 0.917041
vt 0.862655 0.894808
vt 0.907171 0.930269
vt 0.825266 0.962106
vt 0.828077 0.952901
vt 0.857562 0.958535
vt 0.509540 0.857720
vt 0.515002 0.873233
vt 0.512419 0.883754
vt 0.057704 0.657937
vt 0.037282 0.662245
vt 0.243024 0.197264
vt 0.269295 0.195775
vt 0.254561 0.208306
vt 0.244648 0.168893
vt 0.932610 0.080251
vt 0.936890 0.099433
vt 0.928017 0.082774
vt 0.928825 0.103405
vt 0.259210 0.085104
vt 0.262485 0.085880
vt 0.272969 0.080617
vt 0.591484 0.951367
vt 0.923886 0.474000
vt 0.925202 0.480481
vt 0.198515 0.155377
vt 0.355995 0.107365
vt 0.511358 0.725083
vt 0.510446 0.741168
vt 0.189221 0.379054
vt 0.193629 0.370536
vt 0.162027 0.326949
vt 0.403057 0.699044
vt 0.168922 0.326747
vt 0.480995 0.246544
vt 0.050251 0.038705
vt 0.059728 0.032784
vt 0.396421 0.135110
vt 0.709319 0.873688
vt 0.700981 0.846259
vt 0.706785 0.839596
vt 0.897062 0.937659
vt 0.877830 0.958807
vt 0.855543 0.156317
vt 0.842580 0.160926
vt 0.415071 0.787043
vt 0.318490 0.794481
vt 0.727239 0.505776
vt 0.029482 0.636844
vt 0.868133 0.958506
vt 0.853832 0.933941
vt 0.233075 0.131547
vt 0.498681 0.391720
vt 0.491706 0.391643
vt 0.496418 0.384623
vt 0.050204 0.636587
vt 0.370256 0.220005
vt 0.207183 0.098005
vt 0.402040 0.222819
vt 0.486863 0.150497
vt 0.470861 0.706808
vt 0.474850 0.704157
vt 0.093994 0.159250
vt 0.098294 0.156604
vt 0.030176 0.986828
vt 0.045147 0.971870
vt 0.367523 0.016564
vt 0.363527 0.022642
vt 0.338858 0.019139
vt 0.367506 0.361312
vt 0.360286 0.357865
vt 0.534350 0.223859
vt 0.826876 0.917052
vt 0.824521 0.893126
vt 0.826194 0.875072
vt 0.615629 0.458194
vt 0.627193 0.458917
vt 0.341285 0.377520
vt 0.323151 0.375942
vt 0.520350 0.629107
vt 0.516753 0.643647
vt 0.517398 0.612351
vt 0.255878 0.278744
vt 0.279875 0.270238
vt 0.299754 0.298785
vt 0.846923 0.333574
vt 0.838459 0.332783
vt 0.865277 0.339096
vt 0.863568 0.335580
vt 0.835143 0.836744
vt 0.839853 0.922050
vt 0.141533 0.372668
vt 0.829002 0.141797
vt 0.792860 0.143938
vt 0.785060 0.140578
vt 0.927460 0.972242
vt 0.918943 0.976776
vt 0.944789 0.964777
vt 0.938888 0.959642
vt 0.233308 0.374833
vt 0.663780 0.390757
vt 0.678781 0.388605
vt 0.600078 0.287623
vt 0.598221 0.307585
vt 0.176325 0.306273
vt 0.202937 0.305799
vt 0.223742 0.306258
vt 0.273566 0.304173
vt 0.549194 0.116245
vt 0.531242 0.118727
vt 0.909327 0.979999
vt 0.289783 0.588852
vt 0.261869 0.582269
vt 0.286239 0.582592
vt 0.236455 0.123283
vt 0.681491 0.004530
vt 0.696407 0.003330
vt 0.624230 0.879749
vt 0.925802 0.886313
vt 0.763757 0.148192
vt 0.602728 0.629544
vt 0.283546 0.329766
vt 0.857049 0.023902
vt 0.170474 0.334887
vt 0.984606 0.557459
vt 0.191048 0.319274
vt 0.850748 0.175662
vt 0.856817 0.160628
vt 0.124040 0.387872
vt 0.101587 0.435697
vt 0.782217 0.395437
vt 0.207796 0.152357
vt 0.087041 0.777462
vt 0.082718 0.736539
vt 0.105777 0.744961
vt 0.168239 0.736326
vt 0.161104 0.738431
vt 0.150333 0.734281
vt 0.136840 0.988545
vt 0.098974 0.988968
vt 0.303169 0.582524
vt 0.274063 0.103346
vt 0.279017 0.086162
vt 0.344954 0.593575
vt 0.654584 0.453107
vt 0.157187 0.045170
vt 0.107766 0.157150
vt 0.806956 0.201220
vt 0.787951 0.204806
vt 0.649131 0.433379
vt 0.094830 0.578297
vt 0.601332 0.607041
vt 0.147150 0.501258
vt 0.132751 0.509506
vt 0.132286 0.502523
vt 0.650105 0.010301
vt 0.604572 0.098007
vt 0.456921 0.369961
vt 0.448463 0.376331
vt 0.048028 0.607531
vt 0.408024 0.189704
vt 0.412443 0.189055
vt 0.410737 0.196842
vt 0.170617 0.668827
vt 0.497280 0.859933
vt 0.493695 0.847950
vt 0.480476 0.839041
vt 0.494791 0.839269
vt 0.144316 0.734423
vt 0.149258 0.738295
vt 0.137278 0.738996
vt 0.286097 0.367484
vt 0.769605 0.259108
vt 0.763087 0.259466
vt 0.732470 0.258337
vt 0.776899 0.366980
vt 0.774558 0.374487
vt 0.962805 0.055526
vt 0.039040 0.041871
vt 0.410522 0.341522
vt 0.327118 0.964622
vt 0.310163 0.961364
vt 0.319283 0.983117
vt 0.751436 0.364188
vt 0.579350 0.220031
vt 0.056731 0.711433
vt 0.034185 0.696101
vt 0.036146 0.668306
vt 0.026313 0.858667
vt 0.024081 0.851743
vt 0.039452 0.849104
vt 0.028673 0.708262
vt 0.957952 0.078887
vt 0.384667 0.909515
vt 0.337717 0.868984
vt 0.798605 0.554163
vt 0.801006 0.530562
vt 0.490464 0.954799
vt 0.520302 0.607040
vt 0.495546 0.606192
vt 0.510018 0.094124
vt 0.052352 0.005876
vt 0.169329 0.112415
vt 0.163422 0.117516
vt 0.032787 0.912052
vt 0.652610 0.811400
vt 0.652310 0.852399
vt 0.334075 0.066555
vt 0.607497 0.100992
vt 0.281399 0.137003
vt 0.278669 0.144015
vt 0.027549 0.893140
vt 0.031169 0.882913
vt 0.016941 0.868577
vt 0.185982 0.063059
vt 0.180343 0.069016
vt 0.749202 0.636765
vt 0.731595 0.680026
vt 0.738537 0.455837
vt 0.708497 0.463512
vt 0.062794 0.893739
vt 0.451605 0.910140
vt 0.428627 0.922574
vt 0.644259 0.384372
vt 0.218241 0.331777
vt 0.206612 0.329194
vt 0.229732 0.324408
vt 0.668068 0.201678
vt 0.503429 0.290352
vt 0.368004 0.151538
vt 0.851111 0.106675
vt 0.368700 0.441016
vt 0.350275 0.437024
vt 0.289551 0.380903
vt 0.339765 0.387782
vt 0.796539 0.603184
vt 0.764762 0.623220
vt 0.380995 0.313941
vt 0.452484 0.598479
vt 0.422286 0.857335
vt 0.112917 0.322860
vt 0.467274 0.305959
vt 0.456109 0.097048
vt 0.460856 0.089406
vt 0.465205 0.089175
vt 0.942808 0.219110
vt 0.968024 0.228970
vt 0.958873 0.259014
vt 0.435697 0.382989
vt 0.439347 0.384386
vt 0.268403 0.147055
vt 0.510275 0.726917
vt 0.090443 0.840688
vt 0.086452 0.799713
vt 0.089703 0.815639
vt 0.088429 0.795076
vt 0.977108 0.259458
vt 0.780095 0.333055
vt 0.445852 0.724426
vt 0.437598 0.726380
vt 0.436687 0.724680
vt 0.580872 0.773109
vt 0.589063 0.773501
vt 0.378069 0.154135
vt 0.583752 0.872683
vt 0.581015 0.891228
vt 0.497218 0.365531
vt 0.464928 0.361164
vt 0.471873 0.352312
vt 0.625619 0.590767
vt 0.620765 0.604501
vt 0.520556 0.711151
vt 0.512716 0.706753
vt 0.474286 0.347144
vt 0.044216 0.991456
vt 0.029830 0.994130
vt 0.029849 0.991530
vt 0.162968 0.637238
vt 0.447246 0.312227
vt 0.593869 0.812596
vt 0.458855 0.602965
vt 0.607502 0.617844
vt 0.623798 0.610337
vt 0.153140 0.841731
vt 0.126028 0.837169
vt 0.150049 0.837871
vt 0.116125 0.839341
vt 0.436962 0.323058
vt 0.469294 0.331187
vt 0.819990 0.692689
vt 0.818673 0.661336
vt 0.822314 0.655157
vt 0.801248 0.668786
vt 0.091896 0.718575
vt 0.084833 0.717553
vt 0.094408 0.697885
vt 0.529932 0.401025
vt 0.525172 0.397066
vt 0.456201 0.210372
vt 0.945212 0.041499
vt 0.942612 0.596007
vt 0.922769 0.608055
vt 0.811402 0.331141
vt 0.753238 0.285718
vt 0.785590 0.283247
vt 0.789171 0.560998
vt 0.793465 0.562048
vt 0.767757 0.562812
vt 0.411171 0.141443
vt 0.410151 0.155122
vt 0.278771 0.959049
vt 0.210721 0.964770
vt 0.507233 0.705425
vt 0.283558 0.310477
vt 0.888772 0.647150
vt 0.892687 0.551522
vt 0.912080 0.644575
vt 0.919680 0.539337
vt 0.612978 0.552913
vt 0.616149 0.552345
vt 0.761828 0.344193
vt 0.779659 0.346348
vt 0.722677 0.339268
vt 0.860083 0.494577
vt 0.888996 0.497145
vt 0.579396 0.825236
vt 0.828092 0.739807
vt 0.819117 0.741748
vt 0.822655 0.706611
vt 0.799871 0.888977
vt 0.797989 0.885283
vt 0.801043 0.891094
vt 0.976987 0.129530
vt 0.596961 0.554240
vt 0.601729 0.560384
vt 0.604080 0.564636
vt 0.607427 0.560864
vt 0.609045 0.555520
vt 0.320604 0.440920
vt 0.307228 0.436233
vt 0.177898 0.078647
vt 0.592953 0.392864
vt 0.613834 0.383139
vt 0.844821 0.123128
vt 0.950252 0.908587
vt 0.949693 0.896233
vt 0.276051 0.209479
vt 0.613758 0.875520
vt 0.605737 0.889021
vt 0.606125 0.842162
vt 0.412137 0.443023
vt 0.391584 0.445256
vt 0.375922 0.440166
vt 0.105375 0.684638
vt 0.103349 0.684265
vt 0.094985 0.681148
vt 0.822711 0.769248
vt 0.821264 0.782100
vt 0.281581 0.387169
vt 0.455672 0.385325
vt 0.480550 0.379425
vt 0.158447 0.510871
vt 0.897193 0.354390
vt 0.889237 0.360823
vt 0.124350 0.326355
vt 0.146301 0.325996
vt 0.141283 0.337241
vt 0.216325 0.207325
vt 0.242517 0.207699
vt 0.923472 0.787226
vt 0.925975 0.770343
vt 0.927329 0.805748
vt 0.165864 0.558283
vt 0.173247 0.567329
vt 0.164870 0.561955
vt 0.938139 0.786204
vt 0.008588 0.900675
vt 0.008223 0.875600
vt 0.603716 0.653946
vt 0.595081 0.660490
vt 0.947328 0.789785
vt 0.225801 0.087454
vt 0.036222 0.900877
vt 0.459262 0.386211
vt 0.446109 0.379290
vt 0.610706 0.833959
vt 0.608172 0.833100
vt 0.259784 0.575026
vt 0.483707 0.936686
vt 0.435497 0.314164
vt 0.821410 0.513193
vt 0.814788 0.494543
vt 0.822019 0.495924
vt 0.748213 0.136732
vt 0.771407 0.134151
vt 0.755390 0.131669
vt 0.081750 0.663009
vt 0.080925 0.674632
vt 0.607029 0.832922
vt 0.604955 0.831781
vt 0.703194 0.355670
vt 0.700144 0.351143
vt 0.864794 0.790914
vt 0.574322 0.246313
vt 0.578363 0.250338
vt 0.563641 0.248347
vt 0.578612 0.253865
vt 0.823372 0.780899
vt 0.829296 0.781942
vt 0.861792 0.613815
vt 0.344605 0.311537
vt 0.625996 0.162666
vt 0.108105 0.655346
vt 0.097384 0.659195
vt 0.087548 0.661259
vt 0.528554 0.368083
vt 0.586292 0.555067
vt 0.592224 0.553917
vt 0.756482 0.825037
vt 0.695109 0.375372
vt 0.172127 0.003330
vt 0.169559 0.020457
vt 0.986739 0.938994
vt 0.669465 0.122286
vt 0.919060 0.981009
vt 0.946490 0.954307
vt 0.034788 0.966838
vt 0.030112 0.969853
vt 0.032833 0.934780
vt 0.124068 0.300861
vt 0.191436 0.300612
vt 0.156821 0.188556
vt 0.200392 0.208116
vt 0.173032 0.209138
vt 0.158082 0.651658
vt 0.157193 0.150334
vt 0.411850 0.752921
vt 0.322032 0.736056
vt 0.398935 0.733920
vt 0.200287 0.574394
vt 0.040741 0.919851
vt 0.054468 0.967682
vt 0.944452 0.567301
vt 0.263532 0.072415
vt 0.610470 0.816305
vt 0.611066 0.805293
vt 0.085127 0.781224
vt 0.489613 0.907268
vt 0.232624 0.967820
vt 0.203597 0.985746
vt 0.205507 0.149633
vt 0.209385 0.144912
vt 0.868481 0.393547
vt 0.841339 0.380888
vt 0.976344 0.241270
vt 0.185259 0.080653
vt 0.225873 0.157300
vt 0.914649 0.073727
vt 0.930005 0.078519
vt 0.582098 0.679078
vt 0.580233 0.681042
vt 0.666993 0.107299
vt 0.192311 0.148612
vt 0.295499 0.135266
vt 0.535449 0.096139
vt 0.854973 0.076823
vt 0.856190 0.082134
vt 0.157370 0.156592
vt 0.102559 0.300679
vt 0.571918 0.013687
vt 0.530458 0.713354
vt 0.395794 0.834064
vt 0.163844 0.373895
vt 0.507182 0.225585
vt 0.480818 0.226574
vt 0.420428 0.811640
vt 0.623778 0.173603
vt 0.534143 0.454583
vt 0.520996 0.443973
vt 0.097752 0.313403
vt 0.095997 0.324424
vt 0.068294 0.310933
vt 0.088461 0.346637
vt 0.662622 0.168485
vt 0.664399 0.163780
vt 0.797715 0.658424
vt 0.799500 0.630726
vt 0.221049 0.110441
vt 0.679784 0.513629
vt 0.550290 0.314880
vt 0.839366 0.473643
vt 0.823200 0.494341
vt 0.820523 0.474773
vt 0.683376 0.528398
vt 0.683714 0.525667
vt 0.782665 0.063366
vt 0.608048 0.835371
vt 0.606623 0.837157
vt 0.271686 0.339791
vt 0.270531 0.329493
vt 0.237188 0.090003
vt 0.978034 0.065888
vt 0.978098 0.079775
vt 0.059275 0.037549
vt 0.868870 0.960825
vt 0.908888 0.956809
vt 0.577288 0.332794
vt 0.242257 0.091572
vt 0.436034 0.837982
vt 0.436436 0.834634
vt 0.470676 0.838744
vt 0.034915 0.665817
vt 0.387080 0.243743
vt 0.978220 0.058696
vt 0.247362 0.054792
vt 0.229835 0.084144
vt 0.533095 0.226075
vt 0.529018 0.225485
vt 0.913544 0.750759
vt 0.415780 0.165870
vt 0.485682 0.363783
vt 0.694451 0.486576
vt 0.647487 0.944683
vt 0.611226 0.950024
vt 0.640413 0.943810
vt 0.642690 0.928936
vt 0.612296 0.773032
vt 0.582201 0.952114
vt 0.582508 0.949599
vt 0.582490 0.922286
vt 0.488419 0.372198
vt 0.498864 0.355348
vt 0.120020 0.684829
vt 0.110153 0.683460
vt 0.680041 0.214935
vt 0.663237 0.214829
vt 0.943965 0.674034
vt 0.150208 0.687483
vt 0.139239 0.682596
vt 0.845675 0.622227
vt 0.119219 0.197122
vt 0.437220 0.751287
vt 0.438188 0.731473
vt 0.955609 0.074763
vt 0.956947 0.943057
vt 0.654093 0.869390
vt 0.346614 0.130645
vt 0.218881 0.320352
vt 0.908198 0.258752
vt 0.644766 0.215787
vt 0.648319 0.218581
vt 0.641130 0.220303
vt 0.205031 0.676659
vt 0.182866 0.162615
vt 0.271657 0.389580
vt 0.298124 0.565875
vt 0.611466 0.643860
vt 0.418106 0.223573
vt 0.423579 0.205844
vt 0.632872 0.217551
vt 0.638136 0.219032
vt 0.199477 0.861952
vt 0.246712 0.864695
vt 0.700059 0.566010
vt 0.692643 0.568963
vt 0.695648 0.566714
vt 0.374158 0.558657
vt 0.830315 0.497057
vt 0.393118 0.386348
vt 0.101750 0.196664
vt 0.094548 0.195291
vt 0.570599 0.570217
vt 0.579730 0.557527
vt 0.611939 0.339060
vt 0.101272 0.370127
vt 0.645354 0.947206
vt 0.478213 0.389298
vt 0.165674 0.549470
vt 0.633596 0.316789
vt 0.633917 0.325609
vt 0.497809 0.147901
vt 0.550737 0.396657
vt 0.800869 0.916593
vt 0.195944 0.367014
vt 0.365276 0.242481
vt 0.370451 0.982616
vt 0.418620 0.981214
vt 0.404017 0.983229
vt 0.712722 0.531522
vt 0.721143 0.522066
vt 0.044712 0.711202
vt 0.063074 0.714622
vt 0.067584 0.712910
vt 0.704985 0.565371
vt 0.531142 0.391891
vt 0.527581 0.389793
vt 0.790016 0.262639
vt 0.118536 0.737931
vt 0.133668 0.745127
vt 0.111819 0.740992
vt 0.095079 0.734635
vt 0.759716 0.157942
vt 0.652664 0.571909
vt 0.344256 0.241437
vt 0.025671 0.611565
vt 0.635524 0.709388
vt 0.184347 0.140899
vt 0.183284 0.144585
vt 0.195666 0.143425
vt 0.046466 0.586634
vt 0.050728 0.569941
vt 0.900160 0.056215
vt 0.905006 0.048760
vt 0.281098 0.963348
vt 0.133665 0.151334
vt 0.142967 0.154757
vt 0.856667 0.108677
vt 0.850545 0.110792
vt 0.945041 0.807207
vt 0.851416 0.190074
vt 0.856081 0.195922
vt 0.852345 0.199188
vt 0.166315 0.479595
vt 0.168058 0.475770
vt 0.843803 0.197072
vt 0.521927 0.216145
vt 0.532670 0.713735
vt 0.535090 0.715108
vt 0.510890 0.729017
vt 0.609718 0.632385
vt 0.326427 0.310619
vt 0.374010 0.219563
vt 0.409789 0.373154
vt 0.507254 0.943399
vt 0.938723 0.226728
vt 0.657381 0.244449
vt 0.636765 0.252034
vt 0.822843 0.862550
vt 0.820099 0.488390
vt 0.817957 0.475793
vt 0.801565 0.506164
vt 0.144772 0.553470
vt 0.138373 0.552261
vt 0.128685 0.556114
vt 0.629781 0.874819
vt 0.641162 0.900217
vt 0.456588 0.835848
vt 0.549485 0.386208
vt 0.295906 0.839499
vt 0.327183 0.837836
vt 0.334537 0.859681
vt 0.893181 0.040820
vt 0.119969 0.378312
vt 0.157507 0.205864
vt 0.144756 0.489811
vt 0.126311 0.536558
vt 0.643178 0.867898
vt 0.977973 0.524809
vt 0.971504 0.529130
vt 0.313798 0.441400
vt 0.309393 0.438765
vt 0.863756 0.623305
vt 0.132609 0.453064
vt 0.130065 0.472162
vt 0.938166 0.218382
vt 0.942356 0.195857
vt 0.581881 0.761922
vt 0.858321 0.175525
vt 0.169315 0.578843
vt 0.843587 0.930053
vt 0.620505 0.143395
vt 0.310562 0.354335
vt 0.598631 0.206597
vt 0.546526 0.368678
vt 0.560129 0.372155
vt 0.470888 0.746851
vt 0.465815 0.762821
vt 0.100482 0.290437
vt 0.977447 0.276917
vt 0.024625 0.595558
vt 0.028462 0.601674
vt 0.024690 0.604543
vt 0.840901 0.691893
vt 0.913659 0.025566
vt 0.250736 0.308135
vt 0.277199 0.311597
vt 0.884446 0.707681
vt 0.931235 0.033250
vt 0.929853 0.032841
vt 0.021616 0.045346
vt 0.021884 0.043991
vt 0.022264 0.045448
vt 0.236175 0.504176
vt 0.708303 0.892217
vt 0.713835 0.890905
vt 0.284872 0.178863
vt 0.547605 0.361176
vt 0.825141 0.675060
vt 0.472320 0.275950
vt 0.132035 0.736842
vt 0.122900 0.990331
vt 0.714551 0.880583
vt 0.448954 0.191023
vt 0.441247 0.200779
vt 0.032930 0.050180
vt 0.724509 0.890250
vt 0.816364 0.170593
vt 0.650040 0.113653
vt 0.702610 0.505835
vt 0.789242 0.271388
vt 0.260189 0.342516
vt 0.264328 0.345507
vt 0.250640 0.349346
vt 0.190794 0.284953
vt 0.076561 0.438028
vt 0.082555 0.437142
vt 0.678624 0.245807
vt 0.787405 0.655878
vt 0.697701 0.348923
vt 0.729481 0.339349
vt 0.230158 0.308763
vt 0.226716 0.079647
vt 0.488511 0.913305
vt 0.018651 0.015415
vt 0.308655 0.586240
vt 0.692154 0.576931
vt 0.691568 0.572142
vt 0.581971 0.770529
vt 0.859245 0.188455
vt 0.087629 0.438579
vt 0.089327 0.436326
vt 0.276716 0.150337
vt 0.268034 0.153984
vt 0.291418 0.152640
vt 0.279464 0.159012
vt 0.568506 0.185731
vt 0.524460 0.187751
vt 0.615804 0.675624
vt 0.607027 0.676477
vt 0.160865 0.862284
vt 0.169815 0.841535
vt 0.166292 0.242537
vt 0.232440 0.243108
vt 0.228146 0.244539
vt 0.282069 0.244282
vt 0.279742 0.262491
vt 0.258054 0.254115
vt 0.024063 0.578985
vt 0.792254 0.887191
vt 0.775119 0.887984
vt 0.784739 0.886063
vt 0.765166 0.888177
vt 0.779101 0.839918
vt 0.031059 0.633881
vt 0.359378 0.242237
vt 0.362473 0.240272
vt 0.028572 0.630875
vt 0.941963 0.522486
vt 0.817345 0.962019
vt 0.808594 0.965215
vt 0.803653 0.960870
vt 0.804644 0.965664
vt 0.989054 0.965915
vt 0.964861 0.965871
vt 0.481584 0.763525
vt 0.479479 0.765640
vt 0.570727 0.246239
vt 0.518092 0.454354
vt 0.254246 0.156629
vt 0.165492 0.141984
vt 0.692534 0.566898
vt 0.547954 0.455425
vt 0.556661 0.453018
vt 0.797341 0.874456
vt 0.732253 0.890576
vt 0.715856 0.810887
vt 0.165278 0.502889
vt 0.303466 0.212491
vt 0.286159 0.212107
vt 0.920286 0.469251
vt 0.947000 0.831785
vt 0.946867 0.805414
vt 0.470117 0.581721
vt 0.460876 0.579412
vt 0.234280 0.680357
vt 0.232356 0.696257
vt 0.212151 0.694013
vt 0.369287 0.192249
vt 0.185016 0.004626
vt 0.083608 0.189047
vt 0.086300 0.181744
vt 0.276066 0.375113
vt 0.936198 0.489786
vt 0.567071 0.557761
vt 0.572279 0.555912
vt 0.460661 0.504994
vt 0.457733 0.505758
vt 0.459257 0.477493
vt 0.092589 0.294835
vt 0.460148 0.518981
vt 0.458345 0.530248
vt 0.157197 0.065766
vt 0.161957 0.060937
vt 0.162926 0.069932
vt 0.676434 0.192502
vt 0.066447 0.391712
vt 0.081898 0.368834
vt 0.068520 0.372153
vt 0.063482 0.370208
vt 0.664198 0.467256
vt 0.672994 0.482515
vt 0.671717 0.490837
vt 0.172040 0.074317
vt 0.167661 0.072829
vt 0.448992 0.104899
vt 0.514751 0.665303
vt 0.473325 0.667696
vt 0.826312 0.331208
vt 0.800793 0.328263
vt 0.508557 0.752722
vt 0.623963 0.873454
vt 0.620051 0.876105
vt 0.622883 0.874516
vt 0.622632 0.874955
vt 0.146774 0.745773
vt 0.586728 0.314778
vt 0.648137 0.947674
vt 0.538481 0.604552
vt 0.539394 0.607243
vt 0.528950 0.606387
vt 0.799633 0.808989
vt 0.799326 0.752779
vt 0.153917 0.753697
vt 0.147467 0.126349
vt 0.153907 0.122784
vt 0.027551 0.957327
vt 0.021214 0.971366
vt 0.008395 0.946562
vt 0.904107 0.086781
vt 0.856156 0.470906
vt 0.977700 0.231625
vt 0.650547 0.161176
vt 0.573435 0.200675
vt 0.272502 0.519721
vt 0.331727 0.486270
vt 0.555969 0.284433
vt 0.015789 0.971591
vt 0.006469 0.966505
vt 0.007821 0.956163
vt 0.527614 0.238641
vt 0.516853 0.237378
vt 0.921896 0.072696
vt 0.041891 0.041090
vt 0.131615 0.513797
vt 0.133711 0.518860
vt 0.547596 0.225320
vt 0.568570 0.224671
vt 0.535108 0.226043
vt 0.462987 0.856864
vt 0.457319 0.015693
vt 0.459754 0.015149
vt 0.454174 0.014947
vt 0.455676 0.016364
vt 0.946349 0.966316
vt 0.778557 0.109736
vt 0.745368 0.887839
vt 0.790287 0.667715
vt 0.257326 0.312063
vt 0.455433 0.539929
vt 0.440693 0.541962
vt 0.456618 0.536969
vt 0.456293 0.547083
vt 0.657591 0.463706
vt 0.653410 0.463533
vt 0.102377 0.248964
vt 0.525535 0.369262
vt 0.204976 0.833590
vt 0.181312 0.836829
vt 0.901471 0.933249
vt 0.970396 0.058603
vt 0.647807 0.673937
vt 0.649878 0.652664
vt 0.650808 0.674632
vt 0.644573 0.457802
vt 0.781852 0.561456
vt 0.339464 0.438922
vt 0.025494 0.869075
vt 0.308650 0.087001
vt 0.325899 0.242300
vt 0.334586 0.243213
vt 0.593649 0.156754
vt 0.732338 0.047591
vt 0.491992 0.964672
vt 0.569995 0.455626
vt 0.606381 0.318847
vt 0.414349 0.775679
vt 0.933910 0.539033
vt 0.908632 0.229878
vt 0.125237 0.438257
vt 0.516608 0.388701
vt 0.501696 0.377958
vt 0.410004 0.221968
vt 0.985395 0.902361
vt 0.208212 0.749295
vt 0.171997 0.743771
vt 0.172415 0.736094
vt 0.645967 0.924033
vt 0.159336 0.120507
vt 0.198869 0.100448
vt 0.120488 0.238478
vt 0.130077 0.239926
vt 0.105324 0.240444
vt 0.977595 0.262234
vt 0.438331 0.211490
vt 0.198682 0.737553
vt 0.203876 0.737409
vt 0.204053 0.987358
vt 0.786153 0.454935
vt 0.790259 0.478422
vt 0.284098 0.836703
vt 0.346880 0.217337
vt 0.333359 0.216951
vt 0.472748 0.887326
vt 0.486568 0.886106
vt 0.209212 0.987920
vt 0.224774 0.986478
vt 0.277874 0.985081
vt 0.247426 0.984379
vt 0.434482 0.224631
vt 0.453753 0.224226
vt 0.618977 0.251334
vt 0.639140 0.262642
vt 0.114664 0.613560
vt 0.491133 0.862018
vt 0.970132 0.559459
vt 0.982048 0.559137
vt 0.153907 0.641380
vt 0.420508 0.196876
vt 0.533708 0.161335
vt 0.300377 0.687770
vt 0.352016 0.694816
vt 0.289986 0.700967
vt 0.947151 0.773446
vt 0.484020 0.861626
vt 0.695787 0.619286
vt 0.945819 0.749194
vt 0.222609 0.455300
vt 0.200567 0.451471
vt 0.177551 0.057676
vt 0.182780 0.493529
vt 0.767567 0.206184
vt 0.742193 0.206563
vt 0.149513 0.988114
vt 0.285124 0.486374
vt 0.950423 0.560629
vt 0.951501 0.049490
vt 0.195114 0.451857
vt 0.184135 0.451963
vt 0.728619 0.268855
vt 0.741988 0.514156
vt 0.742548 0.522326
vt 0.297830 0.437966
vt 0.904198 0.061446
vt 0.667511 0.217024
vt 0.662172 0.219115
vt 0.356766 0.693020
vt 0.283094 0.616671
vt 0.562820 0.305611
vt 0.171347 0.435287
vt 0.081213 0.843133
vt 0.088032 0.841743
vt 0.905910 0.184685
vt 0.239959 0.818752
vt 0.152871 0.646765
vt 0.330230 0.689174
vt 0.128359 0.573570
vt 0.331582 0.711959
vt 0.316159 0.710060
vt 0.578188 0.456022
vt 0.011280 0.973581
vt 0.533109 0.237685
vt 0.569428 0.232994
vt 0.239888 0.585702
vt 0.005857 0.971366
vt 0.150612 0.131820
vt 0.144882 0.127723
vt 0.488026 0.729423
vt 0.414011 0.077434
vt 0.451271 0.014926
vt 0.169783 0.010804
vt 0.164274 0.054930
vt 0.648723 0.920879
vt 0.653535 0.904246
vt 0.652351 0.917010
vt 0.070009 0.439539
vt 0.427040 0.219989
vt 0.453570 0.762121
vt 0.372882 0.018307
vt 0.382344 0.019052
vt 0.538577 0.647014
vt 0.621120 0.013769
vt 0.638835 0.010243
vt 0.490772 0.854954
vt 0.428247 0.239935
vt 0.010284 0.870220
vt 0.804018 0.890713
vt 0.800908 0.904039
vt 0.933806 0.226284
vt 0.854571 0.499030
vt 0.944909 0.614633
vt 0.944074 0.661988
vt 0.326083 0.209936
vt 0.623456 0.248859
vt 0.631616 0.460914
vt 0.645882 0.462874
vt 0.738431 0.490773
vt 0.892199 0.369065
vt 0.892042 0.378008
vt 0.922610 0.637552
vt 0.655405 0.557680
vt 0.601352 0.885271
vt 0.028991 0.571601
vt 0.024452 0.572999
vt 0.011312 0.942602
vt 0.423198 0.835915
vt 0.940180 0.534235
vt 0.581663 0.865763
vt 0.031558 0.971983
vt 0.252734 0.149445
vt 0.309167 0.857617
vt 0.051062 0.991322
vt 0.055014 0.992522
vt 0.904957 0.153013
vt 0.027796 0.867226
vt 0.825334 0.831085
vt 0.527858 0.297146
vt 0.573833 0.223770
vt 0.575684 0.224266
vt 0.411907 0.768759
vt 0.412841 0.760838
vt 0.461573 0.227147
vt 0.453374 0.226651
vt 0.937178 0.061160
vt 0.937630 0.060336
vt 0.937416 0.062038
vt 0.816028 0.185289
vt 0.940187 0.060854
vt 0.993909 0.965515
vt 0.446514 0.763207
vt 0.436745 0.763255
vt 0.435277 0.764970
vt 0.442750 0.765489
vt 0.432052 0.835118
vt 0.848948 0.472955
vt 0.144884 0.450379
vt 0.977669 0.091508
vt 0.978014 0.119802
vt 0.958518 0.051579
vt 0.102335 0.238546
vt 0.604219 0.836108
vt 0.605746 0.833727
vt 0.608496 0.833829
vt 0.651448 0.771813
vt 0.653041 0.770494
vt 0.463333 0.860039
vt 0.700284 0.835456
vt 0.700831 0.809107
vt 0.708699 0.818057
vt 0.359664 0.473110
vt 0.315376 0.464369
vt 0.341859 0.465382
vt 0.320166 0.462168
vt 0.461679 0.488872
vt 0.588060 0.221784
vt 0.580612 0.223041
vt 0.704510 0.892202
vt 0.700221 0.889434
vt 0.807561 0.149243
vt 0.106830 0.960212
vt 0.335970 0.442038
vt 0.329005 0.442816
vt 0.858618 0.125587
vt 0.857233 0.133821
vt 0.503688 0.681616
vt 0.512025 0.888707
vt 0.512817 0.894590
vt 0.856569 0.064868
vt 0.848287 0.067666
vt 0.855599 0.060069
vt 0.683012 0.214599
vt 0.500532 0.856570
vt 0.621983 0.877090
vt 0.622596 0.878115
vt 0.625062 0.876727
vt 0.623731 0.877920
vt 0.625685 0.875498
vt 0.354820 0.401546
vt 0.647523 0.716165
vt 0.856605 0.069671
vt 0.871645 0.340895
vt 0.829567 0.200901
vt 0.818556 0.199340
vt 0.453965 0.555634
vt 0.656761 0.218255
vt 0.468615 0.964948
vt 0.429598 0.981088
vt 0.911681 0.469475
vt 0.652568 0.598317
vt 0.701504 0.793831
vt 0.185718 0.241709
vt 0.542581 0.136752
vt 0.694980 0.587273
vt 0.847884 0.616583
vt 0.595557 0.457082
vt 0.292185 0.021397
vt 0.947516 0.842913
vt 0.411271 0.984497
vt 0.125460 0.867507
vt 0.895145 0.052629
vt 0.297696 0.460594
vt 0.365486 0.733191
vt 0.184892 0.670038
vt 0.280230 0.211359
vt 0.751164 0.562398
vt 0.762829 0.561338
vt 0.111740 0.192628
vt 0.112879 0.194149
vt 0.116330 0.195866
vt 0.738399 0.563614
vt 0.282734 0.860894
vt 0.280749 0.196086
vt 0.893249 0.042326
vt 0.894987 0.043893
vt 0.287170 0.856808
vt 0.062958 0.572658
vt 0.129355 0.487337
vt 0.789445 0.395513
vt 0.979076 0.518596
vt 0.945150 0.582592
vt 0.675879 0.243937
vt 0.604896 0.220341
vt 0.839832 0.377589
vt 0.290577 0.437931
vt 0.269957 0.437754
vt 0.261643 0.436360
vt 0.903929 0.095075
vt 0.856666 0.146192
vt 0.506906 0.237038
vt 0.007909 0.920236
vt 0.029080 0.048862
vt 0.941414 0.043791
vt 0.895288 0.045643
vt 0.493535 0.976564
vt 0.906547 0.202199
vt 0.153374 0.436703
vt 0.636286 0.671642
vt 0.903814 0.067069
vt 0.072125 0.333749
vt 0.646659 0.640867
vt 0.651972 0.614122
vt 0.650375 0.640449
vt 0.979071 0.269690
vt 0.460345 0.532471
vt 0.445058 0.225638
vt 0.409031 0.742656
vt 0.406291 0.733966
vt 0.008238 0.869988
vt 0.022354 0.850357
vt 0.858627 0.615784
vt 0.858679 0.622022
vt 0.854279 0.619501
vt 0.354590 0.218953
vt 0.746955 0.505424
vt 0.717272 0.207389
vt 0.581073 0.916489
vt 0.861152 0.621173
vt 0.860236 0.617635
vt 0.860589 0.622264
vt 0.859366 0.615706
vt 0.164897 0.038996
vt 0.711803 0.209566
vt 0.080656 0.734844
vt 0.100779 0.241942
vt 0.101863 0.239431
vt 0.294420 0.706123
vt 0.271969 0.703776
vt 0.732206 0.528379
vt 0.280293 0.458012
vt 0.254560 0.700306
vt 0.945566 0.564019
vt 0.680257 0.007732
vt 0.677280 0.007157
vt 0.828127 0.963614
vt 0.833115 0.331779
vt 0.027971 0.986220
vt 0.029834 0.981119
vt 0.858606 0.196510
vt 0.798233 0.902133
vt 0.859023 0.015085
vt 0.033749 0.574696
vt 0.043225 0.572401
vt 0.608859 0.714868
vt 0.617249 0.713807
vt 0.513889 0.858785
vt 0.530056 0.015390
vt 0.936100 0.150032
vt 0.341132 0.242385
vt 0.337162 0.241493
vt 0.610411 0.458064
vt 0.602938 0.457245
vt 0.746002 0.563639
vt 0.377049 0.713710
vt 0.939650 0.059779
vt 0.425115 0.723423
vt 0.434295 0.724376
vt 0.950244 0.889750
vt 0.381672 0.222650
vt 0.379734 0.716766
vt 0.404912 0.471689
vt 0.422266 0.474287
vt 0.388661 0.718418
vt 0.397075 0.720276
vt 0.413944 0.472127
vt 0.941544 0.488668
vt 0.943144 0.491113
vt 0.357052 0.467574
vt 0.898350 0.055506
vt 0.406696 0.536286
vt 0.977853 0.310825
vt 0.978219 0.896709
vt 0.985695 0.896905
vt 0.219407 0.737121
vt 0.020893 0.046061
vt 0.956131 0.043799
vt 0.640876 0.247453
vt 0.650394 0.717967
vt 0.130466 0.447353
vt 0.135120 0.449468
vt 0.521504 0.453953
vt 0.984988 0.560457
vt 0.650362 0.722242
vt 0.747216 0.502030
vt 0.741188 0.498446
vt 0.801848 0.932487
vt 0.801361 0.923347
vt 0.701299 0.006775
vt 0.708351 0.013406
vt 0.704430 0.009650
vt 0.242052 0.244734
vt 0.270243 0.244155
vt 0.979485 0.279941
vt 0.502044 0.013132
vt 0.496610 0.014524
vt 0.032651 0.655485
vt 0.028176 0.655542
vt 0.634687 0.674772
vt 0.599630 0.555082
vt 0.557990 0.455859
vt 0.561242 0.455398
vt 0.478846 0.980808
vt 0.490696 0.979397
vt 0.487635 0.980343
vt 0.554352 0.455528
vt 0.490018 0.981503
vt 0.506440 0.013679
vt 0.469004 0.226542
vt 0.129335 0.513508
vt 0.015963 0.038121
vt 0.873626 0.469921
vt 0.133856 0.686788
vt 0.887867 0.363825
vt 0.696251 0.599710
vt 0.946390 0.595069
vt 0.422124 0.831980
vt 0.909233 0.207992
vt 0.048104 0.567856
vt 0.989626 0.897108
vt 0.860761 0.154315
vt 0.026299 0.607295
vt 0.173634 0.988695
vt 0.655143 0.836401
vt 0.921146 0.261897
vt 0.802104 0.493314
vt 0.460101 0.481742
vt 0.597105 0.677672
vt 0.040290 0.571751
vt 0.131851 0.523066
vt 0.979498 0.295539
vt 0.523322 0.598645
vt 0.690801 0.536365
vt 0.582279 0.136463
vt 0.851318 0.621751
vt 0.853106 0.620977
vt 0.851210 0.622372
vt 0.853976 0.621883
vt 0.859074 0.391776
vt 0.850623 0.620179
vt 0.853315 0.619864
vt 0.847411 0.621726
vt 0.847242 0.622494
vt 0.547603 0.014469
vt 0.506260 0.769856
vt 0.849516 0.620167
vt 0.450174 0.476461
vt 0.439530 0.476341
vt 0.414410 0.723178
vt 0.846650 0.624788
vt 0.644348 0.943458
vt 0.128012 0.687318
vt 0.647995 0.245560
vt 0.510300 0.965351
vt 0.512566 0.965124
vt 0.587169 0.730647
vt 0.590424 0.731313
vt 0.168284 0.019792
vt 0.826402 0.971278
vt 0.779739 0.391370
vt 0.443846 0.834481
vt 0.057014 0.324055
vt 0.313531 0.214022
vt 0.823463 0.201463
vt 0.009777 0.975705
vt 0.978338 0.498914
vt 0.147185 0.438801
vt 0.830512 0.985160
vt 0.297048 0.021388
vt 0.014978 0.012630
vt 0.013889 0.014179
vt 0.013141 0.012015
vt 0.575930 0.649509
vt 0.645246 0.713426
vt 0.565372 0.457545
vt 0.576373 0.631326
vt 0.619209 0.218959
vt 0.702083 0.893161
vt 0.042682 0.570068
vt 0.044282 0.566995
vt 0.572763 0.590274
vt 0.204719 0.009633
vt 0.722489 0.258516
vt 0.741530 0.525683
vt 0.696335 0.678842
vt 0.461671 0.476901
vt 0.303559 0.243237
vt 0.296152 0.244299
vt 0.414851 0.238164
vt 0.424314 0.834560
vt 0.174703 0.451356
vt 0.159586 0.688667
vt 0.847575 0.623217
vt 0.848219 0.623802
vt 0.384063 0.243586
vt 0.901469 0.343779
vt 0.721378 0.014598
vt 0.604481 0.837943
vt 0.604015 0.837404
vt 0.605444 0.837930
vt 0.009290 0.024633
vt 0.652831 0.726194
vt 0.455668 0.550964
vt 0.652060 0.217864
vt 0.093387 0.572661
vt 0.029421 0.074741
vt 0.029737 0.073288
vt 0.034206 0.074029
vt 0.037518 0.071836
vt 0.034378 0.073577
vt 0.012548 0.039125
vt 0.015320 0.038776
vt 0.012707 0.039915
vt 0.060958 0.067468
vt 0.062279 0.066132
vt 0.062757 0.066911
vt 0.062799 0.070064
vt 0.063400 0.069214
vt 0.063199 0.070166
vt 0.058305 0.066257
vt 0.054732 0.066159
vt 0.055360 0.060897
vt 0.053647 0.059493
vt 0.054280 0.058718
vt 0.927676 0.030038
vt 0.027081 0.067700
vt 0.029667 0.065760
vt 0.033098 0.066676
vt 0.034735 0.068465
vt 0.033523 0.067330
vt 0.060327 0.076285
vt 0.014832 0.072706
vt 0.059303 0.062125
vt 0.064282 0.064589
vt 0.011356 0.069159
vt 0.011721 0.077578
vt 0.007195 0.073511
vt 0.011282 0.021410
vt 0.014039 0.034102
vt 0.012011 0.027448
vt 0.015171 0.075563
vt 0.083731 0.028103
vt 0.082359 0.012817
vt 0.085671 0.014411
vt 0.077774 0.037013
vt 0.080610 0.036268
vt 0.078576 0.040621
vt 0.081495 0.024097
vt 0.020195 0.046675
vt 0.019040 0.046710
vt 0.066300 0.063057
vt 0.065168 0.063626
vt 0.063266 0.058423
vt 0.076877 0.036930
vt 0.084577 0.037437
vt 0.017392 0.047191
vt 0.015446 0.045782
vt 0.061673 0.072146
vt 0.033346 0.065850
vt 0.033152 0.075127
vt 0.924674 0.023741
vt 0.036904 0.070770
vt 0.030027 0.093795
vt 0.028647 0.094144
vt 0.029407 0.087747
vt 0.053009 0.066691
vt 0.054199 0.066795
vt 0.053373 0.067561
vt 0.032407 0.089581
vt 0.031608 0.092625
vt 0.026346 0.093271
vt 0.064638 0.060720
vt 0.014429 0.017396
vt 0.014533 0.062990
vt 0.015418 0.064702
vt 0.013562 0.063347
vt 0.011128 0.068190
vt 0.012003 0.064789
vt 0.022902 0.065831
vt 0.022729 0.075092
vt 0.078365 0.015058
vt 0.078113 0.016319
vt 0.077692 0.015190
vt 0.088239 0.034758
vt 0.085541 0.036507
vt 0.086779 0.032140
vt 0.012018 0.018205
vt 0.010555 0.018826
vt 0.031630 0.093568
vt 0.073796 0.034567
vt 0.075961 0.031858
vt 0.062289 0.072518
vt 0.062024 0.073046
vt 0.063082 0.071266
vt 0.062760 0.071823
vt 0.087477 0.023906
vt 0.014944 0.036233
vt 0.012865 0.017826
vt 0.023235 0.089921
vt 0.024657 0.087204
vt 0.929614 0.031288
vt 0.012820 0.063249
vt 0.082731 0.040681
vt 0.025027 0.092679
vt 0.023557 0.091357
vt 0.011482 0.065860
vt 0.011043 0.026550
vt 0.013354 0.041646
vt 0.014649 0.042916
vt 0.053382 0.064341
vt 0.052173 0.063573
vt 0.009927 0.077480
vt 0.026649 0.065630
vt 0.036686 0.072724
vt 0.056872 0.057534
vt 0.013479 0.034561
vt 0.011576 0.031176
vt 0.056946 0.072559
vt 0.058469 0.076385
vt 0.063833 0.067379
vt 0.063778 0.067935
vt 0.056221 0.070590
vt 0.025945 0.086643
vt 0.028329 0.086643
vt 0.080188 0.011095
vt 0.015455 0.047967
vt 0.014378 0.047433
vt 0.083771 0.011063
vt 0.084876 0.013215
vt 0.081900 0.009131
vt 0.082654 0.009539
vt 0.056080 0.071303
vt 0.055231 0.072777
vt 0.054815 0.070921
vt 0.014490 0.044302
vt 0.054327 0.070509
vt 0.054247 0.069495
vt 0.053948 0.068709
vt 0.080950 0.009689
vt 0.057539 0.076175
vt 0.016687 0.047679
vt 0.055566 0.073800
vt 0.012891 0.015483
vt 0.078964 0.013847
vt 0.077675 0.030204
vt 0.009823 0.019453
vt 0.009131 0.022643
vt 0.026362 0.074766
vt 0.051445 0.062397
vt 0.052229 0.061505
vt 0.061651 0.057534
vt 0.923256 0.020868
vt 0.011346 0.027777
vt 0.086849 0.016133
vt 0.054324 0.071383
vt 0.013736 0.016385
vt 0.009373 0.018973
vt 0.073520 0.035791
vt 0.054763 0.070502
vt 0.010596 0.077809
vt 0.078232 0.026428
vt 0.078170 0.024078
vt 0.087425 0.026265
vt 0.009684 0.022263
vt 0.008650 0.021370
vt 0.007716 0.020848
vt 0.013116 0.013951
vt 0.009587 0.042220
vt 0.072524 0.035625
vt 0.921389 0.017609
vt 0.922923 0.019697
vt 0.087216 0.029999
vt 0.089411 0.033736
vt 0.007739 0.071531
vt 0.007077 0.072703
vt 0.035812 0.069299
vt 0.059392 0.076517
vt 0.030342 0.087479
vt 0.006948 0.075838
vt 0.007905 0.077022
vt 0.010805 0.067554
vt 0.089002 0.035731
vt 0.014754 0.048843
vt 0.086409 0.015006
vt 0.855524 0.620284
vt 0.858924 0.617821
vt 0.064911 0.059997
vt 0.855519 0.621712
vt 0.855784 0.621161
vt 0.859358 0.618758
vt 0.858915 0.621346
vt 0.196829 0.095402
vt 0.198755 0.091236
vt 0.196415 0.097297
vt 0.201981 0.089668
s 1
usemtl MatID_1
f 1122/1/1 374/2/2 1820/3/3
f 1/4/4 1072/5/5 1625/6/6
f 2/7/7 1625/6/6 2115/8/8
f 1/4/4 2115/8/8 1529/9/9
f 1/4/4 1358/10/10 1777/11/11
f 35/12/12 2102/13/13 2103/14/14
f 752/15/15 701/16/16 963/17/17
f 1349/18/18 225/19/19 396/20/20
f 1308/21/21 1731/22/22 185/23/23
f 413/24/24 931/25/25 1010/26/26
f 883/27/27 1367/28/28 1554/29/29
f 830/30/30 188/31/31 471/32/32
f 1963/33/33 1925/34/34 1754/35/35
f 1207/36/36 330/37/37 622/38/38
f 1310/39/39 960/40/40 1686/41/41
f 455/42/42 322/43/43 5/44/44
f 1846/45/45 1219/46/46 1891/47/47
f 1846/45/45 5/44/44 6/48/48
f 457/49/49 633/50/50 1925/34/34
f 1766/51/51 1846/45/45 663/52/52
f 8/53/53 1925/34/34 1361/54/54
f 197/55/55 1371/56/56 162/57/57
f 1726/58/58 1361/54/54 500/59/59
f 414/60/60 1496/61/61 309/62/62
f 84/63/63 1061/64/64 833/65/65
f 84/63/63 378/66/66 1061/64/64
f 431/67/67 1859/68/68 802/69/69
f 10/70/70 1706/71/71 36/72/72
f 36/73/72 1706/74/71 241/75/73
f 1901/76/74 1699/77/75 1222/78/76
f 1014/79/77 90/80/78 1938/81/79
f 410/82/80 109/83/81 1580/84/82
f 1182/85/83 1958/86/84 1960/87/85
f 1089/88/86 14/89/87 1018/90/88
f 1331/91/89 748/92/90 1383/93/91
f 1842/94/92 1937/95/93 1681/96/94
f 2107/97/95 493/98/96 221/99/97
f 2097/100/98 221/99/97 18/101/99
f 300/102/100 39/103/101 14/89/87
f 14/89/87 287/104/102 300/102/100
f 2111/105/103 2098/106/104 1467/107/105
f 16/108/106 1550/109/107 34/110/108
f 16/108/106 34/110/108 2094/111/109
f 2070/112/110 62/113/111 2110/114/112
f 1339/115/113 207/116/114 287/117/102
f 1277/118/115 408/119/116 1058/120/117
f 1638/121/118 637/122/119 1087/123/120
f 282/124/121 2099/125/122 62/113/111
f 853/126/123 1050/127/124 1054/128/125
f 1356/129/126 1470/130/127 282/124/121
f 1054/128/125 975/131/128 1218/132/129
f 526/133/130 895/134/131 1591/135/132
f 825/136/133 1303/137/134 1524/138/135
f 1510/139/136 685/140/137 1712/141/138
f 1276/142/139 1407/143/140 1552/144/141
f 1666/145/142 434/146/143 243/147/144
f 303/148/145 683/149/146 1893/150/147
f 853/126/123 1054/128/125 1531/151/148
f 1384/152/149 951/153/150 1704/154/151
f 1343/155/152 1160/156/153 331/157/154
f 1221/158/155 24/159/156 980/160/157
f 383/161/158 1519/162/159 504/163/160
f 1924/164/161 827/165/162 734/166/163
f 1324/167/164 1941/168/165 1924/164/161
f 285/169/166 1370/170/167 1742/171/168
f 60/172/169 1066/173/170 50/174/171
f 1066/175/170 1065/176/172 1249/177/173
f 1058/120/117 493/98/96 2107/97/95
f 1058/120/117 2107/97/95 1277/118/115
f 604/178/174 1899/179/175 1192/180/176
f 26/181/177 1416/182/178 904/183/179
f 433/184/180 26/181/177 779/185/181
f 27/186/182 604/178/174 1883/187/183
f 515/188/184 1690/189/185 1412/190/186
f 1355/191/187 352/192/188 958/193/189
f 1662/194/190 278/195/191 307/196/192
f 47/197/193 778/198/194 182/199/195
f 1729/200/196 1825/201/197 1733/202/198
f 1585/203/199 1598/204/200 1564/205/201
f 1247/206/202 1580/84/82 109/83/81
f 1876/207/203 212/208/204 1578/209/205
f 269/210/206 64/211/207 234/212/208
f 306/213/209 906/214/210 485/215/211
f 256/216/212 223/217/213 671/218/214
f 1638/121/118 1087/123/120 408/119/116
f 1339/219/113 1157/220/215 207/221/114
f 761/222/216 617/223/217 1843/224/218
f 802/225/69 1688/226/219 1364/227/220
f 863/228/221 312/229/222 142/230/223
f 1457/231/224 1853/232/225 1298/233/226
f 389/234/227 893/235/228 1488/236/229
f 1539/237/230 652/238/231 390/239/232
f 1400/240/233 847/241/234 33/242/235
f 772/243/236 1421/244/237 1617/245/238
f 1153/246/239 473/247/240 169/248/241
f 1126/249/242 1972/250/243 130/251/244
f 1491/252/245 1100/253/246 709/254/247
f 849/255/248 448/256/249 1186/257/250
f 762/258/251 1017/259/252 1533/260/253
f 51/261/254 190/262/255 1293/263/256
f 378/66/66 1452/264/257 1451/265/258
f 1590/266/259 291/267/260 1594/268/261
f 72/269/262 1686/41/41 694/270/263
f 1263/271/264 589/272/265 140/273/266
f 1669/274/267 1197/275/268 1305/276/269
f 9/277/270 195/278/271 1251/279/272
f 9/277/270 893/235/228 1461/280/273
f 352/192/188 27/281/182 810/282/274
f 687/283/275 1123/284/276 1967/285/277
f 1141/286/278 781/287/279 1901/288/74
f 955/289/280 464/290/281 262/291/282
f 1613/292/283 38/293/284 375/294/285
f 378/66/66 1451/265/258 399/295/286
f 378/66/66 399/295/286 1061/64/64
f 13/296/287 637/122/119 627/297/288
f 14/89/87 39/103/101 13/296/287
f 1349/18/18 1840/298/289 1417/299/290
f 1349/18/18 396/20/20 1459/300/291
f 1420/301/292 1863/302/293 626/303/294
f 1228/304/295 784/305/296 1978/306/297
f 1319/307/298 284/308/299 187/309/300
f 1709/310/301 1695/311/302 608/312/303
f 1964/313/304 271/314/305 386/315/306
f 1473/316/307 486/317/308 336/318/309
f 974/319/310 8/53/53 1568/320/311
f 1944/321/312 1437/322/313 1387/323/314
f 760/324/315 544/325/316 1628/326/317
f 1329/327/318 588/328/319 965/329/320
f 1219/46/46 1846/45/45 6/48/48
f 1440/330/321 1895/331/322 950/332/323
f 1054/128/125 462/333/324 425/334/325
f 1717/335/326 1815/336/327 104/337/328
f 778/198/194 247/338/329 1705/339/330
f 119/340/331 1415/341/332 1173/342/333
f 625/343/334 1155/344/335 468/345/336
f 169/248/241 1724/346/337 1155/344/335
f 1716/347/338 1134/348/339 959/349/340
f 1748/350/341 1863/302/293 1610/351/342
f 150/352/343 1200/353/344 1483/354/345
f 1149/355/346 748/92/90 1391/356/347
f 1492/357/348 691/358/349 227/359/350
f 1555/360/351 219/361/352 691/358/349
f 1963/33/33 1397/362/353 1587/363/354
f 1555/360/351 1679/364/355 1377/365/356
f 778/198/194 537/366/357 182/199/195
f 738/367/358 816/368/359 491/369/360
f 544/325/316 1948/370/361 1628/326/317
f 1104/371/362 257/372/363 1119/373/364
f 1802/374/365 1690/375/185 515/376/184
f 843/377/366 764/378/367 771/379/368
f 202/380/369 1055/381/370 1983/382/371
f 878/383/372 1166/384/373 1500/385/374
f 65/386/375 1868/387/376 9/277/270
f 1785/388/377 1013/389/378 356/390/379
f 486/317/308 1419/391/380 1174/392/381
f 1757/393/382 1667/394/383 1096/395/384
f 193/396/385 964/397/386 1465/398/387
f 1264/399/388 117/400/389 1213/401/390
f 917/402/391 1320/403/392 1906/404/393
f 814/405/394 1779/406/395 272/407/396
f 40/408/397 1025/409/398 1307/410/399
f 1696/411/400 1946/412/401 155/413/402
f 297/414/403 1612/415/404 43/416/405
f 753/417/406 1967/285/277 1123/284/276
f 1086/418/407 1494/419/408 1825/201/197
f 847/241/234 475/420/409 33/242/235
f 232/421/410 404/422/411 1345/423/412
f 577/424/413 1588/425/414 1336/426/415
f 820/427/416 153/428/417 1736/429/418
f 71/430/419 1106/431/420 103/432/421
f 930/433/422 1816/434/423 474/435/424
f 1890/436/425 873/437/426 1298/233/226
f 246/438/427 1010/26/26 1748/350/341
f 1970/439/428 1975/440/429 1541/441/430
f 153/428/417 700/442/431 1736/429/418
f 811/443/432 1084/444/433 76/445/434
f 1550/446/107 16/447/106 1992/448/435
f 744/449/436 123/450/437 871/451/438
f 548/452/439 1221/158/155 980/160/157
f 582/453/440 754/454/441 1636/455/442
f 2115/8/8 143/456/443 1529/9/9
f 857/457/444 1614/458/445 2115/8/8
f 417/459/446 730/460/447 1315/461/448
f 948/462/449 570/463/450 22/464/451
f 1954/465/452 36/72/72 1953/466/453
f 1238/467/454 105/468/455 165/469/456
f 1802/374/365 1325/470/457 575/471/458
f 777/472/459 492/473/460 1374/474/461
f 577/424/413 52/475/462 1181/476/463
f 1568/320/311 8/53/53 1361/54/54
f 210/477/464 372/478/465 1725/479/466
f 327/480/467 910/481/468 205/482/469
f 66/483/470 156/484/471 1356/129/126
f 1637/485/472 1928/486/473 1803/487/474
f 1541/441/430 246/488/427 1748/489/341
f 1722/490/475 1201/491/476 1725/479/466
f 969/492/477 1740/493/478 1611/494/479
f 15/495/480 1879/496/481 1550/497/107
f 237/498/482 448/256/249 1649/499/483
f 156/484/471 69/500/484 1101/501/485
f 1303/137/134 825/136/133 537/502/357
f 233/503/486 1622/504/487 840/505/488
f 1558/506/489 1217/507/490 840/505/488
f 1431/508/491 70/509/492 1257/510/493
f 794/511/494 1073/512/495 303/148/145
f 1443/513/496 1387/323/314 357/514/497
f 1670/515/498 1532/516/499 1708/517/500
f 1364/227/220 1688/226/219 1183/518/501
f 1063/519/502 1841/520/503 1804/521/504
f 1182/85/83 1097/522/505 625/343/334
f 1628/326/317 989/523/506 1321/524/507
f 1321/524/507 94/525/508 1110/526/509
f 1785/527/377 1301/528/510 1750/529/511
f 1493/530/512 413/24/24 1903/531/513
f 546/532/514 375/294/285 262/291/282
f 481/533/515 1529/9/9 546/532/514
f 512/534/516 844/535/517 1027/536/518
f 890/537/519 586/538/520 607/539/521
f 533/540/522 1212/541/523 75/542/524
f 9/277/270 1868/387/376 1799/543/525
f 1324/167/164 823/544/526 819/545/527
f 582/453/440 1941/168/165 1324/167/164
f 1222/78/76 1699/77/75 77/546/528
f 78/547/529 787/548/530 398/549/531
f 1655/550/532 658/551/533 775/552/534
f 1809/553/535 141/554/536 474/435/424
f 474/435/424 1816/434/423 273/555/537
f 1856/556/538 918/557/539 1556/558/540
f 81/559/541 1462/560/542 646/561/543
f 965/329/320 194/562/544 1294/563/545
f 1346/564/546 792/565/547 1613/292/283
f 68/566/548 326/567/549 1861/568/550
f 1807/569/551 1021/570/552 1917/571/553
f 316/572/554 80/573/555 710/574/556
f 9/277/270 1461/280/273 195/278/271
f 955/289/280 262/291/282 1417/299/290
f 841/575/557 1016/576/558 1295/577/559
f 898/578/560 1946/579/401 1151/580/561
f 81/559/541 613/581/562 79/582/563
f 955/289/280 1417/299/290 228/583/564
f 1212/541/523 1237/584/565 49/585/566
f 1839/586/567 176/587/568 65/386/375
f 985/588/569 1527/589/570 260/590/571
f 199/591/572 1536/592/573 907/593/574
f 1057/594/575 1560/595/576 1257/596/493
f 453/597/577 354/598/578 1110/526/509
f 1444/599/579 203/600/580 1498/601/581
f 761/222/216 1991/602/582 617/223/217
f 1208/603/583 1449/604/584 1881/605/585
f 173/606/586 115/607/587 1611/494/479
f 115/607/587 1502/608/588 570/463/450
f 1682/609/589 127/610/590 1757/393/382
f 1220/611/591 322/43/43 471/32/32
f 480/612/592 1469/613/593 93/614/594
f 792/565/547 154/615/595 274/616/596
f 383/161/158 1952/617/597 1139/618/598
f 1137/619/599 1042/620/600 1161/621/601
f 385/622/602 1700/623/603 838/624/604
f 1327/625/605 630/626/606 1033/627/607
f 1521/628/608 731/629/609 524/630/610
f 792/565/547 1250/631/611 650/632/612
f 172/633/613 999/634/614 1333/635/615
f 810/282/274 858/636/616 1037/637/617
f 119/340/331 654/638/618 1415/341/332
f 111/639/619 1835/640/620 880/641/621
f 1014/79/77 427/642/622 90/80/78
f 425/334/325 56/643/623 1054/128/125
f 628/644/624 1856/556/538 167/645/625
f 147/646/626 1263/271/264 1562/647/627
f 1409/648/628 175/649/629 1901/76/74
f 371/650/630 1123/284/276 687/283/275
f 1953/651/453 148/652/631 753/417/406
f 847/241/234 1297/653/632 292/654/633
f 861/655/634 855/656/635 489/657/636
f 1973/658/637 230/659/638 1307/410/399
f 166/660/639 40/408/397 230/659/638
f 860/661/640 164/662/641 947/663/642
f 712/664/643 310/665/644 1720/666/645
f 1551/667/646 788/668/647 1661/669/648
f 599/670/649 1094/671/650 566/672/651
f 1384/152/149 1704/154/151 1553/673/652
f 95/674/653 823/544/526 1324/167/164
f 1914/675/654 1597/676/655 947/663/642
f 1801/677/656 948/462/449 22/464/451
f 1900/678/657 240/679/658 93/614/594
f 1690/189/185 576/680/659 180/681/660
f 1060/682/661 573/683/662 956/684/663
f 1171/685/664 1556/558/540 918/557/539
f 140/273/266 589/272/265 918/557/539
f 320/686/665 1074/687/666 664/688/667
f 226/689/668 1566/690/669 1809/553/535
f 1870/691/670 930/433/422 1702/692/671
f 265/693/672 1860/694/673 333/695/674
f 750/696/675 1605/697/676 164/662/641
f 40/408/397 1459/300/291 1025/409/398
f 673/698/677 1260/699/678 1818/700/679
f 623/701/680 1869/702/681 599/670/649
f 1179/703/682 623/701/680 599/670/649
f 100/704/683 1847/705/684 496/706/685
f 1328/707/686 1916/708/687 1488/236/229
f 1030/709/688 1692/710/689 1632/711/690
f 351/712/691 1689/713/692 1438/714/693
f 651/715/694 497/716/695 266/717/696
f 1094/671/650 599/670/649 1828/718/697
f 419/719/698 724/720/699 977/721/700
f 78/547/529 758/722/701 968/723/702
f 78/547/529 1758/724/703 758/722/701
f 946/725/704 40/408/397 166/660/639
f 126/726/705 1376/727/706 41/728/707
f 7/729/708 366/730/709 1485/731/710
f 223/217/213 1968/732/711 671/218/214
f 554/733/712 1801/677/656 807/734/713
f 1915/735/714 807/734/713 1801/677/656
f 333/695/674 1473/316/307 265/693/672
f 1100/253/246 106/736/715 1473/316/307
f 1616/737/716 753/417/406 148/652/631
f 588/328/319 1905/738/717 911/739/718
f 831/740/719 924/741/720 1020/742/721
f 1060/682/661 1240/743/722 917/402/391
f 1240/743/722 1060/682/661 956/684/663
f 623/701/680 797/744/723 1869/702/681
f 176/587/568 1839/586/567 1281/745/724
f 1317/746/725 420/747/726 175/649/629
f 1734/748/727 245/749/728 1675/750/729
f 131/751/730 938/752/731 345/753/732
f 439/754/733 1199/755/734 250/756/735
f 797/744/723 421/757/736 1606/758/737
f 1439/759/738 1540/760/739 1031/761/740
f 1362/762/741 867/763/742 263/764/743
f 1362/762/741 263/764/743 110/765/744
f 907/593/574 1080/766/745 1525/767/746
f 1505/768/747 572/769/748 691/358/349
f 1692/710/689 1698/770/749 1632/711/690
f 1821/771/750 106/736/715 605/772/751
f 1473/316/307 106/736/715 1821/771/750
f 259/773/752 366/730/709 7/729/708
f 938/752/731 940/774/753 345/753/732
f 1663/775/754 1813/776/755 1340/777/756
f 846/778/757 1290/779/758 1728/780/759
f 1554/29/29 1532/516/499 1942/781/760
f 93/614/594 1469/613/593 1942/781/760
f 1204/782/761 1172/783/762 813/784/763
f 425/334/325 110/765/744 56/643/623
f 1706/74/71 1857/785/764 470/786/765
f 111/639/619 1927/787/766 1305/276/269
f 1815/336/327 1305/276/269 1197/275/268
f 1817/788/767 517/789/768 1346/564/546
f 490/790/769 755/791/770 1790/792/771
f 1763/793/772 512/534/516 1027/536/518
f 939/794/773 442/795/774 125/796/775
f 201/797/776 464/290/281 442/795/774
f 711/798/777 1213/401/390 999/634/614
f 1285/799/778 1046/800/779 516/801/780
f 1225/802/781 1125/803/782 31/804/783
f 1799/543/525 1858/805/784 76/445/434
f 76/445/434 1849/806/785 811/443/432
f 1635/807/786 1926/808/787 360/809/788
f 1920/810/789 458/811/790 1599/812/791
f 291/267/260 1590/266/259 1599/812/791
f 49/585/566 1119/373/364 121/813/792
f 121/813/792 1119/373/364 1885/814/793
f 1208/603/583 123/450/437 936/815/794
f 1523/816/795 123/450/437 744/449/436
f 964/397/386 1092/817/796 874/818/797
f 790/819/798 1743/820/799 1314/821/800
f 282/124/121 1157/220/215 2099/125/122
f 947/663/642 312/229/222 863/228/221
f 1798/822/801 644/823/802 1130/824/803
f 262/291/282 464/290/281 546/532/514
f 201/797/776 546/532/514 464/290/281
f 626/303/294 126/825/705 41/826/707
f 108/827/804 1573/828/805 1143/829/806
f 127/610/590 1316/830/807 631/831/808
f 795/832/809 397/833/810 127/610/590
f 176/587/568 1281/745/724 330/37/37
f 262/291/282 1349/18/18 1417/299/290
f 45/834/811 607/539/521 1235/835/812
f 307/196/192 958/193/189 1662/194/190
f 1695/311/302 852/836/813 608/312/303
f 1972/837/243 556/838/814 130/839/244
f 1078/840/815 1849/806/785 736/841/816
f 102/842/817 912/843/818 1545/844/819
f 442/795/774 963/17/17 701/16/16
f 867/763/742 118/845/820 864/846/821
f 103/432/421 1106/431/420 1040/847/822
f 1121/848/823 1814/849/824 1521/628/608
f 1082/850/825 535/851/826 131/751/730
f 309/62/62 1496/61/61 911/739/718
f 1792/852/827 132/853/828 420/747/726
f 420/854/726 383/161/158 1139/618/598
f 1097/522/505 1182/85/83 1660/855/829
f 1236/856/830 1182/85/83 490/790/769
f 987/857/831 1713/858/832 124/859/833
f 1776/860/834 134/861/835 1508/862/836
f 541/863/837 1201/864/476 1722/865/475
f 1597/676/655 312/229/222 947/663/642
f 884/866/838 635/867/839 592/868/840
f 446/869/841 1605/697/676 750/696/675
f 131/751/730 345/753/732 135/870/842
f 136/871/843 1346/564/546 1613/292/283
f 1094/671/650 1661/669/648 566/672/651
f 103/432/421 1040/847/822 1011/872/844
f 1703/873/845 1036/874/846 505/875/847
f 1436/876/848 1907/877/849 1481/878/850
f 1283/879/851 1643/880/852 558/881/853
f 1767/882/854 1036/874/846 1040/847/822
f 1767/882/854 1040/847/822 1106/431/420
f 202/380/369 661/883/855 1055/381/370
f 1660/855/829 1182/85/83 1633/884/856
f 728/885/857 1545/844/819 449/886/858
f 770/887/859 1423/888/860 1081/889/861
f 1936/890/862 1149/355/346 1116/891/863
f 1828/718/697 138/892/864 321/893/865
f 531/894/866 1710/895/867 451/896/868
f 553/897/869 1077/898/870 170/899/871
f 406/900/872 147/646/626 1562/647/627
f 1240/743/722 1209/901/873 917/402/391
f 1207/36/36 622/38/38 1022/902/874
f 613/581/562 1827/903/875 79/582/563
f 1008/904/876 508/905/877 1282/906/878
f 1095/907/879 824/908/880 1455/909/881
f 1628/326/317 494/910/882 832/911/883
f 1628/326/317 1321/524/507 494/910/882
f 1337/912/884 387/913/885 739/914/886
f 1328/707/686 1084/444/433 196/915/887
f 143/456/443 375/294/285 1348/916/888
f 1613/292/283 1614/458/445 136/871/843
f 534/917/889 562/918/890 528/919/891
f 1342/920/892 388/921/893 932/922/894
f 1671/923/895 1301/528/510 1674/924/896
f 1402/925/897 46/926/898 507/927/899
f 342/928/900 507/927/899 46/926/898
f 1896/929/901 1929/930/902 1969/931/903
f 1517/932/904 1241/933/905 291/267/260
f 1134/348/339 1716/347/338 1594/268/261
f 552/934/906 841/575/557 1915/735/714
f 966/935/907 841/575/557 552/934/906
f 740/936/908 1939/937/909 661/883/855
f 93/614/594 1942/781/760 147/646/626
f 706/938/910 1953/651/453 36/73/72
f 913/939/911 3/940/912 228/583/564
f 646/561/543 805/941/913 1772/942/914
f 1725/479/466 1726/58/58 1491/252/245
f 59/943/915 1864/944/916 630/626/606
f 252/945/917 394/946/918 1464/947/919
f 252/945/917 1464/947/919 408/119/116
f 1000/948/920 1007/949/921 1884/950/922
f 1260/699/678 447/951/923 1253/952/924
f 1840/298/289 506/953/925 313/954/926
f 1092/817/796 1155/344/335 625/343/334
f 150/352/343 179/955/927 1200/353/344
f 1936/890/862 748/92/90 1149/355/346
f 688/956/928 714/957/929 57/958/930
f 714/957/929 1268/959/931 57/958/930
f 152/960/932 850/961/933 436/962/934
f 1110/526/509 164/662/641 860/661/640
f 512/534/516 1823/963/935 844/535/517
f 621/964/936 426/965/937 1202/966/938
f 621/964/936 620/967/939 808/968/940
f 1225/802/781 31/804/783 1108/969/941
f 1757/393/382 1096/395/384 1682/609/589
f 404/422/411 1966/970/942 1345/423/412
f 1741/971/943 756/972/944 584/973/945
f 154/615/595 792/565/547 1346/564/546
f 1346/564/546 1003/974/946 154/615/595
f 1071/975/947 1156/976/948 178/977/949
f 646/561/543 46/926/898 805/941/913
f 46/926/898 646/561/543 1462/560/542
f 1901/76/74 781/978/279 1699/77/75
f 1830/979/950 732/980/951 1353/981/952
f 149/982/953 1006/983/954 1819/984/955
f 542/985/956 1696/411/400 155/413/402
f 1778/986/957 1356/129/126 156/484/471
f 1101/501/485 1697/987/958 156/484/471
f 1092/817/796 157/988/959 874/818/797
f 595/989/960 1809/553/535 845/990/961
f 1816/434/423 630/626/606 159/991/962
f 299/992/963 1446/993/964 1567/994/965
f 1669/274/267 454/995/966 1381/996/967
f 860/661/640 850/961/933 152/960/932
f 664/688/667 1005/997/968 160/998/969
f 320/686/665 1253/952/924 447/951/923
f 1352/999/970 1316/830/807 127/610/590
f 1219/46/46 1650/1000/971 1891/47/47
f 197/55/55 1476/1001/972 925/1002/973
f 511/1003/974 542/985/956 155/413/402
f 101/1004/975 230/659/638 167/645/625
f 167/645/625 230/659/638 1973/658/637
f 872/1005/976 410/82/80 1580/84/82
f 1155/344/335 1153/246/239 169/248/241
f 266/717/696 498/1006/977 1566/690/669
f 397/833/810 1220/611/591 998/1007/978
f 1613/292/283 225/19/19 38/293/284
f 1165/1008/979 170/899/871 1077/898/870
f 553/897/869 170/899/871 560/1009/980
f 882/1010/981 703/1011/982 401/1012/983
f 1165/1008/979 560/1009/980 170/899/871
f 264/1013/984 500/59/59 783/1014/985
f 178/977/949 171/1015/986 1388/1016/987
f 10/70/70 1061/64/64 1706/71/71
f 1588/425/414 1164/1017/988 1336/426/415
f 1739/1018/989 1058/120/117 408/119/116
f 1906/404/393 179/955/927 1652/1019/990
f 1242/1020/991 1619/1021/992 1134/348/339
f 489/657/636 855/656/635 1619/1021/992
f 1129/1022/993 1566/690/669 498/1006/977
f 1409/1023/628 994/1024/994 286/1025/995
f 1841/520/503 1063/519/502 1653/1026/996
f 1266/1027/997 46/926/898 1462/560/542
f 1315/461/448 1904/1028/998 373/1029/999
f 1727/1030/1000 174/1031/1001 1749/1032/1002
f 1879/496/481 174/1031/1001 1727/1030/1000
f 1658/1033/1003 286/1025/995 1834/1034/1004
f 286/1035/995 1658/1036/1003 1409/648/628
f 7/729/708 846/778/757 259/773/752
f 1005/997/968 664/688/667 176/587/568
f 1973/658/637 240/679/658 1900/678/657
f 147/646/626 406/900/872 1900/678/657
f 1782/1037/1005 389/234/227 1488/236/229
f 746/1038/1006 54/1039/1007 177/1040/1008
f 1404/1041/1009 707/1042/1010 1553/673/652
f 1012/1043/1011 1446/993/964 299/992/963
f 1510/139/136 562/918/890 685/140/137
f 528/919/891 279/1044/1012 1319/307/298
f 357/514/497 1106/1045/420 1332/1046/1013
f 357/514/497 1567/1047/965 1443/513/496
f 68/1048/548 1565/1049/1014 1248/1050/1015
f 896/1051/1016 1248/1050/1015 233/503/486
f 719/1052/1017 561/1053/1018 1239/1054/1019
f 560/1009/980 1865/1055/1020 114/1056/1021
f 65/386/375 9/277/270 1839/586/567
f 1593/1057/1022 1385/1058/1023 194/562/544
f 1593/1057/1022 1726/58/58 1385/1058/1023
f 1521/628/608 1814/849/824 430/1059/1024
f 203/600/580 1009/1060/1025 1521/628/608
f 178/977/949 1388/1016/987 1168/1061/1026
f 178/977/949 1103/1062/1027 1071/975/947
f 480/612/592 737/1063/1028 1469/613/593
f 1529/9/9 143/456/443 1348/916/888
f 1348/916/888 375/294/285 546/532/514
f 636/1064/1029 1105/1065/1030 1458/1066/1031
f 875/1067/1032 835/1068/1033 951/153/150
f 1302/1069/1034 1412/190/186 1150/1070/1035
f 824/908/880 253/1071/1036 1455/909/881
f 51/261/254 1293/263/256 37/1072/1037
f 1943/1073/1038 606/1074/1039 181/1075/1040
f 657/1076/1041 1524/138/135 1788/1077/1042
f 1195/1078/1043 966/935/907 1085/1079/1044
f 42/1080/1045 1203/1081/1046 183/1082/1047
f 870/1083/1048 183/1082/1047 1203/1081/1046
f 882/1010/981 1530/1084/1049 703/1011/982
f 1627/1085/1050 443/1086/1051 1122/1087/1
f 927/1088/1052 1353/981/952 521/1089/1053
f 901/1090/1054 563/1091/1055 478/1092/1056
f 606/1074/1039 916/1093/1057 737/1063/1028
f 1217/507/490 1659/1094/1058 916/1093/1057
f 1399/1095/1059 1298/233/226 1853/232/225
f 187/309/300 379/1096/1060 1986/1097/1061
f 1986/1097/1061 1271/1098/1062 528/919/891
f 860/661/640 255/1099/1063 850/961/933
f 737/1063/1028 916/1093/1057 1659/1094/1058
f 196/915/887 1084/444/433 882/1010/981
f 1738/1100/1064 85/1101/1065 998/1007/978
f 1120/1102/1066 666/1103/1067 409/1104/1068
f 1120/1102/1066 409/1104/1068 1582/1105/1069
f 1504/1106/1070 1290/779/758 846/778/757
f 633/50/50 1655/1107/532 775/1108/534
f 495/1109/1071 1603/1110/1072 843/1111/366
f 764/378/367 843/377/366 1603/1112/1072
f 189/1113/1073 1646/1114/1074 1865/1055/1020
f 1600/1115/1075 1019/1116/1076 179/955/927
f 190/262/255 1694/1117/1077 1293/263/256
f 927/1088/1052 909/1118/1078 91/1119/1079
f 439/754/733 513/1120/1080 1199/755/734
f 310/665/644 1441/1121/1081 301/1122/1082
f 301/1122/1082 1441/1121/1081 1834/1034/1004
f 764/378/367 193/396/385 771/379/368
f 1624/1123/1083 1836/1124/1084 1626/1125/1085
f 1170/1126/1086 51/261/254 1939/937/909
f 912/843/818 1934/1127/1087 1849/806/785
f 569/1128/1088 1428/1129/1089 364/1130/1090
f 923/1131/1091 398/549/531 569/1128/1088
f 426/965/937 314/1132/1092 1828/718/697
f 1251/279/272 195/278/271 358/1133/1093
f 1766/51/51 5/44/44 1846/45/45
f 1765/1134/1094 684/1135/1095 347/1136/1096
f 1907/877/849 886/1137/1097 518/1138/1098
f 518/1138/1098 886/1137/1097 1707/1139/1099
f 30/1140/1100 581/1141/1101 1980/1142/1102
f 1286/1143/1103 1980/1144/1102 581/1145/1101
f 824/908/880 1738/1100/1064 1576/1146/1104
f 1095/907/879 1642/1147/1105 1738/1100/1064
f 396/20/20 1024/1148/1106 1459/300/291
f 1261/1149/1107 44/1150/1108 601/1151/1109
f 112/1152/1110 198/1153/1111 741/1154/1112
f 978/1155/1113 1377/1156/356 1871/1157/1114
f 981/1158/1115 961/1159/1116 1162/1160/1117
f 1268/959/931 1162/1160/1117 961/1159/1116
f 120/1161/1118 347/1136/1096 311/1162/1119
f 848/1163/1120 1247/206/202 109/83/81
f 1181/476/463 910/481/468 455/42/42
f 1358/10/10 1529/9/9 481/533/515
f 685/140/137 129/1164/1121 1983/382/371
f 597/1165/1122 25/1166/1123 1044/1167/1124
f 1229/1168/1125 1498/601/581 203/600/580
f 1445/1169/1126 1000/948/920 1634/1170/1127
f 1807/569/551 1127/1171/1128 1021/570/552
f 1677/1172/1129 1394/1173/1130 702/1174/1131
f 205/482/469 52/475/462 355/1175/1132
f 355/1175/1132 1074/687/666 1194/1176/1133
f 577/424/413 1868/387/376 65/386/375
f 1826/1177/1134 1643/880/852 1283/879/851
f 877/1178/1135 1677/1172/1129 702/1174/1131
f 650/632/612 1250/631/611 260/590/571
f 1245/1179/1136 975/131/128 1273/1180/1137
f 1601/1181/1138 238/1182/1139 1333/635/615
f 19/1183/1140 207/221/114 1157/220/215
f 208/1184/1141 514/1185/1142 511/1003/974
f 280/1186/1143 519/1187/1144 208/1184/1141
f 209/1188/1145 1863/302/293 1420/301/292
f 943/1189/1146 1403/1190/1147 1732/1191/1148
f 1501/1192/1149 1309/1193/1150 1215/1194/1151
f 272/407/396 1779/406/395 1238/467/454
f 592/1195/840 209/1196/1145 1375/1197/1152
f 1287/1198/1153 885/1199/1154 1679/364/355
f 691/358/349 1679/364/355 1555/360/351
f 1973/658/637 1307/410/399 240/679/658
f 1793/1200/1155 1053/1201/1156 1474/1202/1157
f 1053/1201/1156 1793/1200/1155 1862/1203/1158
f 1275/1204/1159 1258/1205/1160 12/1206/1161
f 604/178/174 1676/1207/1162 1899/179/175
f 84/63/63 757/1208/1163 696/1209/1164
f 1620/1210/1165 696/1209/1164 757/1208/1163
f 757/1208/1163 1821/771/750 605/772/751
f 404/422/411 232/421/410 1845/1211/1166
f 1126/249/242 555/1212/1167 710/574/556
f 710/574/556 545/1213/1168 316/572/554
f 1525/767/746 211/1214/1169 105/468/455
f 588/328/319 317/1215/1170 1905/738/717
f 486/317/308 1174/392/381 336/318/309
f 572/769/748 1287/1198/1153 691/358/349
f 1637/485/472 1615/1216/1171 1928/486/473
f 1610/1217/342 592/868/840 635/867/839
f 727/1218/1172 213/1219/1173 172/633/613
f 1071/975/947 1103/1062/1027 653/1220/1174
f 178/977/949 1168/1061/1026 1103/1062/1027
f 162/57/57 1371/56/56 1460/1221/1175
f 1168/1061/1026 653/1220/1174 1103/1062/1027
f 1001/1222/1176 653/1220/1174 1168/1061/1026
f 1825/201/197 1494/419/408 1448/1223/1177
f 710/574/556 555/1212/1167 545/1213/1168
f 649/1224/1178 1157/220/215 993/1225/1179
f 1920/810/789 704/1226/1180 458/811/790
f 1171/685/664 918/557/539 589/272/265
f 499/1227/1181 1880/1228/1182 680/1229/1183
f 642/1230/1184 1369/1231/1185 943/1189/1146
f 216/1232/1186 1447/1233/1187 840/505/488
f 381/1234/1188 429/1235/1189 1384/152/149
f 1823/963/935 429/1235/1189 381/1234/1188
f 1328/707/686 76/445/434 1084/444/433
f 189/1113/1073 1132/1236/1190 1646/1114/1074
f 120/1161/1118 1765/1134/1094 347/1136/1096
f 1555/360/351 432/1237/1191 778/198/194
f 1705/339/330 1555/360/351 778/198/194
f 317/1215/1170 808/968/940 414/60/60
f 1852/1238/1192 1215/1194/1151 1289/1239/1193
f 1282/906/878 508/905/877 1904/1028/998
f 373/1029/999 1904/1028/998 508/905/877
f 1616/737/716 218/1240/1194 688/956/928
f 1/4/4 1625/6/6 2/7/7
f 997/1241/1195 298/1242/1196 1586/1243/1197
f 219/361/352 1555/360/351 1621/1244/1198
f 227/359/350 691/358/349 219/361/352
f 1036/874/846 929/1245/1199 505/875/847
f 1061/64/64 399/295/286 839/1246/1200
f 1061/64/64 839/1246/1200 1706/71/71
f 1332/1247/1013 1106/431/420 71/430/419
f 1798/822/801 560/1009/980 114/1056/1021
f 560/1009/980 1798/822/801 553/897/869
f 58/1248/1201 1336/426/415 1858/805/784
f 1803/487/474 1918/1249/1202 1372/1250/1203
f 1803/487/474 1928/486/473 1918/1249/1202
f 1139/1251/598 1152/1252/1204 175/649/629
f 627/297/288 637/122/119 221/99/97
f 1661/669/648 788/668/647 566/672/651
f 1442/1253/1205 1146/1254/1206 744/449/436
f 617/1255/217 1406/1256/1207 1843/1257/218
f 1406/1256/1207 1361/54/54 1201/491/476
f 1669/274/267 1305/276/269 161/1258/1208
f 1886/1259/1209 1669/274/267 161/1258/1208
f 1799/543/525 1336/426/415 58/1248/1201
f 1858/805/784 1799/543/525 58/1248/1201
f 955/289/280 228/583/564 3/940/912
f 939/794/773 955/289/280 3/940/912
f 624/1260/1210 1343/155/152 223/217/213
f 624/1260/1210 223/217/213 256/216/212
f 1452/264/257 1695/311/302 1709/310/301
f 859/1261/1211 962/1262/1212 1079/1263/1213
f 23/1264/1214 434/146/143 1832/1265/1215
f 226/689/668 339/1266/1216 881/1267/1217
f 1148/1268/1218 1789/1269/1219 1180/1270/1220
f 472/1271/1221 1479/1272/1222 1413/1273/1223
f 1621/1244/1198 227/359/350 219/361/352
f 1231/1274/1224 940/774/753 1088/1275/1225
f 973/1276/1226 345/753/732 439/1277/733
f 1403/1190/1147 1289/1239/1193 921/1278/1227
f 859/1261/1211 1079/1263/1213 1427/1279/1228
f 228/583/564 613/581/562 1772/942/914
f 1772/942/914 1402/925/897 228/583/564
f 1601/1181/1138 1037/637/617 469/1280/1229
f 896/1051/1016 1933/1281/1230 1248/1050/1015
f 1516/1282/1231 606/1074/1039 98/1283/1232
f 1991/602/582 1068/1284/1233 361/1285/1234
f 361/1286/1234 1068/1287/1233 430/1059/1024
f 887/1288/1235 150/352/343 813/784/763
f 711/798/777 999/634/614 887/1288/1235
f 1704/154/151 1404/1041/1009 1553/673/652
f 1031/761/740 1539/237/230 390/239/232
f 228/583/564 1417/299/290 613/581/562
f 613/581/562 1417/299/290 1642/1147/1105
f 989/523/506 971/1289/1236 953/1290/1237
f 1685/1291/1238 969/492/477 796/1292/1239
f 738/367/358 491/369/360 1540/760/739
f 1539/237/230 1031/761/740 1540/760/739
f 166/660/639 230/659/638 101/1004/975
f 924/741/720 632/1293/1240 1463/1294/1241
f 1544/1295/1242 472/1271/1221 1453/1296/1243
f 1909/1297/1244 205/482/469 231/1298/1245
f 924/741/720 1463/1294/1241 1020/742/721
f 971/1289/1236 1195/1078/1043 953/1290/1237
f 361/1285/1234 222/1299/1246 617/223/217
f 1064/1300/1247 1189/1301/1248 343/1302/1249
f 470/786/765 399/295/286 722/1303/1250
f 1463/1294/1241 1544/1295/1242 1020/742/721
f 50/174/171 1604/1304/1251 891/1305/1252
f 232/421/410 1345/423/412 1808/1306/1253
f 203/600/580 799/1307/1254 1229/1168/1125
f 267/1308/1255 1516/1282/1231 1308/21/21
f 1671/923/895 1674/924/896 412/1309/1256
f 1257/596/493 124/859/833 1713/858/832
f 1816/434/423 930/433/422 1751/1310/1257
f 1669/274/267 1381/996/967 1197/275/268
f 1197/275/268 1381/996/967 118/845/820
f 1151/1311/561 413/24/24 1493/530/512
f 179/955/927 720/1312/1258 1200/353/344
f 651/715/694 881/1267/1217 278/195/191
f 871/1313/438 33/242/235 475/420/409
f 829/1314/1259 1168/1061/1026 924/741/720
f 596/1315/1260 1447/1233/1187 237/1316/482
f 216/1232/1186 237/1316/482 1447/1233/1187
f 238/1182/1139 727/1218/1172 1333/635/615
f 467/1317/1261 1037/637/617 1090/1318/1262
f 1073/512/495 1458/1066/1031 1664/1319/1263
f 1159/1320/1264 211/1214/1169 1525/767/746
f 88/1321/1265 376/1322/1266 440/1323/1267
f 229/1324/1268 817/1325/1269 1881/1326/585
f 1208/603/583 725/1327/1270 1844/1328/1271
f 823/544/526 239/1329/1272 819/545/527
f 965/329/320 1210/1330/1273 84/63/63
f 965/329/320 84/63/63 1806/1331/1274
f 734/166/163 1654/1332/1275 823/544/526
f 820/427/416 1891/47/47 153/428/417
f 470/786/765 1616/737/716 241/75/73
f 1616/737/716 148/652/631 706/938/910
f 1028/1333/1276 1130/824/803 644/823/802
f 243/147/144 544/325/316 760/324/315
f 89/1334/1277 1141/286/278 1901/288/74
f 175/649/629 89/1335/1277 1901/76/74
f 1367/28/28 315/1336/1278 724/1337/699
f 1029/1338/1279 243/147/144 760/324/315
f 1620/1210/1165 194/562/544 1806/1331/1274
f 194/562/544 965/329/320 1806/1331/1274
f 1727/1030/1000 34/1339/108 1879/496/481
f 97/1340/1280 1675/750/729 245/749/728
f 723/1341/1281 1188/1342/1282 935/1343/1283
f 60/172/169 1065/1344/172 1066/173/170
f 1827/903/875 613/581/562 1642/1147/1105
f 1642/1147/1105 1113/1345/1284 1827/903/875
f 1811/1346/1285 1045/1347/1286 867/763/742
f 247/338/329 778/198/194 47/197/193
f 1173/342/333 1415/341/332 445/1348/1287
f 1752/1349/1288 244/1350/1289 248/1351/1290
f 1365/1352/1291 1423/888/860 1632/711/690
f 1376/727/706 249/1353/1292 592/1195/840
f 1112/1354/1293 884/1355/838 592/1356/840
f 502/1357/1294 1513/1358/1295 437/1359/1296
f 59/943/915 1816/434/423 1751/1310/1257
f 59/943/915 630/626/606 1816/434/423
f 631/831/808 795/832/809 127/610/590
f 631/831/808 322/43/43 1220/611/591
f 100/704/683 460/1360/1297 1847/705/684
f 250/756/735 973/1361/1226 439/754/733
f 1873/1362/1298 250/756/735 1715/1363/1299
f 850/961/933 598/1364/1300 251/1365/1301
f 1910/1366/1302 394/946/918 252/945/917
f 252/1367/917 19/1183/1140 1157/220/215
f 454/995/966 1033/627/607 751/1368/1303
f 751/1368/1303 1033/627/607 1170/1126/1086
f 1194/1176/1133 1909/1297/1244 231/1298/1245
f 968/723/702 1475/1369/1304 1472/1370/1305
f 968/723/702 707/1371/1010 1475/1369/1304
f 348/1372/1306 269/210/206 255/1099/1063
f 407/1373/1307 624/1260/1210 256/216/212
f 1825/201/197 1448/1223/1177 1871/1157/1114
f 538/1374/1308 1506/1375/1309 721/1376/1310
f 253/1071/1036 830/30/30 471/32/32
f 253/1071/1036 824/908/880 830/30/30
f 706/938/910 148/652/631 1953/651/453
f 20/1377/1311 1124/1378/1312 1887/1379/1313
f 538/1374/1308 801/1380/1314 1506/1375/1309
f 691/358/349 1492/357/348 1505/768/747
f 654/638/618 1492/357/348 227/359/350
f 790/819/798 1737/1381/1315 1743/820/799
f 788/668/647 1551/667/646 297/414/403
f 1763/793/772 1027/536/518 1929/930/902
f 851/1382/1316 1773/1383/1317 1929/930/902
f 385/622/602 578/1384/1318 28/1385/1319
f 1204/782/761 813/784/763 100/704/683
f 259/773/752 662/1386/1320 366/730/709
f 285/169/166 803/1387/1321 1923/1388/1322
f 1742/171/168 803/1387/1321 285/169/166
f 18/101/99 221/99/97 1638/121/118
f 176/587/568 330/37/37 1005/997/968
f 391/1389/1323 673/698/677 1818/700/679
f 69/500/484 1405/1390/1324 1101/501/485
f 976/1391/1325 371/650/630 677/1392/1326
f 1161/621/601 838/624/604 1700/623/603
f 1407/143/140 1276/142/139 435/1393/1327
f 1283/879/851 558/881/853 1481/878/850
f 1500/385/374 1224/1394/1328 1768/1395/1329
f 1726/58/58 500/59/59 768/1396/1330
f 338/1397/1331 1642/1147/1105 1095/907/879
f 1505/768/747 1492/357/348 654/638/618
f 119/340/331 1505/768/747 654/638/618
f 564/1398/1332 1619/1021/992 743/1399/1333
f 558/881/853 641/1400/1334 766/1401/1335
f 766/1401/1335 641/1400/1334 20/1402/1311
f 733/1403/1336 336/318/309 834/1404/1337
f 336/318/309 1174/392/381 834/1404/1337
f 1884/950/922 1422/1405/1338 742/1406/1339
f 881/1267/1217 651/715/694 266/717/696
f 881/1267/1217 266/717/696 1566/690/669
f 931/25/25 342/928/900 46/926/898
f 1683/1407/1340 1598/204/200 1585/203/199
f 189/1113/1073 1865/1055/1020 484/1408/1341
f 1643/880/852 1390/1409/1342 558/881/853
f 1241/933/905 1134/348/339 1594/268/261
f 1594/268/261 291/267/260 1241/933/905
f 1414/1410/1343 854/1411/1344 1896/929/901
f 993/1225/1179 1157/220/215 282/124/121
f 881/1267/1217 1566/690/669 226/689/668
f 1242/1020/991 1134/348/339 1241/933/905
f 1195/1078/1043 971/1289/1236 1284/1412/1345
f 1408/1413/1346 1878/1414/1347 928/1415/1348
f 584/973/945 756/972/944 418/1416/1349
f 1293/263/256 186/1417/1350 388/921/893
f 174/1031/1001 1173/342/333 445/1348/1287
f 588/328/319 1210/1330/1273 965/329/320
f 1057/594/575 1105/1065/1030 1560/595/576
f 273/555/537 1816/434/423 159/991/962
f 291/267/260 804/1418/1351 738/367/358
f 1250/631/611 792/565/547 274/616/596
f 260/590/571 1250/631/611 53/1419/1352
f 1408/1413/1346 1200/353/344 1878/1414/1347
f 108/827/804 1376/727/706 126/726/705
f 1050/127/124 1354/1420/1353 324/1421/1354
f 711/798/777 1172/783/762 1931/1422/1355
f 278/195/191 1770/1423/1356 307/196/192
f 1179/703/682 1397/362/353 622/38/38
f 1003/974/946 280/1186/1143 1627/1085/1050
f 1627/1085/1050 280/1186/1143 443/1086/1051
f 1145/1424/1357 1161/621/601 1700/623/603
f 1422/1405/1338 1234/1425/1358 1937/95/93
f 1820/3/3 1946/579/401 898/578/560
f 306/213/209 1557/1426/1359 906/214/210
f 1370/170/167 285/169/166 1379/1427/1360
f 1731/22/22 233/503/486 840/505/488
f 1731/22/22 1217/507/490 185/23/23
f 1969/931/903 1929/930/902 1142/1428/1361
f 1120/1102/1066 1582/1105/1069 184/1429/1362
f 190/262/255 793/1430/1363 1694/1117/1077
f 1366/1431/1364 945/1432/1365 1279/1433/1366
f 1467/107/105 2098/106/104 287/104/102
f 341/1434/1367 1357/1435/1368 288/1436/1369
f 1802/374/365 515/376/184 904/183/179
f 56/643/623 110/765/744 289/1437/1370
f 289/1437/1370 1548/1438/1371 56/643/623
f 1695/311/302 743/1399/1333 325/1439/1372
f 29/1440/1373 635/867/839 1615/1216/1171
f 354/598/578 794/511/494 1110/526/509
f 1263/271/264 147/646/626 1942/781/760
f 853/1441/123 1531/1442/148 568/1443/1374
f 835/1068/1033 645/1444/1375 951/153/150
f 288/1436/1369 908/1445/1376 1802/374/365
f 124/859/833 782/1446/1377 987/857/831
f 987/857/831 1282/906/878 1904/1028/998
f 1977/1447/1378 866/1448/1379 290/1449/1380
f 111/639/619 1305/276/269 1815/336/327
f 531/894/866 522/1450/1381 139/1451/1382
f 1885/814/793 75/542/524 121/813/792
f 1848/1452/1383 816/368/359 738/367/358
f 79/582/563 1260/699/678 1022/902/874
f 1345/423/412 1966/970/942 876/1453/1384
f 876/1453/1384 1966/970/942 1133/1454/1385
f 1063/519/502 1804/521/504 146/1455/1386
f 1309/1193/1150 1183/518/501 1688/226/219
f 1487/1456/1387 864/846/821 1049/1457/1388
f 1834/1034/1004 726/1458/1389 304/1459/1390
f 1637/1460/472 1577/1461/1391 1541/441/430
f 153/428/417 1352/999/970 1682/609/589
f 751/1368/1303 1170/1126/1086 864/846/821
f 864/846/821 1935/1462/1392 1049/1457/1388
f 261/1463/1393 292/1464/633 765/1465/1394
f 1533/260/253 1030/709/688 1913/1466/1395
f 190/262/255 344/1467/1396 793/1430/1363
f 419/719/698 977/721/700 293/1468/1397
f 1180/1270/1220 1789/1269/1219 925/1002/973
f 1923/1388/1322 1167/1469/1398 285/169/166
f 286/1025/995 994/1024/994 25/1166/1123
f 1723/1470/1399 301/1122/1082 1044/1167/1124
f 1044/1167/1124 192/1471/1400 597/1165/1122
f 1753/1472/1401 1867/1473/1402 1711/1474/1403
f 1547/1475/1404 853/1441/123 568/1443/1374
f 1869/702/681 1828/718/697 599/670/649
f 295/1476/1405 344/1467/1396 1746/1477/1406
f 296/1478/1407 86/1479/1408 1718/1480/1409
f 86/1479/1408 296/1478/1407 1774/1481/1410
f 902/1482/1411 369/1483/1412 276/1484/1413
f 1547/1475/1404 1707/1139/1099 853/1441/123
f 1612/415/404 1294/563/545 1385/1058/1023
f 1426/1485/1414 1273/1180/1137 254/1486/1415
f 331/157/154 1160/156/153 705/1487/1416
f 287/117/102 207/116/114 300/1488/100
f 1612/415/404 297/414/403 1294/563/545
f 118/845/820 867/763/742 1362/762/741
f 1197/275/268 118/845/820 1362/762/741
f 75/542/524 1212/541/523 121/813/792
f 49/585/566 121/813/792 1212/541/523
f 909/1118/1078 1070/1489/1417 191/1490/1418
f 1790/792/771 1236/856/830 490/790/769
f 1863/302/293 1925/34/34 626/303/294
f 1863/302/293 1010/26/26 1925/34/34
f 1140/1491/1419 1088/1275/1225 1257/596/493
f 1623/1492/1420 513/1120/1080 587/1493/1421
f 224/1494/1422 116/1495/1423 1161/621/601
f 1042/620/600 812/1496/1424 1161/621/601
f 1765/1134/1094 1571/1497/1425 684/1135/1095
f 1044/1167/1124 304/1459/1390 192/1471/1400
f 910/481/468 1181/476/463 52/475/462
f 205/482/469 910/481/468 52/475/462
f 1683/1407/1340 303/148/145 1598/204/200
f 295/1476/1405 1746/1477/1406 485/215/211
f 857/457/444 136/871/843 1614/458/445
f 1589/1498/1426 684/1135/1095 1916/708/687
f 1820/3/3 898/578/560 448/256/249
f 448/256/249 1122/1/1 1820/3/3
f 301/1122/1082 1834/1034/1004 304/1459/1390
f 304/1459/1390 597/1165/1122 192/1471/1400
f 1428/1129/1089 609/1499/1427 616/1500/1428
f 1577/1461/1391 1637/485/472 1803/487/474
f 937/1501/1429 1577/1461/1391 1803/487/474
f 59/943/915 718/1502/1430 1864/944/916
f 307/196/192 1770/1423/1356 45/834/811
f 307/196/192 45/834/811 1235/835/812
f 1672/1503/1431 1127/1171/1128 1665/1504/1432
f 717/1505/1433 1672/1503/1431 676/1506/1434
f 1971/1507/1435 1091/1508/1436 1441/1121/1081
f 947/663/642 863/228/221 269/210/206
f 1175/1509/1437 669/1510/1438 64/211/207
f 291/267/260 1599/812/791 804/1418/1351
f 312/229/222 1597/676/655 695/1511/1439
f 307/196/192 1235/835/812 958/193/189
f 1967/285/277 753/417/406 961/1159/1116
f 603/1512/1440 1126/249/242 1456/1513/1441
f 1472/1370/1305 609/1499/1427 398/549/531
f 1828/718/697 314/1132/1092 138/892/864
f 977/721/700 724/720/699 315/1514/1278
f 293/1468/1397 1710/895/867 139/1451/1382
f 316/572/554 676/1506/1434 80/573/555
f 426/965/937 621/964/936 314/1132/1092
f 318/1515/1442 591/1516/1443 501/1517/1444
f 1223/1518/1445 837/1519/1446 1932/1520/1447
f 1743/820/799 394/946/918 1373/1521/1448
f 1094/671/650 1828/718/697 321/893/865
f 1038/1522/1449 1098/1523/1450 593/1524/1451
f 1971/1507/1435 1098/1525/1450 1386/1526/1452
f 935/1527/1283 340/1528/1453 1355/191/187
f 976/1529/1325 834/1404/1337 1954/465/452
f 257/372/363 1882/1530/1454 1119/373/364
f 1885/814/793 1712/141/138 332/1531/1455
f 123/450/437 1208/603/583 1844/1328/1271
f 469/1280/1229 1906/404/393 1652/1019/990
f 1527/589/570 941/1532/1456 601/1151/1109
f 573/683/662 1906/404/393 469/1280/1229
f 1106/1045/420 87/1533/1457 1280/1534/1458
f 253/1071/1036 327/480/467 1909/1297/1244
f 1223/1535/1445 1474/1202/1157 1053/1201/1156
f 1344/1536/1459 1196/1537/1460 32/1538/1461
f 1179/703/682 622/38/38 623/701/680
f 902/1539/1411 276/1540/1413 329/1541/1462
f 1050/1542/124 329/1543/1462 1191/1544/1463
f 903/1545/1464 591/1516/1443 318/1515/1442
f 591/1516/1443 1651/1546/1465 1842/94/92
f 711/798/777 1931/1422/1355 113/1547/1466
f 647/1548/1467 670/1549/1468 298/1242/1196
f 811/443/432 1934/1127/1087 331/157/154
f 1983/382/371 332/1531/1455 685/140/137
f 625/343/334 1188/1342/1282 559/1550/1469
f 334/1551/1470 1608/1552/1471 135/870/842
f 1076/1553/1472 1156/976/948 1071/975/947
f 917/402/391 1691/1554/1473 919/1555/1474
f 1562/647/627 1263/271/264 140/273/266
f 1800/1556/1475 814/405/394 272/407/396
f 1111/1557/1476 272/407/396 1793/1200/1155
f 1430/1558/1477 1673/1559/1478 335/1560/1479
f 550/1561/1480 215/1562/1481 1243/1563/1482
f 183/1082/1047 870/1083/1048 1875/1564/1483
f 248/1351/1290 1439/759/738 1752/1349/1288
f 1552/144/141 1729/1565/196 1733/1566/198
f 20/1402/1311 1552/144/141 1733/1566/198
f 1750/529/511 1301/528/510 1671/923/895
f 1671/923/895 1187/1567/1484 1360/1568/1485
f 336/318/309 265/693/672 1473/316/307
f 1875/1564/1483 870/1083/1048 1154/1569/1486
f 337/1570/1487 1419/391/380 486/317/308
f 364/1130/1090 1270/1571/1488 1390/1409/1342
f 1243/1563/1482 964/397/386 874/818/797
f 1113/1345/1284 338/1397/1331 1095/907/879
f 56/643/623 809/1572/1489 1273/1180/1137
f 1548/1438/1371 634/1573/1490 647/1548/1467
f 339/1266/1216 595/989/960 880/641/621
f 1292/1574/1491 346/1575/1492 1166/384/373
f 1471/1576/1493 177/1040/1008 343/1302/1249
f 1471/1576/1493 343/1302/1249 1189/1301/1248
f 529/1577/1494 1813/776/755 108/827/804
f 7/729/708 529/1577/1494 846/778/757
f 485/215/211 906/214/210 1392/1578/1495
f 485/215/211 1392/1578/1495 295/1476/1405
f 1095/907/879 1455/909/881 447/951/923
f 1455/909/881 320/686/665 447/951/923
f 345/753/732 940/774/753 439/1277/733
f 558/881/853 1390/1409/1342 1270/1571/1488
f 218/1240/1194 1709/310/301 688/956/928
f 816/368/359 1589/1498/1426 1916/708/687
f 311/1162/1119 816/368/359 1848/1452/1383
f 816/368/359 347/1136/1096 1589/1498/1426
f 1589/1498/1426 347/1136/1096 684/1135/1095
f 565/1579/1496 82/1580/1497 1596/1581/1498
f 1943/1073/1038 1299/1582/1499 1514/1583/1500
f 638/1584/1501 1514/1583/1500 1299/1582/1499
f 572/769/748 1468/1585/1502 1287/1198/1153
f 1468/1585/1502 1756/1586/1503 1287/1198/1153
f 2031/1587/1504 862/1588/1505 346/1575/1492
f 1914/675/654 350/1589/1506 1389/1590/1507
f 350/1589/1506 1914/675/654 164/662/641
f 1403/1190/1147 842/1591/1508 1430/1558/1477
f 350/1589/1506 164/662/641 1605/697/676
f 555/1592/1167 990/1593/1509 1486/1594/1510
f 1486/1594/1510 990/1593/1509 1214/1595/1511
f 872/1005/976 487/1596/1512 1561/1597/1513
f 783/1014/985 1587/363/354 1179/703/682
f 1672/1503/1431 308/1598/1514 1127/1171/1128
f 630/626/606 1480/1599/1515 1557/1426/1359
f 351/712/691 589/272/265 382/1600/1516
f 384/1601/1517 1559/1602/1518 1118/1603/1519
f 1423/888/860 1116/891/863 1081/889/861
f 1063/519/502 146/1455/1386 1854/1604/1520
f 442/795/774 939/794/773 963/17/17
f 1755/1605/1521 1317/1606/725 1038/1522/1449
f 1000/948/920 1884/950/922 742/1406/1339
f 204/1607/1522 1000/948/920 742/1406/1339
f 1261/1149/1107 1514/1583/1500 638/1584/1501
f 1024/1148/1106 396/20/20 1261/1149/1107
f 722/1303/1250 218/1240/1194 1616/737/716
f 893/235/228 1799/543/525 76/445/434
f 52/475/462 577/424/413 355/1175/1132
f 65/386/375 355/1175/1132 577/424/413
f 94/525/508 1085/1079/1044 1318/1608/1523
f 94/525/508 164/662/641 1110/526/509
f 73/1609/1524 356/390/379 776/1610/1525
f 1013/389/378 372/478/465 210/477/464
f 1013/389/378 210/477/464 776/1610/1525
f 1519/162/159 383/161/158 210/477/464
f 1121/848/823 87/1533/1457 1106/1045/420
f 191/1490/1418 717/1505/1433 676/1506/1434
f 1121/848/823 357/514/497 821/1611/1526
f 1571/1497/1425 1202/966/938 358/1133/1093
f 313/954/926 506/953/925 359/1612/1527
f 222/1299/1246 361/1285/1234 363/1613/1528
f 1415/341/332 247/338/329 445/1348/1287
f 430/1059/1024 1984/1614/1529 361/1286/1234
f 1437/322/313 1984/1614/1529 1814/849/824
f 1093/1615/1530 63/1616/1531 1549/1617/1532
f 1984/1614/1529 1437/322/313 361/1286/1234
f 777/472/459 171/1015/986 1002/1618/1533
f 171/1015/986 777/472/459 1117/1619/1534
f 1409/648/628 1901/76/74 11/1620/1535
f 814/405/394 1609/1621/1536 55/1622/1537
f 1769/1623/1538 1632/711/690 1423/888/860
f 199/591/572 1699/1624/75 1162/1160/1117
f 665/1625/1539 1363/1626/1540 1684/1627/1541
f 1189/1301/1248 1631/1628/1542 1471/1576/1493
f 1202/966/938 1571/1497/1425 704/1226/1180
f 364/1130/1090 1520/1629/1543 1270/1571/1488
f 1520/1629/1543 364/1130/1090 1216/1630/1544
f 1353/981/952 1987/1631/1545 521/1089/1053
f 365/1632/1546 605/772/751 106/736/715
f 1166/384/373 1956/1633/1547 1761/1634/1548
f 1500/385/374 1166/384/373 1761/1634/1548
f 115/607/587 31/804/783 1125/803/782
f 1516/1282/1231 267/1308/1255 606/1074/1039
f 948/462/449 31/804/783 115/607/587
f 31/804/783 948/462/449 1801/677/656
f 636/1064/1029 794/511/494 354/598/578
f 794/511/494 636/1064/1029 1073/512/495
f 1202/966/938 620/967/939 621/964/936
f 1758/724/703 78/547/529 366/730/709
f 376/1322/1266 88/1321/1265 1218/1635/129
f 1398/1636/1549 1376/727/706 108/827/804
f 1320/403/392 1600/1115/1075 179/955/927
f 1320/403/392 1691/1554/1473 1600/1115/1075
f 612/1637/1550 690/1638/1551 1449/604/584
f 1424/1639/1552 367/1640/1553 1159/1320/1264
f 1564/1641/201 683/1642/146 131/751/730
f 654/638/618 227/359/350 1415/341/332
f 1707/1139/1099 1753/1472/1401 518/1138/1098
f 1547/1475/1404 1753/1472/1401 1707/1139/1099
f 288/1436/1369 1357/1435/1368 610/1643/1554
f 371/650/630 1953/651/453 1123/284/276
f 1954/465/452 1953/466/453 371/1644/630
f 1159/1320/1264 608/312/303 1796/1645/1555
f 608/312/303 1159/1320/1264 367/1640/1553
f 1311/1646/1556 1985/1647/1557 12/1206/1161
f 1770/1423/1356 278/195/191 881/1267/1217
f 98/1283/1232 1248/1050/1015 1933/1281/1230
f 1261/1149/1107 98/1283/1232 1514/1583/1500
f 115/607/587 173/606/586 1502/608/588
f 1315/461/448 373/1029/999 173/606/586
f 134/1648/835 986/1649/1558 1750/529/511
f 108/827/804 846/778/757 529/1577/1494
f 1143/829/806 846/778/757 108/827/804
f 313/954/926 359/1612/1527 1490/1650/1559
f 1417/299/290 313/954/926 1490/1650/1559
f 772/243/236 975/131/128 1421/244/237
f 975/131/128 1245/1179/1136 1421/244/237
f 107/1651/1560 1080/766/745 1536/592/573
f 373/1029/999 1502/608/588 173/606/586
f 57/958/930 753/417/406 1616/737/716
f 1964/313/304 1716/347/338 905/1652/1561
f 1253/952/924 320/686/665 967/1653/1562
f 377/1654/1563 374/1655/2 208/1184/1141
f 70/509/492 303/148/145 1073/512/495
f 772/243/236 1218/132/129 975/131/128
f 77/1656/528 907/593/574 1222/78/76
f 1648/1657/1564 409/1104/1068 666/1103/1067
f 1952/617/597 383/161/158 1860/694/673
f 377/1654/1563 208/1184/1141 950/332/323
f 1895/331/322 377/1654/1563 950/332/323
f 1610/351/342 1341/1658/1565 1748/350/341
f 1748/489/341 1615/1659/1171 1541/441/430
f 844/535/517 1823/963/935 1974/1660/1566
f 949/1661/1567 238/1182/1139 1601/1181/1138
f 615/1662/1568 381/1663/1188 1160/156/153
f 615/1664/1568 1823/963/935 381/1234/1188
f 905/1652/1561 959/349/340 386/315/306
f 939/794/773 125/796/775 955/289/280
f 939/794/773 913/939/911 752/15/15
f 1689/713/692 351/712/691 585/1665/1569
f 517/789/768 1817/788/767 511/1003/974
f 542/985/956 511/1003/974 1817/788/767
f 772/243/236 699/1666/1570 1947/1667/1571
f 99/1668/1572 1209/901/873 1484/1669/1573
f 575/1670/458 1484/1669/1573 1109/1671/1574
f 1528/1672/1575 1670/515/498 1534/1673/1576
f 269/210/206 234/212/208 1560/595/576
f 1534/1673/1576 1670/515/498 382/1600/1516
f 1681/96/94 1226/1674/1577 1774/1481/1410
f 1394/1173/1130 1774/1481/1410 281/1675/1578
f 1774/1481/1410 1226/1674/1577 281/1675/1578
f 384/1601/1517 1118/1603/1519 572/769/748
f 1394/1173/1130 385/622/602 702/1174/1131
f 386/315/306 1695/311/302 1452/264/257
f 564/1398/1332 386/315/306 959/349/340
f 399/295/286 681/1676/1579 839/1246/1200
f 1499/1677/1580 1285/799/778 516/801/780
f 1293/263/256 388/921/893 268/1678/1581
f 1461/280/273 893/235/228 389/234/227
f 1644/1679/1582 21/1680/1583 1542/1681/1584
f 1542/1682/1584 461/1683/1585 516/801/780
f 742/1406/1339 1422/1405/1338 1937/95/93
f 401/1012/983 703/1011/982 390/239/232
f 1005/997/968 673/698/677 391/1389/1323
f 160/998/969 391/1389/1323 967/1653/1562
f 1118/1603/1519 1468/1585/1502 572/769/748
f 1756/1586/1503 1468/1585/1502 1149/355/346
f 857/457/444 798/1684/1586 136/871/843
f 2087/1685/1587 32/1538/1461 2088/1686/1588
f 1292/1574/1491 32/1538/1461 2087/1685/1587
f 212/208/204 1876/207/203 1460/1221/1175
f 393/1687/1589 236/1688/1590 930/433/422
f 337/1570/1487 1047/1689/1591 10/70/70
f 394/946/918 1892/1690/1592 1543/1691/1593
f 649/1224/1178 993/1225/1179 1976/1692/1594
f 1852/1238/1192 1190/1693/1595 1215/1194/1151
f 1940/1694/1596 761/222/216 1369/1231/1185
f 631/831/808 1220/611/591 795/832/809
f 397/833/810 795/832/809 1220/611/591
f 37/1072/1037 1293/263/256 1509/1695/1597
f 1136/1696/1598 84/63/63 833/65/65
f 894/1697/1599 1680/1698/1600 463/1699/1601
f 1142/1428/1361 894/1697/1599 463/1699/1601
f 44/1150/1108 1261/1149/1107 396/20/20
f 854/1411/1344 78/547/529 398/549/531
f 1874/1700/1602 885/1199/1154 721/1376/1310
f 721/1701/1310 1825/201/197 1871/1157/1114
f 394/946/918 1976/1702/1594 1892/1690/1592
f 333/695/674 709/254/247 1100/253/246
f 889/1703/1603 333/695/674 504/163/160
f 1136/1696/1598 1047/1689/1591 520/1704/1604
f 1047/1689/1591 1136/1696/1598 833/65/65
f 1005/997/968 391/1389/1323 160/998/969
f 1829/1705/1605 1433/1706/1606 624/1260/1210
f 1430/1558/1477 1574/1707/1607 1673/1559/1478
f 390/239/232 652/238/231 401/1012/983
f 816/368/359 196/915/887 503/1708/1608
f 942/1709/1609 146/1455/1386 1804/521/504
f 800/1710/1610 1646/1114/1074 1046/800/779
f 232/421/410 403/1711/1611 1370/1712/167
f 1618/1713/1612 232/421/410 891/1714/1252
f 869/1715/1613 849/255/248 1186/257/250
f 404/422/411 1845/1211/1166 954/1716/1614
f 404/422/411 756/1717/944 1988/1718/1615
f 1356/129/126 282/124/121 62/113/111
f 332/1531/1455 533/540/522 75/542/524
f 75/542/524 1885/814/793 332/1531/1455
f 533/540/522 332/1531/1455 1983/382/371
f 1983/382/371 1055/381/370 1016/576/558
f 1393/1719/1616 1487/1456/1387 942/1709/1609
f 942/1709/1609 1049/1457/1388 995/1720/1617
f 995/1720/1617 1939/937/909 740/936/908
f 1050/1542/124 1149/355/346 1391/356/347
f 1391/356/347 1429/1721/1618 17/1722/1619
f 404/422/411 954/1716/1614 756/1717/944
f 756/972/944 112/1723/1110 1762/1724/1620
f 191/1490/1418 1070/1489/1417 1203/1081/1046
f 1203/1081/1046 1805/1725/1621 870/1083/1048
f 1838/1726/1622 405/1727/1623 1331/91/89
f 1331/91/89 405/1727/1623 748/92/90
f 2118/1728/1624 895/134/131 1677/1172/1129
f 1658/1036/1003 175/649/629 1409/648/628
f 1091/1729/1436 175/649/629 1658/1036/1003
f 1120/1102/1066 1209/901/873 666/1103/1067
f 1562/647/627 628/644/624 406/900/872
f 406/900/872 1973/658/637 1900/678/657
f 1978/306/297 1982/1730/1625 1989/1731/1626
f 1739/1018/989 408/119/116 428/1732/1627
f 1156/976/948 409/1104/1068 1002/1618/1533
f 1076/1553/1472 409/1104/1068 1156/976/948
f 1121/848/823 686/1733/1628 1814/849/824
f 430/1059/1024 1814/849/824 1984/1614/1529
f 1047/1689/1591 337/1570/1487 520/1704/1604
f 337/1570/1487 486/317/308 520/1704/1604
f 1768/1395/1329 1224/1394/1328 1903/1734/513
f 620/967/939 1920/810/789 414/60/60
f 1496/61/61 414/60/60 1198/1735/1629
f 1878/1414/1347 536/1736/1630 928/1415/1348
f 1302/1737/1034 1192/180/176 26/181/177
f 604/178/174 1192/180/176 1883/187/183
f 509/1738/1631 1959/1739/1632 1583/1740/1633
f 632/1293/1240 1117/1619/1534 1463/1294/1241
f 865/1741/1634 748/92/90 1365/1352/1291
f 105/468/455 745/1742/1635 907/593/574
f 1662/194/190 415/1743/1636 113/1547/1466
f 415/1743/1636 711/798/777 113/1547/1466
f 1439/759/738 248/1351/1290 103/432/421
f 819/545/527 239/1329/1272 1775/1744/1637
f 1236/856/830 1790/792/771 1775/1744/1637
f 1671/923/895 412/1309/1256 1187/1567/1484
f 1962/1745/1638 1187/1567/1484 412/1309/1256
f 355/1175/1132 231/1298/1245 205/482/469
f 1194/1176/1133 231/1298/1245 355/1175/1132
f 1623/1492/1420 730/460/447 417/459/446
f 1623/1492/1420 250/756/735 1199/755/734
f 310/665/644 301/1122/1082 1723/1470/1399
f 299/992/963 158/1746/1639 1961/1747/1640
f 1115/1748/1641 509/1738/1631 639/1749/1642
f 667/1750/1643 1938/81/79 583/1751/1644
f 1884/950/922 1042/620/600 1422/1405/1338
f 420/747/726 1139/1251/598 175/649/629
f 571/1752/1645 1812/1753/1646 1744/1754/1647
f 1812/1753/1646 571/1752/1645 1884/950/922
f 984/1755/1648 755/791/770 490/790/769
f 544/325/316 243/147/144 1245/1179/1136
f 1737/1381/1315 1739/1018/989 428/1732/1627
f 603/1512/1440 349/1756/1649 21/1680/1583
f 1815/336/327 1717/335/326 1645/1757/1650
f 1755/1758/1521 423/1759/1651 1317/746/725
f 747/1760/1652 423/1761/1651 1301/528/510
f 1159/1320/1264 1796/1645/1555 165/469/456
f 1238/467/454 165/469/456 1862/1203/1158
f 416/1762/1653 1108/969/941 1295/577/559
f 1560/595/576 234/212/208 64/211/207
f 956/684/663 573/683/662 1898/1763/1654
f 462/333/324 586/538/520 425/334/325
f 1370/1712/167 403/1711/1611 1742/1764/168
f 1273/1180/1137 809/1572/1489 145/1765/1655
f 1201/491/476 1361/54/54 1725/479/466
f 1361/54/54 1726/58/58 1725/479/466
f 1645/1757/1650 1717/335/326 425/334/325
f 133/1766/1656 550/1561/1480 874/818/797
f 1150/1070/1035 180/681/660 1898/1763/1654
f 423/1761/1651 1755/1605/1521 1301/528/510
f 242/1767/1657 1611/494/479 1225/802/781
f 1108/969/941 970/1768/1658 1225/802/781
f 1302/1069/1034 1150/1070/1035 1090/1318/1262
f 1336/426/415 1164/1017/988 1023/1769/1659
f 1675/750/729 1755/1605/1521 1038/1522/1449
f 1038/1522/1449 1734/748/727 1675/750/729
f 782/1446/1377 1282/906/878 987/857/831
f 782/1446/1377 1008/904/876 1282/906/878
f 1175/1509/1437 863/228/221 1008/904/876
f 863/228/221 1175/1509/1437 269/210/206
f 1165/1008/979 484/1408/1341 1865/1055/1020
f 1464/947/919 428/1732/1627 408/119/116
f 1464/947/919 1737/1381/1315 428/1732/1627
f 607/539/521 45/834/811 890/537/519
f 45/834/811 1835/640/620 890/537/519
f 257/372/363 1104/371/362 1511/1770/1660
f 1521/628/608 430/1059/1024 731/629/609
f 1364/227/220 431/1771/67 802/225/69
f 1059/1772/1661 172/633/613 213/1219/1173
f 1/4/4 2/7/7 2115/8/8
f 1555/360/351 1377/365/356 432/1237/1191
f 432/1773/1191 1377/1156/356 978/1155/1113
f 1650/1000/971 153/428/417 1891/47/47
f 1548/1438/1371 647/1548/1467 56/643/623
f 1758/724/703 602/1774/1662 758/722/701
f 1446/1775/964 1684/1776/1541 602/1774/1662
f 739/1777/886 1132/1236/1190 217/1778/1663
f 1388/1016/987 632/1293/1240 1168/1061/1026
f 1858/805/784 1336/426/415 736/841/816
f 1798/822/801 1130/824/803 553/897/869
f 1302/1737/1034 26/181/177 433/184/180
f 1301/528/510 1755/1605/1521 1675/750/729
f 538/1374/1308 1887/1779/1313 801/1380/1314
f 886/1780/1097 1410/1781/1664 369/1483/1412
f 1006/983/954 149/982/953 660/1782/1665
f 1270/1571/1488 1520/1629/1543 435/1393/1327
f 279/1044/1012 982/1783/1666 1930/1784/1667
f 1930/1784/1667 1319/307/298 279/1044/1012
f 157/988/959 133/1766/1656 874/818/797
f 1025/409/398 1299/1582/1499 1307/410/399
f 1025/409/398 1024/1148/1106 1299/1582/1499
f 436/962/934 251/1365/1301 1105/1065/1030
f 1231/1785/1224 513/1120/1080 439/754/733
f 940/774/753 1231/1274/1224 439/1277/733
f 157/988/959 1097/522/505 133/1766/1656
f 88/1321/1265 1425/1786/1668 1039/1787/1669
f 1425/1786/1668 438/1788/1670 1844/1789/1271
f 1425/1786/1668 88/1321/1265 440/1323/1267
f 916/1093/1057 1227/1790/1671 1217/507/490
f 1425/1786/1668 440/1323/1267 438/1788/1670
f 440/1323/1267 376/1322/1266 1844/1789/1271
f 994/1024/994 1409/1023/628 55/1791/1537
f 182/1792/195 537/502/357 825/136/133
f 182/199/195 1262/1793/1672 47/197/193
f 56/643/623 647/1548/1467 809/1572/1489
f 311/1162/1119 1848/1452/1383 1599/812/791
f 1122/1/1 443/1794/1051 374/2/2
f 374/1655/2 280/1186/1143 208/1184/1141
f 714/957/929 151/1795/1673 1268/959/931
f 547/1796/1674 151/1795/1673 1538/1797/1675
f 1517/932/904 489/657/636 1242/1020/991
f 1242/1020/991 1241/933/905 1517/932/904
f 1092/817/796 625/343/334 1097/522/505
f 445/1348/1287 1067/1798/1676 1405/1799/1324
f 997/1241/1195 1273/1180/1137 298/1242/1196
f 145/1765/1655 298/1242/1196 1273/1180/1137
f 13/296/287 235/1800/1677 836/1801/1678
f 552/934/906 1915/735/714 446/869/841
f 129/1164/1121 202/380/369 1983/382/371
f 297/414/403 43/416/405 788/668/647
f 609/1499/1427 305/1802/1679 612/1637/1550
f 1699/77/75 981/1803/1115 1162/1804/1117
f 310/665/644 712/664/643 1441/1121/1081
f 1184/1805/1680 985/588/569 1450/1806/1681
f 1538/1797/1675 151/1795/1673 714/957/929
f 1605/697/676 446/869/841 1915/735/714
f 1915/735/714 1801/677/656 1605/697/676
f 1154/1569/1486 444/1807/1682 1875/1564/1483
f 1669/274/267 1886/1259/1209 454/995/966
f 513/1120/1080 1623/1492/1420 1199/755/734
f 1056/1808/1683 522/1809/1381 531/1810/866
f 1836/1124/1084 450/1811/1684 456/1812/1685
f 451/1813/868 883/27/27 1056/1808/1683
f 531/1810/866 451/1813/868 1056/1808/1683
f 1160/156/153 1343/155/152 615/1662/1568
f 1435/1814/1686 1433/1706/1606 615/1662/1568
f 29/1815/1373 1748/489/341 1341/1816/1565
f 29/1440/1373 1341/1817/1565 635/867/839
f 767/1818/1687 1962/1745/1638 412/1309/1256
f 891/1714/1252 232/421/410 1808/1306/1253
f 8/53/53 457/49/49 1925/34/34
f 1349/18/18 946/725/704 1840/298/289
f 1009/1060/1025 87/1533/1457 1521/628/608
f 1009/1060/1025 1280/1534/1458 87/1533/1457
f 1453/1296/1243 1413/1273/1223 1158/1819/1688
f 458/811/790 120/1161/1118 1599/812/791
f 458/811/790 1765/1134/1094 120/1161/1118
f 1036/874/846 459/1820/1689 929/1245/1199
f 1078/840/815 736/841/816 1336/426/415
f 1665/1504/1432 1917/571/553 676/1506/1434
f 1672/1503/1431 1665/1504/1432 676/1506/1434
f 64/211/207 1257/596/493 1560/595/576
f 425/334/325 933/1821/1690 110/765/744
f 1728/780/759 1850/1822/1691 662/1386/1320
f 1246/1823/1692 341/1434/1367 288/1436/1369
f 1644/1824/1582 387/913/885 818/1825/1693
f 962/1262/1212 410/82/80 1945/1826/1694
f 1079/1263/1213 962/1262/1212 1945/1826/1694
f 82/1827/1497 461/1828/1585 1542/1681/1584
f 82/1580/1497 28/1385/1319 1499/1829/1580
f 1940/1694/1596 1991/602/582 761/222/216
f 168/1830/1695 763/1831/1696 1153/246/239
f 1603/1112/1072 1153/1832/239 764/378/367
f 1479/1272/1222 1890/436/425 1298/233/226
f 1125/803/782 1611/494/479 115/607/587
f 1004/1833/1697 675/1834/1698 1808/1306/1253
f 675/1834/1698 891/1714/1252 1808/1306/1253
f 1680/1698/1600 1322/1835/1699 463/1699/1601
f 955/289/280 125/796/775 464/290/281
f 442/795/774 464/290/281 125/796/775
f 465/1836/1700 562/918/890 1510/139/136
f 1511/1770/1660 982/1783/1666 1510/139/136
f 1176/1837/1701 1897/1838/1702 1205/1839/1703
f 767/1818/1687 1044/1167/1124 1859/68/68
f 14/89/87 1089/88/86 495/1109/1071
f 495/1109/1071 1089/88/86 473/1840/240
f 469/1280/1229 1037/637/617 467/1317/1261
f 467/1317/1261 1144/1841/1704 469/1280/1229
f 1602/1842/1705 11/1620/1535 1779/406/395
f 500/59/59 1925/34/34 783/1014/985
f 1963/33/33 1587/363/354 783/1014/985
f 168/1830/1695 1155/344/335 1092/817/796
f 1153/246/239 1155/344/335 168/1830/1695
f 471/32/32 322/43/43 327/480/467
f 1327/625/605 1033/627/607 454/995/966
f 159/991/962 1327/625/605 454/995/966
f 729/1843/1706 563/1091/1055 901/1090/1054
f 495/1109/1071 473/1840/240 1603/1110/1072
f 473/247/240 1153/246/239 1603/1844/1072
f 1210/1330/1273 378/66/66 84/63/63
f 1500/385/374 1768/1395/1329 1912/1845/1707
f 1912/1845/1707 675/1834/1698 1004/1833/1697
f 856/1846/1708 475/420/409 1069/1847/1709
f 847/241/234 1069/1847/1709 475/420/409
f 935/1527/1283 1188/1848/1282 235/1849/1677
f 526/133/130 2116/1850/1710 1672/1503/1431
f 478/1092/1056 1354/1851/1353 901/1090/1054
f 1354/1851/1353 478/1092/1056 324/1852/1354
f 479/1853/1711 1894/1854/1712 341/1434/1367
f 479/1853/1711 1192/180/176 1894/1854/1712
f 481/533/515 546/532/514 201/797/776
f 1442/1253/1205 261/1463/1393 765/1465/1394
f 1008/904/876 782/1446/1377 124/859/833
f 1649/499/483 448/256/249 1211/1855/1713
f 522/1809/1381 1056/1808/1683 1649/1856/483
f 1985/1647/1557 493/98/96 1275/1204/1159
f 1631/1628/1542 914/1857/1714 1465/398/387
f 1215/1194/1151 1309/1193/1150 1526/1858/1715
f 953/1290/1237 1195/1078/1043 1085/1079/1044
f 1526/1858/1715 1309/1193/1150 1427/1279/1228
f 661/883/855 37/1072/1037 1055/381/370
f 1939/937/909 37/1072/1037 661/883/855
f 322/43/43 455/42/42 910/481/468
f 1335/1859/1716 998/1007/978 1667/394/383
f 1335/1859/1716 1667/394/383 1757/393/382
f 930/433/422 474/435/424 1478/1860/1717
f 564/1398/1332 743/1399/1333 1695/311/302
f 564/1398/1332 1695/311/302 386/315/306
f 407/1373/1307 256/216/212 983/1861/1718
f 256/216/212 694/270/263 983/1861/1718
f 1171/685/664 1667/394/383 1556/558/540
f 1921/1862/1719 614/1863/1720 1271/1098/1062
f 1921/1862/1719 1271/1098/1062 1986/1097/1061
f 1031/761/740 390/239/232 1752/1349/1288
f 738/367/358 489/657/636 1517/932/904
f 489/657/636 738/367/358 1540/760/739
f 780/1864/1721 1322/1865/1699 784/305/296
f 780/1864/1721 784/305/296 1228/304/295
f 491/369/360 816/368/359 1539/237/230
f 270/1866/1722 492/473/460 777/472/459
f 1114/1867/1723 1325/470/457 1802/374/365
f 794/511/494 494/910/882 1110/526/509
f 1854/1604/1520 1921/1862/1719 1986/1097/1061
f 488/1868/1724 1244/1869/1725 1518/1870/1726
f 1289/1239/1193 1215/1194/1151 1526/1858/1715
f 1561/1597/1513 899/1871/1727 842/1591/1508
f 495/1109/1071 843/1111/366 15/1872/480
f 1667/394/383 1171/685/664 1096/395/384
f 998/1007/978 85/1101/1065 1667/394/383
f 476/1873/1728 1453/1296/1243 922/1874/1729
f 842/1591/1508 526/133/130 1687/1875/1730
f 1430/1558/1477 842/1591/1508 1687/1875/1730
f 22/464/451 695/1511/1439 1597/676/655
f 22/464/451 508/905/877 695/1511/1439
f 1251/279/272 426/965/937 1606/758/737
f 2097/1876/98 2098/106/104 2051/1877/1731
f 18/1878/99 2098/1879/104 2097/1880/98
f 1382/1881/1732 1182/85/83 1960/87/85
f 497/716/695 1702/692/671 498/1006/977
f 1246/1823/1692 904/183/179 1416/182/178
f 929/1882/1199 499/1227/1181 505/1883/847
f 302/1884/1733 1862/1203/1158 24/159/156
f 1921/1862/1719 1267/1885/1734 614/1863/1720
f 1333/635/615 117/400/389 1601/1181/1138
f 501/1517/1444 477/1886/1735 899/1871/1727
f 477/1886/1735 501/1517/1444 296/1478/1407
f 1853/232/225 510/1887/1736 793/1430/1363
f 906/214/210 1853/232/225 793/1430/1363
f 701/16/16 752/15/15 342/928/900
f 1039/1787/1669 1425/1786/1668 725/1888/1270
f 1844/1328/1271 725/1327/1270 1425/1889/1668
f 873/437/426 1457/231/224 1298/233/226
f 1795/1890/1737 505/1883/847 499/1227/1181
f 698/1891/1738 1378/1892/1739 703/1011/982
f 291/267/260 738/367/358 1517/932/904
f 19/1183/1140 1304/1893/1740 207/221/114
f 503/1708/1608 652/238/231 816/368/359
f 652/238/231 503/1708/1608 401/1012/983
f 883/27/27 1554/29/29 1659/1094/1058
f 504/163/160 1860/694/673 383/161/158
f 504/163/160 333/695/674 1860/694/673
f 1213/401/390 117/400/389 999/634/614
f 752/15/15 913/939/911 507/927/899
f 752/15/15 507/927/899 342/928/900
f 1795/1890/1737 220/1894/1741 505/1883/847
f 474/435/424 141/554/536 1478/1860/1717
f 1871/1157/1114 1457/231/224 978/1155/1113
f 596/1315/1260 900/1895/1742 1447/1233/1187
f 510/1887/1736 1853/232/225 1457/231/224
f 1230/1896/1743 85/1101/1065 1738/1100/1064
f 735/1897/1744 1646/1114/1074 739/1777/886
f 1046/800/779 735/1897/1744 516/801/780
f 1205/1839/1703 1897/1838/1702 512/534/516
f 1691/1554/1473 1071/975/947 653/1220/1174
f 1676/1207/1162 12/1206/1161 1258/1205/1160
f 1231/1785/1224 1088/1898/1225 513/1120/1080
f 754/454/441 819/545/527 755/791/770
f 1764/1899/1745 258/1900/1746 868/1901/1747
f 1544/1295/1242 1463/1294/1241 1117/1619/1534
f 1313/1902/1748 1544/1295/1242 1117/1619/1534
f 514/1185/1142 208/1184/1141 519/1187/1144
f 517/789/768 511/1003/974 514/1185/1142
f 842/1591/1508 1403/1190/1147 1561/1597/1513
f 1229/1168/1125 799/1307/1254 1732/1191/1148
f 779/1903/181 515/188/184 1760/1904/1749
f 1644/1824/1582 516/1905/780 387/913/885
f 1137/619/599 1226/1674/1577 643/1906/1750
f 514/1185/1142 519/1187/1144 517/789/768
f 1718/1480/1409 1394/1173/1130 895/134/131
f 14/89/87 836/1801/1678 1018/90/88
f 337/1570/1487 10/70/70 1419/391/380
f 1556/558/540 85/1101/1065 1230/1896/1743
f 1676/1207/1162 1258/1205/1160 1899/179/175
f 2115/8/8 1614/458/445 143/456/443
f 1597/676/655 1389/1590/1507 1639/1907/1751
f 508/905/877 1008/904/876 1178/1908/1752
f 1544/1295/1242 294/1909/1753 1020/742/721
f 411/1910/1754 520/1704/1604 486/317/308
f 411/1910/1754 1821/771/750 520/1704/1604
f 163/1911/1755 854/1411/1344 1414/1410/1343
f 78/547/529 854/1411/1344 1485/731/710
f 66/483/470 69/500/484 156/484/471
f 69/500/484 66/483/470 1749/1912/1002
f 1888/1913/1756 1064/1300/1247 239/1329/1272
f 569/1128/1088 364/1130/1090 1643/880/852
f 1812/1753/1646 521/1914/1053 1987/1915/1545
f 482/1916/1757 139/1451/1382 522/1450/1381
f 1649/1856/483 1211/1917/1713 522/1809/1381
f 433/1918/180 525/1919/1758 1302/1069/1034
f 1760/1904/1749 515/188/184 525/1919/1758
f 526/133/130 842/1591/1508 899/1871/1727
f 1791/1920/1759 1866/1921/1760 325/1439/1372
f 353/1922/1761 1950/1923/1762 1791/1920/1759
f 527/1924/1763 1780/1925/1764 102/842/817
f 1100/253/246 365/1632/1546 106/736/715
f 187/309/300 1986/1097/1061 528/919/891
f 343/1302/1249 177/1040/1008 1775/1744/1637
f 1064/1300/1247 343/1302/1249 239/1329/1272
f 798/1684/1586 1817/788/767 136/871/843
f 852/836/813 325/1439/1372 1866/1921/1760
f 1695/311/302 325/1439/1372 852/836/813
f 1360/1568/1485 1797/1926/1765 67/1927/1766
f 206/1928/1767 1753/1472/1401 1026/1929/1768
f 370/1930/1769 1373/1931/1448 1979/1932/1770
f 1543/1933/1593 1629/1934/1771 1535/1935/1772
f 1659/1094/1058 1469/613/593 737/1063/1028
f 731/629/609 1940/1694/1596 1732/1191/1148
f 731/629/609 1991/602/582 1940/1694/1596
f 657/1936/1041 1244/1869/1725 488/1868/1724
f 206/1928/1767 1026/1929/1768 667/1750/1643
f 49/585/566 544/325/316 1119/373/364
f 527/1924/1763 102/842/817 1689/713/692
f 906/214/210 793/1430/1363 344/1467/1396
f 547/1796/1674 107/1651/1560 199/591/572
f 551/1937/1773 1965/1938/1774 1128/1939/1775
f 543/1940/1776 1163/1941/1777 1128/1939/1775
f 968/723/702 758/722/701 707/1371/1010
f 1082/850/825 1257/596/493 535/851/826
f 528/919/891 1271/1098/1062 534/917/889
f 330/37/37 1207/36/36 673/698/677
f 330/37/37 673/698/677 1005/997/968
f 778/198/194 432/1237/1191 539/1942/1778
f 1265/1943/1779 539/1944/1778 432/1773/1191
f 1265/1945/1779 778/198/194 539/1942/1778
f 847/241/234 540/1946/1780 1297/653/632
f 1657/1947/1781 541/1948/837 986/1949/1558
f 988/1950/1782 986/1949/1558 541/1948/837
f 798/1684/1586 542/985/956 1817/788/767
f 1944/321/312 8/1951/53 974/1952/310
f 181/1075/1040 737/1063/1028 480/612/592
f 480/612/592 240/679/658 181/1075/1040
f 774/1953/1783 463/1954/1601 1322/1865/1699
f 774/1953/1783 1322/1865/1699 780/1864/1721
f 1965/1938/1774 543/1940/1776 1128/1939/1775
f 1745/1955/1784 555/1592/1167 1486/1594/1510
f 1628/326/317 1948/370/361 989/523/506
f 1948/370/361 971/1289/1236 989/523/506
f 376/1956/1266 1947/1667/1571 699/1666/1570
f 1950/1923/1762 1326/1957/1785 1866/1921/1760
f 1950/1923/1762 1866/1921/1760 1791/1920/1759
f 390/239/232 703/1011/982 244/1350/1289
f 1268/959/931 547/1796/1674 1269/1958/1786
f 104/337/328 1197/275/268 933/1821/1690
f 1197/275/268 1362/762/741 933/1821/1690
f 1744/1754/1647 1812/1753/1646 732/1959/951
f 1400/1960/233 699/1666/1570 392/1961/1787
f 551/1937/1773 1128/1939/1775 319/1962/1788
f 1131/1963/1789 991/1964/1790 204/1607/1522
f 625/343/334 559/1550/1469 1958/86/84
f 550/1561/1480 133/1766/1656 54/1039/1007
f 1472/1370/1305 787/548/530 968/723/702
f 1958/86/84 559/1550/1469 1351/1965/1791
f 1295/577/559 554/733/712 841/575/557
f 1340/777/756 529/1577/1494 7/729/708
f 1813/776/755 529/1577/1494 1340/777/756
f 1965/1966/1774 551/1967/1773 548/452/439
f 344/1467/1396 190/262/255 1746/1477/1406
f 1746/1477/1406 190/262/255 51/261/254
f 750/696/675 552/934/906 446/869/841
f 1270/1571/1488 1276/142/139 641/1400/1334
f 1295/577/559 1108/969/941 554/733/712
f 1126/249/242 990/1968/1509 555/1212/1167
f 878/383/372 1292/1574/1491 1166/384/373
f 1444/599/579 444/1807/1682 915/1969/1792
f 444/1807/1682 1922/1970/1793 915/1969/1792
f 1845/1971/1166 1924/164/161 1941/168/165
f 1941/168/165 954/1972/1614 1845/1971/1166
f 301/1122/1082 304/1459/1390 1044/1167/1124
f 558/881/853 1270/1571/1488 641/1400/1334
f 560/1009/980 1165/1008/979 1865/1055/1020
f 636/1064/1029 152/960/932 436/962/934
f 483/1973/1794 561/1974/1018 865/1741/1634
f 865/1741/1634 561/1974/1018 719/1975/1017
f 465/1836/1700 528/919/891 562/918/890
f 835/1068/1033 568/1443/1374 645/1444/1375
f 88/1321/1265 645/1444/1375 1218/1635/129
f 980/160/157 1015/1976/1795 1011/872/844
f 559/1550/1469 1188/1342/1282 723/1341/1281
f 702/1174/1131 349/1756/1649 877/1178/1135
f 565/1579/1496 1596/1581/1498 349/1756/1649
f 565/1579/1496 349/1756/1649 702/1174/1131
f 356/390/379 73/1609/1524 747/1977/1652
f 1792/852/827 73/1978/1524 1981/1979/1796
f 567/1980/1797 1172/783/762 1204/782/761
f 1172/783/762 567/1980/1797 1931/1422/1355
f 1788/1077/1042 1524/138/135 1890/436/425
f 1524/138/135 1303/137/134 873/437/426
f 1547/1475/1404 568/1443/1374 835/1068/1033
f 875/1067/1032 1867/1473/1402 835/1068/1033
f 545/1981/1168 1297/653/632 540/1946/1780
f 46/926/898 1402/925/897 805/941/913
f 1402/925/897 1772/942/914 805/941/913
f 747/1760/1652 73/1982/1524 1792/1983/827
f 787/548/530 1472/1370/1305 398/549/531
f 804/1418/1351 1848/1452/1383 738/367/358
f 570/463/450 373/1029/999 508/905/877
f 1075/1984/1798 579/1985/1799 1824/1986/1800
f 1884/950/922 571/1752/1645 149/982/953
f 571/1752/1645 660/1782/1665 149/982/953
f 917/402/391 1076/1553/1472 1071/975/947
f 1324/167/164 819/545/527 754/454/441
f 1929/930/902 1773/1383/1317 1763/793/772
f 1391/356/347 17/1722/1619 1050/1542/124
f 270/1866/1722 1648/1657/1564 1325/1987/457
f 1501/1192/1149 1183/518/501 1309/1193/1150
f 1786/1988/1801 1581/1989/1802 579/1985/1799
f 1408/1413/1346 1483/354/345 1200/353/344
f 1648/1657/1564 666/1103/1067 1325/1987/457
f 1512/1990/1803 574/1991/1804 323/1992/1805
f 808/968/940 620/967/939 414/60/60
f 575/1670/458 1325/1987/457 99/1668/1572
f 575/1670/458 99/1668/1572 1484/1669/1573
f 1071/975/947 1691/1554/1473 917/402/391
f 584/973/945 580/1993/1806 1708/517/500
f 1708/517/500 1741/971/943 584/973/945
f 1107/1994/1807 576/680/659 1690/189/185
f 956/1995/663 1109/1996/1574 1240/1997/722
f 1001/1222/1176 1019/1116/1076 653/1220/1174
f 578/1998/1318 594/1999/1808 28/2000/1319
f 579/1985/1799 1286/1143/1103 1824/1986/1800
f 1581/1989/1802 1286/1143/1103 579/1985/1799
f 1689/713/692 728/885/857 1438/714/693
f 1438/714/693 728/885/857 449/886/858
f 677/2001/1326 1787/2002/1809 574/1991/1804
f 582/453/440 1324/167/164 754/454/441
f 28/2000/1319 1285/799/778 1499/1677/1580
f 594/1999/1808 1285/799/778 28/2000/1319
f 1839/586/567 421/757/736 1911/2003/1810
f 418/1416/1349 580/1993/1806 584/973/945
f 730/460/447 987/857/831 1904/1028/998
f 730/460/447 1904/1028/998 1315/461/448
f 1670/515/498 585/1665/1569 382/1600/1516
f 72/269/262 1689/713/692 585/1665/1569
f 382/1600/1516 585/1665/1569 351/712/691
f 1835/640/620 586/538/520 890/537/519
f 998/1007/978 1220/611/591 188/31/31
f 590/2004/1811 452/2005/1812 197/55/55
f 1734/748/727 712/664/643 1720/666/645
f 1088/1275/1225 1140/1491/1419 587/2006/1421
f 730/2007/447 1713/858/832 987/857/831
f 1661/669/648 317/1215/1170 588/328/319
f 1096/395/384 1171/685/664 589/272/265
f 589/272/265 351/712/691 1096/395/384
f 1734/748/727 593/1524/1451 712/664/643
f 1658/1033/1003 1834/1034/1004 1441/1121/1081
f 591/1516/1443 296/1478/1407 501/1517/1444
f 296/1478/1407 591/1516/1443 1774/1481/1410
f 1569/2008/1813 592/868/840 1610/1217/342
f 2104/2009/1814 328/2010/1815 35/12/12
f 2027/2011/1816 328/2010/1815 2104/2009/1814
f 1994/2012/1817 328/2010/1815 2027/2011/1816
f 1344/1536/1459 1345/423/412 1196/1537/1460
f 1734/748/727 1038/1522/1449 593/1524/1451
f 437/1359/1296 1039/1787/1669 725/1888/1270
f 1513/1358/1295 1466/2013/1818 437/1359/1296
f 1798/822/801 114/1056/1021 594/1999/1808
f 796/1292/1239 242/1767/1657 1062/2014/1819
f 268/1678/1581 388/921/893 1342/920/892
f 226/689/668 1809/553/535 595/989/960
f 1751/1310/1257 922/1874/1729 59/943/915
f 1649/1856/483 1056/1808/1683 596/1315/1260
f 1649/1856/483 596/1315/1260 237/1316/482
f 1742/1764/168 403/1711/1611 424/2015/1820
f 1742/2016/168 424/2017/1820 1546/2018/1821
f 597/1165/1122 286/1025/995 25/1166/1123
f 1834/1034/1004 286/1025/995 597/1165/1122
f 1163/1941/1777 848/1163/1120 1990/2019/1822
f 1622/504/487 233/503/486 1565/1049/1014
f 233/503/486 1248/1050/1015 1565/1049/1014
f 114/1056/1021 800/1710/1610 594/1999/1808
f 1990/2019/1822 848/1163/1120 109/83/81
f 591/1516/1443 1842/94/92 1774/1481/1410
f 1937/95/93 1842/94/92 1693/2020/1823
f 1435/1814/1686 1343/155/152 624/1260/1210
f 945/1432/1365 797/744/723 1279/1433/1366
f 598/1364/1300 269/210/206 1560/595/576
f 269/210/206 850/961/933 255/1099/1063
f 640/2021/1824 1039/1787/1669 1466/2013/1818
f 437/1359/1296 1466/2013/1818 1039/1787/1669
f 687/283/275 1512/2022/1803 323/2023/1805
f 981/1803/1115 1699/77/75 781/978/279
f 66/483/470 1356/129/126 62/113/111
f 362/2024/1825 1323/2025/1826 1497/2026/1827
f 183/1082/1047 1875/1564/1483 1673/1559/1478
f 42/1080/1045 183/1082/1047 1673/1559/1478
f 1925/34/34 1010/26/26 1754/35/35
f 758/722/701 602/1774/1662 707/1371/1010
f 21/1680/1583 1644/1679/1582 603/1512/1440
f 604/178/174 1083/2027/1828 1676/1207/1162
f 605/772/751 365/1632/1546 1593/1057/1022
f 1808/1306/1253 1345/423/412 1344/1536/1459
f 603/1512/1440 1735/2028/1829 1126/249/242
f 1308/21/21 606/1074/1039 267/1308/1255
f 1308/21/21 916/1093/1057 606/1074/1039
f 1923/1388/1322 925/1002/973 1167/1469/1398
f 688/956/928 608/312/303 367/1640/1553
f 1352/999/970 1650/1000/971 1219/46/46
f 1417/299/290 1490/1650/1559 1230/1896/1743
f 1357/1435/1368 1592/2029/1830 610/1643/1554
f 1361/54/54 1925/34/34 500/59/59
f 1534/1673/1576 1254/2030/1831 1263/271/264
f 1263/271/264 1942/781/760 1534/1673/1576
f 354/598/578 152/960/932 636/1064/1029
f 1279/1433/1366 622/38/38 330/37/37
f 1417/299/290 1230/1896/1743 1738/1100/1064
f 1238/467/454 745/1742/1635 105/468/455
f 1689/713/692 694/270/263 527/1924/1763
f 611/2031/1832 671/218/214 1968/732/711
f 1650/1000/971 1352/999/970 153/428/417
f 614/1863/1720 129/1164/1121 534/917/889
f 1845/1971/1166 1379/1427/1360 1924/164/161
f 1961/1747/1640 703/1011/982 1378/1892/1739
f 605/772/751 1620/1210/1165 757/1208/1163
f 1059/1772/1661 213/1219/1173 1652/1019/990
f 1059/1772/1661 179/955/927 150/352/343
f 1593/1057/1022 194/562/544 1620/1210/1165
f 605/772/751 1593/1057/1022 1620/1210/1165
f 1083/2027/1828 1311/1646/1556 12/1206/1161
f 1640/2032/1833 1477/2033/1834 490/790/769
f 1182/85/83 1382/1881/1732 1640/2032/1833
f 1685/1291/1238 128/2034/1835 1214/1595/1511
f 769/2035/1836 1781/2036/1837 618/2037/1838
f 1781/2038/1837 1494/419/408 618/2039/1838
f 1311/1646/1556 619/2040/1839 1985/1647/1557
f 1311/1646/1556 627/297/288 619/2040/1839
f 627/297/288 221/99/97 1985/1647/1557
f 649/1224/1178 1910/2041/1302 1157/220/215
f 1157/220/215 1910/2041/1302 252/1367/917
f 134/1648/835 1750/529/511 1671/923/895
f 1411/2042/1840 625/343/334 786/2043/1841
f 134/1648/835 1671/923/895 1360/1568/1485
f 314/1132/1092 621/964/936 138/892/864
f 621/964/936 808/968/940 317/1215/1170
f 622/38/38 1279/1433/1366 623/701/680
f 1982/2044/1625 624/1260/1210 1989/2045/1626
f 400/2046/1842 1829/1705/1605 624/1260/1210
f 1633/884/856 1236/856/830 177/1040/1008
f 1138/2047/1843 1142/1428/1361 463/1699/1601
f 1143/2048/806 1573/2049/805 626/303/294
f 633/50/50 1290/2050/758 1504/2051/1070
f 1165/1008/979 1585/203/199 484/1408/1341
f 363/2052/1528 361/1286/1234 1437/322/313
f 1944/321/312 974/1952/310 1437/322/313
f 1985/1647/1557 619/2040/1839 627/297/288
f 1991/602/582 731/629/609 1068/1287/1233
f 731/629/609 430/1059/1024 1068/1287/1233
f 44/1150/1108 260/590/571 1527/589/570
f 1043/2053/1844 650/632/612 260/590/571
f 1856/556/538 628/644/624 140/273/266
f 628/644/624 1562/647/627 140/273/266
f 81/559/541 646/561/543 1772/942/914
f 613/581/562 81/559/541 1772/942/914
f 629/2054/1845 1163/1941/1777 543/1940/1776
f 1674/924/896 97/1340/1280 245/749/728
f 1723/1470/1399 412/1309/1256 1674/924/896
f 1415/341/332 227/359/350 1621/1244/1198
f 247/338/329 1415/341/332 1621/1244/1198
f 632/1293/1240 171/1015/986 1117/1619/1534
f 1388/1016/987 171/1015/986 632/1293/1240
f 633/50/50 1143/2048/806 626/303/294
f 633/50/50 626/303/294 1925/34/34
f 969/492/477 242/1767/1657 796/1292/1239
f 1681/96/94 643/1906/1750 1226/1674/1577
f 1045/1347/1286 634/1573/1490 867/763/742
f 634/1573/1490 1045/1347/1286 647/1548/1467
f 1681/96/94 1507/2055/1846 643/1906/1750
f 1408/1413/1346 928/1415/1348 236/1688/1590
f 928/1415/1348 137/2056/1847 236/1688/1590
f 1621/1244/1198 1555/360/351 1705/339/330
f 362/2024/1825 63/1616/1531 1323/2025/1826
f 13/296/287 39/103/101 637/122/119
f 860/661/640 348/1372/1306 255/1099/1063
f 1024/1148/1106 638/1584/1501 1299/1582/1499
f 1937/95/93 1137/619/599 643/1906/1750
f 643/1906/1750 1507/2055/1846 1937/95/93
f 1583/2057/1633 1957/2058/1848 639/2059/1642
f 1959/2060/1632 1957/2058/1848 1583/2057/1633
f 1276/142/139 1552/144/141 641/1400/1334
f 1552/144/141 20/1402/1311 641/1400/1334
f 644/823/802 116/2061/1423 224/2062/1422
f 578/1998/1318 116/2061/1423 644/823/802
f 370/1930/1769 777/472/459 1374/474/461
f 1833/2063/1849 370/1930/1769 1374/474/461
f 651/715/694 1931/1422/1355 496/706/685
f 1210/1330/1273 1964/313/304 378/66/66
f 806/2064/1850 1854/1604/1520 1986/1097/1061
f 809/1572/1489 647/1548/1467 145/1765/1655
f 647/1548/1467 298/1242/1196 145/1765/1655
f 402/2065/1851 1026/1929/1768 716/2066/1852
f 1940/1694/1596 642/1230/1184 1732/1191/1148
f 642/1230/1184 523/2067/1853 1732/1191/1148
f 576/680/659 956/684/663 1898/1763/1654
f 576/680/659 1109/1996/1574 956/1995/663
f 1261/1149/1107 638/1584/1501 1024/1148/1106
f 649/2068/1178 1976/1702/1594 394/946/918
f 649/2068/1178 394/946/918 1910/1366/1302
f 1867/1473/1402 1547/1475/1404 835/1068/1033
f 497/716/695 651/715/694 1847/705/684
f 241/75/73 1706/74/71 470/786/765
f 1932/2069/1447 1474/2070/1157 1223/2071/1445
f 1691/1554/1473 653/1220/1174 1600/1115/1075
f 1313/1902/1748 1117/1619/1534 777/472/459
f 224/2062/1422 1647/2072/1854 644/823/802
f 1161/621/601 1678/2073/1855 224/1494/1422
f 478/2074/1056 935/1527/1283 1355/191/187
f 983/1861/1718 694/270/263 1686/41/41
f 1686/41/41 960/40/40 983/1861/1718
f 1934/1127/1087 811/443/432 1849/806/785
f 1752/1349/1288 390/239/232 244/1350/1289
f 1666/145/142 243/147/144 1029/1338/1279
f 1436/876/848 886/1137/1097 1907/877/849
f 113/1547/1466 1931/1422/1355 1662/194/190
f 766/1401/1335 20/1402/1311 655/2075/1856
f 656/2076/1857 1385/1058/1023 1294/563/545
f 1740/493/478 417/459/446 173/606/586
f 969/492/477 1611/494/479 242/1767/1657
f 1702/692/671 1847/705/684 460/1360/1297
f 657/1076/1041 488/2077/1724 1518/2078/1726
f 657/1076/1041 1518/2078/1726 825/136/133
f 662/1386/1320 775/552/534 658/551/533
f 659/2079/1858 1682/609/589 1096/395/384
f 448/256/249 898/578/560 1186/257/250
f 893/235/228 1328/707/686 1488/236/229
f 893/235/228 76/445/434 1328/707/686
f 1872/2080/1859 701/16/16 931/25/25
f 661/883/855 202/380/369 1267/1885/1734
f 740/936/908 661/883/855 1267/1885/1734
f 1099/2081/1860 662/1386/1320 658/551/533
f 660/2082/1665 392/1961/1787 1617/245/238
f 320/686/665 664/688/667 160/998/969
f 1489/2083/1861 1062/2014/1819 242/1767/1657
f 970/1768/1658 1489/2083/1861 242/1767/1657
f 665/1625/1539 1384/152/149 1363/1626/1540
f 381/1234/1188 1384/152/149 1052/2084/1862
f 569/1128/1088 1826/1177/1134 667/1750/1643
f 1209/901/873 99/1668/1572 666/1103/1067
f 1259/2085/1863 1353/981/952 91/1119/1079
f 569/1128/1088 667/1750/1643 583/1751/1644
f 1302/1737/1034 1721/2086/1864 1192/180/176
f 1302/1069/1034 1090/1318/1262 1721/2087/1864
f 1673/1559/1478 1574/1707/1607 42/1080/1045
f 331/157/154 705/1487/1416 811/443/432
f 269/210/206 1175/1509/1437 64/211/207
f 668/2088/1865 1586/1243/1197 1595/2089/1866
f 1260/699/678 673/698/677 1207/36/36
f 1022/902/874 1260/699/678 1207/36/36
f 670/1549/1468 1586/1243/1197 298/1242/1196
f 694/270/263 256/216/212 671/218/214
f 674/2090/1867 71/430/419 158/1746/1639
f 1567/1047/965 357/514/497 1330/2091/1868
f 1334/2092/1869 951/153/150 640/2021/1824
f 1334/2092/1869 1272/2093/1870 1449/2094/584
f 1619/1021/992 564/1398/1332 959/349/340
f 1897/1838/1702 1823/963/935 512/534/516
f 675/1834/1698 1784/2095/1871 891/1714/1252
f 191/1490/1418 676/1506/1434 91/1119/1079
f 371/650/630 687/283/275 677/1392/1326
f 687/283/275 1787/2096/1809 677/1392/1326
f 1706/74/71 2121/2097/1872 1857/785/764
f 610/2098/1554 1592/2099/1830 678/2100/1873
f 908/1445/1376 672/2101/1874 1802/374/365
f 698/1891/1738 679/2102/1875 1378/1892/1739
f 1333/635/615 727/1218/1172 172/633/613
f 447/951/923 1827/903/875 1095/907/879
f 1857/785/764 681/1676/1579 470/786/765
f 1334/2092/1869 1338/2103/1876 682/2104/1877
f 1338/2105/1876 1449/604/584 690/1638/1551
f 683/149/146 70/2106/492 1431/2107/491
f 683/1642/146 1082/850/825 131/751/730
f 1897/1838/1702 466/2108/1878 429/1235/1189
f 1897/1838/1702 1176/1837/1701 466/2108/1878
f 195/278/271 1461/280/273 1571/1497/1425
f 1782/1037/1005 684/1135/1095 1571/1497/1425
f 1882/1530/1454 257/372/363 1712/141/138
f 1510/139/136 1712/141/138 257/372/363
f 1412/190/186 180/681/660 1150/1070/1035
f 1690/189/185 180/681/660 1412/190/186
f 1131/2109/1789 629/2110/1845 1703/873/845
f 1398/1636/1549 1771/2111/1879 275/2112/1880
f 682/2113/1877 1338/2105/1876 690/1638/1551
f 682/2113/1877 690/1638/1551 689/2114/1881
f 707/1371/1010 1404/2115/1009 828/2116/1882
f 694/270/263 671/218/214 611/2031/1832
f 1398/1636/1549 275/2112/1880 1376/727/706
f 635/867/839 1228/304/295 1615/1216/1171
f 785/2117/1883 705/1487/1416 1482/2118/1884
f 818/1825/1693 969/492/477 1048/2119/1885
f 969/492/477 1337/912/884 1740/493/478
f 785/2117/1883 299/992/963 705/1487/1416
f 693/2120/1886 818/1825/1693 1337/912/884
f 969/492/477 818/1825/1693 693/2120/1886
f 693/2120/1886 1337/912/884 969/492/477
f 982/1783/1666 465/1836/1700 1510/139/136
f 1607/2121/1887 1173/342/333 174/1031/1001
f 807/734/713 1915/735/714 841/575/557
f 275/2112/1880 697/2122/1888 1376/727/706
f 698/1891/1738 703/1011/982 1530/1084/1049
f 705/1487/1416 299/992/963 679/2102/1875
f 699/2123/1570 1400/240/233 33/242/235
f 871/1313/438 1759/2124/1889 33/242/235
f 1340/777/756 854/1411/1344 163/1911/1755
f 1340/777/756 163/1911/1755 1663/775/754
f 1629/1934/1771 1788/1077/1042 1479/1272/1222
f 1913/1466/1395 96/2125/1890 1926/808/787
f 976/1529/1325 1954/465/452 371/1644/630
f 659/2079/1858 700/442/431 153/428/417
f 659/2079/1858 449/886/858 700/442/431
f 1366/1431/1364 1279/1433/1366 1281/745/724
f 1242/1020/991 489/657/636 1619/1021/992
f 1654/1332/1275 1888/1913/1756 823/544/526
f 244/1350/1289 1193/2126/1891 248/1351/1290
f 1920/810/789 1202/966/938 704/1226/1180
f 1283/879/851 1481/878/850 1907/877/849
f 1164/1017/988 61/2127/1892 1078/840/815
f 702/1174/1131 385/622/602 565/1579/1496
f 1033/627/607 485/215/211 1170/1126/1086
f 1076/1553/1472 184/1429/1362 1582/1105/1069
f 1616/737/716 706/938/910 241/75/73
f 241/75/73 706/938/910 36/73/72
f 1803/487/474 1372/1250/1203 937/1501/1429
f 612/1637/1550 707/1371/1010 828/2116/1882
f 992/2128/1893 708/2129/1894 1169/2130/1895
f 333/695/674 889/1703/1603 709/254/247
f 1894/1854/1712 1357/1435/1368 341/1434/1367
f 578/1998/1318 1798/822/801 594/1999/1808
f 1441/1121/1081 712/664/643 593/1524/1451
f 870/1083/1048 1634/2131/1127 1154/1569/1486
f 697/2122/1888 275/2112/1880 283/2132/1896
f 283/2132/1896 275/2112/1880 1896/929/901
f 1378/1892/1739 679/2102/1875 1961/1747/1640
f 559/1550/1469 723/1341/1281 1351/1965/1791
f 1884/950/922 1007/949/921 715/2133/1897
f 870/1083/1048 1445/2134/1126 1634/2131/1127
f 1805/1725/1621 1445/2134/1126 870/1083/1048
f 942/1709/1609 995/1720/1617 146/1455/1386
f 402/2065/1851 716/2066/1852 875/1067/1032
f 317/1215/1170 414/60/60 309/62/62
f 1905/738/717 317/1215/1170 309/62/62
f 1538/1797/1675 714/957/929 367/1640/1553
f 1158/1819/1688 718/1502/1430 1453/1296/1243
f 718/1502/1430 922/1874/1729 1453/1296/1243
f 719/1052/1017 214/2135/1898 1383/2136/91
f 748/92/90 719/1975/1017 1383/93/91
f 1397/362/353 1022/902/874 622/38/38
f 1877/2137/1899 733/1403/1336 834/1404/1337
f 723/1341/1281 935/1343/1283 563/1091/1055
f 1034/2138/1900 729/1843/1706 450/1811/1684
f 720/1312/1258 829/1314/1259 1200/353/344
f 1001/1222/1176 829/1314/1259 720/1312/1258
f 822/2139/1901 1133/2140/1385 1367/28/28
f 722/1303/1250 1451/265/258 1452/264/257
f 199/591/572 907/593/574 77/1656/528
f 1346/564/546 136/871/843 1817/788/767
f 1461/280/273 389/234/227 1782/1037/1005
f 1461/280/273 1782/1037/1005 1571/1497/1425
f 822/2139/1901 1367/28/28 724/1337/699
f 49/585/566 1948/370/361 544/325/316
f 502/1357/1294 437/1359/1296 725/1888/1270
f 1208/603/583 502/2141/1294 725/1327/1270
f 1030/709/688 1632/711/690 1769/1623/1538
f 729/1843/1706 723/1341/1281 563/1091/1055
f 1916/708/687 684/1135/1095 1488/236/229
f 1652/1019/990 213/1219/1173 949/1661/1567
f 1479/1272/1222 1788/1077/1042 1890/436/425
f 1756/1586/1503 1191/1544/1463 721/1376/1310
f 861/655/634 24/159/156 1950/1923/1762
f 587/2006/1421 1140/1491/1419 730/2007/447
f 587/1493/1421 730/460/447 1623/1492/1420
f 731/629/609 1732/1191/1148 524/630/610
f 1908/2142/1902 1382/1881/1732 1960/87/85
f 1919/2143/1903 732/980/951 1830/979/950
f 1087/123/120 1304/2144/1740 408/119/116
f 735/1897/1744 739/1777/886 516/801/780
f 734/166/163 823/544/526 95/674/653
f 1076/1553/1472 1582/1105/1069 409/1104/1068
f 1531/1442/148 645/1444/1375 568/1443/1374
f 1331/2145/89 1836/1124/1084 1837/2146/1904
f 303/148/145 70/2106/492 683/149/146
f 1646/1114/1074 735/1897/1744 1046/800/779
f 736/841/816 1849/806/785 1858/805/784
f 181/1075/1040 606/1074/1039 737/1063/1028
f 1950/1923/1762 1862/1203/1158 1326/1957/1785
f 76/445/434 1858/805/784 1849/806/785
f 1831/2147/1905 1715/1363/1299 250/756/735
f 334/2148/1470 135/2149/842 217/1778/1663
f 1854/1604/1520 740/936/908 1921/1862/1719
f 1921/1862/1719 740/936/908 1267/1885/1734
f 1395/2150/1906 340/1528/1453 235/1849/1677
f 1395/2151/1906 235/1800/1677 13/296/287
f 2104/2009/1814 35/12/12 2103/14/14
f 1762/1724/1620 741/2152/1112 198/2153/1111
f 1036/874/846 980/160/157 1011/872/844
f 1036/874/846 1011/872/844 1040/847/822
f 1442/1253/1205 744/449/436 261/1463/1393
f 162/57/57 380/2154/1907 762/258/251
f 197/55/55 162/57/57 1476/1001/972
f 1533/260/253 1607/2121/1887 1747/2155/1908
f 1685/1291/1238 144/2156/1909 128/2034/1835
f 734/166/163 1747/2155/1908 1654/1332/1275
f 1779/406/395 1222/78/76 745/1742/1635
f 1222/78/76 907/593/574 745/1742/1635
f 1067/1798/1676 445/1348/1287 47/197/193
f 445/1348/1287 247/338/329 47/197/193
f 1520/1629/1543 1407/143/140 435/1393/1327
f 858/636/616 1102/2157/1910 1037/637/617
f 746/1038/1006 177/1040/1008 1471/1576/1493
f 746/1038/1006 1471/1576/1493 1631/1628/1542
f 747/1760/1652 1792/1983/827 423/1761/1651
f 958/193/189 415/1743/1636 1662/194/190
f 1936/890/862 1423/888/860 748/92/90
f 886/1137/1097 369/2158/1412 1707/1139/1099
f 1707/1139/1099 369/2158/1412 902/2159/1411
f 1883/187/183 1102/2160/1910 27/186/182
f 875/1067/1032 951/153/150 1730/2161/1911
f 1118/1603/1519 1149/355/346 1468/1585/1502
f 1149/355/346 1118/1603/1519 1559/1602/1518
f 429/1235/1189 1730/2161/1911 951/153/150
f 57/958/930 1268/959/931 753/417/406
f 1268/959/931 961/1159/1116 753/417/406
f 754/454/441 755/791/770 984/1755/1648
f 770/887/859 96/2125/1890 713/2162/1912
f 1747/2155/1908 762/258/251 1533/260/253
f 108/827/804 1813/776/755 1398/1636/1549
f 287/104/102 495/1109/1071 1467/107/105
f 287/104/102 14/89/87 495/1109/1071
f 762/258/251 380/2154/1907 759/2163/1913
f 770/887/859 360/809/788 1926/808/787
f 1619/1021/992 1791/1920/1759 743/1399/1333
f 762/258/251 759/2163/1913 1017/259/252
f 729/1843/1706 1034/2138/1900 723/1341/1281
f 1351/1965/1791 723/1341/1281 1034/2138/1900
f 771/379/368 532/2164/1914 1879/496/481
f 708/2129/1894 30/1140/1100 1169/2130/1895
f 1035/2165/1915 920/2166/1916 30/1140/1100
f 168/1830/1695 193/396/385 764/378/367
f 1547/1475/1404 1867/1473/1402 1753/1472/1401
f 1190/1693/1595 1369/1231/1185 761/222/216
f 761/222/216 1843/224/218 1201/864/476
f 770/887/859 1081/889/861 360/809/788
f 193/396/385 1879/496/481 532/2164/1914
f 1617/245/238 1006/2167/954 660/2082/1665
f 1153/1832/239 763/1831/1696 764/378/367
f 168/1830/1695 764/378/367 763/1831/1696
f 1781/2036/1837 769/2035/1836 765/2168/1394
f 1811/1346/1285 670/1549/1468 1045/1347/1286
f 670/1549/1468 647/1548/1467 1045/1347/1286
f 1719/2169/1917 1297/2170/632 1494/419/408
f 1486/1594/1510 1494/419/408 1745/1955/1784
f 1840/298/289 313/954/926 1417/299/290
f 951/153/150 1334/2092/1869 1704/154/151
f 1704/154/151 1334/2092/1869 1404/1041/1009
f 1189/1301/1248 1177/2171/1918 1631/1628/1542
f 1455/909/881 1074/687/666 320/686/665
f 1586/1243/1197 1811/1346/1285 1393/1719/1616
f 670/1549/1468 1811/1346/1285 1586/1243/1197
f 1781/2038/1837 1719/2169/1917 1494/419/408
f 1781/2036/1837 765/2168/1394 1719/2172/1917
f 500/59/59 264/1013/984 768/1396/1330
f 600/2173/1919 1512/2022/1803 981/1158/1115
f 981/1158/1115 781/2174/279 600/2173/1919
f 1323/2025/1826 769/2035/1836 1497/2026/1827
f 1595/2089/1866 1393/1719/1616 942/1709/1609
f 1393/1719/1616 1595/2089/1866 1586/1243/1197
f 1423/888/860 770/887/859 1769/1623/1538
f 1279/1433/1366 797/744/723 623/701/680
f 884/866/838 1537/2175/1920 635/867/839
f 392/1961/1787 772/243/236 1617/245/238
f 699/1666/1570 772/243/236 392/1961/1787
f 1228/304/295 1977/1447/1378 1928/486/473
f 773/2176/1921 264/1013/984 783/1014/985
f 264/1013/984 773/2176/1921 599/670/649
f 662/1386/1320 1850/1822/1691 775/552/534
f 1850/2177/1691 633/50/50 775/1108/534
f 73/1609/1524 776/1610/1525 1981/2178/1796
f 574/1991/1804 781/287/279 48/2179/1922
f 1389/1590/1507 1597/676/655 1914/675/654
f 773/2176/1921 783/1014/985 1179/703/682
f 826/2180/1923 1784/2095/1871 675/1834/1698
f 1768/1395/1329 1902/2181/1924 1368/2182/1925
f 904/2183/179 515/188/184 779/1903/181
f 779/185/181 26/181/177 904/183/179
f 1012/1043/1011 299/992/963 692/2184/1926
f 600/2173/1919 781/2174/279 1512/2022/1803
f 781/287/279 574/1991/1804 1512/1990/1803
f 1015/1976/1795 980/160/157 24/159/156
f 784/305/296 395/2185/1927 1978/306/297
f 784/305/296 1322/1865/1699 395/2185/1927
f 1011/872/844 1439/759/738 103/432/421
f 785/2117/1883 1012/1043/1011 692/2184/1926
f 1545/844/819 1078/840/815 61/2127/1892
f 1545/844/819 61/2127/1892 449/886/858
f 609/1499/1427 1472/1370/1305 305/1802/1679
f 617/1255/217 222/2186/1246 1406/1256/1207
f 1568/320/311 222/2186/1246 363/2187/1528
f 355/1175/1132 65/386/375 1074/687/666
f 1249/177/173 789/2188/1928 1975/440/429
f 60/172/169 1975/2189/429 789/2190/1928
f 1737/1381/1315 790/819/798 1899/179/175
f 1258/1205/1160 1737/1381/1315 1899/179/175
f 246/438/427 1975/2189/429 1010/26/26
f 277/2191/1929 249/1353/1292 697/2122/1888
f 283/2132/1896 277/2191/1929 697/2122/1888
f 792/565/547 225/19/19 1613/292/283
f 650/632/612 1043/2053/1844 792/565/547
f 203/600/580 1521/628/608 524/630/610
f 1371/56/56 1918/1249/1202 1460/1221/1175
f 1423/888/860 1936/890/862 1116/891/863
f 179/955/927 1059/1772/1661 1652/1019/990
f 1298/233/226 1480/1599/1515 1158/1819/1688
f 1437/322/313 686/1733/1628 821/1611/1526
f 857/457/444 1625/6/6 798/1684/1586
f 798/1684/1586 1625/6/6 1072/5/5
f 1273/1180/1137 997/1241/1195 254/1486/1415
f 524/630/610 1732/1191/1148 799/1307/1254
f 524/630/610 799/1307/1254 203/600/580
f 1285/799/778 800/1710/1610 1046/800/779
f 594/1999/1808 800/1710/1610 1285/799/778
f 612/1637/1550 305/1802/1679 707/1371/1010
f 1708/517/500 1532/516/499 1554/29/29
f 1733/202/198 1825/201/197 801/2192/1314
f 20/1402/1311 1733/1566/198 1124/2193/1312
f 892/2194/1930 1688/226/219 802/225/69
f 892/2194/1930 802/225/69 1380/2195/1931
f 1479/1272/1222 1298/233/226 1413/1273/1223
f 1298/233/226 1158/1819/1688 1413/1273/1223
f 1192/180/176 972/2196/1932 26/181/177
f 814/405/394 1602/1842/1705 1779/406/395
f 379/1096/1060 806/2064/1850 1986/1097/1061
f 379/1096/1060 1653/1026/996 806/2064/1850
f 588/328/319 911/739/718 1964/313/304
f 1716/347/338 1964/313/304 911/739/718
f 1161/621/601 812/1496/1424 1678/2073/1855
f 1172/783/762 711/798/777 813/784/763
f 1254/2030/1831 1534/1673/1576 382/1600/1516
f 589/272/265 1254/2030/1831 382/1600/1516
f 1372/1250/1203 1371/56/56 197/55/55
f 1372/1250/1203 1918/1249/1202 1371/56/56
f 877/1178/1135 422/2197/1933 1021/570/552
f 1677/1172/1129 877/1178/1135 1021/570/552
f 1203/1081/1046 715/2198/1897 1007/2199/921
f 688/956/928 57/958/930 1616/737/716
f 1703/873/845 980/160/157 1036/874/846
f 1602/1842/1705 1409/648/628 11/1620/1535
f 829/1314/1259 1878/1414/1347 1200/353/344
f 980/160/157 1703/873/845 815/2200/1934
f 817/1325/1269 1272/2093/1870 1466/2013/1818
f 1272/2093/1870 817/1325/1269 1449/2094/584
f 387/913/885 1337/912/884 818/1825/1693
f 1972/837/243 1347/2201/1935 1048/2119/1885
f 812/2202/1424 1647/2072/1854 1678/2203/1855
f 1230/1896/1743 1856/556/538 1556/558/540
f 1230/1896/1743 506/953/925 1856/556/538
f 1585/203/199 1132/1236/1190 189/1113/1073
f 484/1408/1341 1585/203/199 189/1113/1073
f 819/545/527 1775/1744/1637 1790/792/771
f 819/545/527 1790/792/771 755/791/770
f 312/229/222 1178/1908/1752 142/230/223
f 312/229/222 695/1511/1439 1178/1908/1752
f 1585/203/199 1563/2204/1936 1132/1236/1190
f 1564/1641/201 1135/2205/1937 1563/2206/1936
f 101/1004/975 1856/556/538 506/953/925
f 1736/429/418 61/2127/1892 1164/1017/988
f 1864/944/916 1158/1819/1688 1480/1599/1515
f 1864/944/916 1480/1599/1515 630/626/606
f 107/1651/1560 1536/592/573 199/591/572
f 1435/1814/1686 624/1260/1210 1433/1706/1606
f 1255/2207/1938 717/1505/1433 191/1490/1418
f 1622/504/487 216/1232/1186 840/505/488
f 422/2197/1933 349/1756/1649 603/1512/1440
f 1021/570/552 422/2197/1933 1456/1513/1441
f 1525/767/746 1080/766/745 107/1651/1560
f 1203/1081/1046 42/1080/1045 1255/2207/1938
f 1409/1023/628 1602/2208/1705 55/1791/1537
f 716/2066/1852 1026/1929/1768 875/1067/1032
f 419/719/698 1851/2209/1939 724/720/699
f 32/1538/1461 1851/2209/1939 419/719/698
f 118/845/820 751/1368/1303 864/846/821
f 971/1289/1236 1948/370/361 1237/584/565
f 993/2210/1179 657/1936/1041 1976/2211/1594
f 1843/1257/218 1406/1256/1207 1201/491/476
f 281/1675/1578 1145/1424/1357 1700/623/603
f 1700/623/603 1394/1173/1130 281/1675/1578
f 1074/687/666 65/386/375 664/688/667
f 1597/676/655 1639/1907/1751 22/464/451
f 828/2116/1882 689/2114/1881 690/1638/1551
f 612/1637/1550 828/2116/1882 690/1638/1551
f 964/397/386 168/1830/1695 1092/817/796
f 505/875/847 1131/2109/1789 1703/873/845
f 474/435/424 845/990/961 1809/553/535
f 1878/1414/1347 831/740/719 536/1736/1630
f 536/1736/1630 831/740/719 1020/742/721
f 1576/1146/1104 188/31/31 830/30/30
f 1576/1146/1104 830/30/30 824/908/880
f 851/1382/1316 398/549/531 1773/1383/1317
f 854/1411/1344 398/549/531 851/1382/1316
f 829/1314/1259 924/741/720 831/740/719
f 834/1404/1337 677/2001/1326 1877/2137/1899
f 1073/512/495 1664/1319/1263 1257/510/493
f 70/509/492 1073/512/495 1257/510/493
f 173/606/586 417/459/446 1315/461/448
f 13/296/287 836/1801/1678 14/89/87
f 1934/1127/1087 912/843/818 331/157/154
f 838/624/604 116/1495/1423 578/1384/1318
f 578/1384/1318 385/622/602 838/624/604
f 150/352/343 172/633/613 1059/1772/1661
f 634/1573/1490 110/765/744 263/764/743
f 717/1505/1433 1687/1875/1730 1672/1503/1431
f 362/2024/1825 1497/2026/1827 648/2212/1940
f 1498/601/581 444/1807/1682 1444/599/579
f 1673/1559/1478 1875/1564/1483 335/1560/1479
f 9/277/270 1251/279/272 1839/586/567
f 1251/279/272 421/757/736 1839/586/567
f 1780/1925/1764 527/1924/1763 1968/732/711
f 426/965/937 358/1133/1093 1202/966/938
f 1251/279/272 358/1133/1093 426/965/937
f 338/1397/1331 1113/1345/1284 1642/1147/1105
f 15/495/480 843/377/366 1879/496/481
f 771/379/368 1879/496/481 843/377/366
f 844/535/517 1955/2213/1941 1142/1428/1361
f 1966/970/942 404/422/411 1988/1718/1615
f 79/582/563 1827/903/875 447/951/923
f 1630/2214/1942 847/241/234 1830/979/950
f 876/1453/1384 1133/1454/1385 822/2215/1901
f 822/2215/1901 1851/2209/1939 876/1453/1384
f 139/1451/1382 849/255/248 869/1715/1613
f 598/1364/1300 850/961/933 269/210/206
f 223/217/213 331/157/154 1968/732/711
f 25/1166/1123 1859/68/68 1044/1167/1124
f 1780/1925/1764 331/157/154 912/843/818
f 1789/1269/1219 1249/177/173 590/2004/1811
f 1717/335/326 104/337/328 425/334/325
f 1093/1615/1530 1146/1254/1206 63/2216/1531
f 1146/1254/1206 1442/1253/1205 63/2216/1531
f 1866/1921/1760 1326/1957/1785 852/836/813
f 1326/1957/1785 92/2217/1943 852/836/813
f 1707/1139/1099 902/2159/1411 853/1441/123
f 527/1924/1763 611/2031/1832 1968/732/711
f 694/270/263 611/2031/1832 527/1924/1763
f 1950/1923/1762 353/1922/1761 855/656/635
f 353/1922/1761 1619/1021/992 855/656/635
f 995/1720/1617 1049/1457/1388 1939/937/909
f 550/1561/1480 54/1039/1007 215/1562/1481
f 215/1562/1481 54/1039/1007 746/1038/1006
f 1037/637/617 1721/2087/1864 1090/1318/1262
f 1176/1837/1701 1205/1839/1703 1206/2218/1944
f 856/2219/1708 261/1463/1393 744/449/436
f 744/449/436 475/2220/409 856/2219/1708
f 27/281/182 858/636/616 810/282/274
f 1102/2160/1910 858/2221/616 27/186/182
f 1116/891/863 1149/355/346 1559/1602/1518
f 384/1601/1517 1116/891/863 1559/1602/1518
f 1436/876/848 1481/878/850 655/2222/1856
f 813/784/763 258/1900/1746 1870/691/670
f 1793/1200/1155 1474/1202/1157 1111/1557/1476
f 1309/1193/1150 859/1261/1211 1427/1279/1228
f 1309/1193/1150 1688/226/219 859/1261/1211
f 489/657/636 1540/760/739 861/655/634
f 1949/2223/1945 872/1005/976 921/1278/1227
f 1403/1190/1147 921/1278/1227 1561/1597/1513
f 128/2034/1835 934/2224/1946 186/1417/1350
f 186/1417/1350 934/2224/1946 388/921/893
f 141/554/536 1809/553/535 1566/690/669
f 985/588/569 941/1532/1456 1527/589/570
f 1851/2209/1939 32/1538/1461 1196/1537/1460
f 866/2225/1379 407/1373/1307 290/2226/1380
f 1989/2045/1626 624/1260/1210 407/1373/1307
f 869/1715/1613 1761/1634/1548 139/1451/1382
f 867/763/742 1487/1456/1387 1811/1346/1285
f 867/763/742 864/846/821 1487/1456/1387
f 1620/1210/1165 1806/1331/1274 696/1209/1164
f 1483/354/345 813/784/763 150/352/343
f 1500/385/374 1761/1634/1548 869/1715/1613
f 921/1278/1227 872/1005/976 1561/1597/1513
f 978/1155/1113 1457/231/224 873/437/426
f 42/1080/1045 1574/1707/1607 717/1505/1433
f 1500/385/374 1912/1845/1707 878/383/372
f 879/2227/1947 1384/152/149 1668/2228/1948
f 1482/2118/1884 879/2229/1947 1668/2230/1948
f 161/1258/1208 880/641/621 595/989/960
f 880/641/621 161/1258/1208 1927/787/766
f 1927/787/766 161/1258/1208 1305/276/269
f 651/715/694 278/195/191 1931/1422/1355
f 1931/1422/1355 278/195/191 1662/194/190
f 2036/2231/1949 221/99/97 2061/2232/1950
f 2048/2233/1951 221/99/97 2036/2231/1949
f 2107/97/95 221/99/97 2048/2233/1951
f 436/962/934 850/961/933 251/1365/1301
f 1558/506/489 883/27/27 1659/1094/1058
f 1870/691/670 1702/692/671 460/1360/1297
f 1056/1808/1683 883/27/27 888/2234/1952
f 900/1895/1742 596/1315/1260 888/2234/1952
f 1815/336/327 586/538/520 1835/640/620
f 111/639/619 1815/336/327 1835/640/620
f 1917/571/553 80/573/555 676/1506/1434
f 463/1954/1601 774/1953/1783 884/866/838
f 2108/2235/1953 1277/118/115 2107/97/95
f 1105/1065/1030 636/1064/1029 436/962/934
f 100/704/683 496/706/685 1204/782/761
f 567/1980/1797 1204/782/761 496/706/685
f 886/1137/1097 20/1377/1311 1887/1379/1313
f 20/1377/1311 886/1137/1097 1436/876/848
f 1944/321/312 457/2236/49 8/1951/53
f 1978/306/297 1680/2237/1600 400/2238/1842
f 1829/2239/1605 400/2238/1842 897/2240/1954
f 889/1703/1603 1491/252/245 709/254/247
f 477/1886/1735 526/133/130 899/1871/1727
f 776/1610/1525 210/477/464 383/161/158
f 630/626/606 485/215/211 1033/627/607
f 630/626/606 306/213/209 485/215/211
f 598/1364/1300 1560/595/576 251/1365/1301
f 1105/1065/1030 251/1365/1301 1560/595/576
f 410/82/80 962/1262/1212 892/2194/1930
f 567/1980/1797 496/706/685 1931/1422/1355
f 1142/1428/1361 1955/2213/1941 894/1697/1599
f 1955/2213/1941 897/2241/1954 894/1697/1599
f 199/591/572 77/1656/528 1699/1624/75
f 895/134/131 1394/1173/1130 1677/1172/1129
f 1680/2237/1600 897/2240/1954 400/2238/1842
f 1680/1698/1600 894/1697/1599 897/2241/1954
f 603/1512/1440 1641/2242/1955 1735/2028/1829
f 899/1871/1727 1561/1597/1513 318/1515/1442
f 1354/1851/1353 1429/2243/1618 901/1090/1054
f 882/1010/981 401/1012/983 196/915/887
f 603/1512/1440 1644/1679/1582 1641/2242/1955
f 1818/700/679 967/1653/1562 391/1389/1323
f 614/1863/1720 1267/1885/1734 129/1164/1121
f 507/927/899 913/939/911 1402/925/897
f 1561/1597/1513 903/1545/1464 318/1515/1442
f 905/1652/1561 271/314/305 1964/313/304
f 394/946/918 530/2244/1956 1373/1521/1448
f 1373/1521/1448 530/2244/1956 1993/2245/1957
f 252/945/917 408/119/116 19/2246/1140
f 408/119/116 1304/2144/1740 19/2246/1140
f 180/681/660 576/680/659 1898/1763/1654
f 610/2098/1554 678/2100/1873 908/2247/1376
f 288/1436/1369 610/1643/1554 908/1445/1376
f 1070/1489/1417 715/2198/1897 1203/1081/1046
f 521/1089/1053 1070/1489/1417 909/1118/1078
f 2037/2248/1958 862/1588/1505 2038/2249/1959
f 419/719/698 862/1588/1505 2037/2248/1958
f 2087/1685/1587 2045/2250/1960 1292/1574/1491
f 2045/2250/1960 346/1575/1492 1292/1574/1491
f 2038/2249/1959 862/1588/1505 2031/1587/1504
f 1575/2251/1961 1224/1394/1328 1500/385/374
f 880/641/621 1927/787/766 111/639/619
f 1186/257/250 898/578/560 1232/2252/1962
f 1186/257/250 1232/2252/1962 1575/2251/1961
f 907/593/574 1525/767/746 105/468/455
f 1882/1530/1454 1712/141/138 1885/814/793
f 212/208/204 1977/1447/1378 290/1449/1380
f 1460/1221/1175 1977/1447/1378 212/208/204
f 797/744/723 1606/758/737 1869/702/681
f 1454/2253/1963 1896/929/901 1969/931/903
f 1138/2047/1843 1454/2253/1963 1969/931/903
f 832/911/883 1077/898/870 760/324/315
f 1130/824/803 760/324/315 1077/898/870
f 1496/61/61 1198/1735/1629 911/739/718
f 860/661/640 947/663/642 348/1372/1306
f 912/843/818 1849/806/785 1078/840/815
f 80/573/555 1126/249/242 710/574/556
f 827/165/162 1379/1427/1360 1167/1469/1398
f 915/2254/1792 1922/2255/1793 557/2256/1964
f 916/1093/1057 1308/21/21 185/23/23
f 1227/1790/1671 916/1093/1057 185/23/23
f 1477/2033/1834 1312/2257/1965 1581/1989/1802
f 620/967/939 1202/966/938 1920/810/789
f 1477/2033/1834 1495/2258/1966 1312/2257/1965
f 1312/2257/1965 1495/2258/1966 920/2259/1916
f 905/1652/1561 1716/347/338 959/349/340
f 140/273/266 918/557/539 1856/556/538
f 922/1874/1729 718/1502/1430 59/943/915
f 1691/1554/1473 1320/403/392 919/1555/1474
f 1320/403/392 917/402/391 919/1555/1474
f 920/2259/1916 1495/2258/1966 1701/2260/1967
f 30/1140/1100 920/2166/1916 1169/2130/1895
f 1945/1826/1694 1949/2223/1945 1079/1263/1213
f 1545/844/819 912/843/818 1078/840/815
f 1950/1923/1762 24/159/156 1862/1203/1158
f 845/990/961 273/555/537 159/991/962
f 923/1131/1091 569/1128/1088 583/1751/1644
f 245/749/728 1734/748/727 1720/666/645
f 926/2261/1968 1075/1984/1798 1824/1986/1800
f 91/1119/1079 1353/981/952 927/1088/1052
f 407/1373/1307 926/2262/1968 1503/2263/1969
f 290/2226/1380 407/1373/1307 1503/2263/1969
f 459/2264/1689 1009/2265/1025 929/1882/1199
f 1689/713/692 102/842/817 728/885/857
f 1731/22/22 1401/2266/1970 896/1051/1016
f 1913/1466/1395 1030/709/688 96/2125/1890
f 931/25/25 1754/35/35 1010/26/26
f 934/2224/1946 932/922/894 388/921/893
f 128/2034/1835 932/922/894 934/2224/1946
f 616/1500/1428 936/815/794 364/1130/1090
f 364/1130/1090 122/2267/1971 1216/1630/1544
f 131/751/730 535/851/826 938/752/731
f 1523/816/795 1216/1630/1544 122/2267/1971
f 364/1130/1090 936/815/794 122/2267/1971
f 1777/11/11 481/533/515 442/795/774
f 608/312/303 688/956/928 1709/310/301
f 163/1911/1755 1398/1636/1549 1813/776/755
f 1398/1636/1549 163/1911/1755 1414/1410/1343
f 1491/252/245 365/1632/1546 1100/253/246
f 365/1632/1546 1491/252/245 1593/1057/1022
f 1168/1061/1026 632/1293/1240 924/741/720
f 1567/994/965 158/1746/1639 299/992/963
f 935/1527/1283 549/2268/1972 563/2269/1055
f 935/1527/1283 478/2074/1056 549/2268/1972
f 1064/1300/1247 1177/2171/1918 1189/1301/1248
f 936/815/794 1523/816/795 122/2267/1971
f 936/815/794 123/450/437 1523/816/795
f 937/1501/1429 1372/1250/1203 1970/439/428
f 103/432/421 248/1351/1290 71/430/419
f 452/2005/1812 1372/1250/1203 197/55/55
f 963/17/17 939/794/773 752/15/15
f 1861/2270/550 326/2271/549 941/1532/1456
f 68/1048/548 601/1151/1109 326/2271/549
f 1185/2272/1973 452/2005/1812 590/2004/1811
f 590/2004/1811 1249/177/173 1970/439/428
f 1023/1769/1659 1078/840/815 1336/426/415
f 701/16/16 1777/11/11 442/795/774
f 701/16/16 1872/2080/1859 1777/11/11
f 1439/759/738 1031/761/740 1752/1349/1288
f 944/2273/1974 1810/2274/1975 1376/727/706
f 159/991/962 630/626/606 1327/625/605
f 1349/18/18 1459/300/291 946/725/704
f 40/408/397 946/725/704 1459/300/291
f 494/910/882 1321/524/507 1110/526/509
f 1771/2111/1879 1414/1410/1343 1896/929/901
f 1440/330/321 511/1003/974 155/413/402
f 115/607/587 570/463/450 948/462/449
f 1453/1296/1243 472/1271/1221 1413/1273/1223
f 1440/330/321 950/332/323 511/1003/974
f 208/1184/1141 511/1003/974 950/332/323
f 1321/524/507 953/1290/1237 94/525/508
f 1249/177/173 1975/440/429 1970/439/428
f 1913/1466/1395 1607/2121/1887 1533/260/253
f 429/1235/1189 951/153/150 1384/152/149
f 1359/2275/1976 83/2276/1977 952/2277/1978
f 1939/937/909 51/261/254 37/1072/1037
f 954/2278/1614 112/1723/1110 756/972/944
f 867/763/742 634/1573/1490 263/764/743
f 949/1661/1567 469/1280/1229 1652/1019/990
f 277/2191/1929 1112/2279/1293 249/1353/1292
f 249/1353/1292 1112/2279/1293 592/1195/840
f 2076/2280/1979 328/2010/1815 1994/2012/1817
f 2050/2281/1980 328/2010/1815 2076/2280/1979
f 2071/2282/1981 1808/1306/1253 2080/2283/1982
f 1004/1833/1697 2071/2282/1981 2002/2284/1983
f 1397/362/353 1179/703/682 1587/363/354
f 1054/128/125 957/2285/1984 462/333/324
f 958/193/189 1213/401/390 415/1743/1636
f 167/645/625 1973/658/637 628/644/624
f 418/1416/1349 960/40/40 580/1993/1806
f 1389/1590/1507 1605/697/676 1639/1907/1751
f 1605/697/676 1389/1590/1507 350/1589/1506
f 960/40/40 1310/39/39 580/1993/1806
f 1310/39/39 1708/517/500 580/1993/1806
f 1688/226/219 962/1262/1212 859/1261/1211
f 1947/1667/1571 1218/132/129 772/243/236
f 376/1956/1266 1218/132/129 1947/1667/1571
f 510/1887/1736 186/1417/1350 793/1430/1363
f 297/414/403 1551/667/646 1329/327/318
f 967/1653/1562 320/686/665 160/998/969
f 1895/331/322 1440/330/321 83/2276/1977
f 1923/1388/1322 1180/1270/1220 925/1002/973
f 476/1873/1728 294/1909/1753 1544/1295/1242
f 1820/3/3 374/2/2 1895/2286/322
f 1350/2287/1985 1895/331/322 83/2276/1977
f 970/1768/1658 242/1767/1657 1225/802/781
f 1271/1098/1062 614/1863/1720 534/917/889
f 479/1853/1711 972/2196/1932 1192/180/176
f 1977/1447/1378 1460/1221/1175 1928/486/473
f 479/1853/1711 341/1434/1367 972/2196/1932
f 272/407/396 1238/467/454 1793/1200/1155
f 345/753/732 973/1276/1226 1873/2288/1298
f 1873/1362/1298 973/1361/1226 250/756/735
f 1568/320/311 363/2187/1528 974/319/310
f 974/1952/310 363/2052/1528 1437/322/313
f 1048/2119/1885 969/492/477 1685/1291/1238
f 162/57/57 762/258/251 1476/1001/972
f 1307/410/399 1299/1582/1499 1943/1073/1038
f 1710/2289/867 1714/2290/1986 451/1813/868
f 1303/137/134 978/1155/1113 873/437/426
f 49/585/566 1237/584/565 1948/370/361
f 1951/2291/1987 198/1153/1111 1957/2058/1848
f 1762/1724/1620 198/2153/1111 1951/2292/1987
f 777/472/459 1979/1932/1770 1313/1902/1748
f 985/588/569 1861/2270/550 941/1532/1456
f 528/919/891 465/1836/1700 982/1783/1666
f 982/1783/1666 279/1044/1012 528/919/891
f 1920/810/789 1599/812/791 1198/1735/1629
f 68/566/548 1861/568/550 448/256/249
f 1970/439/428 1372/1250/1203 1185/2272/1973
f 1930/1784/1667 982/1783/1666 254/1486/1415
f 1183/518/501 1776/860/834 1364/227/220
f 996/2293/1988 1443/2294/496 1758/724/703
f 1763/793/772 1205/1839/1703 512/534/516
f 1246/1823/1692 972/2196/1932 341/1434/1367
f 1090/1318/1262 1150/1070/1035 467/1317/1261
f 94/525/508 1318/1608/1523 164/662/641
f 1318/1608/1523 750/696/675 164/662/641
f 953/1290/1237 1321/524/507 989/523/506
f 662/1386/1320 1099/2081/1860 366/730/709
f 990/1968/1509 130/251/244 556/2295/814
f 1126/249/242 130/251/244 990/1968/1509
f 360/809/788 384/1601/1517 1505/768/747
f 1635/807/786 360/809/788 1505/768/747
f 991/1964/1790 680/1229/1183 557/2256/1964
f 1/4/4 1529/9/9 1358/10/10
f 994/1024/994 1609/2296/1536 25/1166/1123
f 740/936/908 146/1455/1386 995/1720/1617
f 1154/2297/1486 1634/1170/1127 557/2256/1964
f 1099/2081/1860 996/2293/1988 366/730/709
f 422/2197/1933 603/1512/1440 1456/1513/1441
f 366/730/709 996/2293/1988 1758/724/703
f 1592/2099/1830 1314/2298/800 370/1930/1769
f 998/1007/978 1335/1859/1716 397/833/810
f 455/42/42 1766/51/51 200/2299/1989
f 455/42/42 5/44/44 1766/51/51
f 1432/2300/1990 521/1914/1053 1812/1753/1646
f 1432/2300/1990 1812/1753/1646 1884/950/922
f 104/337/328 933/1821/1690 425/334/325
f 1830/979/950 1259/2085/1863 1630/2214/1942
f 1333/635/615 999/634/614 117/400/389
f 187/309/300 284/308/299 379/1096/1060
f 284/308/299 1653/1026/996 379/1096/1060
f 1906/404/393 1320/403/392 179/955/927
f 1002/1618/1533 409/1104/1068 1648/1657/1564
f 270/1866/1722 777/472/459 1648/1657/1564
f 912/843/818 102/842/817 1780/1925/1764
f 1830/979/950 847/241/234 1400/240/233
f 1572/2301/1991 1677/1172/1129 1127/1171/1128
f 1355/191/187 958/193/189 1235/835/812
f 776/1610/1525 383/161/158 420/854/726
f 280/1186/1143 1003/974/946 519/1187/1144
f 1011/872/844 1015/1976/1795 1540/760/739
f 434/146/143 1819/2302/955 1006/2167/954
f 519/1187/1144 1003/974/946 1346/564/546
f 777/472/459 1002/1618/1533 1648/1657/1564
f 137/2056/1847 476/1873/1728 922/1874/1729
f 142/230/223 1178/1908/1752 1008/904/876
f 372/478/465 986/2303/1558 1725/479/466
f 1444/599/579 1880/2304/1182 1009/1060/1025
f 1684/1776/1541 1446/1775/964 1012/2305/1011
f 776/1610/1525 356/390/379 1013/389/378
f 722/1303/1250 1452/264/257 1709/310/301
f 218/1240/1194 722/1303/1250 1709/310/301
f 367/1640/1553 1424/1639/1552 1538/1797/1675
f 1525/767/746 1424/1639/1552 1159/1320/1264
f 1674/924/896 245/749/728 1723/1470/1399
f 1538/1797/1675 1525/767/746 107/1651/1560
f 1525/767/746 1538/1797/1675 1424/1639/1552
f 1826/1177/1134 1283/879/851 1032/2306/1992
f 518/1138/1098 1032/2306/1992 1283/879/851
f 1017/259/252 1030/709/688 1533/260/253
f 1017/259/252 1692/710/689 1030/709/688
f 1963/33/33 1754/35/35 1397/362/353
f 836/1801/1678 786/2307/1841 1018/90/88
f 1495/2258/1966 1908/2142/1902 1233/2308/1993
f 1960/87/85 214/2135/1898 1239/1054/1019
f 1397/362/353 1754/35/35 1266/1027/997
f 1397/362/353 1266/1027/997 1022/902/874
f 1239/1054/1019 214/2135/1898 719/1052/1017
f 1258/1205/1160 1058/120/117 1739/1018/989
f 1226/1674/1577 1137/619/599 1145/1424/1357
f 1363/1626/1540 707/1042/1010 602/2309/1662
f 1684/1627/1541 1363/1626/1540 602/2309/1662
f 1365/1352/1291 1300/2310/1994 865/1741/1634
f 644/823/802 1647/2072/1854 1028/1333/1276
f 1025/409/398 1459/300/291 1024/1148/1106
f 845/990/961 1886/1259/1209 595/989/960
f 1886/1259/1209 161/1258/1208 595/989/960
f 1938/81/79 1026/1929/1768 1014/79/77
f 667/1750/1643 1026/1929/1768 1938/81/79
f 1368/2182/1925 826/2180/1923 1768/1395/1329
f 1028/1333/1276 1029/1338/1279 1130/824/803
f 657/1076/1041 825/136/133 1524/138/135
f 96/2125/1890 1030/709/688 1769/1623/1538
f 551/1967/1773 837/2311/1446 548/452/439
f 1958/86/84 1351/1965/1791 1034/2138/1900
f 483/1973/1794 865/1741/1634 1698/770/749
f 1266/1027/997 1462/560/542 1022/902/874
f 1022/902/874 1462/560/542 79/582/563
f 1319/307/298 668/2088/1865 1595/2089/1866
f 810/282/274 958/193/189 352/192/188
f 1042/620/600 23/2312/1214 1832/2313/1215
f 1038/2314/1449 1317/746/725 175/649/629
f 1386/2315/1452 175/649/629 1971/2316/1435
f 149/982/953 1819/984/955 1884/950/922
f 1884/950/922 1819/984/955 1570/2317/1995
f 433/1918/180 1760/1904/1749 525/1919/1758
f 1938/81/79 1041/2318/1996 583/1751/1644
f 1041/2318/1996 923/1131/1091 583/1751/1644
f 44/1150/1108 396/20/20 225/19/19
f 1221/158/155 548/452/439 1051/2319/1997
f 1223/1535/1445 1051/2319/1997 548/452/439
f 169/2320/241 473/1840/240 1724/2321/337
f 1779/406/395 11/1620/1535 1222/78/76
f 1884/950/922 1570/2317/1995 1042/620/600
f 792/565/547 1043/2053/1844 225/19/19
f 1972/837/243 1048/2119/1885 556/838/814
f 90/80/78 74/2322/1998 1938/81/79
f 1938/81/79 74/2322/1998 1041/2318/1996
f 1585/203/199 1564/205/201 1563/2204/1936
f 24/159/156 1221/158/155 302/1884/1733
f 1716/347/338 911/739/718 1590/266/259
f 1716/347/338 1590/266/259 1594/268/261
f 833/65/65 1061/64/64 1047/1689/1591
f 1047/1689/1591 1061/64/64 10/70/70
f 1749/1032/1002 174/1031/1001 69/2323/484
f 138/892/864 317/1215/1170 1661/669/648
f 621/964/936 317/1215/1170 138/892/864
f 1050/1542/124 1191/1544/1463 1756/1586/1503
f 1756/1586/1503 1149/355/346 1050/1542/124
f 1049/1457/1388 1935/1462/1392 1939/937/909
f 608/312/303 92/2217/1943 1796/1645/1555
f 1052/2084/1862 1384/152/149 879/2227/1947
f 478/1092/1056 563/1091/1055 549/2324/1972
f 1148/1268/1218 424/2017/1820 1249/177/173
f 1148/1268/1218 1249/177/173 1789/1269/1219
f 1257/510/493 1664/1319/1263 1057/2325/575
f 834/1404/1337 976/1529/1325 677/2001/1326
f 1060/682/661 917/402/391 1906/404/393
f 573/683/662 1060/682/661 1906/404/393
f 86/1479/1408 1774/1481/1410 1394/1173/1130
f 1718/1480/1409 86/1479/1408 1394/1173/1130
f 1747/2155/1908 1064/1300/1247 1654/1332/1275
f 1249/177/173 1065/176/172 789/2188/1928
f 1065/1344/172 60/172/169 789/2190/1928
f 1708/517/500 1554/29/29 1741/971/943
f 796/1292/1239 1062/2014/1819 144/2156/1909
f 1685/1291/1238 796/1292/1239 144/2156/1909
f 424/2017/1820 1066/175/170 1249/177/173
f 1960/87/85 450/1811/1684 214/2135/1898
f 324/1421/1354 478/2074/1056 1355/191/187
f 640/2021/1824 88/1321/1265 1039/1787/1669
f 856/1846/1708 1069/1847/1709 261/2326/1393
f 1069/1847/1709 847/241/234 292/654/633
f 521/1089/1053 1432/2327/1990 1070/1489/1417
f 1542/2328/1584 516/1905/780 1644/1824/1582
f 1073/512/495 636/1064/1029 1458/1066/1031
f 477/1886/1735 296/1478/1407 1718/1480/1409
f 1075/2329/1798 983/1861/1718 960/40/40
f 407/1373/1307 983/1861/1718 926/2262/1968
f 1535/1935/1772 1629/1934/1771 1479/1272/1222
f 917/402/391 184/1429/1362 1076/1553/1472
f 1273/1180/1137 1426/1485/1414 1245/1179/1136
f 1452/264/257 1964/313/304 386/315/306
f 378/66/66 1964/313/304 1452/264/257
f 1427/1279/1228 1079/1263/1213 921/1278/1227
f 1079/1263/1213 1949/2223/1945 921/1278/1227
f 1407/143/140 362/2024/1825 648/2212/1940
f 1520/1629/1543 1549/1617/1532 1407/143/140
f 1077/898/870 832/911/883 1683/1407/1340
f 1505/768/747 384/1601/1517 572/769/748
f 939/794/773 3/940/912 913/939/911
f 683/1642/146 1431/2330/491 1082/850/825
f 1855/2331/1999 1083/2332/1828 352/192/188
f 1252/2333/2000 27/281/182 352/192/188
f 27/186/182 1252/2334/2000 604/178/174
f 953/1290/1237 1085/1079/1044 94/525/508
f 1723/1470/1399 1044/1167/1124 767/1818/1687
f 448/256/249 237/498/482 68/566/548
f 68/1048/548 1656/2335/2001 1565/1049/1014
f 562/918/890 534/917/889 129/1164/1121
f 1086/418/407 1497/2336/1827 1494/419/408
f 1497/2026/1827 1086/2337/407 648/2212/1940
f 1087/123/120 300/1488/100 207/116/114
f 1087/2338/120 207/221/114 1304/1893/1740
f 1318/1608/1523 1085/1079/1044 966/935/907
f 1087/123/120 39/2339/101 300/1488/100
f 1968/732/711 331/157/154 1780/1925/1764
f 473/1840/240 1089/88/86 1724/2321/337
f 468/2340/336 1089/88/86 1018/90/88
f 558/881/853 766/1401/1335 1481/878/850
f 815/2200/1934 1965/1966/1774 548/452/439
f 1441/1121/1081 1091/1508/1436 1658/1033/1003
f 38/293/284 262/291/282 375/294/285
f 1216/1630/1544 1093/1615/1530 1520/1629/1543
f 1520/1629/1543 1093/1615/1530 1549/1617/1532
f 1097/522/505 157/988/959 1092/817/796
f 1970/439/428 1185/2272/1973 590/2004/1811
f 1441/1121/1081 593/1524/1451 1098/1525/1450
f 1441/1121/1081 1098/1525/1450 1971/1507/1435
f 1099/2081/1860 658/2341/533 1443/2294/496
f 996/2293/1988 1099/2081/1860 1443/2294/496
f 333/695/674 1100/253/246 1473/316/307
f 1883/187/183 749/2342/2002 1102/2160/1910
f 1102/2157/1910 749/2343/2002 1037/637/617
f 544/325/316 1104/371/362 1119/373/364
f 127/610/590 1682/609/589 1352/999/970
f 802/69/69 1859/68/68 1584/2344/2003
f 1083/2027/1828 1855/2345/1999 1311/1646/1556
f 1311/1646/1556 1855/2345/1999 1395/2151/1906
f 1109/1996/1574 576/680/659 1107/1994/1807
f 575/1670/458 1109/1671/1574 1107/2346/1807
f 554/733/712 31/804/783 1801/677/656
f 847/241/234 1630/2214/1942 540/1946/1780
f 1108/969/941 31/804/783 554/733/712
f 791/2347/2004 1800/2348/1475 1111/2349/1476
f 1287/1198/1153 1756/1586/1503 885/1199/1154
f 25/1166/1123 1609/2296/1536 1800/2348/1475
f 91/1119/1079 909/1118/1078 191/1490/1418
f 450/1811/1684 729/1843/1706 901/1090/1054
f 1110/526/509 860/661/640 453/597/577
f 1111/1557/1476 1800/1556/1475 272/407/396
f 463/1699/1601 1112/1354/1293 1138/2047/1843
f 1138/2047/1843 1112/1354/1293 277/2191/1929
f 1696/411/400 542/985/956 798/1684/1586
f 1696/411/400 798/1684/1586 1072/5/5
f 672/2101/1874 1833/2350/1849 1114/1867/1723
f 1115/2351/1641 639/2059/1642 1581/1989/1802
f 1115/2351/1641 1581/1989/1802 1786/1988/1801
f 1482/2118/1884 665/2352/1539 785/2117/1883
f 569/1128/1088 1643/880/852 1826/1177/1134
f 785/2353/1883 1684/1627/1541 1012/2354/1011
f 785/2353/1883 665/1625/1539 1684/1627/1541
f 940/774/753 535/851/826 1088/1275/1225
f 938/752/731 535/851/826 940/774/753
f 698/1891/1738 1530/1084/1049 1084/444/433
f 1209/901/873 1120/1102/1066 184/1429/1362
f 1617/245/238 243/147/144 1006/2167/954
f 1627/1085/1050 1122/1087/1 1184/1805/1680
f 1953/651/453 753/417/406 1123/284/276
f 533/540/522 1284/1412/1345 1237/584/565
f 971/1289/1236 1237/584/565 1284/1412/1345
f 1124/2193/1312 1733/1566/198 801/2355/1314
f 1124/1378/1312 801/2356/1314 1887/1379/1313
f 1572/2301/1991 1127/1171/1128 2090/2357/2005
f 526/133/130 2084/2358/2006 2116/1850/1710
f 54/1039/1007 1633/884/856 177/1040/1008
f 1813/776/755 1663/775/754 163/1911/1755
f 311/1162/1119 1599/812/791 120/1161/1118
f 380/2154/1907 708/2129/1894 759/2163/1913
f 759/2163/1913 708/2129/1894 992/2128/1893
f 1131/1963/1789 204/1607/1522 1163/1941/1777
f 1163/1941/1777 204/1607/1522 848/1163/1120
f 1660/855/829 133/1766/1656 1097/522/505
f 308/1598/1514 2090/2357/2005 1127/1171/1128
f 2090/2357/2005 2064/2359/2007 1572/2301/1991
f 133/1766/1656 1660/855/829 54/1039/1007
f 1131/2109/1789 505/875/847 220/2360/1741
f 1132/1236/1190 1608/2361/1471 334/2148/1470
f 1135/2205/1937 1564/1641/201 131/751/730
f 1674/924/896 1301/528/510 1675/750/729
f 1133/2140/1385 1147/2362/2008 1741/971/943
f 1966/970/942 1147/2363/2008 1133/1454/1385
f 1422/1405/1338 1042/620/600 1234/1425/1358
f 1937/95/93 1234/1425/1358 1137/619/599
f 959/349/340 1134/348/339 1619/1021/992
f 1141/286/278 48/2179/1922 781/287/279
f 316/572/554 91/1119/1079 676/1506/1434
f 304/1459/1390 726/1458/1389 597/1165/1122
f 520/1704/1604 1821/771/750 757/1208/1163
f 708/2129/1894 380/2154/1907 1876/207/203
f 1926/808/787 1635/807/786 119/340/331
f 308/1598/1514 1672/1503/1431 2116/1850/1710
f 2089/2364/2009 2096/2365/2010 2116/1850/1710
f 2096/2365/2010 308/1598/1514 2116/1850/1710
f 309/62/62 911/739/718 1905/738/717
f 2089/2364/2009 2116/1850/1710 2054/2366/2011
f 308/1598/1514 2096/2365/2010 2095/2367/2012
f 1687/1875/1730 717/1505/1433 1574/1707/1607
f 1454/2253/1963 1138/2047/1843 277/2191/1929
f 175/649/629 1152/1252/1204 89/1335/1277
f 89/1334/1277 1152/2368/1204 1141/286/278
f 1133/2140/1385 1741/971/943 1367/28/28
f 1367/28/28 1741/971/943 1554/29/29
f 1140/1491/1419 1713/858/832 730/2007/447
f 1140/1491/1419 1257/596/493 1713/858/832
f 1952/617/597 1141/286/278 1139/618/598
f 1027/536/518 844/535/517 1142/1428/1361
f 1143/829/806 1504/1106/1070 846/778/757
f 236/1688/1590 137/2056/1847 1751/1310/1257
f 137/2056/1847 922/1874/1729 1751/1310/1257
f 1988/2369/1615 756/972/944 1741/971/943
f 123/450/437 1844/1328/1271 871/451/438
f 1844/1789/1271 376/1322/1266 871/2370/438
f 1180/1270/1220 803/1387/1321 1148/1268/1218
f 1546/2018/1821 424/2017/1820 1148/1268/1218
f 275/2112/1880 1771/2111/1879 1896/929/901
f 861/655/634 1540/760/739 24/159/156
f 1460/1221/1175 1876/207/203 380/2154/1907
f 1460/1221/1175 380/2154/1907 162/57/57
f 1139/618/598 1141/286/278 1152/2368/1204
f 768/1396/1330 1385/1058/1023 1726/58/58
f 794/511/494 832/911/883 494/910/882
f 1922/1970/1793 444/1807/1682 1154/1569/1486
f 1156/976/948 1002/1618/1533 171/1015/986
f 178/977/949 1156/976/948 171/1015/986
f 678/2100/1873 1833/2063/1849 672/2371/1874
f 908/2372/1376 678/2100/1873 672/2371/1874
f 1881/1326/585 817/1325/1269 1513/1358/1295
f 1158/1819/1688 1864/944/916 718/1502/1430
f 705/1487/1416 1160/156/153 1482/2118/1884
f 1161/621/601 116/1495/1423 838/624/604
f 466/2108/1878 1730/2161/1911 429/1235/1189
f 427/642/622 402/2065/1851 1730/2161/1911
f 515/188/184 1412/190/186 525/1919/1758
f 1269/1958/1786 1162/1160/1117 1268/959/931
f 629/2054/1845 1131/1963/1789 1163/1941/1777
f 1646/1114/1074 1132/1236/1190 739/1777/886
f 1588/425/414 663/52/52 820/427/416
f 1166/384/373 346/1575/1492 1956/1633/1547
f 862/1588/1505 1956/1633/1547 346/1575/1492
f 1128/1939/1775 1163/1941/1777 319/1962/1788
f 1379/1427/1360 285/169/166 1167/1469/1398
f 1701/2373/1967 1233/2374/1993 1169/2130/1895
f 1495/2258/1966 1233/2308/1993 1701/2260/1967
f 1762/1724/1620 509/1738/1631 418/1416/1349
f 418/1416/1349 509/1738/1631 960/40/40
f 896/1051/1016 233/503/486 1731/22/22
f 1935/1462/1392 1170/1126/1086 1939/937/909
f 864/846/821 1170/1126/1086 1935/1462/1392
f 217/1778/1663 1794/2375/2013 739/1777/886
f 1534/1673/1576 1942/781/760 1532/516/499
f 1233/2308/1993 1239/1054/1019 1522/2376/2014
f 483/1973/1794 1233/2374/1993 1522/2377/2014
f 811/443/432 698/1891/1738 1084/444/433
f 1951/2292/1987 509/1738/1631 1762/1724/1620
f 81/559/541 79/582/563 1462/560/542
f 1588/425/414 1181/476/463 663/52/52
f 577/424/413 1181/476/463 1588/425/414
f 1521/628/608 87/1533/1457 1121/848/823
f 834/1404/1337 1174/392/381 1954/465/452
f 90/80/78 466/2108/1878 1176/1837/1701
f 90/80/78 1176/1837/1701 74/2322/1998
f 862/1588/1505 1761/1634/1548 1956/1633/1547
f 1179/703/682 599/670/649 773/2176/1921
f 1670/515/498 1686/41/41 585/1665/1569
f 1310/39/39 1686/41/41 1670/515/498
f 1177/2171/1918 914/1857/1714 1631/1628/1542
f 1747/2155/1908 1607/2121/1887 1177/2171/1918
f 1973/658/637 406/900/872 628/644/624
f 732/980/951 1812/2378/1646 1353/981/952
f 1178/1908/1752 695/1511/1439 508/905/877
f 1410/1781/1664 276/1484/1413 369/1483/1412
f 810/282/274 1037/637/617 117/400/389
f 694/270/263 1689/713/692 72/269/262
f 1958/86/84 1182/85/83 625/343/334
f 1197/275/268 104/337/328 1815/336/327
f 986/1949/1558 1183/518/501 1657/1947/1781
f 703/1011/982 1961/1747/1640 1193/2126/1891
f 1066/173/170 403/2379/1611 50/174/171
f 424/2380/1820 403/2379/1611 1066/173/170
f 1450/1806/1681 53/1419/1352 1184/1805/1680
f 1627/1085/1050 1184/1805/1680 53/1419/1352
f 274/616/596 53/1419/1352 1250/631/611
f 1003/974/946 53/1419/1352 274/616/596
f 1527/589/570 601/1151/1109 44/1150/1108
f 625/343/334 1411/2042/1840 1188/1342/1282
f 1725/479/466 889/1703/1603 1519/162/159
f 210/477/464 1725/479/466 1519/162/159
f 80/573/555 1456/1513/1441 1126/249/242
f 1266/1027/997 1754/35/35 46/926/898
f 975/131/128 1054/128/125 56/643/623
f 761/222/216 1201/864/476 1190/1693/1595
f 1190/1693/1595 1501/2381/1149 1215/1194/1151
f 276/1484/1413 1410/1781/1664 1191/1544/1463
f 329/1543/1462 276/1484/1413 1191/1544/1463
f 253/1071/1036 1909/1297/1244 1194/1176/1133
f 513/2382/1080 1088/1275/1225 587/2006/1421
f 311/1162/1119 347/1136/1096 816/368/359
f 1501/2381/1149 1190/1693/1595 1201/864/476
f 541/863/837 1501/2381/1149 1201/864/476
f 1198/1735/1629 1590/266/259 911/739/718
f 1357/1435/1368 790/819/798 1592/2029/1830
f 790/819/798 1314/821/800 1592/2029/1830
f 1917/571/553 1456/1513/1441 80/573/555
f 1917/571/553 1021/570/552 1456/1513/1441
f 1526/1858/1715 1427/1279/1228 1289/1239/1193
f 201/797/776 442/795/774 481/533/515
f 1516/1282/1231 98/1283/1232 1933/1281/1230
f 1447/1233/1187 1558/506/489 840/505/488
f 769/2383/1836 1442/1253/1205 765/1465/1394
f 1442/1253/1205 1323/2384/1826 63/2216/1531
f 191/1490/1418 1203/1081/1046 1255/2207/1938
f 900/1895/1742 888/2234/1952 883/27/27
f 883/27/27 1558/506/489 900/1895/1742
f 1877/2137/1899 677/2001/1326 574/1991/1804
f 748/92/90 865/1741/1634 719/1975/1017
f 1041/2318/1996 1205/1839/1703 923/1131/1091
f 1763/793/772 1773/1383/1317 1205/1839/1703
f 562/918/890 129/1164/1121 685/140/137
f 1176/1837/1701 1206/2218/1944 74/2322/1998
f 1041/2318/1996 74/2322/1998 1206/2218/1944
f 1297/2170/632 1745/1955/1784 1494/419/408
f 1793/1200/1155 1238/467/454 1862/1203/1158
f 849/255/248 139/1451/1382 482/1916/1757
f 482/2385/1757 522/1809/1381 1211/1917/1713
f 1206/2218/1944 1205/1839/1703 1041/2318/1996
f 588/328/319 1551/667/646 1661/669/648
f 1211/1855/1713 849/255/248 482/1916/1757
f 1211/1855/1713 448/256/249 849/255/248
f 533/540/522 1237/584/565 1212/541/523
f 566/672/651 788/668/647 43/416/405
f 1486/1594/1510 1214/1595/1511 128/2034/1835
f 483/1973/1794 1169/2130/1895 1233/2374/1993
f 992/2128/1893 1169/2130/1895 483/1973/1794
f 556/838/814 1048/2119/1885 1214/1595/1511
f 645/1444/1375 1531/1442/148 1218/1635/129
f 680/1229/1183 991/1964/1790 220/1894/1741
f 172/633/613 887/1288/1235 999/634/614
f 1732/1191/1148 1430/1558/1477 1229/1168/1125
f 981/1158/1115 1512/2022/1803 687/283/275
f 687/283/275 961/1159/1116 981/1158/1115
f 1051/2319/1997 302/1884/1733 1221/158/155
f 892/2194/1930 1380/2195/1931 1932/1520/1447
f 1380/2195/1931 1584/2386/2003 1932/1520/1447
f 1051/2319/1997 1223/1535/1445 1053/1201/1156
f 302/1884/1733 1051/2319/1997 1053/1201/1156
f 837/2311/1446 1223/1535/1445 548/452/439
f 1493/530/512 1232/2387/1962 1151/1311/561
f 1430/1558/1477 335/1560/1479 1229/1168/1125
f 1225/802/781 1611/494/479 1125/803/782
f 1217/507/490 1227/1790/1671 185/23/23
f 1537/2175/1920 780/1864/1721 1228/304/295
f 1586/1243/1197 668/2088/1865 997/1241/1195
f 841/575/557 554/733/712 807/734/713
f 1234/1425/1358 1042/620/600 1137/619/599
f 1056/1808/1683 888/2234/1952 596/1315/1260
f 490/790/769 1182/85/83 1640/2032/1833
f 1575/2251/1961 1232/2252/1962 1224/1394/1328
f 215/1562/1481 746/1038/1006 1631/1628/1542
f 450/1811/1684 901/1090/1054 456/1812/1685
f 456/1812/1685 901/1090/1054 1836/1124/1084
f 1728/780/759 662/1386/1320 259/773/752
f 1355/191/187 1235/835/812 957/2285/1984
f 1235/835/812 607/539/521 957/2285/1984
f 1862/1203/1158 1796/1645/1555 1326/1957/1785
f 1862/1203/1158 165/469/456 1796/1645/1555
f 1486/1594/1510 128/2034/1835 510/1887/1736
f 1067/1798/1676 282/2388/121 1515/2389/2015
f 1109/1671/1574 1484/1669/1573 1240/743/722
f 1861/568/550 985/2390/569 1184/2391/1680
f 453/597/577 860/661/640 152/960/932
f 354/598/578 453/597/577 152/960/932
f 1465/398/387 964/397/386 1243/1563/1482
f 1067/1798/1676 1244/1869/1725 282/2388/121
f 1244/1869/1725 657/1936/1041 993/2210/1179
f 1245/1179/1136 1104/371/362 544/325/316
f 1842/94/92 1651/1546/1465 1247/206/202
f 1852/1238/1192 943/1189/1146 1369/1231/1185
f 1852/1238/1192 1369/1231/1185 1190/1693/1595
f 1121/848/823 1106/1045/420 357/514/497
f 1888/1913/1756 239/1329/1272 823/544/526
f 1248/1050/1015 98/1283/1232 1261/1149/1107
f 259/773/752 846/778/757 1728/780/759
f 949/1661/1567 213/1219/1173 727/1218/1172
f 1083/2332/1828 1252/2333/2000 352/192/188
f 604/178/174 1252/2334/2000 1083/2027/1828
f 1260/699/678 1253/952/924 1818/700/679
f 1254/2030/1831 589/272/265 1263/271/264
f 917/402/391 1209/901/873 184/1429/1362
f 1761/1634/1548 862/1588/1505 293/1468/1397
f 1240/743/722 1484/1669/1573 1209/901/873
f 592/1195/840 1256/2392/2016 209/1196/1145
f 1256/2393/2016 1863/302/293 209/1188/1145
f 1616/737/716 470/786/765 722/1303/1250
f 1259/2085/1863 1830/979/950 1353/981/952
f 1894/1854/1712 1889/2394/2017 1357/1435/1368
f 1261/1149/1107 601/1151/1109 1248/1050/1015
f 182/1792/195 825/136/133 1262/2395/1672
f 441/2396/2018 1262/2395/1672 825/136/133
f 1264/399/388 1213/401/390 958/193/189
f 1265/1943/1779 978/1155/1113 1303/137/134
f 432/1773/1191 978/1155/1113 1265/1943/1779
f 90/80/78 427/642/622 466/2108/1878
f 466/2108/1878 427/642/622 1730/2161/1911
f 139/1451/1382 1761/1634/1548 293/1468/1397
f 1537/2175/1920 774/1953/1783 780/1864/1721
f 813/784/763 711/798/777 887/1288/1235
f 330/37/37 1281/745/724 1279/1433/1366
f 82/1580/1497 385/622/602 28/1385/1319
f 565/1579/1496 385/622/602 82/1580/1497
f 329/1541/1462 1050/127/124 853/126/123
f 434/146/143 1274/2397/2019 1570/2398/1995
f 1267/1885/1734 202/380/369 129/1164/1121
f 877/1178/1135 349/1756/1649 422/2197/1933
f 1334/2092/1869 640/2021/1824 1272/2093/1870
f 1129/1022/993 1478/1860/1717 141/554/536
f 56/643/623 1273/1180/1137 975/131/128
f 1274/2399/2019 23/2312/1214 1042/620/600
f 23/1264/1214 1274/2397/2019 434/146/143
f 1985/1647/1557 1275/1204/1159 12/1206/1161
f 1306/2400/2020 581/1141/1101 30/1140/1100
f 30/1140/1100 708/2129/1894 1306/2400/2020
f 1277/118/115 1638/121/118 408/119/116
f 2108/2235/1953 1638/121/118 1277/118/115
f 2109/2401/2021 1638/121/118 2108/2235/1953
f 18/101/99 1638/121/118 2109/2401/2021
f 1579/2402/2022 212/208/204 1824/2403/1800
f 1767/2404/854 1280/1534/1458 1009/1060/1025
f 1106/431/420 1280/2405/1458 1767/882/854
f 459/1820/1689 1036/874/846 1767/882/854
f 410/82/80 1990/2019/1822 109/83/81
f 410/82/80 892/2194/1930 319/1962/1788
f 1281/745/724 1839/586/567 1366/1431/1364
f 1465/398/387 1243/1563/1482 215/1562/1481
f 1272/2093/1870 640/2021/1824 1466/2013/1818
f 246/488/427 1541/441/430 1975/440/429
f 325/1439/1372 743/1399/1333 1791/1920/1759
f 1284/1412/1345 966/935/907 1195/1078/1043
f 1288/2406/2023 581/1141/1101 1306/2400/2020
f 1286/1143/1103 581/1145/1101 1288/2407/2023
f 1290/779/758 1850/1822/1691 1728/780/759
f 1291/2408/2024 1286/1143/1103 1288/2407/2023
f 1296/2409/2025 1288/2406/2023 1306/2400/2020
f 1578/209/205 1296/2409/2025 1306/2400/2020
f 1876/207/203 1578/209/205 1306/2400/2020
f 32/1538/1461 1292/1574/1491 1344/1536/1459
f 1055/381/370 1295/577/559 1016/576/558
f 1578/209/205 1291/2410/2024 1296/2409/2025
f 1291/2408/2024 1288/2407/2023 1296/2411/2025
f 545/1981/1168 555/2412/1167 1745/2413/1784
f 1298/233/226 1399/1095/1059 1480/1599/1515
f 1300/2310/1994 1365/1352/1291 1632/711/690
f 1740/493/478 173/606/586 1611/494/479
f 1785/527/377 747/1760/1652 1301/528/510
f 889/1703/1603 504/163/160 1519/162/159
f 889/1703/1603 1725/479/466 1491/252/245
f 38/293/284 225/19/19 1349/18/18
f 896/1051/1016 1401/2266/1970 1516/1282/1231
f 742/1406/1339 1937/95/93 1693/2020/1823
f 1979/1932/1770 777/472/459 370/1930/1769
f 1647/2072/1854 224/2062/1422 1678/2203/1855
f 664/688/667 65/386/375 176/587/568
f 1214/1595/1511 990/1593/1509 556/838/814
f 340/1528/1453 352/192/188 1355/191/187
f 1708/517/500 1310/39/39 1670/515/498
f 1312/2257/1965 920/2259/1916 1035/2414/1915
f 836/1801/1678 235/1800/1677 1411/2415/1840
f 786/2307/1841 836/1801/1678 1411/2415/1840
f 1979/1932/1770 472/1271/1221 1313/1902/1748
f 1314/821/800 1743/820/799 1373/1521/1448
f 1494/419/408 1486/1594/1510 1448/1223/1177
f 1319/307/298 187/309/300 528/919/891
f 1636/455/442 984/1755/1648 1418/2416/2026
f 1540/760/739 1015/1976/1795 24/159/156
f 1957/2058/1848 1418/2416/2026 1581/1989/1802
f 1952/617/597 48/2179/1922 1141/286/278
f 1340/777/756 1485/731/710 854/1411/1344
f 1442/1253/1205 769/2383/1836 1323/2384/1826
f 9/277/270 1799/543/525 893/235/228
f 1114/1867/1723 270/2417/1722 1325/470/457
f 1328/707/686 196/915/887 1916/708/687
f 630/626/606 1557/1426/1359 306/213/209
f 965/329/320 1294/563/545 1329/327/318
f 1294/563/545 297/414/403 1329/327/318
f 71/430/419 248/1351/1290 1193/2126/1891
f 71/430/419 1193/2126/1891 1961/1747/1640
f 1330/2091/1868 674/2418/1867 158/2419/1639
f 674/2090/1867 1332/1247/1013 71/430/419
f 1334/2092/1869 682/2104/1877 689/2420/1881
f 612/1637/1550 1449/604/584 1208/603/583
f 1173/342/333 1926/808/787 119/340/331
f 2098/1879/104 2109/2421/2021 2099/125/122
f 1157/220/215 1339/219/113 2099/125/122
f 1408/1413/1346 1764/1899/1745 868/1901/1747
f 1711/1474/1403 1867/1473/1402 875/1067/1032
f 1026/1929/1768 1711/1474/1403 875/1067/1032
f 223/217/213 1343/155/152 331/157/154
f 1338/2103/1876 1334/2092/1869 1449/2094/584
f 2098/2422/104 1339/115/113 287/117/102
f 2099/125/122 1339/219/113 2098/1879/104
f 1408/1413/1346 236/1688/1590 1764/1899/1745
f 7/729/708 1485/731/710 1340/777/756
f 144/2156/1909 1062/2014/1819 1342/920/892
f 1062/2014/1819 268/1678/1581 1342/920/892
f 128/2034/1835 144/2156/1909 932/922/894
f 144/2156/1909 1342/920/892 932/922/894
f 1347/2201/1935 818/1825/1693 1048/2119/1885
f 1735/2423/1829 818/1825/1693 1347/2201/1935
f 1610/1217/342 635/867/839 1341/1817/1565
f 1913/1466/1395 1926/808/787 1173/342/333
f 1820/3/3 1895/2286/322 1350/2424/1985
f 1350/2287/1985 83/2276/1977 1359/2275/1976
f 1735/2423/1829 1644/1824/1582 818/1825/1693
f 1634/1170/1127 1000/948/920 204/1607/1522
f 991/1964/1790 1634/1170/1127 204/1607/1522
f 472/1271/1221 1535/1935/1772 1479/1272/1222
f 1050/2425/124 17/2426/1619 1354/1851/1353
f 1354/1851/1353 17/2426/1619 1429/2243/1618
f 1054/128/125 1050/127/124 1355/191/187
f 1759/2427/1889 376/1956/1266 699/1666/1570
f 871/1313/438 376/2428/1266 1759/2124/1889
f 1916/708/687 196/915/887 816/368/359
f 1350/2424/1985 1359/2429/1976 1820/3/3
f 1946/579/401 1820/3/3 1359/2429/1976
f 1054/128/125 1355/191/187 957/2285/1984
f 1962/1745/1638 767/1818/1687 1859/68/68
f 1364/227/220 1776/860/834 1508/862/836
f 79/582/563 447/951/923 1260/699/678
f 1362/762/741 110/765/744 933/1821/1690
f 368/2430/2027 1608/2361/1471 1132/1236/1190
f 1135/2431/1937 368/2430/2027 1132/1236/1190
f 1364/227/220 1508/862/836 67/2432/1766
f 1364/227/220 67/2432/1766 1797/2433/1765
f 1142/1428/1361 1929/930/902 1027/536/518
f 50/174/171 891/1305/1252 1784/2434/1871
f 1368/2435/1925 50/174/171 826/2436/1923
f 1130/824/803 1077/898/870 553/897/869
f 1993/2437/1957 530/2438/1956 1535/1935/1772
f 663/52/52 455/42/42 200/2299/1989
f 455/42/42 663/52/52 1181/476/463
f 1379/1427/1360 1845/1971/1166 1370/170/167
f 1845/1211/1166 232/421/410 1370/1712/167
f 1476/1001/972 1747/2155/1908 734/166/163
f 1185/2272/1973 1372/1250/1203 452/2005/1812
f 416/1762/1653 1489/2083/1861 970/1768/1658
f 1509/1695/1597 1489/2083/1861 416/1762/1653
f 1314/2298/800 1373/1931/1448 370/1930/1769
f 280/1186/1143 374/1655/2 443/1086/1051
f 1833/2350/1849 1374/2439/461 1114/1867/1723
f 944/2440/1974 1420/301/292 1810/2441/1975
f 1376/727/706 1375/1197/1152 944/2273/1974
f 1376/727/706 592/1195/840 1375/1197/1152
f 503/1708/1608 196/915/887 401/1012/983
f 1377/365/356 1679/364/355 885/2442/1154
f 1377/365/356 885/2442/1154 1874/2443/1602
f 1924/164/161 1379/1427/1360 827/165/162
f 448/256/249 1184/2391/1680 1122/1/1
f 1184/2391/1680 448/256/249 1861/568/550
f 1380/2444/1931 802/69/69 1584/2344/2003
f 1381/996/967 454/995/966 751/1368/1303
f 1476/1001/972 762/258/251 1747/2155/1908
f 1736/429/418 700/442/431 61/2127/1892
f 214/2135/1898 1836/1124/1084 1383/2136/91
f 1038/1522/1449 1386/2445/1452 1098/1523/1450
f 1038/2314/1449 175/649/629 1386/2315/1452
f 1481/878/850 766/1401/1335 655/2222/1856
f 732/2446/951 392/1961/1787 1744/2447/1647
f 658/2341/533 1387/2448/314 1443/2294/496
f 658/2341/533 1396/2449/2028 1944/2450/312
f 1383/2136/91 1836/1124/1084 1331/2145/89
f 748/92/90 405/1727/1623 1391/356/347
f 1392/1578/1495 906/214/210 344/1467/1396
f 1392/1578/1495 344/1467/1396 295/1476/1405
f 1887/1779/1313 538/1374/1308 886/1780/1097
f 1394/1173/1130 1700/623/603 385/622/602
f 392/1961/1787 732/2446/951 1919/2451/1903
f 1395/2151/1906 13/296/287 1311/1646/1556
f 457/2452/49 1944/2450/312 1396/2449/2028
f 1655/1107/532 633/50/50 457/49/49
f 1001/1222/1176 1168/1061/1026 829/1314/1259
f 1183/518/501 986/1949/1558 1776/860/834
f 1853/232/225 906/214/210 1399/1095/1059
f 1400/1960/233 392/1961/1787 1919/2451/1903
f 906/214/210 1557/1426/1359 1399/1095/1059
f 1516/1282/1231 1401/2266/1970 1308/21/21
f 1731/22/22 1308/21/21 1401/2266/1970
f 427/642/622 1014/79/77 402/2065/1851
f 1404/2115/1009 689/2114/1881 828/2116/1882
f 1404/1041/1009 1334/2092/1869 689/2420/1881
f 209/1188/1145 1420/301/292 1375/2453/1152
f 1375/2453/1152 1420/301/292 944/2440/1974
f 1552/144/141 1407/143/140 648/2212/1940
f 1482/2118/1884 1160/156/153 1052/2454/1862
f 1160/156/153 381/1663/1188 1052/2454/1862
f 928/1415/1348 294/1909/1753 137/2056/1847
f 294/1909/1753 928/1415/1348 536/1736/1630
f 648/2212/1940 1086/2337/407 1552/144/141
f 925/1002/973 1789/1269/1219 197/55/55
f 590/2004/1811 197/55/55 1789/1269/1219
f 1164/1017/988 1588/425/414 1736/429/418
f 886/1780/1097 538/1374/1308 1410/1781/1664
f 873/437/426 1890/436/425 1524/138/135
f 1411/2042/1840 235/2455/1677 1188/1342/1282
f 1412/190/186 1302/1069/1034 525/1919/1758
f 112/1152/1110 1636/455/442 1957/2058/1848
f 137/2056/1847 294/1909/1753 476/1873/1728
f 1483/354/345 868/1901/1747 813/784/763
f 26/181/177 1246/1823/1692 1416/182/178
f 62/113/111 2099/125/122 2028/2456/2029
f 41/826/707 1420/301/292 626/303/294
f 1376/727/706 1810/2274/1975 41/728/707
f 1735/2028/1829 1347/2457/1935 1972/250/243
f 1126/249/242 1735/2028/1829 1972/250/243
f 1756/1586/1503 721/1376/1310 885/1199/1154
f 680/1229/1183 915/2254/1792 557/2256/1964
f 703/1011/982 1193/2126/1891 244/1350/1289
f 1617/245/238 1421/244/237 243/147/144
f 1421/244/237 1245/1179/1136 243/147/144
f 1483/354/345 1408/1413/1346 868/1901/1747
f 384/1601/1517 1081/889/861 1116/891/863
f 360/809/788 1081/889/861 384/1601/1517
f 1365/1352/1291 748/92/90 1423/888/860
f 398/549/531 1428/1129/1089 569/1128/1088
f 1835/640/620 1770/1423/1356 339/1266/1216
f 45/834/811 1770/1423/1356 1835/640/620
f 1426/1485/1414 1511/1770/1660 1245/1179/1136
f 880/641/621 1835/640/620 339/1266/1216
f 1289/1239/1193 1427/1279/1228 921/1278/1227
f 1871/1157/1114 1448/1223/1177 1457/231/224
f 1391/356/347 405/1727/1623 1429/1721/1618
f 1624/2458/1083 405/1727/1623 1838/1726/1622
f 1135/2205/1937 131/751/730 368/2459/2027
f 1608/1552/1471 131/751/730 135/870/842
f 1245/1179/1136 1511/1770/1660 1104/371/362
f 715/2133/1897 1822/2460/2030 1884/950/922
f 1070/1489/1417 1822/2461/2030 715/2198/1897
f 1132/1236/1190 334/2148/1470 217/1778/1663
f 1433/2462/1606 1974/1660/1566 615/1664/1568
f 1955/2213/1941 844/535/517 1974/1660/1566
f 1082/850/825 1431/2330/491 1257/596/493
f 1316/830/807 1352/999/970 1219/46/46
f 1434/2463/2031 1883/187/183 1192/180/176
f 749/2342/2002 1883/187/183 1434/2463/2031
f 615/1662/1568 1343/155/152 1435/1814/1686
f 655/2222/1856 20/1377/1311 1436/876/848
f 1444/599/579 1009/1060/1025 203/600/580
f 98/1283/1232 1943/1073/1038 1514/1583/1500
f 947/663/642 269/210/206 348/1372/1306
f 1180/1270/1220 1923/1388/1322 803/1387/1321
f 1714/2290/1986 883/27/27 451/1813/868
f 1954/465/452 1174/392/381 36/72/72
f 1251/279/272 1606/758/737 421/757/736
f 797/744/723 1911/2003/1810 421/757/736
f 1918/1249/1202 1928/486/473 1460/1221/1175
f 26/181/177 972/2196/1932 1246/1823/1692
f 139/1451/1382 1710/895/867 531/894/866
f 1405/1799/1324 1067/1798/1676 1101/2464/485
f 1758/724/703 1446/1775/964 602/1774/1662
f 907/593/574 1536/592/573 1080/766/745
f 193/396/385 914/1857/1714 1879/496/481
f 1443/513/496 1567/1047/965 1446/2465/964
f 1446/1775/964 1758/724/703 1443/2294/496
f 237/1316/482 216/1232/1186 1622/2466/487
f 900/1895/1742 1558/506/489 1447/1233/1187
f 631/831/808 6/48/48 5/44/44
f 5/44/44 322/43/43 631/831/808
f 1449/2094/584 817/1325/1269 229/1324/1268
f 518/1138/1098 1753/1472/1401 206/1928/1767
f 260/590/571 53/1419/1352 1450/1806/1681
f 260/590/571 1450/1806/1681 985/588/569
f 399/295/286 1451/265/258 722/1303/1250
f 1164/1017/988 1078/840/815 1023/1769/1659
f 810/282/274 1264/399/388 958/193/189
f 277/2191/1929 283/2132/1896 1454/2253/1963
f 283/2132/1896 1896/929/901 1454/2253/1963
f 1360/1568/1485 1187/1567/1484 1797/1926/1765
f 282/2388/121 1244/1869/1725 993/2210/1179
f 1194/1176/1133 1074/687/666 1455/909/881
f 93/614/594 240/679/658 480/612/592
f 1194/1176/1133 1455/909/881 253/1071/1036
f 441/2467/2018 1244/1869/1725 47/197/193
f 441/2467/2018 47/197/193 1262/1793/1672
f 1839/586/567 1911/2003/1810 1366/1431/1364
f 714/957/929 688/956/928 367/1640/1553
f 1881/605/585 1449/604/584 229/2468/1268
f 204/1607/1522 742/1406/1339 848/1163/1120
f 1464/947/919 394/946/918 1743/820/799
f 1737/1381/1315 1464/947/919 1743/820/799
f 1640/2032/1833 1908/2142/1902 1477/2033/1834
f 1167/1469/1398 925/1002/973 827/165/162
f 925/1002/973 1476/1001/972 827/165/162
f 1698/770/749 1300/2310/1994 1632/711/690
f 854/1411/1344 851/1382/1316 1929/930/902
f 597/1165/1122 726/1458/1389 1834/1034/1004
f 1697/987/958 1778/986/957 156/484/471
f 848/1163/1120 742/1406/1339 1693/2020/1823
f 848/1163/1120 1693/2020/1823 1247/206/202
f 2051/1877/1731 2098/106/104 2111/105/103
f 1554/29/29 1942/781/760 1469/613/593
f 1032/2306/1992 518/1138/1098 206/1928/1767
f 1778/986/957 1470/130/127 1356/129/126
f 249/1353/1292 1376/727/706 697/2122/1888
f 941/1532/1456 326/2271/549 601/1151/1109
f 22/464/451 1639/1907/1751 1801/677/656
f 1605/697/676 1801/677/656 1639/1907/1751
f 414/60/60 1920/810/789 1198/1735/1629
f 1821/771/750 411/1910/1754 1473/316/307
f 411/1910/1754 486/317/308 1473/316/307
f 791/2347/2004 1111/2349/1476 1474/2070/1157
f 1584/2344/2003 1859/68/68 791/2347/2004
f 1075/2329/1798 926/2262/1968 983/1861/1718
f 305/1802/1679 1475/1369/1304 707/1371/1010
f 1477/2033/1834 1908/2142/1902 1495/2258/1966
f 1702/692/671 930/433/422 1478/1860/1717
f 1702/692/671 1478/1860/1717 1129/1022/993
f 498/1006/977 266/717/696 497/716/695
f 1487/1456/1387 1393/1719/1616 1811/1346/1285
f 1472/1370/1305 1475/1369/1304 305/1802/1679
f 1723/1470/1399 767/1818/1687 412/1309/1256
f 1490/1650/1559 359/1612/1527 1230/1896/1743
f 319/1962/1788 1990/2019/1822 410/82/80
f 450/1811/1684 1836/1124/1084 214/2135/1898
f 1224/1394/1328 1493/2469/512 1903/1734/513
f 1232/2252/1962 1493/2469/512 1224/1394/1328
f 1348/916/888 546/532/514 1529/9/9
f 1943/1073/1038 181/1075/1040 240/679/658
f 618/2039/1838 1494/419/408 1497/2336/1827
f 769/2035/1836 618/2037/1838 1497/2026/1827
f 433/184/180 779/185/181 1760/2470/1749
f 570/463/450 1502/608/588 373/1029/999
f 1971/2316/1435 175/649/629 1091/1729/1436
f 335/1560/1479 1875/1564/1483 1498/601/581
f 335/1560/1479 1498/601/581 1229/1168/1125
f 82/1580/1497 1499/1829/1580 461/2471/1585
f 1499/1677/1580 516/801/780 461/1683/1585
f 444/1807/1682 1498/601/581 1875/1564/1483
f 1159/1320/1264 165/469/456 211/1214/1169
f 165/469/456 105/468/455 211/1214/1169
f 1581/1989/1802 490/790/769 1477/2033/1834
f 926/2261/1968 1824/1986/1800 1503/2472/1969
f 1143/2048/806 633/50/50 1504/2051/1070
f 1681/96/94 1937/95/93 1507/2055/1846
f 434/146/143 1006/2167/954 243/147/144
f 566/672/651 768/1396/1330 264/1013/984
f 1952/617/597 733/1403/1336 1877/2137/1899
f 1183/518/501 1501/1192/1149 1657/1947/1781
f 1943/1073/1038 240/679/658 1307/410/399
f 134/1648/835 1360/1568/1485 1508/2473/836
f 1508/2473/836 1360/1568/1485 67/1927/1766
f 1510/139/136 257/372/363 1511/1770/1660
f 810/282/274 117/400/389 1264/399/388
f 303/148/145 1683/1407/1340 794/511/494
f 1762/1724/1620 112/1723/1110 741/2152/1112
f 1698/770/749 865/1741/1634 1300/2310/1994
f 1466/2013/1818 1513/1358/1295 817/1325/1269
f 659/2079/1858 153/428/417 1682/609/589
f 1541/441/430 1577/1461/1391 1970/439/428
f 1470/2474/127 1515/2389/2015 282/2388/121
f 625/343/334 468/345/336 1018/2475/88
f 625/343/334 1018/2475/88 786/2043/1841
f 351/712/691 449/886/858 1096/395/384
f 829/1314/1259 831/740/719 1878/1414/1347
f 449/886/858 659/2079/1858 1096/395/384
f 268/1678/1581 1062/2014/1819 1489/2083/1861
f 1509/1695/1597 268/1678/1581 1489/2083/1861
f 904/183/179 1246/1823/1692 288/1436/1369
f 1244/1869/1725 441/2467/2018 1518/1870/1726
f 441/2396/2018 825/136/133 1518/2078/1726
f 931/25/25 46/926/898 1754/35/35
f 609/1499/1427 612/1637/1550 616/1500/1428
f 483/1973/1794 1522/2377/2014 561/1974/1018
f 1115/1748/1641 960/40/40 509/1738/1631
f 1522/2376/2014 1239/1054/1019 561/1053/1018
f 1487/1456/1387 1049/1457/1388 942/1709/1609
f 1523/816/795 744/449/436 1146/1254/1206
f 1058/120/117 1258/1205/1160 493/98/96
f 493/98/96 1258/1205/1160 1275/1204/1159
f 1532/516/499 1670/515/498 1528/1672/1575
f 1374/2439/461 492/2476/460 1114/1867/1723
f 1114/1867/1723 492/2476/460 270/2417/1722
f 1218/132/129 1531/151/148 1054/128/125
f 1438/714/693 449/886/858 351/712/691
f 1534/1673/1576 1532/516/499 1528/1672/1575
f 1313/1902/1748 472/1271/1221 1544/1295/1242
f 1961/1747/1640 679/2102/1875 299/992/963
f 1538/1797/1675 107/1651/1560 547/1796/1674
f 101/1004/975 946/725/704 166/660/639
f 506/953/925 1840/298/289 101/1004/975
f 1418/2416/2026 490/790/769 1581/1989/1802
f 816/368/359 652/238/231 1539/237/230
f 21/1680/1583 82/1827/1497 1542/1681/1584
f 394/946/918 1543/1691/1593 530/2244/1956
f 1543/1933/1593 1535/1935/1772 530/2438/1956
f 548/452/439 980/160/157 815/2200/1934
f 1546/2018/1821 1148/1268/1218 803/1387/1321
f 1742/171/168 1546/2477/1821 803/1387/1321
f 362/2024/1825 1407/143/140 1549/1617/1532
f 1846/45/45 1891/47/47 820/427/416
f 820/427/416 663/52/52 1846/45/45
f 34/1339/108 1550/497/107 1879/496/481
f 516/801/780 739/1777/886 387/2478/885
f 1730/2161/1911 402/2065/1851 875/1067/1032
f 1551/667/646 588/328/319 1329/327/318
f 1384/152/149 1553/673/652 1363/1626/1540
f 1363/1626/1540 1553/673/652 707/1042/1010
f 1556/558/540 1667/394/383 85/1101/1065
f 22/464/451 570/463/450 508/905/877
f 1480/1599/1515 1399/1095/1059 1557/1426/1359
f 164/662/641 1914/675/654 947/663/642
f 1659/1094/1058 1217/507/490 1558/506/489
f 1851/2209/1939 822/2215/1901 724/720/699
f 631/831/808 1316/830/807 4/2479/2032
f 265/693/672 733/1403/1336 1952/617/597
f 1860/694/673 265/693/672 1952/617/597
f 1129/1022/993 141/554/536 1566/690/669
f 634/1573/1490 1548/1438/1371 289/1437/1370
f 2118/1728/1624 1677/1172/1129 1572/2301/1991
f 2091/2480/2033 2114/2481/2034 2092/2482/2035
f 2112/2483/2036 2092/2482/2035 2114/2481/2034
f 1563/2204/1936 1135/2431/1937 1132/1236/1190
f 1893/2484/147 683/1642/146 1564/1641/201
f 1567/1047/965 1330/2091/1868 158/2419/1639
f 328/2010/1815 1344/1536/1459 1292/1574/1491
f 1614/458/445 1613/292/283 375/294/285
f 143/456/443 1614/458/445 375/294/285
f 222/2186/1246 1568/320/311 1406/1256/1207
f 1568/320/311 1361/54/54 1406/1256/1207
f 878/383/372 1004/1833/1697 35/12/12
f 1912/1845/1707 1004/1833/1697 878/383/372
f 2093/2485/2037 1572/2301/1991 2113/2486/2038
f 2118/1728/1624 2101/2487/2039 2001/2488/2040
f 2113/2486/2038 1572/2301/1991 2064/2359/2007
f 2093/2485/2037 2113/2486/2038 2091/2480/2033
f 2113/2486/2038 2114/2481/2034 2091/2480/2033
f 1256/2393/2016 1569/2489/1813 1863/302/293
f 592/868/840 1569/2008/1813 1256/2490/2016
f 1570/2317/1995 1274/2399/2019 1042/620/600
f 869/1715/1613 1186/257/250 1575/2251/1961
f 2100/2491/2041 1572/2301/1991 2093/2485/2037
f 1573/2049/805 126/825/705 626/303/294
f 108/827/804 126/726/705 1573/828/805
f 364/1130/1090 1390/1409/1342 1643/880/852
f 1430/1558/1477 1687/1875/1730 1574/1707/1607
f 1824/1986/1800 1286/1143/1103 1579/2492/2022
f 1286/1143/1103 1291/2408/2024 1278/2493/2042
f 1575/2251/1961 1500/385/374 869/1715/1613
f 487/1596/1512 903/1545/1464 1561/1597/1513
f 903/1545/1464 1651/1546/1465 591/1516/1443
f 1826/1177/1134 1032/2306/1992 206/1928/1767
f 206/1928/1767 667/1750/1643 1826/1177/1134
f 1577/1461/1391 937/1501/1429 1970/439/428
f 1578/209/205 1278/2494/2042 1291/2410/2024
f 1579/2492/2022 1286/1143/1103 1278/2493/2042
f 1278/2494/2042 1578/209/205 1579/2402/2022
f 212/208/204 1579/2402/2022 1578/209/205
f 1265/1943/1779 1303/137/134 537/502/357
f 1265/1945/1779 537/366/357 778/198/194
f 1580/84/82 487/1596/1512 872/1005/976
f 1651/1546/1465 903/1545/1464 487/1596/1512
f 509/1738/1631 1583/1740/1633 639/1749/1642
f 1738/1100/1064 188/31/31 1576/1146/1104
f 998/1007/978 188/31/31 1738/1100/1064
f 1584/2344/2003 791/2347/2004 1474/2070/1157
f 1584/2344/2003 1474/2070/1157 1932/2069/1447
f 2100/2491/2041 2101/2487/2039 1572/2301/1991
f 991/1964/1790 1131/1963/1789 220/1894/1741
f 768/1396/1330 566/672/651 43/416/405
f 1612/415/404 1385/1058/1023 43/416/405
f 1244/1869/1725 1067/1798/1676 47/197/193
f 820/427/416 1736/429/418 1588/425/414
f 895/134/131 2118/1728/1624 2119/2495/2043
f 1592/2099/1830 1833/2063/1849 678/2100/1873
f 1595/2089/1866 942/1709/1609 1804/521/504
f 1960/87/85 1034/2138/1900 450/1811/1684
f 901/1090/1054 1429/2243/1618 1626/1125/1085
f 1836/1124/1084 901/1090/1054 1626/1125/1085
f 303/148/145 1893/150/147 1598/204/200
f 42/1080/1045 717/1505/1433 1255/2207/1938
f 1848/1452/1383 804/1418/1351 1599/812/791
f 1601/1181/1138 469/1280/1229 949/1661/1567
f 55/1622/1537 1602/1842/1705 814/405/394
f 50/174/171 403/2379/1611 1604/1304/1251
f 232/421/410 1618/1713/1612 403/1711/1611
f 1606/758/737 426/965/937 1828/718/697
f 1828/718/697 1869/702/681 1606/758/737
f 914/1857/1714 1607/2121/1887 1879/496/481
f 128/2034/1835 186/1417/1350 510/1887/1736
f 368/2459/2027 131/751/730 1608/1552/1471
f 994/1024/994 55/1791/1537 1609/2296/1536
f 1610/351/342 1863/302/293 1569/2489/1813
f 1777/11/11 1358/10/10 481/533/515
f 1052/2454/1862 879/2229/1947 1482/2118/1884
f 1319/307/298 1930/1784/1667 668/2088/1865
f 1269/1958/1786 547/1796/1674 199/591/572
f 1311/1646/1556 13/296/287 627/297/288
f 29/1815/1373 1615/1659/1171 1748/489/341
f 1618/1713/1612 1604/2496/1251 403/1711/1611
f 891/1714/1252 1604/2496/1251 1618/1713/1612
f 1622/504/487 1565/1049/1014 1656/2335/2001
f 250/756/735 1623/1492/1420 1831/2147/1905
f 1624/2458/1083 1626/2497/1085 405/1727/1623
f 1170/1126/1086 485/215/211 1746/1477/1406
f 1243/1563/1482 874/818/797 550/1561/1480
f 1626/2497/1085 1429/1721/1618 405/1727/1623
f 1627/1085/1050 53/1419/1352 1003/974/946
f 1055/381/370 416/1762/1653 1295/577/559
f 51/261/254 1170/1126/1086 1746/1477/1406
f 38/293/284 1349/18/18 262/291/282
f 1631/1628/1542 1465/398/387 215/1562/1481
f 1615/1659/1171 1637/1460/472 1541/441/430
f 635/867/839 1537/2175/1920 1228/304/295
f 1985/1647/1557 221/99/97 493/98/96
f 868/1901/1747 258/1900/1746 813/784/763
f 1635/807/786 1505/768/747 119/340/331
f 1827/903/875 1113/1345/1284 1095/907/879
f 1130/824/803 1029/1338/1279 760/324/315
f 1055/381/370 1509/1695/1597 416/1762/1653
f 1638/121/118 221/99/97 637/122/119
f 855/656/635 861/655/634 1950/1923/1762
f 1735/2423/1829 1641/2498/1955 1644/1824/1582
f 1642/1147/1105 1417/299/290 1738/1100/1064
f 425/334/325 586/538/520 1645/1757/1650
f 1580/84/82 1651/1546/1465 487/1596/1512
f 1651/1546/1465 1580/84/82 1247/206/202
f 78/547/529 968/723/702 787/548/530
f 545/1981/1168 540/1946/1780 1259/2085/1863
f 1259/2085/1863 540/1946/1780 1630/2214/1942
f 1539/237/230 1540/760/739 491/369/360
f 1841/520/503 1653/1026/996 284/308/299
f 1888/1913/1756 1654/1332/1275 1064/1300/1247
f 1655/550/532 1396/2499/2028 658/551/533
f 457/2500/49 1396/2499/2028 1655/550/532
f 1622/2501/487 1656/2502/2001 237/498/482
f 1656/2502/2001 68/566/548 237/498/482
f 361/1285/1234 617/223/217 1991/602/582
f 776/1610/1525 420/854/726 132/2503/828
f 1501/2381/1149 541/863/837 1657/2504/1781
f 1957/2058/1848 1636/455/442 1418/2416/2026
f 1094/671/650 138/892/864 1661/669/648
f 321/893/865 138/892/864 1094/671/650
f 1660/855/829 1633/884/856 54/1039/1007
f 914/1857/1714 193/396/385 1465/398/387
f 1458/1066/1031 1105/1065/1030 1664/2505/1263
f 1664/2505/1263 1105/1065/1030 1057/594/575
f 1029/1338/1279 1647/2072/1854 1666/145/142
f 1284/1412/1345 533/540/522 966/935/907
f 1482/2118/1884 1668/2230/1948 665/2352/1539
f 1668/2228/1948 1384/152/149 665/1625/1539
f 258/1900/1746 393/1687/1589 930/433/422
f 1806/1331/1274 84/63/63 696/1209/1164
f 631/831/808 4/2479/2032 6/48/48
f 1675/750/729 97/1340/1280 1674/924/896
f 1676/1207/1162 1083/2027/1828 12/1206/1161
f 1127/1171/1128 1677/1172/1129 1021/570/552
f 691/358/349 1287/1198/1153 1679/364/355
f 1322/1835/1699 1680/1698/1600 395/2506/1927
f 395/2185/1927 1680/2237/1600 1978/306/297
f 832/911/883 794/511/494 1683/1407/1340
f 1685/1291/1238 1214/1595/1511 1048/2119/1885
f 1687/1875/1730 526/133/130 1672/1503/1431
f 575/1670/458 1107/2346/1807 1690/2507/185
f 1802/374/365 575/471/458 1690/375/185
f 946/725/704 101/1004/975 1840/298/289
f 1698/770/749 1692/710/689 483/1973/1794
f 1198/1735/1629 1599/812/791 1590/266/259
f 186/1417/1350 1293/263/256 1694/1117/1077
f 186/1417/1350 1694/1117/1077 793/1430/1363
f 1731/22/22 840/505/488 1217/507/490
f 1072/5/5 1872/2080/1859 1696/411/400
f 1169/2130/1895 920/2166/1916 1701/2373/1967
f 1859/68/68 25/1166/1123 791/2347/2004
f 1545/844/819 728/885/857 102/842/817
f 1177/2171/1918 1607/2121/1887 914/1857/1714
f 1703/873/845 543/2508/1776 815/2200/1934
f 543/2508/1776 1703/873/845 629/2110/1845
f 155/413/402 83/2276/1977 1440/330/321
f 1776/860/834 986/1949/1558 134/861/835
f 609/1499/1427 1428/1129/1089 398/549/531
f 1554/29/29 1469/613/593 1659/1094/1058
f 193/396/385 532/2164/1914 771/379/368
f 1712/141/138 685/140/137 332/1531/1455
f 977/2509/700 1714/2290/1986 1710/2289/867
f 293/1468/1397 977/721/700 1710/895/867
f 358/1133/1093 195/278/271 1571/1497/1425
f 124/859/833 1257/596/493 64/211/207
f 64/211/207 669/1510/1438 124/859/833
f 898/578/560 1151/580/561 1232/2252/1962
f 1269/1958/1786 199/591/572 1162/1160/1117
f 977/2509/700 315/1336/1278 1714/2290/1986
f 315/1336/1278 883/27/27 1714/2290/1986
f 226/689/668 595/989/960 339/1266/1216
f 1711/1474/1403 1026/1929/1768 1753/1472/1401
f 1721/2086/1864 1434/2463/2031 1192/180/176
f 765/2168/1394 292/2510/633 1719/2172/1917
f 292/654/633 1297/653/632 1719/2511/1917
f 1434/2512/2031 1721/2087/1864 749/2343/2002
f 1721/2087/1864 1037/637/617 749/2343/2002
f 318/1515/1442 501/1517/1444 899/1871/1727
f 984/1755/1648 1636/455/442 754/454/441
f 988/2513/1782 541/863/837 1722/865/475
f 986/2303/1558 988/2514/1782 1725/479/466
f 468/2340/336 1724/2321/337 1089/88/86
f 468/345/336 1155/344/335 1724/346/337
f 1722/490/475 1725/479/466 988/2514/1782
f 927/1088/1052 521/1089/1053 909/1118/1078
f 1727/2515/1000 1749/1912/1002 2070/112/110
f 2094/2516/109 1727/2515/1000 2070/112/110
f 34/2517/108 1727/2515/1000 2094/2516/109
f 986/1649/1558 372/2518/465 1750/529/511
f 416/1762/1653 970/1768/1658 1108/969/941
f 37/1072/1037 1509/1695/1597 1055/381/370
f 1729/200/196 1086/418/407 1825/201/197
f 1552/144/141 1086/2337/407 1729/1565/196
f 892/2194/1930 962/1262/1212 1688/226/219
f 982/1783/1666 1511/1770/1660 1426/1485/1414
f 1426/1485/1414 254/1486/1415 982/1783/1666
f 1367/28/28 883/27/27 315/1336/1278
f 913/939/911 228/583/564 1402/925/897
f 533/540/522 841/575/557 966/935/907
f 533/540/522 1016/576/558 841/575/557
f 1831/2147/1905 1623/1492/1420 417/459/446
f 1740/493/478 1831/2147/1905 417/459/446
f 1739/1018/989 1737/1381/1315 1258/1205/1160
f 1509/1695/1597 1293/263/256 268/1678/1581
f 616/1500/1428 612/1637/1550 1208/603/583
f 1749/1912/1002 66/483/470 62/113/111
f 656/2076/1857 194/562/544 1385/1058/1023
f 377/2519/1563 1895/2286/322 374/2/2
f 386/315/306 271/314/305 905/1652/1561
f 571/2520/1645 1744/2447/1647 660/2082/1665
f 1744/2447/1647 392/1961/1787 660/2082/1665
f 545/1981/1168 1745/2413/1784 1297/653/632
f 821/1611/1526 686/1733/1628 1121/848/823
f 1750/529/511 1013/2521/378 1785/527/377
f 1750/529/511 372/2518/465 1013/2521/378
f 1919/2143/1903 1830/979/950 1400/240/233
f 236/1688/1590 1751/1310/1257 930/433/422
f 1889/2394/2017 790/819/798 1357/1435/1368
f 474/435/424 273/555/537 845/990/961
f 1115/1748/1641 1786/2522/1801 960/40/40
f 397/833/810 1335/1859/1716 1757/393/382
f 127/610/590 397/833/810 1757/393/382
f 699/2123/1570 33/242/235 1759/2124/1889
f 340/1528/1453 1855/2331/1999 352/192/188
f 1069/1847/1709 292/654/633 261/2326/1393
f 1213/401/390 711/798/777 415/1743/1636
f 1485/731/710 366/730/709 78/547/529
f 1899/179/175 790/819/798 1889/2394/2017
f 1732/1191/1148 1403/1190/1147 1430/1558/1477
f 1764/1899/1745 393/1687/1589 258/1900/1746
f 393/1687/1589 1764/1899/1745 236/1688/1590
f 1325/1987/457 666/1103/1067 99/1668/1572
f 1765/1134/1094 458/811/790 704/1226/1180
f 704/1226/1180 1571/1497/1425 1765/1134/1094
f 1253/952/924 967/1653/1562 1818/700/679
f 1053/1201/1156 1862/1203/1158 302/1884/1733
f 1767/2523/854 1009/2265/1025 459/2264/1689
f 497/716/695 1847/705/684 1702/692/671
f 770/887/859 1926/808/787 96/2125/1890
f 1387/323/314 821/1611/1526 357/514/497
f 1771/2111/1879 1398/1636/1549 1414/1410/1343
f 806/2064/1850 1653/1026/996 1854/1604/1520
f 1063/519/502 1854/1604/1520 1653/1026/996
f 1913/1466/1395 1173/342/333 1607/2121/1887
f 343/1302/1249 1775/1744/1637 239/1329/1272
f 92/2217/1943 1326/1957/1785 1796/1645/1555
f 1/4/4 1777/11/11 1072/5/5
f 1777/11/11 1872/2080/1859 1072/5/5
f 1470/2474/127 1778/2524/957 1515/2389/2015
f 1778/2524/957 1697/2525/958 1515/2389/2015
f 265/693/672 336/318/309 733/1403/1336
f 759/2163/1913 992/2128/1893 1017/259/252
f 1779/406/395 745/1742/1635 1238/467/454
f 827/165/162 1476/1001/972 734/166/163
f 1488/236/229 684/1135/1095 1782/1037/1005
f 499/1227/1181 1009/2265/1025 1880/1228/1182
f 601/1151/1109 68/1048/548 1248/1050/1015
f 1364/227/220 1797/2433/1765 431/1771/67
f 1785/527/377 1783/2526/2044 747/1760/1652
f 150/352/343 887/1288/1235 172/633/613
f 634/1573/1490 289/1437/1370 110/765/744
f 826/2436/1923 50/174/171 1784/2434/1871
f 1785/388/377 356/390/379 1783/2527/2044
f 1786/2522/1801 1075/2329/1798 960/40/40
f 1783/2527/2044 356/390/379 747/1977/1652
f 536/1736/1630 1020/742/721 294/1909/1753
f 1962/1745/1638 431/67/67 1797/1926/1765
f 1962/1745/1638 1859/68/68 431/67/67
f 727/1218/1172 238/1182/1139 949/1661/1567
f 1786/1988/1801 579/1985/1799 1075/1984/1798
f 574/1991/1804 1787/2002/1809 323/1992/1805
f 687/283/275 323/2023/1805 1787/2096/1809
f 1856/556/538 101/1004/975 167/645/625
f 837/1519/1446 551/1937/1773 319/1962/1788
f 837/1519/1446 319/1962/1788 1932/1520/1447
f 1805/1725/1621 1203/1081/1046 1007/2199/921
f 1619/1021/992 353/1922/1761 1791/1920/1759
f 329/1541/1462 853/126/123 902/1539/1411
f 1523/816/795 1146/1254/1206 1216/1630/1544
f 1794/2528/2013 1715/1363/1299 1831/2147/1905
f 217/1778/1663 135/2149/842 1794/2375/2013
f 1795/1890/1737 680/1229/1183 220/1894/1741
f 499/1227/1181 680/1229/1183 1795/1890/1737
f 1720/666/645 310/665/644 1723/1470/1399
f 1723/1470/1399 245/749/728 1720/666/645
f 1798/822/801 578/1998/1318 644/823/802
f 454/995/966 1886/1259/1209 159/991/962
f 791/2347/2004 25/1166/1123 1800/2348/1475
f 1794/2375/2013 135/2149/842 1715/2529/1299
f 174/1031/1001 445/1348/1287 69/2323/484
f 69/2323/484 445/1348/1287 1405/1799/1324
f 904/183/179 288/1436/1369 1802/374/365
f 1445/1169/1126 1805/2530/1621 1000/948/920
f 1026/1929/1768 402/2065/1851 1014/79/77
f 577/424/413 1336/426/415 1868/387/376
f 1336/426/415 1799/543/525 1868/387/376
f 328/2010/1815 2050/2281/1980 1344/1536/1459
f 1808/1306/1253 1344/1536/1459 2050/2281/1980
f 1595/2089/1866 1804/521/504 1319/307/298
f 1805/2530/1621 1007/949/921 1000/948/920
f 1337/912/884 739/914/886 1831/2147/1905
f 1807/569/551 1917/571/553 1665/1504/1432
f 1127/1171/1128 1807/569/551 1665/1504/1432
f 2080/2283/1982 1808/1306/1253 2050/2281/1980
f 1387/323/314 1437/322/313 821/1611/1526
f 39/2339/101 1087/123/120 637/122/119
f 739/914/886 1794/2528/2013 1831/2147/1905
f 41/826/707 1810/2441/1975 1420/301/292
f 50/174/171 413/24/24 1010/26/26
f 60/172/169 50/174/171 1010/26/26
f 1437/322/313 1814/849/824 686/1733/1628
f 1137/619/599 1161/621/601 1145/1424/1357
f 1645/1757/1650 586/538/520 1815/336/327
f 700/442/431 449/886/858 61/2127/1892
f 118/845/820 1381/996/967 751/1368/1303
f 1570/2398/1995 1819/2302/955 434/146/143
f 1822/2460/2030 1432/2300/1990 1884/950/922
f 1070/1489/1417 1432/2327/1990 1822/2461/2030
f 212/208/204 290/1449/1380 1824/2403/1800
f 290/2531/1380 1503/2472/1969 1824/1986/1800
f 1976/2532/1594 657/1076/1041 1892/2533/1592
f 1628/326/317 832/911/883 760/324/315
f 801/2192/1314 1825/201/197 1506/2534/1309
f 1506/2534/1309 1825/201/197 721/1701/1310
f 440/1323/1267 1844/1789/1271 438/1788/1670
f 1955/2213/1941 1433/2462/1606 1829/2535/1605
f 1829/2535/1605 897/2241/1954 1955/2213/1941
f 1831/2147/1905 1740/493/478 1337/912/884
f 1042/620/600 1832/2313/1215 812/1496/1424
f 1666/145/142 1832/1265/1215 434/146/143
f 471/32/32 327/480/467 253/1071/1036
f 1592/2099/1830 370/1930/1769 1833/2063/1849
f 1187/1567/1484 1962/1745/1638 1797/1926/1765
f 1823/963/935 1897/1838/1702 429/1235/1189
f 1836/1124/1084 1624/1123/1083 1838/2536/1622
f 1837/2146/1904 1836/1124/1084 1838/2536/1622
f 1331/91/89 1837/2537/1904 1838/1726/1622
f 1841/520/503 284/308/299 1319/307/298
f 1841/520/503 1319/307/298 1804/521/504
f 1366/1431/1364 1911/2003/1810 797/744/723
f 929/1882/1199 1009/2265/1025 499/1227/1181
f 1693/2020/1823 1842/94/92 1247/206/202
f 1410/1781/1664 538/1374/1308 721/1376/1310
f 1410/1781/1664 721/1376/1310 1191/1544/1463
f 1491/252/245 1726/58/58 1593/1057/1022
f 2074/2538/2045 2117/2539/2046 2119/2495/2043
f 2119/2495/2043 2118/1728/1624 2074/2538/2045
f 2112/2483/2036 2084/2358/2006 2117/2539/2046
f 884/866/838 774/1953/1783 1537/2175/1920
f 2084/2358/2006 1591/135/132 2117/2539/2046
f 526/133/130 1591/135/132 2084/2358/2006
f 1847/705/684 651/715/694 496/706/685
f 1316/830/807 1219/46/46 4/2479/2032
f 1129/1022/993 498/1006/977 1702/692/671
f 633/50/50 1850/2177/1691 1290/2050/758
f 1003/974/946 274/616/596 154/615/595
f 1345/423/412 876/1453/1384 1851/2209/1939
f 1980/1144/1102 1312/2257/1965 1035/2414/1915
f 1980/1142/1102 1035/2165/1915 30/1140/1100
f 1769/1623/1538 770/887/859 713/2162/1912
f 96/2125/1890 1769/1623/1538 713/2162/1912
f 1855/2331/1999 340/1528/1453 1395/2150/1906
f 198/1153/1111 112/1152/1110 1957/2058/1848
f 1146/1254/1206 1093/1615/1530 1216/1630/1544
f 146/1455/1386 740/936/908 1854/1604/1520
f 35/12/12 328/2010/1815 1292/1574/1491
f 878/383/372 35/12/12 1292/1574/1491
f 63/1616/1531 362/2024/1825 1549/1617/1532
f 1010/26/26 1863/302/293 1748/350/341
f 1852/1238/1192 1403/1190/1147 943/1189/1146
f 1852/1238/1192 1289/1239/1193 1403/1190/1147
f 281/1675/1578 1226/1674/1577 1145/1424/1357
f 319/1962/1788 1163/1941/1777 1990/2019/1822
f 1345/423/412 1851/2209/1939 1196/1537/1460
f 100/704/683 1870/691/670 460/1360/1297
f 813/784/763 1870/691/670 100/704/683
f 1050/127/124 324/1421/1354 1355/191/187
f 98/1283/1232 606/1074/1039 1943/1073/1038
f 721/1701/1310 1871/1157/1114 1874/2540/1602
f 413/24/24 1872/2080/1859 931/25/25
f 135/870/842 345/753/732 1873/2288/1298
f 135/870/842 1873/2288/1298 1715/2541/1299
f 467/1317/1261 1150/1070/1035 1898/1763/1654
f 1377/1156/356 1874/2540/1602 1871/1157/1114
f 1453/1296/1243 476/1873/1728 1544/1295/1242
f 1876/207/203 1306/2400/2020 708/2129/1894
f 574/1991/1804 48/2179/1922 1877/2137/1899
f 1952/617/597 1877/2137/1899 48/2179/1922
f 1879/496/481 1607/2121/1887 174/1031/1001
f 1621/1244/1198 1705/339/330 247/338/329
f 1330/2091/1868 1332/1046/1013 674/2418/1867
f 1332/1046/1013 1330/2091/1868 357/514/497
f 656/2076/1857 1294/563/545 194/562/544
f 1001/1222/1176 720/1312/1258 1019/1116/1076
f 1019/1116/1076 720/1312/1258 179/955/927
f 1770/1423/1356 881/1267/1217 339/1266/1216
f 6/48/48 4/2479/2032 1219/46/46
f 915/1969/1792 1880/2304/1182 1444/599/579
f 1881/1326/585 1513/1358/1295 502/1357/1294
f 1208/603/583 1881/605/585 502/2141/1294
f 1233/2308/1993 1908/2142/1902 1239/1054/1019
f 1882/1530/1454 1885/814/793 1119/373/364
f 845/990/961 159/991/962 1886/1259/1209
f 1889/2394/2017 1894/1854/1712 1192/180/176
f 235/1849/1677 340/1528/1453 935/1527/1283
f 1738/1100/1064 824/908/880 1095/907/879
f 188/31/31 1220/611/591 471/32/32
f 1892/2533/1592 1629/1934/1771 1543/1933/1593
f 1629/1934/1771 1892/2533/1592 1788/1077/1042
f 1564/205/201 1598/204/200 1893/150/147
f 1043/2053/1844 260/590/571 44/1150/1108
f 639/2059/1642 1957/2058/1848 1581/1989/1802
f 1043/2053/1844 44/1150/1108 225/19/19
f 2102/13/13 1004/1833/1697 2002/2284/1983
f 35/12/12 1004/1833/1697 2102/13/13
f 1898/1763/1654 573/683/662 469/1280/1229
f 1144/1841/1704 1898/1763/1654 469/1280/1229
f 1899/179/175 1889/2394/2017 1192/180/176
f 93/614/594 147/646/626 1900/678/657
f 1112/1354/1293 463/1699/1601 884/1355/838
f 1448/1223/1177 1486/1594/1510 1457/231/224
f 177/1040/1008 1236/856/830 1775/1744/1637
f 1892/2533/1592 657/1076/1041 1788/1077/1042
f 517/789/768 519/1187/1144 1346/564/546
f 1385/1058/1023 768/1396/1330 43/416/405
f 193/396/385 168/1830/1695 964/397/386
f 1486/1594/1510 510/1887/1736 1457/231/224
f 882/1010/981 1084/444/433 1530/1084/1049
f 1683/1407/1340 1585/203/199 1165/1008/979
f 1077/898/870 1683/1407/1340 1165/1008/979
f 1268/959/931 151/1795/1673 547/1796/1674
f 1011/872/844 1540/760/739 1439/759/738
f 1903/1734/513 1902/2181/1924 1768/1395/1329
f 1902/2542/1924 1903/531/513 413/24/24
f 1609/1621/1536 814/405/394 1800/1556/1475
f 1686/41/41 72/269/262 585/1665/1569
f 1902/2542/1924 413/24/24 50/174/171
f 1368/2435/1925 1902/2542/1924 50/174/171
f 705/1487/1416 679/2102/1875 698/1891/1738
f 316/572/554 545/1981/1168 91/1119/1079
f 545/1981/1168 1259/2085/1863 91/1119/1079
f 705/1487/1416 698/1891/1738 811/443/432
f 327/480/467 205/482/469 1909/1297/1244
f 92/2217/1943 608/312/303 852/836/813
f 1908/2142/1902 1640/2032/1833 1382/1881/1732
f 951/153/150 645/1444/1375 640/2021/1824
f 645/1444/1375 88/1321/1265 640/2021/1824
f 826/2180/1923 675/1834/1698 1912/1845/1707
f 1768/1395/1329 826/2180/1923 1912/1845/1707
f 419/719/698 2105/2543/2047 32/1538/1461
f 2009/2544/2048 2105/2543/2047 419/719/698
f 2106/2545/2049 32/1538/1461 2105/2543/2047
f 2088/1686/1588 32/1538/1461 2106/2545/2049
f 2009/2544/2048 419/719/698 2037/2248/1958
f 1647/2072/1854 1029/1338/1279 1028/1333/1276
f 1901/76/74 1222/78/76 11/1620/1535
f 359/1612/1527 506/953/925 1230/1896/1743
f 533/540/522 1983/382/371 1016/576/558
f 1136/1696/1598 757/1208/1163 84/63/63
f 1136/1696/1598 520/1704/1604 757/1208/1163
f 114/1056/1021 1865/1055/1020 800/1710/1610
f 800/1710/1610 1865/1055/1020 1646/1114/1074
f 1872/2080/1859 1151/1311/561 1946/412/401
f 2070/112/110 1749/1912/1002 62/113/111
f 413/24/24 1151/1311/561 1872/2080/1859
f 299/992/963 785/2117/1883 692/2184/1926
f 1064/1300/1247 1747/2155/1908 1177/2171/1918
f 1898/1763/1654 1144/1841/1704 467/1317/1261
f 1922/2255/1793 1154/2297/1486 557/2256/1964
f 95/674/653 1324/167/164 1924/164/161
f 1924/164/161 734/166/163 95/674/653
f 2094/111/109 2041/2546/2050 16/108/106
f 744/449/436 871/451/438 475/2220/409
f 1615/1216/1171 1228/304/295 1928/486/473
f 518/1138/1098 1283/879/851 1907/877/849
f 1930/1784/1667 997/1241/1195 668/2088/1865
f 254/1486/1415 997/1241/1195 1930/1784/1667
f 1037/637/617 1601/1181/1138 117/400/389
f 1896/929/901 854/1411/1344 1929/930/902
f 1932/1520/1447 319/1962/1788 892/2194/1930
f 812/2202/1424 1666/145/142 1647/2072/1854
f 1666/145/142 812/2202/1424 1832/1265/1215
f 1516/1282/1231 1933/1281/1230 896/1051/1016
f 672/2101/1874 1114/1867/1723 1802/374/365
f 1366/1431/1364 797/744/723 945/1432/1365
f 142/230/223 1008/904/876 863/228/221
f 470/786/765 681/1676/1579 399/295/286
f 1596/1581/1498 21/1680/1583 349/1756/1649
f 82/1827/1497 21/1680/1583 1596/1581/1498
f 1941/168/165 112/1152/1110 954/1972/1614
f 642/1230/1184 1940/1694/1596 1369/1231/1185
f 2054/2366/2011 2116/1850/1710 2084/2358/2006
f 582/453/440 1636/455/442 1941/168/165
f 1636/455/442 112/1152/1110 1941/168/165
f 915/2254/1792 680/1229/1183 1880/1228/1182
f 653/1220/1174 1019/1116/1076 1600/1115/1075
f 1944/2450/312 1387/2448/314 658/2341/533
f 410/82/80 1949/2223/1945 1945/1826/1694
f 1946/579/401 1359/2429/1976 952/2547/1978
f 642/1230/1184 943/1189/1146 523/2067/1853
f 523/2067/1853 943/1189/1146 1732/1191/1148
f 155/413/402 1946/412/401 83/2276/1977
f 952/2277/1978 83/2276/1977 1946/412/401
f 1949/2223/1945 410/82/80 872/1005/976
f 1951/2291/1987 1957/2058/1848 979/2548/2051
f 1951/2292/1987 979/2549/2051 509/1738/1631
f 1418/2416/2026 984/1755/1648 490/790/769
f 607/539/521 586/538/520 462/333/324
f 1433/2462/1606 1955/2213/1941 1974/1660/1566
f 607/539/521 462/333/324 957/2285/1984
f 1208/603/583 936/815/794 616/1500/1428
f 862/1588/1505 419/719/698 293/1468/1397
f 1762/1724/1620 418/1416/1349 756/972/944
f 1958/86/84 1034/2138/1900 1960/87/85
f 1959/2060/1632 979/2548/2051 1957/2058/1848
f 979/2549/2051 1959/1739/1632 509/1738/1631
f 615/1664/1568 1974/1660/1566 1823/963/935
f 1138/2047/1843 1969/931/903 1142/1428/1361
f 1842/94/92 1681/96/94 1774/1481/1410
f 1946/412/401 1696/411/400 1872/2080/1859
f 1908/2142/1902 1960/87/85 1239/1054/1019
f 1428/1129/1089 616/1500/1428 364/1130/1090
f 158/1746/1639 71/430/419 1961/1747/1640
f 1317/746/725 423/1759/1651 420/747/726
f 420/747/726 423/1759/1651 1792/852/827
f 1925/34/34 1963/33/33 783/1014/985
f 588/328/319 1964/313/304 1210/1330/1273
f 535/851/826 1257/596/493 1088/1275/1225
f 543/2508/1776 1965/1966/1774 815/2200/1934
f 1966/970/942 1988/1718/1615 1147/2363/2008
f 1766/51/51 663/52/52 200/2299/1989
f 961/1159/1116 687/283/275 1967/285/277
f 1870/691/670 258/1900/1746 930/433/422
f 1017/259/252 992/2128/1893 483/1973/1794
f 1017/259/252 483/1973/1794 1692/710/689
f 1101/2464/485 1067/1798/1676 1515/2389/2015
f 1101/2464/485 1515/2389/2015 1697/2525/958
f 1236/856/830 1633/884/856 1182/85/83
f 1205/1839/1703 1773/1383/1317 923/1131/1091
f 1773/1383/1317 398/549/531 923/1131/1091
f 1307/410/399 230/659/638 40/408/397
f 1979/1932/1770 1535/1935/1772 472/1271/1221
f 566/672/651 264/1013/984 599/670/649
f 1975/2189/429 60/172/169 1010/26/26
f 1270/1571/1488 435/1393/1327 1276/142/139
f 1977/1447/1378 1978/306/297 866/1448/1379
f 1977/1447/1378 1228/304/295 1978/306/297
f 1718/1480/1409 895/134/131 526/133/130
f 1993/2437/1957 1979/1932/1770 1373/1931/1448
f 477/1886/1735 1718/1480/1409 526/133/130
f 1981/2178/1796 776/1610/1525 132/2503/828
f 1981/1979/1796 132/853/828 1792/852/827
f 1286/1143/1103 1312/2257/1965 1980/1144/1102
f 1286/1143/1103 1581/1989/1802 1312/2257/1965
f 400/2046/1842 624/1260/1210 1982/2044/1625
f 1978/306/297 400/2238/1842 1982/1730/1625
f 931/25/25 701/16/16 342/928/900
f 1353/981/952 1812/2378/1646 1987/1631/1545
f 1147/2362/2008 1988/2369/1615 1741/971/943
f 1989/2045/1626 407/1373/1307 866/2225/1379
f 866/1448/1379 1978/306/297 1989/1731/1626
f 327/480/467 322/43/43 910/481/468
f 1992/2550/435 15/495/480 1550/497/107
f 15/1872/480 1992/448/435 495/1109/1071
f 1979/1932/1770 1993/2437/1957 1535/1935/1772
f 1467/107/105 495/1109/1071 1992/448/435
f 966/935/907 552/934/906 750/696/675
f 1318/1608/1523 966/935/907 750/696/675
f 1175/1509/1437 1008/904/876 124/859/833
f 124/859/833 669/1510/1438 1175/1509/1437
f 557/2256/1964 1634/1170/1127 991/1964/1790
f 2073/2551/2052 2056/2552/2053 2027/2553/1816
f 2071/2282/1981 1004/1833/1697 1808/1306/1253
f 2050/2554/1980 1994/2555/1817 2056/2552/2053
f 2049/2556/2054 1995/2557/2055 2033/2558/2056
f 2028/2456/2029 2099/125/122 1995/2557/2055
f 2072/2559/2057 2082/2560/2058 2003/2561/2059
f 2034/2562/2060 2112/2563/2036 2114/2564/2034
f 2047/2565/2061 2082/2566/2058 2023/2567/2062
f 2023/2567/2062 2090/2568/2005 2095/2569/2012
f 1467/107/105 2021/2570/2063 2111/105/103
f 2004/2571/2064 2073/2572/2052 2103/2573/14
f 2002/2574/1983 2004/2571/2064 2102/2575/13
f 2072/2559/2057 2117/2576/2046 2047/2565/2061
f 2004/2571/2064 2002/2574/1983 2053/2577/2065
f 2047/2565/2061 2022/2578/2066 2035/2579/2067
f 2007/2580/2068 2057/2581/2069 2024/2582/2070
f 2025/2583/2071 2049/2584/2054 2060/2585/2072
f 2056/2552/2053 2008/2586/2073 2053/2577/2065
f 2046/2587/2074 2029/2588/2075 2106/2589/2049
f 2039/2590/2076 2019/2591/2077 2016/2592/2078
f 2004/2571/2064 2103/2573/14 2102/2575/13
f 2029/2588/2075 2046/2587/2074 2044/2593/2079
f 2109/2421/2021 2108/2594/1953 2107/2595/95
f 2042/2596/2080 1996/2597/2081 2054/2598/2011
f 2019/2591/2077 2039/2599/2076 2017/2600/2082
f 2033/2558/2056 2048/2601/1951 2030/2602/2083
f 2072/2559/2057 2000/2603/2084 2117/2576/2046
f 2073/2572/2052 2104/2604/1814 2103/2573/14
f 2073/2551/2052 2027/2553/1816 2104/2605/1814
f 2022/2578/2066 2054/2598/2011 1996/2597/2081
f 1992/448/435 2043/2606/2085 1467/107/105
f 2080/2607/1982 2050/2554/1980 2056/2552/2053
f 308/1598/1514 2095/2367/2012 2090/2357/2005
f 2077/2608/2086 2062/2609/2087 2010/2610/2088
f 2086/2611/2089 2003/2612/2059 2120/2613/2090
f 2025/2614/2071 2065/2615/2091 2010/2610/2088
f 2063/2616/2092 2010/2610/2088 2062/2609/2087
f 2054/2598/2011 2083/2617/2093 2042/2596/2080
f 2079/2618/2094 2070/112/110 2110/114/112
f 2057/2619/2069 2008/2620/2073 2075/2621/2095
f 2069/2622/2096 2005/2623/2097 2007/2580/2068
f 2003/2612/2059 2082/2566/2058 2047/2565/2061
f 1997/2624/2098 2005/2623/2097 2008/2620/2073
f 1997/2625/2098 2008/2586/2073 2056/2552/2053
f 2009/2626/2048 1999/2627/2099 2105/2628/2047
f 2012/2629/2100 2017/2630/2082 2032/2631/2101
f 2008/2586/2073 2057/2581/2069 2053/2577/2065
f 2044/2593/2079 2017/2600/2082 2039/2599/2076
f 2007/2580/2068 2053/2577/2065 2057/2581/2069
f 2077/2608/2086 2010/2610/2088 2065/2615/2091
f 2014/2632/2102 2110/114/112 2052/2633/2103
f 2107/2595/95 2033/2558/2056 1995/2557/2055
f 2011/2634/2104 2077/2608/2086 2065/2615/2091
f 2039/2599/2076 2066/2635/2105 2032/2636/2101
f 2052/2633/2103 2110/114/112 2025/2583/2071
f 2000/2603/2084 2091/2637/2033 2092/2638/2035
f 2000/2603/2084 2013/2639/2106 2055/2640/2107
f 2000/2603/2084 2072/2559/2057 2013/2639/2106
f 2106/2589/2049 2059/2641/2108 2046/2587/2074
f 2049/2584/2054 2028/2456/2029 1995/2642/2055
f 2079/2618/2094 2110/114/112 2068/2643/2109
f 2010/2610/2088 2079/2644/2094 2068/2645/2109
f 2030/2646/2083 2051/1877/1731 2111/105/103
f 2075/2621/2095 2005/2623/2097 2015/2647/2110
f 2016/2648/2078 2019/2591/2077 2017/2600/2082
f 2018/2649/2111 2070/2650/110 2079/2644/2094
f 2032/2631/2101 2017/2600/2082 2046/2587/2074
f 2069/2622/2096 2081/2651/2112 2005/2623/2097
f 2041/2546/2050 2060/2585/2072 2020/2652/2113
f 1467/2653/105 2033/2558/2056 2021/2654/2063
f 2035/2655/2067 1996/2656/2081 2023/2567/2062
f 2057/2581/2069 2015/2657/2110 2024/2582/2070
f 2026/2658/2114 2004/2571/2064 1997/2624/2098
f 2004/2571/2064 2005/2623/2097 1997/2624/2098
f 2021/2654/2063 2033/2558/2056 2030/2602/2083
f 2050/2554/1980 2076/2659/1979 1994/2555/1817
f 2022/2578/2066 2095/2569/2012 2096/2660/2010
f 2033/2661/2056 2043/2662/2085 2049/2584/2054
f 2006/2663/2115 2117/2576/2046 2001/2664/2040
f 2060/2585/2072 2041/2546/2050 2025/2583/2071
f 2003/2561/2059 2086/2665/2089 2085/2666/2116
f 2003/2612/2059 2047/2565/2061 2013/2667/2106
f 2056/2552/2053 1994/2555/1817 2027/2553/1816
f 2010/2610/2088 2014/2668/2102 2052/2669/2103
f 2005/2623/2097 2004/2571/2064 2053/2577/2065
f 2029/2588/2075 2044/2593/2079 2038/2670/1959
f 2025/2583/2071 2110/114/112 62/113/111
f 2025/2583/2071 62/113/111 2028/2456/2029
f 2030/2602/2083 2061/2671/1950 2051/2672/1731
f 2029/2588/2075 2087/2673/1587 2088/2674/1588
f 2029/2588/2075 346/2675/1492 2045/2676/1960
f 2088/2674/1588 2106/2589/2049 2029/2588/2075
f 2080/2607/1982 2053/2577/2065 2002/2574/1983
f 2055/2677/2107 2093/2678/2037 2000/2679/2084
f 2034/2562/2060 2072/2559/2057 2112/2563/2036
f 2046/2587/2074 2017/2600/2082 2044/2593/2079
f 2021/2654/2063 2030/2602/2083 2111/2680/103
f 2003/2612/2059 2114/2681/2034 2113/2682/2038
f 2064/2683/2007 2120/2613/2090 2003/2612/2059
f 2038/2670/1959 2031/2684/1504 2029/2588/2075
f 346/2675/1492 2029/2588/2075 2031/2684/1504
f 2006/2663/2115 2001/2664/2040 2101/2685/2039
f 2013/2667/2106 2047/2565/2061 2006/2663/2115
f 2034/2562/2060 2013/2639/2106 2072/2559/2057
f 2030/2602/2083 2048/2601/1951 2036/2686/1949
f 2023/2567/2062 2082/2566/2058 2035/2655/2067
f 2006/2663/2115 2100/2687/2041 2055/2677/2107
f 2055/2677/2107 2100/2687/2041 2093/2678/2037
f 2036/2686/1949 2061/2671/1950 2030/2602/2083
f 2061/2232/1950 221/99/97 2097/100/98
f 2094/2516/109 2070/112/110 2063/2688/2092
f 2044/2593/2079 1999/2627/2099 2038/2670/1959
f 2038/2670/1959 1999/2627/2099 2037/2689/1958
f 2053/2577/2065 2080/2607/1982 2056/2552/2053
f 2067/2690/2117 2039/2599/2076 2032/2636/2101
f 2033/2558/2056 2107/2595/95 2048/2601/1951
f 2052/2633/2103 2025/2583/2071 2040/2691/2118
f 2094/111/109 2011/2692/2104 2041/2546/2050
f 2073/2572/2052 2004/2571/2064 2026/2658/2114
f 2073/2551/2052 2026/2693/2114 2056/2552/2053
f 2117/2576/2046 2006/2663/2115 2047/2565/2061
f 2035/2579/2067 2022/2578/2066 1996/2597/2081
f 2042/2694/2080 1998/2695/2119 2023/2567/2062
f 2022/2578/2066 2096/2660/2010 2089/2696/2009
f 2054/2598/2011 2022/2578/2066 2089/2696/2009
f 2078/2697/2120 2043/2606/2085 1992/448/435
f 2078/2698/2120 2060/2585/2072 2043/2662/2085
f 2109/2421/2021 2107/2595/95 2099/125/122
f 2005/2623/2097 2053/2577/2065 2007/2580/2068
f 2029/2588/2075 2045/2676/1960 2087/2673/1587
f 1999/2699/2099 2059/2641/2108 2106/2589/2049
f 2091/2700/2033 2000/2679/2084 2093/2678/2037
f 2014/2632/2102 2068/2643/2109 2110/114/112
f 2010/2610/2088 2068/2645/2109 2014/2668/2102
f 2023/2567/2062 2095/2569/2012 2022/2578/2066
f 2025/2583/2071 2028/2456/2029 2049/2584/2054
f 2018/2701/2111 2063/2688/2092 2070/112/110
f 2010/2610/2088 2063/2616/2092 2018/2649/2111
f 1999/2627/2099 2009/2626/2048 2037/2689/1958
f 2052/2633/2103 2040/2691/2118 2010/2702/2088
f 2039/2599/2076 2016/2703/2078 2066/2635/2105
f 2114/2681/2034 2013/2667/2106 2034/2704/2060
f 2114/2681/2034 2003/2612/2059 2013/2667/2106
f 2013/2667/2106 2006/2663/2115 2055/2677/2107
f 2075/2705/2095 2015/2657/2110 2057/2581/2069
f 2058/2706/2121 2059/2707/2108 2044/2593/2079
f 2046/2587/2074 2059/2641/2108 2058/2708/2121
f 2065/2709/2091 2041/2546/2050 2011/2692/2104
f 2043/2662/2085 2060/2585/2072 2049/2584/2054
f 2077/2710/2086 2094/111/109 2062/2711/2087
f 2062/2712/2087 2094/2516/109 2063/2688/2092
f 2072/2559/2057 2085/2666/2116 2112/2563/2036
f 2000/2603/2084 2092/2638/2035 2117/2576/2046
f 2003/2561/2059 2085/2666/2116 2072/2559/2057
f 2067/2690/2117 2044/2593/2079 2039/2599/2076
f 2043/2713/2085 2033/2558/2056 1467/2653/105
f 2035/2579/2067 2082/2560/2058 2072/2559/2057
f 2003/2612/2059 2113/2682/2038 2064/2683/2007
f 2041/2546/2050 2065/2709/2091 2025/2583/2071
f 2066/2635/2105 2016/2703/2078 2012/2714/2100
f 2026/2693/2114 1997/2625/2098 2056/2552/2053
f 2041/2715/2050 2020/2716/2113 1992/448/435
f 2044/2593/2079 2067/2690/2117 2058/2706/2121
f 2032/2631/2101 2046/2587/2074 2067/2717/2117
f 2032/2631/2101 2066/2718/2105 2012/2629/2100
f 1998/2695/2119 2090/2568/2005 2023/2567/2062
f 2007/2719/2068 2024/2582/2070 2069/2720/2096
f 2041/2715/2050 1992/448/435 16/447/106
f 2047/2565/2061 2035/2579/2067 2072/2559/2057
f 2080/2607/1982 2002/2574/1983 2071/2721/1981
f 2022/2578/2066 2047/2565/2061 2023/2567/2062
f 2010/2610/2088 2018/2649/2111 2079/2644/2094
f 2074/2722/2045 2001/2664/2040 2117/2576/2046
f 2058/2708/2121 2067/2717/2117 2046/2587/2074
f 2075/2621/2095 2008/2620/2073 2005/2623/2097
f 1999/2627/2099 2044/2593/2079 2059/2707/2108
f 2040/2723/2118 2025/2614/2071 2010/2610/2088
f 2094/111/109 2077/2710/2086 2011/2692/2104
f 2020/2716/2113 2078/2697/2120 1992/448/435
f 2020/2652/2113 2060/2585/2072 2078/2698/2120
f 1996/2656/2081 2042/2694/2080 2023/2567/2062
f 2015/2657/2110 2081/2724/2112 2024/2582/2070
f 2015/2657/2110 2005/2725/2097 2081/2724/2112
f 2024/2726/2070 2081/2651/2112 2069/2622/2096
f 2016/2727/2078 2017/2630/2082 2012/2629/2100
f 2098/1879/104 18/1878/99 2109/2421/2021
f 1995/2557/2055 2099/125/122 2107/2595/95
f 2061/2671/1950 2097/2728/98 2051/2672/1731
f 2106/2589/2049 2105/2729/2047 1999/2699/2099
f 2120/2730/2090 2090/2357/2005 1998/2731/2119
f 2101/2685/2039 2100/2687/2041 2006/2663/2115
f 2083/2617/2093 2054/2598/2011 2084/2732/2006
f 10/70/70 36/72/72 1174/392/381
f 10/70/70 1174/392/381 1419/391/380
f 2085/2733/2116 2086/2734/2089 2084/2358/2006
f 2085/2733/2116 2084/2358/2006 2112/2483/2036
f 1591/135/132 2119/2495/2043 2117/2539/2046
f 1572/2301/1991 2101/2487/2039 2118/1728/1624
f 1591/135/132 895/134/131 2119/2495/2043
f 2074/2538/2045 2118/1728/1624 2001/2488/2040
f 2117/2539/2046 2092/2482/2035 2112/2483/2036
f 1998/2731/2119 2042/2735/2080 2120/2730/2090
f 2042/2735/2080 2083/2736/2093 2086/2734/2089
f 2086/2734/2089 2083/2736/2093 2084/2358/2006
f 2090/2357/2005 2120/2730/2090 2064/2359/2007
f 857/457/444 2115/8/8 1625/6/6
f 2120/2730/2090 2042/2735/2080 2086/2734/2089
f 2123/2737/2122 2122/2738/2123 839/1246/1200
f 1706/71/71 839/1246/1200 2122/2738/2123
f 2123/2737/2122 1857/785/764 2122/2739/2123
f 839/1246/1200 1857/785/764 2123/2737/2122
f 681/1676/1579 1857/785/764 839/1246/1200
f 1857/785/764 2121/2097/1872 2122/2739/2123
f 2121/2740/1872 1706/71/71 2122/2738/2123
