# Blender 4.0.2
# www.blender.org
mtllib 无标题.mtl
o Main_LOD1_00_low.004
v 0.471637 0.593261 9.070441
v 0.544599 0.884483 9.070441
v 0.471637 1.175704 9.070441
v 0.272300 1.388894 9.070441
v 2.077188 1.263049 1.720605
v 0.090719 0.724840 11.138370
v 0.052377 0.774248 11.138370
v 0.090719 0.589855 11.138370
v 0.104753 0.657348 11.138370
v 0.544260 1.221513 7.882899
v 0.632582 0.929026 7.882899
v 0.471637 0.593261 7.882899
v 1.911582 1.484717 -0.375724
v 1.628840 1.512991 -1.058344
v 0.159541 2.160933 3.747323
v 0.539441 1.984247 4.728036
v 0.554965 1.646941 7.243795
v 0.243613 1.752324 8.076873
v 0.220029 2.216684 7.080839
v 0.179815 2.377266 6.009433
v 0.139601 2.296092 4.728036
v 0.554965 1.820845 5.928595
v 0.334713 0.381982 3.522427
v 0.579740 0.730061 3.522427
v 0.669426 1.205547 3.522427
v 0.579740 1.681033 3.522427
v 0.334713 1.999354 3.522427
v 0.650510 1.063581 5.761096
v 0.524240 0.659828 5.761096
v 0.561525 1.445115 5.761096
v 0.302670 0.381001 5.761096
v 6.918907 1.217458 -3.047296
v 7.039194 1.254378 -3.510156
v 6.895112 1.168988 -3.101309
v 2.077188 1.214579 1.668096
v 2.233593 1.323693 -4.339165
v 1.628840 1.412740 -3.512503
v 2.245520 1.271779 -4.458272
v 6.278814 1.264007 -4.944890
v 7.016199 1.217239 -3.505177
v 0.773880 1.119241 5.850012
v 1.598732 1.119241 5.850012
v 0.773880 0.331826 3.560173
v 0.773880 1.605595 3.560173
v 1.598732 1.605595 3.560173
v 1.598732 0.331826 3.560173
v 1.511870 0.120608 2.338185
v 0.773880 1.605595 2.338185
v 0.650664 0.120608 2.338185
v 0.881467 1.681797 -6.576508
v 0.535623 1.588285 -6.576508
v 0.282447 1.332805 -6.576508
v 0.189779 0.983812 -6.576508
v 0.282448 0.634819 -6.576508
v 0.881467 0.285827 -6.576508
v 1.227311 0.379339 -6.576508
v 1.480487 0.634819 -6.576508
v 1.536351 0.983812 -6.576508
v 1.480487 1.332804 -6.576508
v 1.227312 1.588285 -6.576508
v 0.903239 1.665448 -4.332088
v 0.469581 1.548777 -4.339162
v 0.212519 1.355251 -4.440598
v 0.160816 0.469610 -4.339165
v 0.260222 0.450518 -4.339162
v 0.902794 0.193220 -4.339162
v 1.273783 0.293531 -4.339162
v 1.549034 0.632040 -4.345593
v 1.644772 0.941953 -4.339162
v 1.583660 1.316319 -4.339162
v 1.347826 1.548777 -4.339162
v 0.582255 1.543299 -0.584480
v 0.200607 1.290524 -5.665696
v 0.356788 1.878270 2.356899
v 0.146819 1.160785 -7.734666
v 1.100754 1.369333 -8.023275
v 1.259881 1.210207 -8.023275
v 1.318125 0.992837 -8.023275
v 1.259881 0.775466 -8.023275
v 1.100754 0.616340 -8.023275
v 0.883384 0.558096 -8.023275
v 0.506887 0.775466 -8.023275
v 0.448643 0.992837 -8.023275
v 0.506887 1.210207 -8.023275
v 0.666014 1.369333 -8.023275
v 0.883384 1.427577 -8.023275
v 0.579740 1.681033 2.321917
v 1.598733 1.605595 2.338185
v 2.040648 1.142711 2.328638
v 1.560676 0.987866 2.353274
v 1.587698 1.556710 2.927622
v 1.566877 1.109398 2.927622
v 1.963994 1.177648 2.927622
v 0.666014 0.616340 -8.023275
v 1.960793 4.604336 -7.224492
v 1.960793 4.604335 -7.612701
v 2.005701 0.982065 -8.839830
v 2.005701 0.982065 -4.959925
v 1.979054 1.322067 -4.801079
v 2.001003 1.322067 -6.891003
v 1.892195 4.604336 -7.224492
v 1.892195 4.604335 -7.612701
v 1.858152 1.322067 -4.801079
v 1.836204 1.322067 -6.891003
v 1.926494 4.604335 -7.835262
v 1.926494 4.604336 -6.911303
v 1.918603 1.202471 -7.763063
v 1.918603 1.322067 -4.575374
v 0.299055 1.567699 -0.584480
v 0.773880 1.605595 3.158449
v 0.772569 1.086673 4.440939
v 0.664887 1.086673 4.440939
v 0.772569 1.255564 4.239280
v 0.648134 1.255564 4.239280
v 0.772569 1.431247 3.899347
v 0.625908 1.431247 3.899347
v 0.772569 0.958748 4.257835
v 0.628276 0.958748 4.257835
v 0.772569 0.730060 3.830869
v 0.578860 0.730060 3.830869
v 0.772569 0.564016 3.462496
v 0.454129 0.564016 3.462496
v 1.249308 0.169694 -3.673256
v 0.563908 0.169694 -3.673256
v 0.552855 0.063721 1.158822
v 1.755268 0.819210 -3.512056
v 0.103089 0.320117 -3.777191
v 0.157335 0.738514 -5.702601
v 1.971851 0.841587 -8.849607
v 1.247847 1.519625 -0.584480
v 1.922166 0.841587 -8.849607
v 2.232965 0.731695 -4.339165
v 1.755268 0.731695 -4.339165
v 1.971851 0.935834 -8.765457
v 1.922166 0.935834 -8.765457
v 1.651307 1.323693 -4.339165
v 1.433672 0.773785 -7.337008
v 1.926038 0.773785 -7.337008
v 2.019938 1.328971 -7.337008
v 1.433672 1.328971 -7.337008
v 1.621724 1.531190 -0.249466
v 1.594634 1.363089 4.170067
v 0.227633 0.158307 -3.513058
v 1.298807 0.158307 -3.513058
v 2.005701 0.749928 -8.839830
v 2.005701 0.749928 -4.959925
v 4.882758 0.982065 -8.391561
v 4.882758 0.749928 -8.391561
v 4.329128 0.749927 -9.333356
v 4.329128 0.982064 -9.333356
v 0.144731 0.981847 -7.726534
v 0.462219 0.346432 2.326397
v 1.841283 4.610361 -6.455025
v 1.841283 4.796537 -6.487811
v 2.009904 4.796537 -6.487811
v 2.009904 4.610361 -6.455025
v 1.841283 4.607517 -8.081212
v 1.841283 4.799380 -8.081212
v 2.009904 4.799380 -8.081212
v 2.009904 4.607517 -8.081212
v -0.471637 0.593261 9.070441
v -0.544599 0.884483 9.070441
v -0.471637 1.175704 9.070441
v -0.272300 1.388894 9.070441
v -2.077188 1.263049 1.720605
v -0.090719 0.724840 11.138370
v -0.052377 0.774248 11.138370
v -0.090719 0.589855 11.138370
v -0.104753 0.657348 11.138370
v -0.544260 1.221513 7.882899
v -0.632582 0.929026 7.882899
v -0.471637 0.593261 7.882899
v -1.911582 1.484717 -0.375724
v -1.628840 1.512991 -1.058344
v -0.159541 2.160933 3.747323
v -0.539441 1.984247 4.728036
v -0.554965 1.646941 7.243795
v -0.243613 1.752324 8.076873
v -0.220029 2.216684 7.080839
v -0.179815 2.377266 6.009433
v -0.139601 2.296092 4.728036
v -0.554965 1.820845 5.928595
v -0.334713 0.381982 3.522427
v -0.579740 0.730061 3.522427
v -0.669426 1.205547 3.522427
v -0.579740 1.681033 3.522427
v -0.334713 1.999354 3.522427
v -0.650510 1.063581 5.761096
v -0.524240 0.659828 5.761096
v -0.561525 1.445115 5.761096
v -0.302670 0.381001 5.761096
v -6.918907 1.217458 -3.047296
v -7.039194 1.254378 -3.510156
v -6.895112 1.168988 -3.101309
v -2.077188 1.214579 1.668096
v -2.233593 1.323693 -4.339165
v -1.628840 1.412740 -3.512503
v -2.245520 1.271779 -4.458272
v -6.278814 1.264007 -4.944890
v -7.016199 1.217239 -3.505177
v -0.773880 1.119241 5.850012
v -1.598732 1.119241 5.850012
v -0.773880 0.331826 3.560173
v -0.773880 1.605595 3.560173
v -1.598732 1.605595 3.560173
v -1.598732 0.331826 3.560173
v -1.511870 0.120608 2.338185
v -0.773880 1.605595 2.338185
v -0.650664 0.120608 2.338185
v -0.881467 1.681797 -6.576508
v -0.535623 1.588285 -6.576508
v -0.282447 1.332805 -6.576508
v -0.189779 0.983812 -6.576508
v -0.282448 0.634819 -6.576508
v -0.881467 0.285827 -6.576508
v -1.227311 0.379339 -6.576508
v -1.480487 0.634819 -6.576508
v -1.536351 0.983812 -6.576508
v -1.480487 1.332804 -6.576508
v -1.227312 1.588285 -6.576508
v -0.903239 1.665448 -4.332088
v -0.469581 1.548777 -4.339162
v -0.212519 1.355251 -4.440598
v -0.160816 0.469610 -4.339165
v -0.260222 0.450518 -4.339162
v -0.902794 0.193220 -4.339162
v -1.273783 0.293531 -4.339162
v -1.549034 0.632040 -4.345593
v -1.644772 0.941953 -4.339162
v -1.583660 1.316319 -4.339162
v -1.347826 1.548777 -4.339162
v -0.582255 1.543299 -0.584480
v -0.200607 1.290524 -5.665696
v -0.356788 1.878270 2.356899
v -0.146819 1.160785 -7.734666
v -1.100754 1.369333 -8.023275
v -1.259881 1.210207 -8.023275
v -1.318125 0.992837 -8.023275
v -1.259881 0.775466 -8.023275
v -1.100754 0.616340 -8.023275
v -0.883384 0.558096 -8.023275
v -0.506887 0.775466 -8.023275
v -0.448643 0.992837 -8.023275
v -0.506887 1.210207 -8.023275
v -0.666014 1.369333 -8.023275
v -0.883384 1.427577 -8.023275
v -0.579740 1.681033 2.321917
v -1.598733 1.605595 2.338185
v -2.040648 1.142711 2.328638
v -1.560676 0.987866 2.353274
v -1.587698 1.556710 2.927622
v -1.566877 1.109398 2.927622
v -1.963994 1.177648 2.927622
v -0.666014 0.616340 -8.023275
v -1.960793 4.604336 -7.224492
v -1.960793 4.604335 -7.612701
v -2.005701 0.982065 -8.839830
v -2.005701 0.982065 -4.959925
v -1.979054 1.322067 -4.801079
v -2.001003 1.322067 -6.891003
v -1.892195 4.604336 -7.224492
v -1.892195 4.604335 -7.612701
v -1.858152 1.322067 -4.801079
v -1.836204 1.322067 -6.891003
v -1.926494 4.604335 -7.835262
v -1.926494 4.604336 -6.911303
v -1.918603 1.202471 -7.763063
v -1.918603 1.322067 -4.575374
v -0.299055 1.567699 -0.584480
v -0.773880 1.605595 3.158449
v 0.000000 0.278308 5.702663
v -0.772569 1.086673 4.440939
v -0.664887 1.086673 4.440939
v -0.772569 1.255564 4.239280
v -0.648134 1.255564 4.239280
v -0.772569 1.431247 3.899347
v -0.625908 1.431247 3.899347
v -0.772569 0.958748 4.257835
v -0.628276 0.958748 4.257835
v -0.772569 0.730060 3.830869
v -0.578860 0.730060 3.830869
v -0.772569 0.564016 3.462496
v -0.454129 0.564016 3.462496
v -1.249308 0.169694 -3.673256
v -0.563908 0.169694 -3.673256
v -0.552855 0.063721 1.158822
v -1.755268 0.819210 -3.512056
v -0.103089 0.320117 -3.777191
v -0.157335 0.738514 -5.702601
v -1.971851 0.841587 -8.849607
v -1.247847 1.519625 -0.584480
v -1.922166 0.841587 -8.849607
v -2.232965 0.731695 -4.339165
v -1.755268 0.731695 -4.339165
v -1.971851 0.935834 -8.765457
v -1.922166 0.935834 -8.765457
v -1.651307 1.323693 -4.339165
v -1.433672 0.773785 -7.337008
v -1.926038 0.773785 -7.337008
v -2.019938 1.328971 -7.337008
v -1.433672 1.328971 -7.337008
v -1.621724 1.531190 -0.249466
v -1.594634 1.363089 4.170067
v -0.227633 0.158307 -3.513058
v -1.298807 0.158307 -3.513058
v -2.005701 0.749928 -8.839830
v -2.005701 0.749928 -4.959925
v -4.882758 0.982065 -8.391561
v -4.882758 0.749928 -8.391561
v -4.329128 0.749927 -9.333356
v -4.329128 0.982064 -9.333356
v -0.144731 0.981847 -7.726534
v -0.462219 0.346432 2.326397
v -1.841283 4.610361 -6.455025
v -1.841283 4.796537 -6.487811
v -2.009904 4.796537 -6.487811
v -2.009904 4.610361 -6.455025
v -1.841283 4.607517 -8.081212
v -1.841283 4.799380 -8.081212
v -2.009904 4.799380 -8.081212
v -2.009904 4.607517 -8.081212
v 0.000000 2.345650 4.728036
v 0.000000 2.173145 3.738807
v 0.000000 1.466926 9.070441
v 0.000000 0.302040 9.070441
v 0.000000 0.616498 11.495015
v 0.000000 0.522363 11.138370
v 0.000000 0.792332 11.138370
v 0.000000 0.254576 3.522427
v 0.000000 1.355251 -4.440598
v 0.000000 2.126760 3.522427
v 0.000000 2.459553 6.036704
v 0.000000 2.293833 7.080839
v 0.000000 0.302039 7.882899
v 0.000000 1.774745 8.132973
v 0.000000 1.964272 2.356899
v 0.000000 1.160785 -7.734666
v 0.000000 1.641729 -0.584480
v 0.000000 0.981847 -7.726534
v 0.000000 0.469610 -4.339165
v 0.000000 1.290524 -5.665696
v 0.000000 0.274901 2.326397
v 0.000000 0.256411 -3.513058
v 0.000000 0.193601 1.158820
v 0.000000 0.320117 -3.777191
v 0.000000 0.738514 -5.702601
vn -0.0000 -0.9998 0.0179
vn 0.8029 -0.5959 0.0147
vn 0.8023 -0.5940 0.0600
vn -0.0000 -0.9984 0.0565
vn 0.5150 0.8037 0.2980
vn -0.0000 -0.0000 1.0000
vn 0.8572 0.4459 0.2575
vn -0.0000 0.9491 0.3150
vn 0.9778 -0.0000 0.2094
vn 0.7361 -0.6633 0.1353
vn 0.8821 0.4325 0.1868
vn 0.9844 -0.1476 0.0958
vn -0.0000 0.9483 0.3173
vn 0.6428 0.7219 0.2562
vn -0.0000 -0.9934 0.1146
vn 0.9844 -0.1742 0.0238
vn -0.0000 -0.9998 0.0195
vn 0.5891 -0.8079 0.0141
vn 0.8421 -0.5393 0.0088
vn 0.9611 0.2662 0.0731
vn 0.9121 0.3966 0.1035
vn 0.9385 0.3445 0.0220
vn 0.7203 0.6928 0.0345
vn 0.7045 0.6879 0.1748
vn -0.0000 0.9994 0.0337
vn -0.0000 0.9521 0.3059
vn -0.0000 0.9938 -0.1110
vn 0.6159 0.7865 -0.0455
vn 0.6771 0.6857 0.2671
vn -0.0000 0.9256 0.3786
vn 0.8636 0.5033 -0.0308
vn 0.5831 0.8014 -0.1332
vn -0.0000 0.9788 -0.2046
vn 0.9092 0.4164 0.0031
vn 0.5852 0.8048 -0.0993
vn 0.9968 -0.0790 0.0129
vn 0.9011 -0.4332 0.0175
vn 0.9997 -0.0215 0.0153
vn 0.9901 0.1389 0.0179
vn 0.5697 -0.8216 0.0208
vn -0.6194 -0.7787 -0.1001
vn -0.5962 -0.2548 -0.7613
vn -0.3841 -0.6615 -0.6441
vn 0.8766 -0.4740 -0.0835
vn 0.8668 -0.4959 -0.0526
vn 0.5788 -0.8137 -0.0534
vn 0.5217 -0.8486 -0.0871
vn -0.0000 0.9893 -0.1457
vn 0.1052 0.9896 0.0981
vn 0.0513 0.9987 0.0068
vn 0.0723 0.9974 0.0071
vn 0.1709 0.9812 0.0900
vn 0.5227 -0.6885 0.5027
vn 0.9728 -0.1814 0.1438
vn 0.2062 -0.9785 0.0042
vn -0.0037 -1.0000 -0.0039
vn 0.8133 -0.5542 -0.1771
vn -0.0101 -0.9997 -0.0235
vn -0.0041 -0.9995 -0.0304
vn -0.0113 -0.9997 -0.0233
vn 0.0254 0.9990 -0.0366
vn 0.8933 0.4464 -0.0528
vn 0.0886 0.9950 -0.0468
vn 0.0419 0.9985 -0.0346
vn 0.3769 -0.6491 -0.6608
vn 0.6616 -0.3551 -0.6604
vn 0.7230 -0.6902 0.0286
vn 0.4944 -0.8691 0.0146
vn 0.5403 -0.8415 -0.0080
vn 0.6132 -0.7870 -0.0685
vn -0.9994 0.0239 0.0249
vn -1.0000 -0.0000 -0.0000
vn -0.0000 0.9974 0.0719
vn -0.0000 0.9782 0.2078
vn 0.0739 0.9972 -0.0108
vn 0.0331 0.9994 -0.0142
vn -0.0000 1.0000 -0.0000
vn 0.9997 -0.0169 -0.0176
vn 1.0000 -0.0000 -0.0000
vn 0.0498 0.9986 -0.0150
vn -0.0019 0.9999 -0.0125
vn -0.0000 -0.9854 0.1703
vn -0.0105 -0.9994 0.0329
vn 0.4944 -0.8691 0.0145
vn -0.7949 0.5990 -0.0969
vn -0.2210 0.9738 -0.0530
vn -0.1837 0.9821 -0.0421
vn -0.3333 0.9428 -0.0004
vn -0.4242 0.9045 -0.0429
vn -0.0646 0.9973 -0.0362
vn -0.0645 0.9978 0.0146
vn 0.2739 0.9618 0.0023
vn 0.4856 0.8718 -0.0650
vn 0.9963 -0.0161 -0.0839
vn 0.9962 -0.0461 -0.0744
vn -0.3799 -0.9054 -0.1895
vn -0.1753 -0.9474 -0.2676
vn -0.0000 -0.9693 -0.2458
vn -0.0000 -0.9773 -0.2121
vn 0.8868 0.4547 -0.0831
vn 0.8725 0.4840 -0.0671
vn -0.1858 -0.9791 -0.0826
vn -0.1978 -0.9762 -0.0884
vn -0.5002 -0.8603 -0.0987
vn -0.2684 -0.9516 -0.1498
vn -0.9786 -0.1433 -0.1476
vn -0.0000 0.9937 -0.1119
vn 0.3799 0.9209 -0.0869
vn -0.0000 0.9983 -0.0577
vn -0.0000 0.9983 -0.0590
vn -0.1750 -0.9676 -0.1819
vn 0.0768 -0.6408 -0.7639
vn -0.3786 0.6522 -0.6567
vn -0.6542 0.3760 -0.6563
vn -0.7540 0.0001 -0.6568
vn 0.6636 0.3561 -0.6579
vn 0.3786 0.6527 -0.6562
vn -0.0000 0.7539 -0.6569
vn 0.7609 -0.0000 -0.6489
vn 0.4599 0.8870 -0.0423
vn -0.0000 0.9962 -0.0875
vn 0.1020 0.9925 -0.0670
vn 0.2082 -0.9636 0.1678
vn 0.2085 -0.9636 0.1676
vn 0.1250 -0.9905 0.0573
vn 0.7163 0.6901 0.1032
vn 0.7113 0.6981 0.0827
vn 0.7113 0.6981 0.0826
vn 0.7058 0.7006 0.1052
vn 0.4807 0.5548 -0.6791
vn 0.9983 0.0428 0.0386
vn 0.9987 0.0338 0.0386
vn 0.9991 0.0037 -0.0431
vn -0.4806 0.5570 -0.6774
vn -0.9990 0.0084 -0.0433
vn -0.9985 0.0386 0.0386
vn -0.9981 0.0477 0.0386
vn -0.0000 0.7199 0.6941
vn 0.9770 0.1261 0.1718
vn -0.0000 0.9306 -0.3661
vn -0.0000 1.0000 0.0018
vn -0.9764 0.1307 0.1717
vn 0.1660 0.9854 -0.0376
vn 0.9990 -0.0315 -0.0328
vn -0.0000 -0.9999 0.0127
vn -0.0000 0.7666 0.6421
vn -0.0000 0.8480 0.5299
vn -0.0000 0.8481 0.5299
vn 0.0777 0.8720 0.4832
vn 0.0777 0.8721 0.4832
vn 0.3208 0.9405 0.1122
vn -0.0000 -0.8198 0.5727
vn -0.0000 -0.8669 0.4986
vn -0.0000 -0.8989 0.4381
vn -0.0000 -0.8989 0.4382
vn -0.3061 -0.8989 0.3135
vn 0.3622 0.9321 -0.0000
vn -0.0475 -0.9988 -0.0145
vn 0.4846 -0.8693 -0.0974
vn 0.1190 0.9927 -0.0177
vn -0.4143 0.8910 -0.1857
vn 0.0086 0.9989 -0.0467
vn -0.0181 0.9986 -0.0497
vn -0.0000 0.6660 -0.7459
vn -0.0000 -0.9990 -0.0448
vn -0.0000 -0.9996 -0.0291
vn 0.0002 -0.9996 -0.0294
vn -0.0000 0.9642 -0.2654
vn -0.9997 0.0094 0.0231
vn -0.9994 0.0335 0.0002
vn -0.9468 0.0413 -0.3191
vn 0.9979 -0.0607 -0.0232
vn 0.9896 -0.1280 -0.0662
vn 0.9893 -0.1316 -0.0627
vn -0.9896 -0.0897 -0.1127
vn -0.0000 -0.9999 -0.0140
vn 0.9893 -0.1450 0.0153
vn 0.0365 -0.9955 0.0875
vn -0.5002 -0.8611 0.0911
vn 0.1662 -0.9669 0.1937
vn 0.9981 -0.0481 0.0393
vn -0.0621 -0.9981 0.0055
vn -0.0000 -0.9995 0.0326
vn -0.0000 -0.9990 -0.0455
vn -0.2078 -0.0000 -0.9782
vn -0.0000 -0.0454 -0.9990
vn 0.8831 -0.0000 0.4692
vn 0.7663 -0.0000 0.6425
vn 0.7003 -0.4059 0.5872
vn 0.6459 -0.7101 0.2803
vn 0.8621 -0.0000 -0.5068
vn -0.0000 -1.0000 -0.0000
vn -0.0000 -0.9886 -0.1505
vn -0.0000 0.9980 -0.0626
vn -0.0000 -0.9956 0.0935
vn 0.0184 -0.9895 0.1433
vn -0.0000 -0.0000 -1.0000
vn 0.9944 -0.0077 -0.1052
vn -0.9944 -0.0030 -0.1057
vn -0.0000 -1.0000 0.0017
vn -0.0000 0.1734 0.9848
vn -0.9979 0.0446 0.0465
vn -0.0000 -0.9457 0.3252
vn -0.8841 -0.4646 0.0492
vn -0.0000 -0.9929 -0.1194
vn -0.8023 -0.5940 0.0600
vn -0.8029 -0.5959 0.0147
vn -0.5150 0.8037 0.2980
vn -0.8572 0.4459 0.2575
vn -0.9778 -0.0000 0.2094
vn -0.7361 -0.6633 0.1353
vn -0.8821 0.4325 0.1868
vn -0.9844 -0.1476 0.0958
vn -0.6428 0.7219 0.2562
vn -0.9844 -0.1742 0.0238
vn -0.8421 -0.5393 0.0088
vn -0.5891 -0.8079 0.0141
vn -0.9611 0.2662 0.0732
vn -0.9121 0.3966 0.1035
vn -0.7045 0.6879 0.1748
vn -0.7203 0.6928 0.0346
vn -0.9385 0.3445 0.0220
vn -0.6158 0.7866 -0.0455
vn -0.6771 0.6857 0.2671
vn -0.8636 0.5033 -0.0308
vn -0.5831 0.8014 -0.1332
vn -0.5852 0.8048 -0.0993
vn -0.9092 0.4164 0.0031
vn -0.9968 -0.0790 0.0129
vn -0.9997 -0.0215 0.0153
vn -0.9011 -0.4332 0.0175
vn -0.9901 0.1389 0.0179
vn -0.5697 -0.8216 0.0208
vn 0.6194 -0.7787 -0.1001
vn 0.3841 -0.6615 -0.6441
vn 0.5962 -0.2548 -0.7613
vn -0.8766 -0.4739 -0.0835
vn -0.5217 -0.8486 -0.0871
vn -0.5788 -0.8137 -0.0534
vn -0.8668 -0.4959 -0.0526
vn -0.1052 0.9896 0.0981
vn -0.1709 0.9812 0.0900
vn -0.0723 0.9974 0.0071
vn -0.0513 0.9987 0.0068
vn -0.5227 -0.6885 0.5027
vn 0.0037 -1.0000 -0.0039
vn -0.2062 -0.9785 0.0042
vn -0.9728 -0.1814 0.1438
vn -0.8133 -0.5542 -0.1771
vn 0.0041 -0.9995 -0.0304
vn 0.0101 -0.9997 -0.0235
vn 0.0113 -0.9997 -0.0233
vn -0.0419 0.9985 -0.0346
vn -0.1041 0.9938 -0.0395
vn -0.8933 0.4464 -0.0528
vn -0.0254 0.9990 -0.0366
vn -0.6617 -0.3551 -0.6604
vn -0.3768 -0.6492 -0.6608
vn -0.7230 -0.6902 0.0286
vn -0.7476 -0.6640 0.0112
vn -0.5403 -0.8415 -0.0080
vn -0.4944 -0.8691 0.0145
vn 0.9994 0.0239 0.0249
vn -0.0331 0.9994 -0.0142
vn -0.0740 0.9972 -0.0108
vn -0.9997 -0.0169 -0.0176
vn -0.0498 0.9986 -0.0150
vn 0.0019 0.9999 -0.0125
vn 0.0104 -0.9994 0.0329
vn 0.7949 0.5990 -0.0969
vn 0.4242 0.9045 -0.0429
vn 0.3333 0.9428 -0.0004
vn 0.1837 0.9821 -0.0421
vn 0.2210 0.9738 -0.0530
vn -0.2211 0.9738 -0.0530
vn 0.0646 0.9973 -0.0362
vn -0.4856 0.8718 -0.0650
vn -0.2739 0.9618 0.0023
vn 0.0645 0.9978 0.0146
vn -0.9963 -0.0161 -0.0839
vn -0.9962 -0.0461 -0.0744
vn 0.3799 -0.9054 -0.1895
vn 0.1753 -0.9474 -0.2676
vn -0.8868 0.4547 -0.0831
vn -0.8725 0.4840 -0.0671
vn 0.1978 -0.9762 -0.0884
vn 0.1858 -0.9791 -0.0826
vn 0.9786 -0.1433 -0.1476
vn 0.2684 -0.9516 -0.1498
vn 0.5002 -0.8603 -0.0987
vn -0.3799 0.9209 -0.0869
vn 0.1750 -0.9676 -0.1819
vn -0.0768 -0.6408 -0.7639
vn 0.6543 0.3757 -0.6563
vn 0.3784 0.6523 -0.6567
vn 0.7540 -0.0000 -0.6568
vn -0.3789 0.6526 -0.6562
vn -0.6640 0.3553 -0.6579
vn -0.7609 -0.0000 -0.6489
vn -0.4599 0.8870 -0.0423
vn -0.1020 0.9925 -0.0670
vn -0.2082 -0.9636 0.1678
vn -0.1250 -0.9905 0.0573
vn -0.7231 -0.6902 0.0286
vn -0.2085 -0.9636 0.1676
vn -0.7164 0.6900 0.1032
vn -0.7113 0.6981 0.0826
vn -0.7112 0.6981 0.0827
vn -0.0739 0.9972 -0.0108
vn -0.7058 0.7006 0.1052
vn -0.4807 0.5548 -0.6791
vn -0.9991 0.0037 -0.0431
vn -0.9987 0.0338 0.0386
vn -0.9983 0.0428 0.0386
vn 0.4806 0.5570 -0.6774
vn 0.9981 0.0477 0.0386
vn 0.9985 0.0386 0.0386
vn 0.9990 0.0084 -0.0433
vn -0.9770 0.1261 0.1718
vn 0.9764 0.1307 0.1717
vn -0.1660 0.9854 -0.0376
vn -0.9990 -0.0315 -0.0328
vn -0.0777 0.8721 0.4832
vn -0.3208 0.9405 0.1122
vn 0.3061 -0.8989 0.3136
vn 0.3061 -0.8989 0.3135
vn -0.3622 0.9321 -0.0000
vn -0.4846 -0.8693 -0.0974
vn 0.0475 -0.9988 -0.0145
vn -0.1190 0.9927 -0.0177
vn 0.1654 0.8887 -0.4277
vn 0.0181 0.9986 -0.0497
vn -0.0086 0.9989 -0.0467
vn -0.0002 -0.9996 -0.0292
vn 0.9997 0.0094 0.0231
vn 0.9468 0.0413 -0.3191
vn 0.9994 0.0335 0.0002
vn -0.9893 -0.1316 -0.0627
vn -0.9896 -0.1280 -0.0662
vn -0.9979 -0.0607 -0.0232
vn 0.9896 -0.0897 -0.1127
vn -0.9893 -0.1450 0.0153
vn -0.0365 -0.9955 0.0875
vn 0.5002 -0.8611 0.0911
vn -0.1674 -0.9506 0.2614
vn -0.1662 -0.9669 0.1937
vn -0.9981 -0.0481 0.0394
vn 0.0621 -0.9981 0.0055
vn 0.2078 -0.0000 -0.9782
vn -0.8831 0.0002 0.4692
vn -0.7226 -0.6612 -0.2016
vn -0.7003 -0.4059 0.5872
vn -0.7663 -0.0000 0.6425
vn -0.8621 -0.0000 -0.5068
vn 0.2683 -0.9516 -0.1498
vn -0.0184 -0.9895 0.1433
vn 0.0105 -0.9994 0.0329
vn -0.0184 -0.9895 0.1434
vn -0.9944 -0.0077 -0.1052
vn 0.9944 -0.0030 -0.1057
vn 0.9979 0.0446 0.0465
vn 0.8841 -0.4646 0.0492
vn 0.9980 -0.0612 -0.0179
vn -0.9980 -0.0612 -0.0179
vt 0.158334 0.079571
vt 0.142666 0.096505
vt 0.107454 0.063870
vt 0.121533 0.046259
vt 0.070877 0.422466
vt 0.086966 0.420251
vt 0.071821 0.424869
vt 0.070554 0.420202
vt 0.070877 0.422467
vt 0.073250 0.427329
vt 0.074952 0.429610
vt 0.071821 0.424869
vt 0.073250 0.427329
vt 0.091093 0.080951
vt 0.041454 0.010718
vt 0.043436 0.008748
vt 0.099596 0.072727
vt 0.045271 0.006598
vt 0.072186 0.093279
vt 0.037526 0.013381
vt 0.039469 0.012298
vt 0.082003 0.087953
vt 0.074952 0.429610
vt 0.078353 0.432805
vt 0.132036 0.107705
vt 0.225049 0.141701
vt 0.214116 0.149736
vt 0.203832 0.160440
vt 0.122976 0.116559
vt 0.124720 0.291025
vt 0.098389 0.240507
vt 0.124788 0.230569
vt 0.141304 0.268827
vt 0.132303 0.228072
vt 0.149156 0.264275
vt 0.109925 0.179999
vt 0.104187 0.182389
vt 0.158856 0.310304
vt 0.169252 0.307447
vt 0.083925 0.190079
vt 0.085942 0.144562
vt 0.091996 0.141483
vt 0.129964 0.148080
vt 0.098192 0.127531
vt 0.088084 0.129925
vt 0.215926 0.270549
vt 0.195529 0.230981
vt 0.240578 0.256790
vt 0.229558 0.269428
vt 0.191531 0.173191
vt 0.268669 0.227787
vt 0.254642 0.242310
vt 0.180173 0.184874
vt 0.280964 0.214969
vt 0.321590 0.770171
vt 0.347352 0.825139
vt 0.355914 0.821540
vt 0.031077 0.463848
vt 0.122870 0.457849
vt 0.124508 0.475953
vt 0.031706 0.478516
vt 0.164284 0.191284
vt 0.220404 0.281248
vt 0.212579 0.276340
vt 0.470748 0.283445
vt 0.460488 0.300377
vt 0.403624 0.058754
vt 0.470748 0.002977
vt 0.016280 0.542817
vt 0.016280 0.336344
vt 0.020002 0.336344
vt 0.020002 0.542817
vt 0.049944 0.339220
vt 0.052043 0.339095
vt 0.065350 0.415341
vt 0.947577 0.830731
vt 0.754171 0.628521
vt 0.754171 0.881483
vt 0.952106 0.847652
vt 0.396323 0.319728
vt 0.293133 0.187566
vt 0.296626 0.183467
vt 0.375345 0.070227
vt 0.362796 0.756837
vt 0.373790 0.816567
vt 0.383001 0.815373
vt 0.377519 0.754939
vt 0.746874 0.076789
vt 0.782711 0.077975
vt 0.782711 0.319640
vt 0.749564 0.319089
vt 0.945707 0.450876
vt 0.893135 0.450737
vt 0.925884 0.356314
vt 0.851017 0.056380
vt 0.885061 0.056380
vt 0.885061 0.152997
vt 0.851017 0.152997
vt 0.851017 0.005944
vt 0.885061 0.005944
vt 0.885061 0.039799
vt 0.782700 0.053910
vt 0.835273 0.053910
vt 0.815200 0.148419
vt 0.567949 0.433596
vt 0.595475 0.433675
vt 0.587792 0.312777
vt 0.553697 0.312706
vt 0.739261 0.849105
vt 0.705245 0.847721
vt 0.702245 0.796373
vt 0.737761 0.797819
vt 0.611329 0.681018
vt 0.615187 0.643538
vt 0.613430 0.593000
vt 0.600181 0.588704
vt 0.596526 0.680918
vt 0.920010 0.906225
vt 0.581752 0.680825
vt 0.581668 0.588364
vt 0.562718 0.588461
vt 0.566977 0.680672
vt 0.030188 0.449453
vt 0.121914 0.444547
vt 0.347588 0.713033
vt 0.323587 0.710651
vt 0.323587 0.706396
vt 0.347588 0.706396
vt 0.552161 0.680609
vt 0.549078 0.588399
vt 0.533455 0.588691
vt 0.537605 0.680884
vt 0.124687 0.492108
vt 0.031915 0.493131
vt 0.031254 0.430829
vt 0.030822 0.338637
vt 0.034975 0.338564
vt 0.039699 0.395378
vt 0.046005 0.432077
vt 0.623821 0.311546
vt 0.626181 0.263106
vt 0.611422 0.263112
vt 0.608665 0.311382
vt 0.646745 0.876577
vt 0.596110 0.876577
vt 0.596110 0.867806
vt 0.646745 0.868297
vt 0.147135 0.526394
vt 0.123390 0.520929
vt 0.152651 0.506741
vt 0.348375 0.760107
vt 0.364733 0.818625
vt 0.449910 0.764731
vt 0.428677 0.821524
vt 0.437230 0.825144
vt 0.463576 0.770528
vt 0.445423 0.829520
vt 0.476720 0.777554
vt 0.406686 0.755031
vt 0.401563 0.815428
vt 0.410771 0.816649
vt 0.421404 0.756971
vt 0.419833 0.818685
vt 0.435833 0.760207
vt 0.392104 0.754653
vt 0.392283 0.815042
vt 0.308452 0.777206
vt 0.339162 0.829520
vt 0.318143 0.556727
vt 0.326187 0.561371
vt 0.330831 0.569415
vt 0.330831 0.578703
vt 0.326187 0.586747
vt 0.318143 0.591391
vt 0.308855 0.591391
vt 0.300811 0.586747
vt 0.296167 0.578703
vt 0.296167 0.569415
vt 0.300811 0.561371
vt 0.308855 0.556727
vt 0.594879 0.263720
vt 0.596418 0.313276
vt 0.619912 0.433763
vt 0.607174 0.433690
vt 0.727827 0.053603
vt 0.744432 0.052681
vt 0.726105 0.078508
vt 0.397771 0.985613
vt 0.398178 0.959200
vt 0.422567 0.960354
vt 0.422528 0.982399
vt 0.372273 0.983043
vt 0.474123 0.966317
vt 0.850169 0.282914
vt 0.863206 0.292229
vt 0.865838 0.460605
vt 0.795643 0.410465
vt 0.819302 0.333540
vt 0.873833 0.205982
vt 0.803636 0.155846
vt 0.806265 0.324226
vt 0.070655 0.339745
vt 0.070655 0.377880
vt 0.069239 0.368694
vt 0.069239 0.352672
vt 0.873824 0.466011
vt 0.873824 0.299736
vt 0.095249 0.642852
vt 0.029484 0.642908
vt 0.029490 0.649867
vt 0.095255 0.649812
vt 0.795643 0.150449
vt 0.795643 0.316725
vt 0.072071 0.352672
vt 0.072071 0.368694
vt 0.551259 0.589122
vt 0.564944 0.588825
vt 0.551982 0.554677
vt 0.773878 0.003366
vt 0.835273 0.003475
vt 0.291261 0.204133
vt 0.047885 0.002751
vt 0.138533 0.429898
vt 0.137639 0.419079
vt 0.142757 0.418656
vt 0.142962 0.429532
vt 0.136338 0.403339
vt 0.142370 0.402841
vt 0.142757 0.418656
vt 0.136338 0.403339
vt 0.134987 0.387657
vt 0.142962 0.384090
vt 0.142370 0.402841
vt 0.932989 0.003754
vt 0.934499 0.012973
vt 0.928543 0.012972
vt 0.928545 0.003753
vt 0.936535 0.032964
vt 0.928540 0.032963
vt 0.941680 0.049642
vt 0.928537 0.049640
vt 0.586785 0.278950
vt 0.586269 0.262436
vt 0.159621 0.476284
vt 0.159268 0.520645
vt 0.152971 0.478072
vt 0.155951 0.443946
vt 0.031198 0.521360
vt 0.303317 0.141564
vt 0.123463 0.525081
vt 0.285723 0.971834
vt 0.291331 0.959896
vt 0.436517 0.876577
vt 0.436723 0.863863
vt 0.913124 0.191303
vt 0.889127 0.189989
vt 0.891166 0.314017
vt 0.915327 0.315340
vt 0.200659 0.555226
vt 0.200659 0.557277
vt 0.205874 0.557277
vt 0.205874 0.555226
vt 0.752924 0.539735
vt 0.750876 0.539831
vt 0.749863 0.477317
vt 0.770163 0.476374
vt 0.915926 0.157088
vt 0.915926 0.191489
vt 0.889804 0.375183
vt 0.891852 0.375295
vt 0.623480 0.910993
vt 0.623868 0.933904
vt 0.685893 0.916625
vt 0.689127 0.912534
vt 0.195191 0.930592
vt 0.190352 0.928229
vt 0.195501 0.905984
vt 0.071110 0.905984
vt 0.071153 0.929224
vt 0.499027 0.910993
vt 0.499826 0.935788
vt 0.731463 0.354295
vt 0.751158 0.353380
vt 0.008667 0.909132
vt 0.012161 0.913004
vt 0.257944 0.959200
vt 0.552523 0.419708
vt 0.738637 0.000653
vt 0.470638 0.925612
vt 0.443316 0.928369
vt 0.174347 0.557611
vt 0.172121 0.555675
vt 0.174347 0.530145
vt 0.016280 0.670081
vt 0.016280 0.542817
vt 0.020002 0.542817
vt 0.020002 0.670081
vt 0.104934 0.691756
vt 0.104488 0.715360
vt 0.298756 0.715360
vt 0.298706 0.705215
vt 0.321325 0.728299
vt 0.419360 0.728299
vt 0.419360 0.737880
vt 0.321325 0.737880
vt 0.156795 0.325014
vt 0.156832 0.331073
vt 0.149438 0.331033
vt 0.149402 0.325059
vt 0.198776 0.497215
vt 0.198776 0.312389
vt 0.208357 0.312389
vt 0.208357 0.497215
vt 0.523132 0.595961
vt 0.480648 0.611067
vt 0.420249 0.533848
vt 0.523132 0.411134
vt 0.208357 0.542305
vt 0.198776 0.542305
vt 0.420249 0.331755
vt 0.420249 0.516582
vt 0.523132 0.393868
vt 0.462733 0.316649
vt 0.404946 0.706396
vt 0.404946 0.712890
vt 0.732306 0.876577
vt 0.732306 0.870517
vt 0.006851 0.700841
vt 0.006784 0.715360
vt 0.055678 0.715360
vt 0.055590 0.696233
vt 0.005857 0.683552
vt 0.158061 0.530540
vt 0.941680 0.147107
vt 0.929425 0.099768
vt 0.941338 0.097385
vt 0.095854 0.391673
vt 0.087935 0.391673
vt 0.087935 0.398632
vt 0.095854 0.398632
vt 0.614931 0.831448
vt 0.478859 0.804491
vt 0.474684 0.840740
vt 0.615122 0.840740
vt 0.954781 0.024332
vt 0.981740 0.160413
vt 0.991032 0.160612
vt 0.991032 0.020173
vt 0.096610 0.635170
vt 0.029492 0.634989
vt 0.029484 0.642908
vt 0.095249 0.642852
vt 0.096629 0.628210
vt 0.029510 0.628029
vt 0.029492 0.634989
vt 0.119387 0.323271
vt 0.119387 0.331073
vt 0.126347 0.331073
vt 0.126347 0.323271
vt 0.095255 0.649812
vt 0.029490 0.649867
vt 0.029511 0.657786
vt 0.096629 0.657492
vt 0.945663 0.467456
vt 0.945707 0.501311
vt 0.884206 0.501391
vt 0.404921 0.639703
vt 0.304979 0.639703
vt 0.304979 0.605658
vt 0.404921 0.605658
vt 0.175787 0.573342
vt 0.209966 0.566736
vt 0.209966 0.576540
vt 0.190057 0.303895
vt 0.190245 0.288241
vt 0.193047 0.288424
vt 0.193047 0.313231
vt 0.147135 0.530540
vt 0.489082 0.706396
vt 0.489082 0.712369
vt 0.700194 0.747516
vt 0.695091 0.554253
vt 0.739261 0.556158
vt 0.552158 0.453151
vt 0.003318 0.146819
vt 0.004137 0.097187
vt 0.026615 0.098938
vt 0.026388 0.146948
vt 0.070891 0.417940
vt 0.071848 0.415543
vt 0.070891 0.417940
vt 0.073292 0.413092
vt 0.075008 0.410822
vt 0.071848 0.415543
vt 0.073292 0.413092
vt 0.050266 0.098662
vt 0.038452 0.099252
vt 0.030104 0.014532
vt 0.032897 0.014431
vt 0.027281 0.014402
vt 0.061590 0.096809
vt 0.035407 0.014060
vt 0.075008 0.410822
vt 0.078428 0.407647
vt 0.041829 0.146838
vt 0.031284 0.235293
vt 0.016441 0.235489
vt 0.003105 0.237982
vt 0.054484 0.146271
vt 0.185357 0.262798
vt 0.157694 0.261197
vt 0.139052 0.223929
vt 0.163653 0.210126
vt 0.115448 0.177147
vt 0.178132 0.301330
vt 0.134378 0.166593
vt 0.098249 0.138833
vt 0.079429 0.135671
vt 0.072727 0.172910
vt 0.103422 0.319353
vt 0.093290 0.328540
vt 0.076532 0.327953
vt 0.088465 0.277425
vt 0.048999 0.235023
vt 0.056350 0.328330
vt 0.036162 0.328649
vt 0.065290 0.234711
vt 0.018402 0.328869
vt 0.327311 0.068139
vt 0.292987 0.016770
vt 0.301549 0.013171
vt 0.031077 0.597231
vt 0.031706 0.582563
vt 0.124508 0.585126
vt 0.122870 0.603230
vt 0.080825 0.227488
vt 0.109937 0.320865
vt 0.108174 0.329932
vt 0.485074 0.039260
vt 0.485074 0.319728
vt 0.552198 0.263952
vt 0.495334 0.022328
vt 0.004745 0.542817
vt 0.008467 0.542817
vt 0.008467 0.336344
vt 0.004745 0.336344
vt 0.040333 0.339855
vt 0.055328 0.417567
vt 0.042473 0.339748
vt 0.758699 0.597347
vt 0.754171 0.580427
vt 0.952106 0.546595
vt 0.952106 0.799558
vt 0.580477 0.252479
vt 0.659196 0.139239
vt 0.662689 0.135139
vt 0.559499 0.002977
vt 0.286105 0.081473
vt 0.271382 0.083370
vt 0.265900 0.022937
vt 0.275111 0.021743
vt 0.688962 0.463693
vt 0.691653 0.221392
vt 0.724800 0.220841
vt 0.724800 0.462507
vt 0.551769 0.766248
vt 0.457207 0.746424
vt 0.551629 0.713675
vt 0.323087 0.860323
vt 0.419705 0.860323
vt 0.419705 0.894367
vt 0.323087 0.894367
vt 0.306507 0.894367
vt 0.272652 0.894367
vt 0.272652 0.860323
vt 0.055364 0.942045
vt 0.149873 0.974545
vt 0.055364 0.994618
vt 0.234131 0.435039
vt 0.219879 0.314150
vt 0.253974 0.314221
vt 0.261657 0.435118
vt 0.674322 0.554253
vt 0.672821 0.605540
vt 0.637306 0.606986
vt 0.640306 0.555638
vt 0.277511 0.682461
vt 0.262708 0.682362
vt 0.266363 0.590147
vt 0.279612 0.594443
vt 0.281369 0.644981
vt 0.786266 0.521854
vt 0.626181 0.681537
vt 0.247933 0.682268
vt 0.233159 0.682116
vt 0.228900 0.589904
vt 0.247850 0.589808
vt 0.030188 0.611626
vt 0.121914 0.616532
vt 0.347588 0.699759
vt 0.323587 0.702141
vt 0.218343 0.682053
vt 0.203786 0.682327
vt 0.199637 0.590134
vt 0.215259 0.589842
vt 0.031915 0.567948
vt 0.124687 0.568972
vt 0.031198 0.539719
vt 0.029950 0.524968
vt 0.066649 0.531274
vt 0.123463 0.535998
vt 0.123390 0.540151
vt 0.290003 0.312989
vt 0.274847 0.312826
vt 0.277604 0.264556
vt 0.292363 0.264549
vt 0.646745 0.884857
vt 0.596110 0.885348
vt 0.147135 0.534685
vt 0.152651 0.554338
vt 0.300526 0.078203
vt 0.284168 0.019685
vt 0.198991 0.073579
vt 0.185325 0.067782
vt 0.211671 0.013165
vt 0.220224 0.016786
vt 0.172182 0.060756
vt 0.203478 0.008790
vt 0.242215 0.083279
vt 0.227497 0.081339
vt 0.238130 0.021661
vt 0.247338 0.022882
vt 0.213069 0.078103
vt 0.229068 0.019625
vt 0.256797 0.083657
vt 0.256618 0.023268
vt 0.340450 0.061104
vt 0.309739 0.008790
vt 0.135457 0.364110
vt 0.130813 0.372154
vt 0.122769 0.376797
vt 0.113481 0.376798
vt 0.105437 0.372153
vt 0.100793 0.364110
vt 0.100793 0.354822
vt 0.105437 0.346778
vt 0.113481 0.342134
vt 0.122769 0.342134
vt 0.130813 0.346778
vt 0.135457 0.354822
vt 0.261061 0.265164
vt 0.262600 0.314720
vt 0.286094 0.435207
vt 0.273356 0.435133
vt 0.669915 0.486879
vt 0.668193 0.461973
vt 0.686520 0.487801
vt 0.930261 0.226464
vt 0.933476 0.201707
vt 0.955521 0.201668
vt 0.956675 0.226057
vt 0.932832 0.251962
vt 0.949558 0.150112
vt 0.188379 0.785859
vt 0.060828 0.840384
vt 0.010689 0.770189
vt 0.179064 0.772822
vt 0.136163 0.816735
vt 0.145477 0.829772
vt 0.313857 0.832401
vt 0.263721 0.762204
vt 0.088233 0.338414
vt 0.089649 0.351340
vt 0.089649 0.367363
vt 0.088233 0.376549
vt 0.005283 0.762204
vt 0.171558 0.762204
vt 0.175327 0.643911
vt 0.175333 0.636952
vt 0.109568 0.636896
vt 0.109562 0.643856
vt 0.152978 0.840394
vt 0.319254 0.840394
vt 0.086818 0.351340
vt 0.086818 0.367363
vt 0.217441 0.590564
vt 0.218164 0.556120
vt 0.231126 0.590268
vt 0.004928 0.994618
vt 0.004819 0.933223
vt 0.003455 0.328985
vt 0.022686 0.013683
vt 0.122745 0.384090
vt 0.127175 0.384456
vt 0.126969 0.395333
vt 0.121851 0.394910
vt 0.121851 0.394910
vt 0.126970 0.395333
vt 0.126583 0.411148
vt 0.120550 0.410649
vt 0.120550 0.410649
vt 0.126583 0.411148
vt 0.127175 0.429898
vt 0.119200 0.426331
vt 0.905751 0.148657
vt 0.901307 0.148657
vt 0.901305 0.139438
vt 0.907261 0.139437
vt 0.901302 0.119447
vt 0.909297 0.119446
vt 0.901299 0.102770
vt 0.914442 0.102768
vt 0.252968 0.280394
vt 0.252451 0.263880
vt 0.159621 0.584795
vt 0.152971 0.583007
vt 0.159268 0.540434
vt 0.155951 0.617133
vt 0.652505 0.181142
vt 0.955979 0.332904
vt 0.944041 0.338512
vt 0.436723 0.889291
vt 0.190054 0.496381
vt 0.192258 0.372344
vt 0.168097 0.373667
vt 0.166057 0.497695
vt 0.182159 0.552396
vt 0.182159 0.557611
vt 0.184210 0.557610
vt 0.184210 0.552396
vt 0.695013 0.000748
vt 0.712251 0.064109
vt 0.691952 0.063165
vt 0.692964 0.000653
vt 0.192857 0.530595
vt 0.192857 0.496195
vt 0.168782 0.312389
vt 0.166735 0.312501
vt 0.991130 0.614437
vt 0.989590 0.548790
vt 0.985498 0.552023
vt 0.968219 0.614048
vt 0.777429 0.969966
vt 0.901466 0.968598
vt 0.901509 0.945358
vt 0.777120 0.945358
vt 0.782268 0.967602
vt 0.991130 0.738889
vt 0.966336 0.738091
vt 0.673552 0.186186
vt 0.693247 0.187101
vt 0.960458 0.952377
vt 0.963951 0.948505
vt 0.956675 0.366292
vt 0.218706 0.421151
vt 0.680725 0.539830
vt 0.501978 0.964985
vt 0.529304 0.967742
vt 0.080987 0.343675
vt 0.080987 0.371140
vt 0.078761 0.345610
vt 0.004745 0.670081
vt 0.008467 0.670081
vt 0.008467 0.542817
vt 0.004745 0.542817
vt 0.104934 0.738964
vt 0.298706 0.725505
vt 0.032164 0.675552
vt 0.032164 0.665971
vt 0.130199 0.665971
vt 0.130199 0.675552
vt 0.141552 0.331073
vt 0.134159 0.331028
vt 0.134196 0.325055
vt 0.141589 0.325014
vt 0.657016 0.324751
vt 0.666597 0.324751
vt 0.666597 0.509578
vt 0.657016 0.509578
vt 0.407540 0.570288
vt 0.407540 0.385461
vt 0.304657 0.508176
vt 0.365056 0.585395
vt 0.657016 0.279662
vt 0.666597 0.279662
vt 0.304657 0.303367
vt 0.347141 0.288260
vt 0.407540 0.365480
vt 0.304657 0.488194
vt 0.404946 0.699902
vt 0.732306 0.882637
vt 0.006851 0.729879
vt 0.055590 0.734487
vt 0.005857 0.747168
vt 0.914442 0.005303
vt 0.914101 0.055025
vt 0.902187 0.052642
vt 0.073163 0.398632
vt 0.080122 0.398632
vt 0.080122 0.390713
vt 0.073163 0.390713
vt 0.112575 0.870557
vt 0.111322 0.879766
vt 0.250838 0.895835
vt 0.250838 0.859346
vt 0.954358 0.515323
vt 0.990608 0.519482
vt 0.990608 0.379043
vt 0.981316 0.379242
vt 0.176688 0.651594
vt 0.175327 0.643911
vt 0.109562 0.643856
vt 0.109570 0.651775
vt 0.176707 0.658553
vt 0.176688 0.651594
vt 0.109570 0.651775
vt 0.109589 0.658734
vt 0.103666 0.391672
vt 0.103666 0.398632
vt 0.111469 0.398632
vt 0.111469 0.391673
vt 0.176707 0.629271
vt 0.109589 0.628977
vt 0.602284 0.704747
vt 0.602204 0.766248
vt 0.568349 0.766204
vt 0.304979 0.681560
vt 0.304980 0.647515
vt 0.404921 0.647515
vt 0.404920 0.681560
vt 0.150843 0.395087
vt 0.160404 0.428057
vt 0.150775 0.429898
vt 0.190057 0.330380
vt 0.193047 0.321044
vt 0.193048 0.345852
vt 0.190245 0.346035
vt 0.489082 0.700422
vt 0.635255 0.655842
vt 0.674322 0.847201
vt 0.630152 0.849105
vt 0.218340 0.454594
vt 0.664750 0.101642
vt 0.657404 0.102475
vt 0.646225 0.017619
vt 0.669129 0.017619
vt 0.523963 0.783277
vt 0.607986 0.778898
vt 0.607986 0.801802
vt 0.523130 0.790623
vt 0.292363 0.682980
s 1
usemtl FA_N26_LOD5
f 334/1/1 12/2/2 1/3/3 325/4/4
f 7/5/5 326/6/6 6/7/7
f 328/8/8 326/6/6 7/9/5
f 9/10/9 326/6/6 8/11/10
f 6/12/7 326/6/6 9/13/9
f 3/14/11 6/15/7 9/16/9 2/17/12
f 2/17/12 9/16/9 8/18/10 1/3/3
f 324/19/13 328/20/8 7/21/5 4/22/14
f 8/23/10 326/6/6 327/24/15
f 4/22/14 7/21/5 6/15/7 3/14/11
f 12/2/2 11/25/16 2/17/12 1/3/3
f 334/1/1 271/26/17 31/27/18 29/28/19 12/2/2
f 2/17/12 11/25/16 10/29/20 3/14/11
f 17/30/21 22/31/22 20/32/23 19/33/24
f 332/34/25 333/35/26 19/33/24 20/32/23
f 322/36/27 332/34/25 20/32/23 21/37/28
f 18/38/29 19/33/24 333/35/26 335/39/30
f 16/40/31 21/37/28 20/32/23 22/31/22
f 16/40/31 15/41/32 21/37/28
f 323/42/33 322/36/27 21/37/28 15/41/32
f 10/29/20 17/43/21 18/44/29 4/22/14 3/14/11
f 324/19/13 4/22/14 18/44/29 335/45/30
f 15/46/32 16/47/31 26/48/34 27/49/35
f 28/50/36 29/28/19 24/51/37 25/52/38
f 28/50/36 25/52/38 26/48/34 30/53/39
f 31/27/18 23/54/40 24/51/37 29/28/19
f 54/55/41 82/56/42 94/57/43
f 11/25/16 28/50/36 30/53/39 10/29/20
f 11/25/16 12/2/2 29/28/19 28/50/36
f 57/58/44 68/59/45 67/60/46 56/61/47
f 17/43/21 10/29/20 30/53/39 22/62/22
f 27/49/35 331/63/48 323/64/33 15/46/32
f 22/62/22 30/53/39 26/48/34 16/47/31
f 32/65/49 33/66/50 13/67/51 5/68/52
f 32/69/53 5/70/54 35/71/55 34/72/56
f 33/73/57 40/74/58 39/75/59
f 34/76/56 35/77/55 38/78/60 40/79/58
f 33/66/50 39/80/61 38/81/62 36/82/63 14/83/64 13/67/51
f 56/84/47 80/85/65 79/86/66 57/87/44
f 90/88/67 47/89/68 144/90/69 126/91/70
f 44/92/71 43/93/71 41/94/72
f 45/95/73 44/96/73 41/97/74 42/98/74
f 44/96/73 45/95/73 88/99/75 48/100/76 110/101/77
f 46/102/78 45/103/78 42/104/79
f 130/105/80 72/106/81 48/107/76 88/108/75
f 46/109/82 43/110/82 49/111/83 47/112/84
f 52/113/85 73/114/86 63/115/87 62/116/88 51/117/89
f 39/118/59 40/79/58 38/78/60
f 50/119/90 61/120/91 71/121/92 60/122/93
f 58/123/94 69/124/95 68/59/45 57/58/44
f 64/125/96 127/126/97 345/127/98 340/128/99
f 59/129/100 70/130/101 69/131/95 58/132/94
f 56/61/47 67/60/46 66/133/102 55/134/103
f 54/135/41 65/136/104 64/137/96 128/138/105 53/139/106
f 60/122/93 71/121/92 70/130/101 59/129/100
f 51/117/89 62/116/88 61/120/91 50/119/90
f 336/140/107 331/141/48 27/142/35 74/143/108
f 341/144/109 330/145/110 63/146/87 73/147/86
f 127/148/97 65/149/104 66/133/102 124/150/111
f 55/151/103 81/152/112 80/85/65 56/84/47
f 51/153/89 85/154/113 84/155/114 52/156/85
f 52/156/85 84/155/114 83/157/115 53/158/106
f 59/159/100 77/160/116 76/161/117 60/162/93
f 60/162/93 76/161/117 86/163/118 50/164/90
f 50/164/90 86/163/118 85/154/113 51/153/89
f 58/165/94 78/166/119 77/160/116 59/159/100
f 53/167/106 83/168/115 82/56/42 54/55/41
f 57/87/44 79/86/66 78/166/119 58/165/94
f 80/169/65 81/170/112 94/171/43 82/172/42 83/173/115 84/174/114 85/175/113 86/176/118 76/177/117 77/178/116 78/179/119 79/180/66
f 26/181/34 87/182/120 74/143/108 27/142/35
f 338/183/121 336/140/107 74/143/108 109/184/122
f 93/185/123 92/186/124 90/88/67 89/187/125
f 89/188/126 88/189/75 91/190/127 93/191/128
f 5/192/52 88/189/75 89/188/126
f 91/190/127 142/193/129 93/191/128
f 96/194/130 95/195/131 99/196/132 100/197/133
f 102/198/134 104/199/135 103/200/136 101/201/137
f 106/202/138 105/203/77 102/204/134 101/205/137
f 108/206/139 99/196/132 95/195/131 106/207/138
f 155/208/140 159/209/141 158/210/141 154/211/140
f 103/200/136 108/212/142 106/213/138 101/201/137
f 95/214/131 96/215/130 105/203/77 106/202/138
f 62/116/88 63/115/87 109/184/122 72/106/81
f 61/120/91 72/106/81 130/105/80 71/121/92
f 70/216/101 71/217/92 37/218/143
f 45/103/78 46/102/78 47/219/144 88/220/144
f 329/221/145 23/54/40 31/27/18 271/26/17
f 8/18/10 327/222/15 325/4/4 1/3/3
f 111/223/146 113/224/147 114/225/148 112/226/146
f 113/224/147 115/227/149 116/228/150 114/229/148
f 115/230/149 44/231/151 26/232/34 116/233/150
f 112/234/152 118/235/153 117/236/153 111/237/152
f 118/235/153 120/238/154 119/239/155 117/236/153
f 120/238/154 122/240/156 121/241/156 119/239/155
f 87/182/120 110/242/157 48/107/76
f 26/181/34 44/243/151 110/242/157 87/182/120
f 144/244/69 143/245/158 124/150/111 123/246/159
f 123/246/159 67/60/46 68/59/45 126/247/70
f 68/59/45 69/124/95 126/247/70
f 66/133/102 67/60/46 123/246/159
f 55/134/103 66/133/102 65/149/104 54/248/41
f 124/150/111 66/133/102 123/246/159
f 14/83/64 36/82/63 37/249/143
f 64/250/96 65/149/104 127/148/97
f 72/106/81 87/182/120 48/107/76
f 5/192/52 13/251/51 141/252/160 88/189/75
f 330/145/110 338/253/121 109/254/122 63/146/87
f 62/116/88 72/106/81 61/120/91
f 136/255/161 36/256/63 139/257/162 140/258/163
f 135/259/164 134/260/164 129/261/164 131/262/164
f 131/263/165 129/264/165 138/265/166 137/266/167
f 37/267/143 36/256/63 136/255/161
f 70/268/101 37/267/143 136/255/161
f 140/258/163 139/257/162 134/269/168 135/270/168
f 137/271/169 140/272/170 135/273/171 131/274/171
f 36/275/63 38/276/62 132/277/172 138/278/173 139/279/174
f 133/280/175 136/281/161 140/272/170 137/271/169
f 132/282/176 133/283/176 137/266/167 138/265/166
f 139/279/174 138/278/173 129/284/177 134/285/177
f 132/282/178 126/91/70 133/283/179
f 14/286/64 141/252/160 13/251/51
f 130/105/80 88/108/75 141/287/160
f 93/185/123 142/288/180 92/186/124
f 89/289/181 132/277/172 38/276/62 35/290/55
f 35/291/55 5/292/54 89/293/181
f 33/294/57 32/295/53 34/296/56 40/297/58
f 125/298/182 344/299/183 343/300/184 143/301/158
f 126/247/70 144/244/69 123/246/159
f 97/302/185 150/303/185 149/304/185 145/305/185
f 337/306/186 75/307/186 151/308/186 339/309/186
f 147/310/187 98/311/188 146/312/189 148/313/190
f 147/314/77 150/315/77 97/316/77 98/317/77
f 147/310/187 148/313/190 149/318/191 150/319/191
f 148/320/190 146/321/189 145/322/192 149/323/192
f 346/324/193 128/325/105 64/125/96 340/128/99
f 337/326/194 341/144/109 73/147/86 75/327/194
f 23/328/40 329/329/145 342/330/195 152/331/196
f 24/332/37 23/328/40 152/331/196
f 90/88/67 126/91/70 132/282/178 89/187/125
f 143/245/158 343/333/184 127/148/97 124/150/111
f 342/330/195 344/299/183 125/298/182 152/331/196
f 125/334/182 49/335/83 152/336/196
f 122/240/156 152/336/196 49/335/83 121/241/156
f 157/337/197 158/338/197 159/339/197 160/340/197
f 96/341/130 100/342/133 107/343/198 105/344/198
f 104/345/135 102/346/134 105/347/199 107/348/199
f 156/349/79 160/350/79 159/351/79 155/352/79
f 153/353/200 157/354/200 160/355/200 156/349/200
f 154/356/140 153/357/201 156/358/201 155/359/140
f 154/360/72 158/361/72 157/362/72 153/363/72
f 43/93/71 44/92/71 110/364/202 48/365/202 49/366/202
f 41/367/203 43/368/203 46/369/203 42/370/203
f 126/371/70 69/372/204 133/373/179
f 69/374/95 70/375/101 136/376/161 133/377/175
f 343/333/184 345/378/98 127/148/97
f 128/325/105 346/324/193 339/379/205 151/380/205
f 72/106/81 109/184/122 74/143/108 87/182/120
f 17/30/21 19/33/24 18/38/29
f 125/381/182 143/382/158 144/383/69 47/112/84 49/111/83
f 141/287/160 14/384/64 37/218/143 71/217/92 130/105/80
f 94/57/43 81/152/112 55/151/103
f 55/151/103 54/55/41 94/57/43
f 334/385/1 325/386/4 161/387/206 172/388/207
f 167/389/208 166/390/209 326/6/6
f 328/8/8 167/391/208 326/6/6
f 169/392/210 168/393/211 326/6/6
f 166/394/209 169/395/210 326/6/6
f 163/396/212 162/397/213 169/398/210 166/399/209
f 162/397/213 161/387/206 168/400/211 169/398/210
f 324/19/13 164/401/214 167/402/208 328/20/8
f 168/403/211 327/404/15 326/6/6
f 164/401/214 163/396/212 166/399/209 167/402/208
f 172/388/207 161/387/206 162/397/213 171/405/215
f 334/385/1 172/388/207 189/406/216 191/407/217 271/408/17
f 162/397/213 163/396/212 170/409/218 171/405/215
f 177/410/219 179/411/220 180/412/221 182/413/222
f 332/34/25 180/412/221 179/411/220 333/35/26
f 322/36/27 181/414/223 180/412/221 332/34/25
f 178/415/224 335/39/30 333/35/26 179/411/220
f 176/416/225 182/413/222 180/412/221 181/414/223
f 176/416/225 181/414/223 175/417/226
f 323/42/33 175/417/226 181/414/223 322/36/27
f 170/409/218 163/396/212 164/401/214 178/418/224 177/419/219
f 324/19/13 335/45/30 178/418/224 164/401/214
f 175/420/226 187/421/227 186/422/228 176/423/225
f 188/424/229 185/425/230 184/426/231 189/406/216
f 188/424/229 190/427/232 186/422/228 185/425/230
f 191/407/217 189/406/216 184/426/231 183/428/233
f 214/429/234 254/430/235 242/431/236
f 171/405/215 170/409/218 190/427/232 188/424/229
f 171/405/215 188/424/229 189/406/216 172/388/207
f 217/432/237 216/433/238 227/434/239 228/435/240
f 177/419/219 182/436/222 190/427/232 170/409/218
f 187/421/227 175/420/226 323/437/33 331/438/48
f 182/436/222 176/423/225 186/422/228 190/427/232
f 192/439/241 165/440/242 173/441/243 193/442/244
f 192/443/245 194/444/246 195/445/247 165/446/248
f 193/447/249 199/448/250 200/449/251
f 194/450/246 200/451/251 198/452/252 195/453/247
f 193/442/244 173/441/243 174/454/253 196/455/254 198/456/255 199/457/256
f 216/458/238 217/459/237 239/460/257 240/461/258
f 250/462/259 287/463/260 305/464/261 207/465/262
f 204/466/263 201/467/79 203/468/263
f 205/469/73 202/470/74 201/471/74 204/472/73
f 204/472/73 270/473/77 208/474/264 248/475/265 205/469/73
f 206/476/266 202/477/72 205/478/266
f 291/479/267 248/480/265 208/481/264 232/482/268
f 206/483/82 207/484/262 209/485/269 203/486/82
f 212/487/270 211/488/271 222/489/272 223/490/273 233/491/274
f 199/492/250 198/452/252 200/451/251
f 52/113/85 53/493/106 73/114/275
f 210/494/276 220/495/277 231/496/278 221/497/279
f 218/498/280 217/432/237 228/435/240 229/499/281
f 224/500/282 340/128/99 345/127/98 288/501/283
f 219/502/284 218/503/280 229/504/281 230/505/285
f 216/433/238 215/506/286 226/507/287 227/434/239
f 214/508/234 213/509/288 289/510/289 224/511/282 225/512/290
f 220/495/277 219/502/284 230/505/285 231/496/278
f 211/488/271 210/494/276 221/497/279 222/489/272
f 336/513/107 234/514/291 187/515/227 331/516/48
f 341/144/109 233/517/274 223/518/273 330/145/110
f 288/519/283 285/520/292 226/507/287 225/512/290
f 215/521/286 216/458/238 240/461/258 241/522/293
f 211/523/271 212/524/270 244/525/294 245/526/295
f 212/524/270 213/527/288 243/528/296 244/525/294
f 219/529/284 220/530/277 236/531/297 237/532/298
f 220/530/277 210/533/276 246/534/118 236/531/297
f 210/533/276 211/523/271 245/526/295 246/534/118
f 218/535/280 219/529/284 237/532/298 238/536/299
f 213/537/288 214/429/234 242/431/236 243/538/296
f 217/459/237 218/535/280 238/536/299 239/460/257
f 240/539/258 239/540/257 238/541/299 237/542/298 236/543/297 246/544/118 245/545/295 244/546/294 243/547/296 242/548/236 254/549/235 241/550/293
f 186/551/228 187/515/227 234/514/291 247/552/300
f 338/553/121 269/554/301 234/514/291 336/513/107
f 253/555/302 249/556/303 250/462/304 252/557/305
f 249/558/306 253/559/307 251/560/308 248/561/309
f 165/562/242 249/558/306 248/561/265
f 251/560/308 253/559/307 303/563/310
f 256/564/311 260/565/312 259/566/313 255/567/314
f 262/568/315 261/569/316 263/570/317 264/571/318
f 266/572/138 261/573/316 262/574/315 265/575/77
f 268/576/319 266/577/138 255/567/314 259/566/313
f 316/578/140 315/579/140 319/580/141 320/581/141
f 263/570/317 261/569/316 266/582/138 268/583/320
f 255/584/314 266/572/138 265/575/77 256/585/311
f 222/489/272 232/482/268 269/554/301 223/490/273
f 221/497/279 231/496/278 291/479/267 232/482/268
f 230/586/285 197/587/321 231/588/278
f 205/478/266 248/589/322 207/590/322 206/476/266
f 329/591/145 271/408/17 191/407/217 183/428/233
f 168/400/211 161/387/206 325/386/4 327/592/15
f 272/593/146 273/594/146 275/595/148 274/596/147
f 274/597/147 275/598/148 277/599/323 276/600/323
f 276/601/323 277/602/323 186/603/228 204/604/324
f 273/605/152 272/606/152 278/607/153 279/608/153
f 279/608/153 278/607/153 280/609/155 281/610/154
f 281/610/154 280/609/155 282/611/325 283/612/326
f 247/552/300 208/481/264 270/613/327
f 186/551/228 247/552/300 270/613/327 204/614/324
f 305/615/261 284/616/328 285/520/292 304/617/329
f 284/616/328 287/618/260 228/435/240 227/434/239
f 228/435/240 287/618/260 229/499/281
f 226/507/287 284/616/328 227/434/239
f 215/506/286 214/508/234 225/512/290 226/507/287
f 285/520/292 284/616/328 226/507/287
f 174/454/253 197/619/321 196/455/254
f 224/511/282 288/519/283 225/512/290
f 232/482/268 208/481/264 247/552/300
f 165/562/242 248/561/265 302/620/330 173/621/243
f 330/145/110 223/518/273 269/622/301 338/253/121
f 222/489/272 221/497/279 232/482/268
f 297/623/331 301/624/332 300/625/333 196/626/254
f 296/627/164 292/628/164 290/629/164 295/630/164
f 292/631/165 298/632/334 299/633/166 290/634/165
f 197/635/321 297/623/331 196/626/254
f 230/636/285 297/623/331 197/635/321
f 301/624/332 296/637/168 295/638/168 300/625/333
f 298/639/335 292/640/336 296/641/336 301/642/337
f 196/643/254 300/644/338 299/645/339 293/646/340 198/647/255
f 294/648/341 298/639/335 301/642/337 297/649/331
f 293/650/176 299/633/166 298/632/334 294/651/176
f 300/644/338 295/652/342 290/653/342 299/645/339
f 293/650/343 294/651/344 287/463/345
f 174/654/253 173/621/243 302/620/330
f 291/479/267 302/655/330 248/480/265
f 253/555/302 252/557/305 303/656/346
f 249/657/347 195/658/247 198/647/255 293/646/340
f 195/659/247 249/660/347 165/661/248
f 193/662/249 200/663/251 194/664/246 192/665/245
f 286/666/348 304/667/329 343/300/184 344/299/183
f 287/618/260 284/616/328 305/615/261
f 257/668/349 306/669/349 310/670/349 311/671/349
f 337/672/186 339/673/186 312/674/186 235/675/186
f 308/676/350 309/677/351 307/678/352 258/679/353
f 308/680/77 258/681/77 257/682/77 311/683/77
f 308/676/350 311/684/354 310/685/354 309/677/351
f 309/686/351 310/687/192 306/688/192 307/689/352
f 346/324/193 340/128/99 224/500/282 289/690/355
f 337/326/194 235/691/194 233/517/274 341/144/109
f 183/692/233 313/693/356 342/330/195 329/329/145
f 184/694/231 313/693/356 183/692/233
f 250/462/304 249/556/303 293/650/343 287/463/345
f 304/617/329 285/520/292 288/519/283 343/333/184
f 342/330/195 313/693/356 286/666/348 344/299/183
f 286/695/348 313/696/356 209/697/269
f 283/612/326 282/611/325 209/697/357 313/696/358
f 318/698/197 321/699/197 320/700/197 319/701/197
f 256/702/311 265/703/359 267/704/359 260/705/312
f 264/706/318 267/707/360 265/708/360 262/709/315
f 317/710/72 316/711/72 320/712/72 321/713/72
f 314/714/200 317/715/200 321/716/200 318/717/200
f 315/718/140 316/719/140 317/720/201 314/721/201
f 315/579/79 314/722/79 318/723/79 319/580/79
f 203/468/263 209/724/361 208/725/361 270/726/361 204/466/263
f 201/727/203 202/728/203 206/729/203 203/730/203
f 287/731/345 294/732/344 229/733/362
f 229/734/281 294/735/341 297/736/331 230/737/285
f 343/333/184 288/519/283 345/378/98
f 289/690/355 312/738/205 339/379/205 346/324/193
f 232/482/268 247/552/300 234/514/291 269/554/301
f 177/410/219 178/415/224 179/411/220
f 286/739/348 209/485/269 207/484/262 305/740/261 304/741/329
f 302/655/330 291/479/267 231/588/278 197/587/321 174/742/253
f 254/430/235 215/521/286 241/522/293
f 215/521/286 254/430/235 214/429/234
f 151/743/363 75/744/363 73/745/363 128/746/363
f 312/747/364 289/748/364 233/749/364 235/750/364
f 212/487/270 233/491/274 213/751/288
o Main_LOD0_00_low.004
v 0.272300 0.380072 9.070441
v 0.471637 0.593261 9.070441
v 0.544599 0.884483 9.070441
v 0.471637 1.175704 9.070441
v 0.272300 1.388894 9.070441
v 0.052376 0.540448 11.138370
v 2.077188 1.263049 1.720605
v 0.090719 0.724840 11.138370
v 0.052377 0.774248 11.138370
v 2.069110 1.432208 0.415953
v 0.090719 0.589855 11.138370
v 0.104753 0.657348 11.138370
v 0.192758 0.420267 9.985250
v 0.192758 1.154819 9.985250
v 0.333866 0.575496 9.985250
v 0.385516 0.787543 9.985250
v 0.333867 0.999590 9.985250
v 3.270715 1.241925 0.551507
v 0.544260 1.221513 7.882899
v 0.632582 0.929026 7.882899
v 0.471637 0.593261 7.882899
v 0.272300 0.380072 7.882899
v 1.911582 1.484717 -0.375724
v 1.628840 1.512991 -1.058344
v 0.159541 2.160933 3.747323
v 0.288103 2.134630 3.834979
v 0.395237 2.069257 4.047299
v 0.539441 1.984247 4.728036
v 0.554965 1.646941 7.243795
v 0.459596 1.649349 7.768325
v 0.243613 1.752324 8.076873
v 0.220029 2.216684 7.080839
v 0.193220 2.350478 6.536755
v 0.166410 2.404054 5.482111
v 0.139601 2.296092 4.728036
v 0.375534 2.159940 7.080839
v 0.361175 2.216124 6.491953
v 0.346817 2.288671 5.482111
v 0.319629 2.284875 4.728036
v 0.554965 1.878812 5.482111
v 0.554965 1.762877 6.375079
v 0.505887 1.966558 7.080839
v 0.491529 2.058837 6.445203
v 0.477171 2.125540 5.482111
v 0.449982 2.121745 4.728036
v 0.334713 0.381982 3.522427
v 0.579740 0.730061 3.522427
v 0.669426 1.205547 3.522427
v 0.579740 1.681033 3.522427
v 0.334713 1.999354 3.522427
v 0.650510 1.063581 5.761096
v 0.524240 0.659828 5.761096
v 0.561525 1.445115 5.761096
v 0.302670 0.381001 5.761096
v 4.338607 1.449654 -2.971142
v 6.172870 1.357130 -3.925963
v 6.172870 1.217458 -2.326219
v 4.464242 1.218462 -0.617591
v 2.136903 1.517838 -2.230932
v 1.628840 1.517838 -2.230932
v 4.435588 1.309008 -1.154366
v 6.172870 1.254378 -2.691073
v 2.073149 1.396772 0.956604
v 3.254369 1.332694 -0.098881
v 4.387098 1.381021 -2.062754
v 6.172870 1.314682 -3.308518
v 3.149340 1.450804 -1.219239
v 4.464242 1.169992 -0.670100
v 6.172870 1.168988 -2.378728
v 3.270715 1.193454 0.498998
v 2.077188 1.214579 1.668096
v 4.233589 1.417262 -3.512503
v 6.172870 1.331827 -4.290282
v 2.248417 1.412740 -3.512503
v 1.628840 1.412740 -3.512503
v 4.232831 1.271779 -3.511589
v 6.172870 1.281542 -4.290282
v 2.248417 1.316366 -3.512056
v 2.077188 1.262830 0.187929
v 2.077188 1.306479 -1.292238
v 2.117580 1.353971 -2.247312
v 6.394122 1.268586 -4.723427
v 6.012330 1.281741 -4.226081
v 4.343067 1.309385 -2.977271
v 4.380093 1.261892 -2.060224
v 4.408142 1.218243 -1.504008
v 6.172870 1.308381 -3.921555
v 6.172870 1.260889 -3.315650
v 6.172870 1.217239 -2.847189
v 0.773880 1.119241 5.850012
v 1.598732 1.119241 5.850012
v 1.543599 0.354728 3.626773
v 0.829013 0.354728 3.626773
v 0.773880 0.331826 3.560173
v 0.773880 1.605595 3.560173
v 1.598732 1.605595 3.560173
v 1.598732 0.331826 3.560173
v 1.511870 0.120608 2.338185
v 0.773880 1.605595 2.338185
v 0.650664 0.120608 2.338185
v 0.881467 1.681797 -6.576508
v 0.535623 1.588285 -6.576508
v 0.282447 1.332805 -6.576508
v 0.189779 0.983812 -6.576508
v 0.282448 0.634819 -6.576508
v 0.535623 0.379339 -6.576508
v 0.881467 0.285827 -6.576508
v 1.227311 0.379339 -6.576508
v 1.480487 0.634819 -6.576508
v 1.536351 0.983812 -6.576508
v 1.480487 1.332804 -6.576508
v 1.227312 1.588285 -6.576508
v 0.903239 1.665448 -4.332088
v 0.469581 1.548777 -4.339162
v 0.212519 1.355251 -4.440598
v 0.160816 0.469610 -4.339165
v 0.260222 0.450518 -4.339162
v 0.531805 0.293531 -4.339162
v 0.902794 0.193220 -4.339162
v 1.273783 0.293531 -4.339162
v 1.549034 0.632040 -4.345593
v 1.644772 0.941953 -4.339162
v 1.583660 1.316319 -4.339162
v 1.347826 1.548777 -4.339162
v 0.854769 1.541074 -2.478102
v 0.387261 1.493435 -2.485177
v 1.321386 1.493434 -2.485177
v 0.854769 1.518130 -1.413529
v 0.459847 1.470491 -1.420603
v 1.248801 1.470490 -1.420603
v 0.200607 1.290524 -5.665696
v 0.226161 1.507724 -1.420603
v 0.356788 1.878270 2.356899
v 0.146819 1.160785 -7.734666
v 1.100728 1.369286 -8.023275
v 1.261631 1.208384 -8.023275
v 1.320525 0.988586 -8.023275
v 1.261631 0.768789 -8.023275
v 1.100727 0.607886 -8.023275
v 0.880930 0.548991 -8.023275
v 0.661132 0.607886 -8.023275
v 0.500229 0.768789 -8.023275
v 0.441335 0.988586 -8.023275
v 0.500229 1.208384 -8.023275
v 0.661132 1.369287 -8.023275
v 0.880930 1.428181 -8.023275
v 0.880930 1.395183 -8.023275
v 0.677631 1.340709 -8.023275
v 0.528807 1.191885 -8.023275
v 0.474333 0.988586 -8.023275
v 0.528807 0.785288 -8.023275
v 0.677631 0.636463 -8.023275
v 0.880930 0.581989 -8.023275
v 1.084228 0.636463 -8.023275
v 1.233053 0.785288 -8.023275
v 1.287527 0.988586 -8.023275
v 1.233053 1.191884 -8.023275
v 1.084229 1.340709 -8.023275
v 0.880930 1.638651 -6.833540
v 0.555898 1.551558 -6.833540
v 0.317958 1.313618 -6.833539
v 0.230866 0.988586 -6.833539
v 0.317958 0.663554 -6.833539
v 0.555898 0.425615 -6.833539
v 0.880930 0.338522 -6.833539
v 1.205962 0.425614 -6.833539
v 1.443902 0.663554 -6.833539
v 1.494189 0.988586 -6.833539
v 1.443902 1.313618 -6.833539
v 1.205962 1.551558 -6.833540
v 0.579740 1.681033 2.321917
v 0.324082 1.660181 0.255433
v 1.598733 1.605595 2.338185
v 2.040648 1.142711 2.328638
v 1.560676 0.987866 2.353274
v 1.587698 1.556710 2.927622
v 1.917406 1.310181 2.927622
v 1.566877 1.109398 2.927622
v 1.963994 1.177648 2.927622
v 1.592613 1.528373 3.329954
v 1.874614 1.230939 3.329954
v 1.828027 1.313952 3.329954
v 1.589076 1.193816 3.329954
v 1.600375 1.626969 1.178593
v 2.040648 1.131198 1.178593
v 1.600375 0.987866 1.178593
v 4.107566 0.879297 -9.239900
v 4.524410 0.883400 -8.294731
v 1.960793 4.604336 -7.224492
v 1.960793 4.604335 -7.612701
v 2.005701 0.891537 -8.807321
v 2.005701 0.922453 -6.085611
v 1.966774 3.203967 -6.474897
v 1.966774 3.203967 -7.172318
v 1.979054 1.786505 -5.722395
v 2.001003 1.570521 -6.891003
v 1.963769 1.570520 -7.474082
v 1.979054 1.322067 -4.801079
v 2.001003 1.322067 -6.891003
v 1.963769 1.276390 -7.474082
v 1.892195 4.604336 -7.224492
v 1.892195 4.604335 -7.612701
v 1.889912 3.203967 -6.474897
v 1.889912 3.203967 -7.172318
v 1.858152 1.786505 -5.722395
v 1.836204 1.570521 -6.891003
v 1.873438 1.570520 -7.474082
v 1.858152 1.322067 -4.801079
v 1.836204 1.322067 -6.891003
v 1.873438 1.276390 -7.474082
v 1.926494 4.604335 -7.835262
v 1.928343 3.203967 -5.956439
v 1.928343 3.203967 -7.835262
v 1.918603 1.202471 -7.763063
v 1.918603 1.570520 -7.763064
v 1.926494 4.604336 -6.911303
v 1.918603 1.570521 -4.768919
v 1.918603 1.322067 -4.575374
v 0.593660 1.610011 0.255433
v 0.299055 1.567699 -0.584480
v 0.582255 1.543299 -0.584480
v 1.598732 0.220625 3.158449
v 0.773880 1.605595 3.158449
v 0.737527 0.220625 3.158449
v 1.598733 1.605595 3.158449
v 0.772569 1.086673 4.440939
v 0.664887 1.086673 4.440939
v 0.772569 1.255564 4.239280
v 0.648134 1.255564 4.239280
v 0.772569 1.431247 3.899347
v 0.625908 1.431247 3.899347
v 0.772569 0.958748 4.257835
v 0.628276 0.958748 4.257835
v 0.772569 0.730060 3.830869
v 0.578860 0.730060 3.830869
v 0.772569 0.564016 3.462496
v 0.454129 0.564016 3.462496
v 1.249308 0.169694 -3.673256
v 0.563908 0.169694 -3.673256
v 2.005701 0.972143 -7.512291
v 4.297308 0.900898 -8.809671
v 0.552855 0.063721 1.158822
v 1.433772 0.063721 1.158822
v 0.466773 0.056766 0.004140
v 1.368370 0.056766 0.004140
v 0.573130 1.470491 -1.072991
v 1.166130 1.470491 -1.072991
v 1.755268 0.819210 -3.512056
v 4.107566 0.849956 -9.239900
v 0.103089 0.320117 -3.777191
v 0.426053 0.293531 -3.673256
v 0.258125 0.587884 -5.702603
v 0.533488 0.310014 -5.702603
v 1.285795 1.624909 -5.702603
v 0.909641 1.726617 -5.702603
v 0.533488 1.624910 -5.702603
v 1.561158 0.587884 -5.702603
v 1.625143 0.967462 -5.702603
v 0.909641 0.208307 -5.702603
v 0.157335 0.738514 -5.702601
v 1.561158 1.347039 -5.702603
v 1.285794 0.310014 -5.702603
v 1.971851 0.841587 -8.849607
v 1.348477 1.571429 0.255433
v 0.657748 1.571429 0.255433
v 1.247847 1.519625 -0.584480
v 0.611051 1.519625 -0.584480
v 0.869630 1.516355 -0.996341
v 0.197113 1.453333 -2.485178
v 1.922166 0.841587 -8.849607
v 2.044105 0.731694 -6.424106
v 1.594371 0.731694 -6.424106
v 2.232965 0.731695 -4.339165
v 1.755268 0.731695 -4.339165
v 1.971851 0.935834 -8.765457
v 1.922166 0.935834 -8.765457
v 2.233593 1.323693 -4.339165
v 1.651307 1.323693 -4.339165
v 2.079623 1.389225 -6.424106
v 1.604412 1.389225 -6.424106
v 1.558820 0.786640 -7.615819
v 1.934724 0.786640 -7.615819
v 1.996705 1.261873 -7.615819
v 1.558820 1.261873 -7.615819
v 1.433672 0.773785 -7.337008
v 1.926038 0.773785 -7.337008
v 2.019938 1.328971 -7.337008
v 1.433672 1.328971 -7.337008
v 2.192548 0.731694 -5.442565
v 1.651340 0.731694 -5.442565
v 2.192548 1.343603 -5.442565
v 1.651340 1.343603 -5.442565
v 2.232965 0.819211 -3.512056
v 1.621724 1.531190 -0.249466
v 1.614607 1.592597 0.537965
v 1.594634 1.371238 4.144539
v 1.644228 1.350595 4.071364
v 1.638680 1.369458 4.071364
v 1.594634 1.363089 4.170067
v 2.088727 1.089034 0.005931
v 2.136806 1.046870 -1.166732
v 2.184886 0.861374 -2.339394
v 1.639098 0.945702 0.005931
v 1.677822 0.903538 -1.166732
v 1.716545 0.861374 -2.339394
v 6.918907 1.217458 -3.047296
v 6.468925 1.271556 -4.579757
v 6.493579 1.288599 -4.583687
v 6.895112 1.168988 -3.101309
v 6.782772 1.294932 -4.037191
v 7.039194 1.254378 -3.510156
v 6.172545 1.276204 -4.622706
v 6.012330 1.337726 -4.226081
v 6.734787 1.250043 -4.043548
v 7.016199 1.217239 -3.505177
v 4.231485 1.335918 -4.059571
v 4.231485 1.271779 -4.458272
v 4.231485 1.417262 -3.517178
v 4.231485 1.271779 -3.516264
v 2.245520 1.335918 -4.059571
v 2.245520 1.271779 -4.458272
v 2.245520 1.417262 -3.517178
v 2.245520 1.271779 -3.516264
v 6.004501 1.303195 -4.537917
v 6.004501 1.271779 -4.835588
v 6.004501 1.333208 -4.228676
v 6.004501 1.271779 -4.227762
v 4.237269 1.335918 -4.026579
v 4.237269 1.271779 -4.459953
v 4.237269 1.417262 -3.520184
v 4.237269 1.271779 -3.519269
v 6.012330 1.271779 -4.835588
v 6.012330 1.303195 -4.537917
v 6.278814 1.264007 -4.944890
v 6.380567 1.286088 -4.764399
v 6.012330 1.276312 -4.558218
v 6.172276 1.271779 -4.898305
v 6.172276 1.303195 -4.600635
v 0.330122 0.067830 -1.200405
v 1.330627 0.067830 -1.200406
v 0.261796 0.095496 -2.244889
v 1.297781 0.095496 -2.244889
v 0.227633 0.158307 -3.513058
v 1.298807 0.158307 -3.513058
v 4.524410 0.806018 -8.294731
v 2.005701 0.836215 -8.807321
v 2.005701 0.754027 -6.085611
v 2.005701 0.867193 -7.512291
v 4.297308 0.851105 -8.809671
v 2.657791 0.931817 -6.703163
v 2.665869 0.885258 -8.968599
v 2.665869 0.972143 -7.904450
v 2.657791 0.754027 -6.703163
v 2.665869 0.843569 -8.968599
v 2.665869 0.868910 -7.904450
v 2.997597 0.779269 -6.230706
v 2.005701 0.837931 -5.613026
v 2.997597 0.754027 -6.230706
v 2.005701 0.754027 -5.613026
v 2.997083 0.856540 -6.687007
v 2.997083 0.754027 -6.687007
v 4.603964 0.845940 -8.133091
v 4.603964 0.819748 -8.133091
v 4.704944 0.845367 -8.256511
v 4.704944 0.833174 -8.256511
v 4.510714 0.875789 -8.959486
v 4.259263 0.849956 -9.263490
v 4.510714 0.892136 -8.959486
v 4.259263 0.874506 -9.263490
v 4.723893 0.846945 -8.544347
v 4.723893 0.868983 -8.544347
v 0.144731 0.981847 -7.726534
v 1.543599 1.096339 5.783412
v 0.829013 1.096339 5.783412
v 0.280296 0.305754 2.326397
v 0.462219 0.346432 2.326397
v 0.204092 0.190317 -2.244889
v 0.187011 0.253128 -3.513058
v 0.257409 0.190317 -1.200403
v 0.354350 0.190317 0.004142
v 0.354350 0.190318 1.158820
v 1.966773 3.200482 -7.178751
v 2.001001 1.581294 -6.902325
v 0.031668 1.965394 2.412498
v 0.031668 1.990279 2.584564
v 1.963770 1.581294 -7.485404
v 1.889914 3.200482 -7.178751
v 1.836202 1.581294 -6.902325
v 1.873439 1.581294 -7.485404
v 1.928343 3.200482 -7.835233
v 1.918604 1.581294 -7.763064
v 1.947342 3.200483 -7.485404
v 1.910735 3.200483 -7.485404
v 1.925594 4.611785 -6.438631
v 1.841283 4.657618 -6.455025
v 1.841283 4.749284 -6.487811
v 1.925594 4.795117 -6.504204
v 2.009904 4.749284 -6.487811
v 2.009904 4.657618 -6.455025
v 1.925594 4.606097 -8.081212
v 1.841283 4.654774 -8.081212
v 1.841283 4.752127 -8.081212
v 1.925594 4.800804 -8.081212
v 2.009904 4.752127 -8.081212
v 2.009904 4.654774 -8.081212
v 1.925594 4.749284 -6.487811
v 1.925594 4.657618 -6.455025
v 0.880930 1.395183 -6.833547
v 0.677631 1.340710 -6.833547
v 0.528807 1.191885 -6.833547
v 0.474333 0.988586 -6.833547
v 0.528807 0.785288 -6.833547
v 0.677631 0.636463 -6.833547
v 0.880930 0.581990 -6.833547
v 1.084228 0.636463 -6.833547
v 1.233053 0.785288 -6.833547
v 1.287527 0.988586 -6.833547
v 1.233053 1.191885 -6.833547
v 1.084229 1.340709 -6.833547
v 1.402646 0.402517 1.840707
v 0.780157 0.402517 1.840707
v 1.437186 1.048549 3.719398
v 0.814697 1.048549 3.719398
v 0.000000 2.345650 4.728036
v 0.000000 2.173145 3.738807
v 0.000000 1.466926 9.070441
v 0.000000 0.302040 9.070441
v -0.272300 0.380072 9.070441
v -0.471637 0.593261 9.070441
v -0.544599 0.884483 9.070441
v -0.471637 1.175704 9.070441
v -0.272300 1.388894 9.070441
v 0.000000 0.616498 11.495015
v 0.000000 0.522363 11.138370
v -0.052376 0.540448 11.138370
v -2.077188 1.263049 1.720605
v -0.090719 0.724840 11.138370
v -0.052377 0.774248 11.138370
v 0.000000 0.792332 11.138370
v -2.069110 1.432208 0.415953
v -0.090719 0.589855 11.138370
v -0.104753 0.657348 11.138370
v 0.000000 0.254576 3.522427
v 0.000000 1.355251 -4.440598
v 0.000000 1.549133 -1.420603
v -0.192758 0.420267 9.985250
v -0.192758 1.154819 9.985250
v -0.333866 0.575496 9.985250
v -0.385516 0.787543 9.985250
v 0.000000 0.363450 9.985250
v -0.333867 0.999590 9.985250
v 0.000000 1.211637 9.985250
v -3.270715 1.241925 0.551507
v 0.000000 2.126760 3.522427
v 0.000000 2.450837 5.482111
v 0.000000 2.468269 6.591296
v 0.000000 2.293833 7.080839
v -0.544260 1.221513 7.882899
v -0.632582 0.929026 7.882899
v -0.471637 0.593261 7.882899
v -0.272300 0.380072 7.882899
v 0.000000 0.302039 7.882899
v -1.911582 1.484717 -0.375724
v -1.628840 1.512991 -1.058344
v -0.159541 2.160933 3.747323
v -0.288103 2.134630 3.834979
v -0.395237 2.069257 4.047299
v -0.539441 1.984247 4.728036
v -0.554965 1.646941 7.243795
v -0.459596 1.649349 7.768325
v -0.243613 1.752324 8.076873
v 0.000000 1.774745 8.132973
v -0.220029 2.216684 7.080839
v -0.193220 2.350478 6.536755
v -0.166410 2.404054 5.482111
v -0.139601 2.296092 4.728036
v -0.375534 2.159940 7.080839
v -0.361175 2.216124 6.491953
v -0.346817 2.288671 5.482111
v -0.319629 2.284875 4.728036
v -0.554965 1.878812 5.482111
v -0.554965 1.762877 6.375079
v -0.505887 1.966558 7.080839
v -0.491529 2.058837 6.445203
v -0.477171 2.125540 5.482111
v -0.449982 2.121745 4.728036
v -0.334713 0.381982 3.522427
v -0.579740 0.730061 3.522427
v -0.669426 1.205547 3.522427
v -0.579740 1.681033 3.522427
v -0.334713 1.999354 3.522427
v -0.650510 1.063581 5.761096
v -0.524240 0.659828 5.761096
v -0.561525 1.445115 5.761096
v -0.302670 0.381001 5.761096
v -4.338607 1.449654 -2.971142
v -6.172870 1.357130 -3.925963
v -6.172870 1.217458 -2.326219
v -4.464242 1.218462 -0.617591
v -2.136903 1.517838 -2.230932
v -1.628840 1.517838 -2.230932
v -4.435588 1.309008 -1.154366
v -6.172870 1.254378 -2.691073
v -2.073149 1.396772 0.956604
v -3.254369 1.332694 -0.098881
v -4.387098 1.381021 -2.062754
v -6.172870 1.314682 -3.308518
v -3.149340 1.450804 -1.219239
v -4.464242 1.169992 -0.670100
v -6.172870 1.168988 -2.378728
v -3.270715 1.193454 0.498998
v -2.077188 1.214579 1.668096
v -4.233589 1.417262 -3.512503
v -6.172870 1.331827 -4.290282
v -2.248417 1.412740 -3.512503
v -1.628840 1.412740 -3.512503
v -4.232831 1.271779 -3.511589
v -6.172870 1.281542 -4.290282
v -2.248417 1.316366 -3.512056
v -2.077188 1.262830 0.187929
v -2.077188 1.306479 -1.292238
v -2.117580 1.353971 -2.247312
v -6.394122 1.268586 -4.723427
v -6.012330 1.281741 -4.226081
v -4.343067 1.309385 -2.977271
v -4.380093 1.261892 -2.060224
v -4.408142 1.218243 -1.504008
v -6.172870 1.308381 -3.921555
v -6.172870 1.260889 -3.315650
v -6.172870 1.217239 -2.847189
v -0.773880 1.119241 5.850012
v -1.598732 1.119241 5.850012
v -1.543599 0.354728 3.626773
v -0.829013 0.354728 3.626773
v -0.773880 0.331826 3.560173
v -0.773880 1.605595 3.560173
v -1.598732 1.605595 3.560173
v -1.598732 0.331826 3.560173
v -1.511870 0.120608 2.338185
v -0.773880 1.605595 2.338185
v -0.650664 0.120608 2.338185
v -0.881467 1.681797 -6.576508
v -0.535623 1.588285 -6.576508
v -0.282447 1.332805 -6.576508
v -0.189779 0.983812 -6.576508
v -0.282448 0.634819 -6.576508
v -0.535623 0.379339 -6.576508
v -0.881467 0.285827 -6.576508
v -1.227311 0.379339 -6.576508
v -1.480487 0.634819 -6.576508
v -1.536351 0.983812 -6.576508
v -1.480487 1.332804 -6.576508
v -1.227312 1.588285 -6.576508
v -0.903239 1.665448 -4.332088
v -0.469581 1.548777 -4.339162
v -0.212519 1.355251 -4.440598
v -0.160816 0.469610 -4.339165
v -0.260222 0.450518 -4.339162
v -0.531805 0.293531 -4.339162
v -0.902794 0.193220 -4.339162
v -1.273783 0.293531 -4.339162
v -1.549034 0.632040 -4.345593
v -1.644772 0.941953 -4.339162
v -1.583660 1.316319 -4.339162
v -1.347826 1.548777 -4.339162
v -0.854769 1.541074 -2.478102
v -0.387261 1.493435 -2.485177
v -1.321386 1.493434 -2.485177
v -0.854769 1.518130 -1.413529
v -0.459847 1.470491 -1.420603
v -1.248801 1.470490 -1.420603
v 0.000000 1.964272 2.356899
v 0.000000 1.160785 -7.734666
v -0.200607 1.290524 -5.665696
v -0.226161 1.507724 -1.420603
v -0.356788 1.878270 2.356899
v -0.146819 1.160785 -7.734666
v -1.100728 1.369286 -8.023275
v -1.261631 1.208384 -8.023275
v -1.320525 0.988586 -8.023275
v -1.261631 0.768789 -8.023275
v -1.100727 0.607886 -8.023275
v -0.880930 0.548991 -8.023275
v -0.661132 0.607886 -8.023275
v -0.500229 0.768789 -8.023275
v -0.441335 0.988586 -8.023275
v -0.500229 1.208384 -8.023275
v -0.661132 1.369287 -8.023275
v -0.880930 1.428181 -8.023275
v -0.880930 1.395183 -8.023275
v -0.677631 1.340709 -8.023275
v -0.528807 1.191885 -8.023275
v -0.474333 0.988586 -8.023275
v -0.528807 0.785288 -8.023275
v -0.677631 0.636463 -8.023275
v -0.880930 0.581989 -8.023275
v -1.084228 0.636463 -8.023275
v -1.233053 0.785288 -8.023275
v -1.287527 0.988586 -8.023275
v -1.233053 1.191884 -8.023275
v -1.084229 1.340709 -8.023275
v -0.880930 1.638651 -6.833540
v -0.555898 1.551558 -6.833540
v -0.317958 1.313618 -6.833539
v -0.230866 0.988586 -6.833539
v -0.317958 0.663554 -6.833539
v -0.555898 0.425615 -6.833539
v -0.880930 0.338522 -6.833539
v -1.205962 0.425614 -6.833539
v -1.443902 0.663554 -6.833539
v -1.494189 0.988586 -6.833539
v -1.443902 1.313618 -6.833539
v -1.205962 1.551558 -6.833540
v -0.579740 1.681033 2.321917
v -0.324082 1.660181 0.255433
v -1.598733 1.605595 2.338185
v -2.040648 1.142711 2.328638
v -1.560676 0.987866 2.353274
v -1.587698 1.556710 2.927622
v -1.917406 1.310181 2.927622
v -1.566877 1.109398 2.927622
v -1.963994 1.177648 2.927622
v -1.592613 1.528373 3.329954
v -1.874614 1.230939 3.329954
v -1.828027 1.313952 3.329954
v -1.589076 1.193816 3.329954
v -1.600375 1.626969 1.178593
v -2.040648 1.131198 1.178593
v -1.600375 0.987866 1.178593
v -4.107566 0.879297 -9.239900
v -4.524410 0.883400 -8.294731
v -1.960793 4.604336 -7.224492
v -1.960793 4.604335 -7.612701
v -2.005701 0.891537 -8.807321
v -2.005701 0.922453 -6.085611
v -1.966774 3.203967 -6.474897
v -1.966774 3.203967 -7.172318
v -1.979054 1.786505 -5.722395
v -2.001003 1.570521 -6.891003
v -1.963769 1.570520 -7.474082
v -1.979054 1.322067 -4.801079
v -2.001003 1.322067 -6.891003
v -1.963769 1.276390 -7.474082
v -1.892195 4.604336 -7.224492
v -1.892195 4.604335 -7.612701
v -1.889912 3.203967 -6.474897
v -1.889912 3.203967 -7.172318
v -1.858152 1.786505 -5.722395
v -1.836204 1.570521 -6.891003
v -1.873438 1.570520 -7.474082
v -1.858152 1.322067 -4.801079
v -1.836204 1.322067 -6.891003
v -1.873438 1.276390 -7.474082
v -1.926494 4.604335 -7.835262
v -1.928343 3.203967 -5.956439
v -1.928343 3.203967 -7.835262
v -1.918603 1.202471 -7.763063
v -1.918603 1.570520 -7.763064
v -1.926494 4.604336 -6.911303
v -1.918603 1.570521 -4.768919
v -1.918603 1.322067 -4.575374
v 0.000000 1.734325 0.255433
v -0.593660 1.610011 0.255433
v 0.000000 1.641729 -0.584480
v -0.299055 1.567699 -0.584480
v -0.582255 1.543299 -0.584480
v -1.598732 0.220625 3.158449
v -0.773880 1.605595 3.158449
v -0.737527 0.220625 3.158449
v -1.598733 1.605595 3.158449
v -0.772569 1.086673 4.440939
v -0.664887 1.086673 4.440939
v -0.772569 1.255564 4.239280
v -0.648134 1.255564 4.239280
v -0.772569 1.431247 3.899347
v -0.625908 1.431247 3.899347
v -0.772569 0.958748 4.257835
v -0.628276 0.958748 4.257835
v -0.772569 0.730060 3.830869
v -0.578860 0.730060 3.830869
v -0.772569 0.564016 3.462496
v -0.454129 0.564016 3.462496
v -1.249308 0.169694 -3.673256
v -0.563908 0.169694 -3.673256
v -2.005701 0.972143 -7.512291
v -4.297308 0.900898 -8.809671
v -0.552855 0.063721 1.158822
v -1.433772 0.063721 1.158822
v -0.466773 0.056766 0.004140
v -1.368370 0.056766 0.004140
v -0.573130 1.470491 -1.072991
v -1.166130 1.470491 -1.072991
v -1.755268 0.819210 -3.512056
v -4.107566 0.849956 -9.239900
v -0.103089 0.320117 -3.777191
v -0.426053 0.293531 -3.673256
v -0.258125 0.587884 -5.702603
v -0.533488 0.310014 -5.702603
v -1.285795 1.624909 -5.702603
v -0.909641 1.726617 -5.702603
v -0.533488 1.624910 -5.702603
v -1.561158 0.587884 -5.702603
v -1.625143 0.967462 -5.702603
v -0.909641 0.208307 -5.702603
v -0.157335 0.738514 -5.702601
v -1.561158 1.347039 -5.702603
v -1.285794 0.310014 -5.702603
v -1.971851 0.841587 -8.849607
v -1.348477 1.571429 0.255433
v -0.657748 1.571429 0.255433
v -1.247847 1.519625 -0.584480
v -0.611051 1.519625 -0.584480
v -0.869630 1.516355 -0.996341
v 0.000000 1.479970 -2.485178
v -0.197113 1.453333 -2.485178
v -1.922166 0.841587 -8.849607
v -2.044105 0.731694 -6.424106
v -1.594371 0.731694 -6.424106
v -2.232965 0.731695 -4.339165
v -1.755268 0.731695 -4.339165
v -1.971851 0.935834 -8.765457
v -1.922166 0.935834 -8.765457
v -2.233593 1.323693 -4.339165
v -1.651307 1.323693 -4.339165
v -2.079623 1.389225 -6.424106
v -1.604412 1.389225 -6.424106
v -1.558820 0.786640 -7.615819
v -1.934724 0.786640 -7.615819
v -1.996705 1.261873 -7.615819
v -1.558820 1.261873 -7.615819
v -1.433672 0.773785 -7.337008
v -1.926038 0.773785 -7.337008
v -2.019938 1.328971 -7.337008
v -1.433672 1.328971 -7.337008
v -2.192548 0.731694 -5.442565
v -1.651340 0.731694 -5.442565
v -2.192548 1.343603 -5.442565
v -1.651340 1.343603 -5.442565
v -2.232965 0.819211 -3.512056
v -1.621724 1.531190 -0.249466
v -1.614607 1.592597 0.537965
v -1.594634 1.371238 4.144539
v -1.644228 1.350595 4.071364
v -1.638680 1.369458 4.071364
v -1.594634 1.363089 4.170067
v -2.088727 1.089034 0.005931
v -2.136806 1.046870 -1.166732
v -2.184886 0.861374 -2.339394
v -1.639098 0.945702 0.005931
v -1.677822 0.903538 -1.166732
v -1.716545 0.861374 -2.339394
v -6.918907 1.217458 -3.047296
v -6.468925 1.271556 -4.579757
v -6.493579 1.288599 -4.583687
v -6.895112 1.168988 -3.101309
v -6.782772 1.294932 -4.037191
v -7.039194 1.254378 -3.510156
v -6.172545 1.276204 -4.622706
v -6.012330 1.337726 -4.226081
v -6.734787 1.250043 -4.043548
v -7.016199 1.217239 -3.505177
v -4.231485 1.335918 -4.059571
v -4.231485 1.271779 -4.458272
v -4.231485 1.417262 -3.517178
v -4.231485 1.271779 -3.516264
v -2.245520 1.335918 -4.059571
v -2.245520 1.271779 -4.458272
v -2.245520 1.417262 -3.517178
v -2.245520 1.271779 -3.516264
v -6.004501 1.303195 -4.537917
v -6.004501 1.271779 -4.835588
v -6.004501 1.333208 -4.228676
v -6.004501 1.271779 -4.227762
v -4.237269 1.335918 -4.026579
v -4.237269 1.271779 -4.459953
v -4.237269 1.417262 -3.520184
v -4.237269 1.271779 -3.519269
v -6.012330 1.271779 -4.835588
v -6.012330 1.303195 -4.537917
v -6.278814 1.264007 -4.944890
v -6.380567 1.286088 -4.764399
v -6.012330 1.276312 -4.558218
v -6.172276 1.271779 -4.898305
v -6.172276 1.303195 -4.600635
v -0.330122 0.067830 -1.200405
v -1.330627 0.067830 -1.200406
v -0.261796 0.095496 -2.244889
v -1.297781 0.095496 -2.244889
v -0.227633 0.158307 -3.513058
v -1.298807 0.158307 -3.513058
v -4.524410 0.806018 -8.294731
v -2.005701 0.836215 -8.807321
v -2.005701 0.754027 -6.085611
v -2.005701 0.867193 -7.512291
v -4.297308 0.851105 -8.809671
v -2.657791 0.931817 -6.703163
v -2.665869 0.885258 -8.968599
v -2.665869 0.972143 -7.904450
v -2.657791 0.754027 -6.703163
v -2.665869 0.843569 -8.968599
v -2.665869 0.868910 -7.904450
v -2.997597 0.779269 -6.230706
v -2.005701 0.837931 -5.613026
v -2.997597 0.754027 -6.230706
v -2.005701 0.754027 -5.613026
v -2.997083 0.856540 -6.687007
v -2.997083 0.754027 -6.687007
v -4.603964 0.845940 -8.133091
v -4.603964 0.819748 -8.133091
v -4.704944 0.845367 -8.256511
v -4.704944 0.833174 -8.256511
v -4.510714 0.875789 -8.959486
v -4.259263 0.849956 -9.263490
v -4.510714 0.892136 -8.959486
v -4.259263 0.874506 -9.263490
v -4.723893 0.846945 -8.544347
v -4.723893 0.868983 -8.544347
v 0.000000 0.981847 -7.726534
v -0.144731 0.981847 -7.726534
v 0.000000 0.469610 -4.339165
v 0.000000 1.290524 -5.665696
v -1.543599 1.096339 5.783412
v -0.829013 1.096339 5.783412
v 0.000000 0.274901 2.326397
v -0.280296 0.305754 2.326397
v -0.462219 0.346432 2.326397
v 0.000000 0.193600 -2.244889
v 0.000000 0.256411 -3.513058
v -0.204092 0.190317 -2.244889
v -0.187011 0.253128 -3.513058
v 0.000000 0.193600 -1.200403
v -0.257409 0.190317 -1.200403
v 0.000000 0.193600 0.004142
v -0.354350 0.190317 0.004142
v 0.000000 0.193601 1.158820
v -0.354350 0.190318 1.158820
v 0.000000 2.185640 2.412498
v 0.000000 2.185640 2.543982
v -1.966773 3.200482 -7.178751
v -2.001001 1.581294 -6.902325
v -0.031668 1.965394 2.412498
v -0.031668 1.990279 2.584564
v -1.963770 1.581294 -7.485404
v -1.889914 3.200482 -7.178751
v -1.836202 1.581294 -6.902325
v -1.873439 1.581294 -7.485404
v -1.928343 3.200482 -7.835233
v -1.918604 1.581294 -7.763064
v -1.947342 3.200483 -7.485404
v -1.910735 3.200483 -7.485404
v -1.925594 4.611785 -6.438631
v -1.841283 4.657618 -6.455025
v -1.841283 4.749284 -6.487811
v -1.925594 4.795117 -6.504204
v -2.009904 4.749284 -6.487811
v -2.009904 4.657618 -6.455025
v -1.925594 4.606097 -8.081212
v -1.841283 4.654774 -8.081212
v -1.841283 4.752127 -8.081212
v -1.925594 4.800804 -8.081212
v -2.009904 4.752127 -8.081212
v -2.009904 4.654774 -8.081212
v -1.925594 4.749284 -6.487811
v -1.925594 4.657618 -6.455025
v -0.880930 1.395183 -6.833547
v -0.677631 1.340710 -6.833547
v -0.528807 1.191885 -6.833547
v -0.474333 0.988586 -6.833547
v -0.528807 0.785288 -6.833547
v -0.677631 0.636463 -6.833547
v -0.880930 0.581990 -6.833547
v -1.084228 0.636463 -6.833547
v -1.233053 0.785288 -6.833547
v -1.287527 0.988586 -6.833547
v -1.233053 1.191885 -6.833547
v -1.084229 1.340709 -6.833547
v -1.402646 0.402517 1.840707
v -0.780157 0.402517 1.840707
v -1.437186 1.048549 3.719398
v -0.814697 1.048549 3.719398
v 0.000000 0.320117 -3.777191
v 0.000000 0.738514 -5.702601
vn 0.5459 -0.8225 0.1595
vn -0.0000 -0.0000 1.0000
vn -0.0000 -0.9893 0.1458
vn 0.5220 0.7864 0.3302
vn 0.8561 0.4300 0.2866
vn 0.8767 -0.4403 0.1939
vn 0.0911 0.9932 0.0732
vn 0.0933 0.9927 0.0758
vn 0.0612 0.9981 0.0114
vn 0.0468 0.9989 0.0015
vn -0.0000 0.9368 0.3498
vn 0.9712 -0.0000 0.2384
vn 0.8594 0.4489 0.2447
vn 0.9803 -0.0000 0.1974
vn 0.8763 -0.4577 0.1501
vn -0.0000 0.9540 0.2997
vn 0.5159 0.8083 0.2836
vn 0.5346 -0.8377 0.1117
vn -0.0000 -0.9954 0.0962
vn 0.5269 -0.8493 0.0333
vn -0.0000 -0.9996 0.0270
vn 0.6324 0.7356 0.2427
vn 0.8872 0.4315 0.1635
vn 0.8982 -0.4373 0.0449
vn -0.0000 0.9539 0.3002
vn 0.9832 -0.1685 0.0708
vn 0.8921 -0.4517 0.0104
vn 0.9844 -0.1742 0.0238
vn -0.0000 -1.0000 0.0061
vn 0.4917 -0.8708 0.0049
vn 0.9675 0.2430 0.0701
vn 0.8300 0.5091 0.2281
vn 0.7305 0.6413 0.2346
vn 0.4400 0.8324 0.3370
vn 0.5974 0.7425 0.3029
vn -0.0000 0.9942 0.1075
vn -0.0000 0.9229 0.3851
vn 0.4972 0.8637 0.0819
vn -0.0000 0.9989 -0.0477
vn 0.4363 0.8994 -0.0261
vn -0.0000 0.9888 -0.1493
vn 0.2458 0.9605 -0.1301
vn -0.0000 0.9256 0.3786
vn 0.6861 0.7255 0.0539
vn 0.6467 0.7627 -0.0021
vn 0.5314 0.8411 -0.1004
vn -0.0000 0.9788 -0.2046
vn 0.2102 0.9593 -0.1886
vn 0.5713 0.8035 -0.1674
vn 0.8866 0.4625 0.0084
vn 0.8291 0.5547 -0.0699
vn 0.9209 0.3888 0.0271
vn 0.9285 0.3582 0.0977
vn 0.9557 0.2918 -0.0389
vn 0.9951 0.0990 0.0060
vn 0.9982 0.0595 0.0069
vn 0.9927 0.1067 0.0554
vn 0.8073 0.5771 -0.1234
vn 0.9968 -0.0790 0.0129
vn 0.8968 -0.4424 0.0030
vn 0.8829 -0.4691 0.0196
vn 0.9997 -0.0215 0.0153
vn 0.9138 0.4061 0.0012
vn 0.9934 0.1136 0.0149
vn 0.7840 -0.6207 0.0055
vn 0.5132 -0.8580 0.0189
vn 0.5518 0.8269 -0.1087
vn -0.0000 0.9893 -0.1457
vn 0.1480 0.9792 0.1388
vn 0.1090 0.9880 0.1093
vn 0.1019 0.9899 0.0985
vn 0.1145 0.9885 0.0986
vn 0.1193 0.9881 0.0974
vn 0.1655 0.9751 0.1477
vn 0.3299 0.9350 0.1303
vn 0.1537 0.9840 0.0905
vn 0.0847 0.9944 0.0626
vn 0.1186 0.9907 0.0659
vn 0.0866 0.9948 0.0526
vn 0.0234 0.9994 -0.0274
vn 0.0123 0.9999 0.0117
vn 0.0096 0.9980 -0.0628
vn 0.5526 -0.6223 0.5543
vn 0.5530 -0.6122 0.5651
vn 0.5531 -0.6122 0.5651
vn 0.5455 -0.6158 0.5685
vn 0.5452 -0.6160 0.5686
vn 0.5784 -0.5994 0.5533
vn 0.0093 0.9974 -0.0709
vn 0.0007 0.9961 -0.0878
vn 0.0124 0.9976 -0.0684
vn 0.0224 0.9956 -0.0910
vn -0.0391 -0.9982 -0.0463
vn -0.0331 -0.9988 -0.0370
vn -0.0327 -0.9985 -0.0439
vn -0.0443 -0.9973 -0.0594
vn -0.0266 -0.9994 0.0232
vn -0.0382 -0.9990 0.0225
vn 0.0085 -0.9997 0.0230
vn -0.0093 -0.9997 0.0204
vn -0.0305 -0.9987 -0.0418
vn 0.0011 -0.9988 0.0494
vn 0.0290 -0.9974 0.0665
vn -0.0647 -0.9953 -0.0724
vn -0.0587 -0.9966 -0.0571
vn -0.0550 -0.9967 -0.0598
vn -0.0637 -0.9949 -0.0785
vn -0.0511 -0.9960 -0.0728
vn -0.0519 -0.9979 -0.0379
vn -0.0220 -0.9990 -0.0390
vn 0.0405 0.9971 -0.0643
vn -0.0294 -0.9991 -0.0321
vn 0.0001 -0.0056 -1.0000
vn -0.1691 -0.0044 -0.9856
vn -0.3725 -0.0028 -0.9280
vn -0.0000 -0.9457 0.3252
vn -0.9999 0.0037 0.0116
vn -1.0000 -0.0000 -0.0000
vn -0.0000 0.9960 0.0893
vn -0.0000 0.9782 0.2078
vn -0.0000 -0.9855 0.1696
vn -0.1218 -0.9862 0.1122
vn 0.4921 -0.8687 0.0568
vn 1.0000 -0.0000 -0.0000
vn -0.0000 0.9939 -0.1104
vn 0.3730 0.9237 -0.0872
vn 0.2530 0.9624 -0.0994
vn -0.9980 0.0424 0.0475
vn -0.9972 0.0554 0.0494
vn -0.4656 -0.8839 -0.0442
vn -0.4116 -0.9092 -0.0635
vn -0.5412 -0.8358 -0.0926
vn -0.7215 -0.6891 -0.0678
vn -0.0000 1.0000 0.0096
vn -0.0000 0.9989 0.0458
vn 0.3430 0.9391 0.0198
vn 0.4888 0.8724 -0.0097
vn -0.3044 0.9511 -0.0525
vn -0.2151 0.9757 -0.0413
vn -0.3660 0.9304 0.0184
vn -0.4854 0.8743 -0.0036
vn 0.9990 -0.0144 -0.0434
vn 0.9968 -0.0562 -0.0578
vn 0.8633 -0.5038 -0.0303
vn 0.8821 -0.4696 -0.0366
vn -0.0000 -0.9992 -0.0407
vn -0.0267 -0.9986 -0.0447
vn -0.1305 -0.9692 -0.2088
vn -0.0524 -0.9713 -0.2321
vn -0.0000 -0.9693 -0.2458
vn -0.0000 -0.9755 -0.2199
vn 0.8911 0.4522 -0.0375
vn 0.8617 0.5047 -0.0521
vn 0.5217 -0.8523 -0.0370
vn 0.5951 -0.8030 -0.0321
vn -0.5168 -0.8426 -0.1514
vn -0.0000 0.9993 0.0381
vn 0.1124 0.9934 0.0237
vn -0.2076 0.9781 0.0171
vn -0.0002 0.9997 0.0227
vn 0.0245 0.9997 0.0082
vn -0.0403 0.9991 -0.0109
vn -0.0000 0.9983 -0.0577
vn -0.0000 0.9986 -0.0538
vn -0.0000 0.9983 -0.0580
vn -0.0000 0.9956 -0.0940
vn 0.1648 0.9827 -0.0841
vn -0.1245 0.9915 -0.0389
vn 0.4925 -0.8507 -0.1836
vn -0.0000 -0.9824 -0.1868
vn -0.0000 -0.9345 -0.3559
vn 0.4673 -0.8093 -0.3559
vn -0.9860 -0.0000 -0.1668
vn -0.8547 0.4922 -0.1651
vn -0.8093 0.4672 -0.3561
vn -0.9345 -0.0000 -0.3560
vn 0.8191 0.5494 -0.1652
vn 0.9876 -0.0000 -0.1569
vn 0.9230 -0.0000 -0.3848
vn 0.8006 0.4684 -0.3737
vn -0.8534 -0.4914 -0.1739
vn -0.8093 -0.4673 -0.3559
vn 0.4937 0.8533 -0.1681
vn 0.4672 0.8093 -0.3561
vn -0.4937 0.8534 -0.1673
vn 0.0002 0.9856 -0.1693
vn -0.0000 0.9344 -0.3561
vn -0.4672 0.8093 -0.3561
vn -0.4925 -0.8509 -0.1826
vn -0.4672 -0.8093 -0.3559
vn 0.8179 -0.5483 -0.1743
vn 0.8006 -0.4685 -0.3736
vn 0.4986 0.8581 -0.1224
vn -0.0000 0.9933 -0.1155
vn -0.8790 0.4662 -0.1002
vn -0.9930 -0.0156 -0.1168
vn -0.4977 -0.8562 -0.1388
vn -0.0000 -0.9884 -0.1517
vn 0.4965 -0.8543 -0.1536
vn 0.8357 -0.5308 -0.1410
vn -0.8412 -0.5239 -0.1337
vn -0.5060 0.8561 -0.1054
vn 0.9937 -0.0000 -0.1121
vn 0.8377 0.5324 -0.1216
vn -0.0000 -0.0000 -1.0000
vn 0.4907 0.8707 -0.0329
vn 0.3407 0.9376 -0.0693
vn 0.1989 -0.9667 0.1611
vn 0.8154 -0.5786 0.0187
vn 0.2895 -0.9557 0.0529
vn 0.7168 0.6922 0.0839
vn 0.9367 0.3263 0.1270
vn 0.9467 0.3026 0.1102
vn 0.7051 0.6975 0.1279
vn 0.8899 0.4176 0.1833
vn 0.1396 -0.9723 0.1875
vn 0.1400 -0.9723 0.1872
vn 0.0850 0.9964 0.0028
vn 0.6205 0.7814 0.0672
vn 0.6286 0.7703 0.1071
vn 0.9784 -0.2062 0.0147
vn 0.9948 0.1004 0.0180
vn 0.7995 -0.6006 0.0099
vn 0.3071 -0.9511 0.0335
vn 0.3657 0.9301 0.0344
vn 0.0143 0.9998 -0.0143
vn -0.0137 0.9974 -0.0714
vn -0.0249 0.9972 -0.0708
vn -0.0002 0.9999 -0.0119
vn 0.9999 0.0017 -0.0146
vn 0.9993 0.0228 0.0313
vn 0.9992 0.0259 0.0320
vn 1.0000 0.0093 -0.0036
vn 0.9992 0.0280 0.0271
vn 0.9998 0.0172 0.0111
vn 0.9980 -0.0000 -0.0637
vn 0.9952 -0.0000 -0.0982
vn 0.9995 0.0264 0.0189
vn 0.9998 0.0160 0.0124
vn -0.9999 -0.0009 -0.0146
vn -0.9999 0.0134 -0.0043
vn -0.9990 0.0311 0.0319
vn -0.9993 0.0201 0.0313
vn -0.9997 0.0228 0.0083
vn -0.9990 0.0357 0.0270
vn -0.9952 -0.0000 -0.0982
vn -0.9998 0.0152 0.0084
vn -0.9995 0.0264 0.0189
vn -0.0000 1.0000 -0.0000
vn -0.0000 -1.0000 -0.0000
vn -0.9966 -0.0127 -0.0819
vn -0.0000 -0.1697 -0.9855
vn -0.9880 -0.0000 -0.1544
vn 0.9948 0.0628 0.0798
vn 0.9954 0.0517 0.0804
vn -0.9950 0.0575 0.0814
vn -0.9948 0.0531 0.0870
vn 0.9662 0.2171 0.1388
vn -0.9662 0.2171 0.1388
vn -0.9938 0.0756 0.0816
vn 0.9947 0.0557 0.0870
vn 0.9880 -0.0000 -0.1544
vn 0.9966 -0.0101 -0.0819
vn 0.1607 0.9823 -0.0959
vn 0.1961 0.9753 -0.1015
vn -0.0000 0.9943 -0.1067
vn -0.0000 -1.0000 0.0098
vn -0.0000 -0.9638 0.2668
vn 0.0370 0.9993 -0.0092
vn 0.9982 -0.0302 -0.0510
vn 0.9998 -0.0112 -0.0190
vn 0.9998 -0.0112 -0.0189
vn -0.0000 0.7666 0.6421
vn -0.0000 0.8480 0.5299
vn -0.0000 0.8481 0.5299
vn 0.0777 0.8720 0.4832
vn 0.0777 0.8721 0.4832
vn 0.3208 0.9405 0.1122
vn -0.0000 -0.8198 0.5727
vn -0.0000 -0.8669 0.4986
vn -0.0000 -0.8989 0.4381
vn -0.0000 -0.8989 0.4382
vn -0.3061 -0.8989 0.3135
vn 0.3622 0.9321 -0.0000
vn 0.0919 -0.9941 -0.0575
vn -0.0145 -0.9979 -0.0633
vn -0.0179 -0.9967 -0.0787
vn 0.0839 -0.9935 -0.0767
vn -0.0533 -0.9983 0.0215
vn 0.3255 -0.9455 0.0088
vn -0.0313 -0.9995 0.0006
vn 0.2025 -0.9793 -0.0016
vn 0.0199 0.9978 -0.0627
vn 0.0019 0.9980 -0.0628
vn 0.0105 0.9994 -0.0330
vn -0.0003 0.9998 -0.0183
vn -0.0368 0.9988 -0.0323
vn 0.4391 -0.8969 -0.0521
vn -0.2071 -0.9490 -0.2376
vn -0.3737 -0.9275 0.0142
vn 0.0011 -0.9998 -0.0202
vn 0.0002 -0.9998 -0.0204
vn -0.0052 0.9993 -0.0376
vn 0.0364 0.9989 -0.0308
vn 0.0211 -0.9003 -0.4348
vn -0.0000 -0.9989 -0.0461
vn -0.0000 0.6660 -0.7459
vn 0.0072 0.9663 -0.2574
vn -0.0008 0.9656 -0.2600
vn -0.0000 0.9621 -0.2728
vn -0.0000 0.9990 -0.0457
vn -0.4620 0.8747 -0.1465
vn -0.0000 0.9995 0.0325
vn 0.0001 0.9995 0.0323
vn 0.0036 0.9999 0.0131
vn 0.0063 0.9999 0.0130
vn 0.9902 -0.1387 0.0130
vn 0.9902 -0.1397 0.0081
vn 0.9937 -0.1108 0.0177
vn 0.9872 -0.1416 -0.0740
vn 0.9876 -0.1365 -0.0770
vn -0.0092 0.9946 -0.1035
vn 0.0065 0.9947 -0.1025
vn -0.0000 -0.9990 -0.0445
vn -0.0000 -0.9990 -0.0453
vn -0.0085 -0.9903 -0.1385
vn 0.9910 -0.0683 -0.1151
vn 0.9910 -0.0682 -0.1152
vn 0.9964 -0.0152 -0.0835
vn 0.9964 -0.0146 -0.0834
vn 0.9997 -0.0076 -0.0227
vn 0.9997 -0.0074 -0.0231
vn -0.5670 -0.8208 0.0693
vn -0.9432 0.0229 -0.3314
vn -0.9542 0.0437 -0.2959
vn -0.9947 0.0559 0.0864
vn -0.9936 0.0081 0.1130
vn -0.9936 0.0080 0.1130
vn -0.9981 -0.0357 0.0497
vn -0.0000 -0.9944 0.1052
vn -0.0000 -0.9975 0.0711
vn -0.5002 -0.8611 0.0911
vn 0.9998 -0.0001 -0.0179
vn 0.6669 -0.7444 0.0328
vn 0.0761 -0.9947 0.0687
vn 0.0595 0.9966 -0.0571
vn 0.0899 0.9949 -0.0455
vn 0.6296 0.7661 0.1288
vn 0.6982 0.7008 0.1466
vn 0.8702 0.4497 0.2012
vn 0.1291 -0.9721 0.1959
vn 0.7703 0.5144 0.3769
vn 0.7096 -0.7041 0.0256
vn 0.3034 -0.9518 0.0455
vn 0.6974 -0.7158 0.0349
vn 0.2518 -0.9657 0.0641
vn 0.9992 0.0185 0.0359
vn 0.9926 0.1113 0.0495
vn 0.9862 0.1637 0.0241
vn 0.9862 0.1637 0.0240
vn 0.9973 -0.0535 0.0494
vn 0.9065 -0.4221 0.0042
vn 0.0931 0.9945 0.0473
vn 0.0649 0.9955 -0.0691
vn 0.0938 0.9927 0.0754
vn 0.0955 0.9904 0.0999
vn 0.6008 -0.6691 0.4375
vn 0.7839 -0.6015 -0.1543
vn 0.6637 -0.6534 -0.3641
vn 0.6290 -0.6986 -0.3410
vn 0.6332 -0.6919 -0.3469
vn -0.0000 0.9881 -0.1536
vn -0.0000 0.9873 -0.1588
vn -0.0000 0.9889 -0.1483
vn -0.0429 0.9903 -0.1323
vn -0.0718 0.9890 -0.1293
vn -0.0625 0.9889 -0.1350
vn -0.0187 0.9910 -0.1324
vn -0.0233 0.9913 -0.1296
vn -0.0139 0.9907 -0.1353
vn 0.8428 -0.2360 -0.4837
vn 0.6280 -0.7007 -0.3384
vn 0.0058 -0.9999 0.0162
vn 0.0061 -0.9999 0.0162
vn -0.0196 -0.9996 0.0225
vn -0.0314 0.9942 -0.1029
vn -0.0009 0.9958 -0.0920
vn -0.0411 0.9936 -0.1049
vn -0.0132 0.9939 -0.1093
vn 0.0267 0.9961 -0.0836
vn 0.0037 0.9937 -0.1120
vn -0.0278 -0.9995 -0.0154
vn 0.1838 -0.9828 -0.0151
vn -0.0244 -0.9990 -0.0369
vn 0.1668 -0.9855 -0.0326
vn 0.0673 0.9956 0.0644
vn 0.0513 0.9965 0.0656
vn -0.0284 -0.9988 -0.0392
vn -0.0291 -0.9989 -0.0379
vn 0.0169 -0.9996 0.0239
vn 0.0099 -0.9997 0.0206
vn -0.0466 -0.9963 -0.0721
vn -0.0522 -0.9962 -0.0692
vn -0.1693 -0.0000 -0.9856
vn -0.1695 -0.0000 -0.9855
vn -0.1537 -0.0000 -0.9881
vn -0.2043 -0.0000 -0.9789
vn -0.2044 -0.0000 -0.9789
vn -0.0000 -0.0454 -0.9990
vn -0.2373 -0.0000 -0.9714
vn 0.1152 -0.9930 -0.0251
vn -0.0022 -0.9981 -0.0614
vn 0.0055 -0.9998 0.0165
vn 0.0835 0.9952 0.0512
vn 0.0353 0.9992 -0.0180
vn 0.0033 0.9979 -0.0654
vn 0.1517 0.9752 0.1614
vn 0.1538 0.9754 0.1579
vn 0.1793 0.9657 0.1880
vn 0.1798 0.9650 0.1907
vn 0.7348 -0.0000 0.6783
vn -1.0000 -0.0000 0.0011
vn 0.7691 -0.0000 0.6392
vn 0.7640 -0.0000 0.6452
vn 0.7688 -0.0000 0.6394
vn 0.7989 -0.0000 0.6015
vn 0.7989 0.0010 0.6015
vn 0.7706 -0.0000 -0.6374
vn 0.8349 -0.0000 -0.5505
vn 0.8349 -0.0000 -0.5504
vn 0.0660 -0.9978 -0.0030
vn 0.0611 -0.9967 -0.0532
vn 0.0418 0.9989 -0.0193
vn 0.0091 0.9982 -0.0588
vn 0.0691 0.9975 0.0132
vn 0.9768 -0.0000 -0.2143
vn 0.9811 -0.0000 -0.1934
vn 0.1830 0.9772 0.1081
vn 0.0787 -0.9932 -0.0857
vn 0.0611 -0.9981 0.0127
vn 0.1530 -0.9880 -0.0207
vn 0.0172 -0.9998 -0.0061
vn 0.0544 -0.9984 0.0151
vn -0.0000 -0.9886 -0.1505
vn 0.9980 -0.0612 -0.0179
vn -0.0000 0.9980 -0.0626
vn -0.0000 -0.9987 0.0517
vn 0.2335 -0.9688 0.0836
vn -0.0902 -0.9769 0.1937
vn -0.1653 -0.9747 -0.1503
vn -0.1013 -0.9948 -0.0070
vn -0.0000 -1.0000 -0.0094
vn -0.0000 -0.9878 -0.1556
vn -0.0747 -0.9972 0.0051
vn -0.0000 -1.0000 0.0004
vn -0.0788 -0.9969 0.0049
vn -0.0000 -1.0000 0.0002
vn -0.0721 -0.9971 0.0256
vn -0.0000 -0.9999 0.0132
vn -0.0966 -0.9893 -0.1094
vn -0.0876 -0.9924 -0.0860
vn -0.0777 -0.9967 -0.0237
vn -0.0351 -0.9990 0.0263
vn -0.0000 0.7780 -0.6283
vn -0.0000 0.8961 0.4439
vn 0.9668 0.1852 0.1761
vn 0.9638 0.1457 -0.2234
vn 0.8962 0.4378 -0.0716
vn 0.9925 0.0681 -0.1015
vn -0.9780 -0.1842 -0.0978
vn -0.9150 -0.3964 -0.0756
vn 0.9948 -0.0002 -0.1017
vn 0.9969 0.0041 -0.0792
vn 0.9979 0.0102 -0.0636
vn -0.9965 0.0174 -0.0823
vn -0.9950 0.0122 -0.0995
vn -0.9976 0.0225 -0.0651
vn 0.8675 -0.4915 -0.0768
vn 0.8541 -0.5201 0.0013
vn 0.8613 0.5080 0.0014
vn 0.8445 0.5298 -0.0790
vn -0.0000 1.0000 0.0027
vn -0.8613 0.5080 0.0014
vn -0.8445 0.5298 -0.0790
vn -0.8675 -0.4915 -0.0768
vn -0.8541 -0.5201 0.0013
vn -0.0000 -1.0000 0.0026
vn -0.0000 0.3368 0.9416
vn -0.5000 0.8660 -0.0000
vn 0.5000 -0.8660 -0.0000
vn 0.8660 -0.5000 -0.0000
vn -0.8660 0.5000 -0.0000
vn 0.5000 0.8660 -0.0000
vn -0.5000 -0.8660 -0.0000
vn -0.8660 -0.5000 -0.0000
vn 0.8660 0.5000 -0.0000
vn 0.7371 0.6758 0.0055
vn -0.0000 0.9996 0.0267
vn -0.9852 -0.1595 0.0633
vn -0.6407 -0.7657 0.0565
vn -0.0000 -0.9997 0.0231
vn 0.9996 0.0228 -0.0164
vn -0.0140 -0.9990 0.0416
vn 0.8328 -0.3530 -0.4263
vn -0.8841 -0.4646 0.0492
vn -0.0000 -0.9929 -0.1194
vn -0.5459 -0.8225 0.1595
vn -0.5220 0.7864 0.3302
vn -0.8561 0.4300 0.2866
vn -0.8767 -0.4403 0.1939
vn -0.0911 0.9932 0.0732
vn -0.0468 0.9989 0.0015
vn -0.0612 0.9981 0.0114
vn -0.0932 0.9928 0.0758
vn -0.9712 -0.0000 0.2384
vn -0.8594 0.4489 0.2447
vn -0.9803 -0.0000 0.1974
vn -0.8763 -0.4577 0.1501
vn -0.5159 0.8083 0.2836
vn -0.5346 -0.8377 0.1117
vn -0.5269 -0.8493 0.0333
vn -0.6324 0.7356 0.2427
vn -0.8872 0.4315 0.1635
vn -0.8982 -0.4373 0.0449
vn -0.9832 -0.1685 0.0707
vn -0.8921 -0.4517 0.0104
vn -0.9844 -0.1742 0.0238
vn -0.4917 -0.8708 0.0049
vn -0.9675 0.2430 0.0701
vn -0.8300 0.5091 0.2281
vn -0.5974 0.7425 0.3029
vn -0.4400 0.8324 0.3370
vn -0.7305 0.6413 0.2346
vn -0.4972 0.8637 0.0819
vn -0.4363 0.8994 -0.0261
vn -0.2458 0.9605 -0.1301
vn -0.6861 0.7255 0.0539
vn -0.6467 0.7627 -0.0021
vn -0.5314 0.8411 -0.1004
vn -0.2102 0.9593 -0.1886
vn -0.5713 0.8035 -0.1674
vn -0.8291 0.5547 -0.0699
vn -0.8866 0.4625 0.0084
vn -0.9209 0.3888 0.0271
vn -0.9285 0.3582 0.0977
vn -0.9557 0.2918 -0.0389
vn -0.9951 0.0990 0.0060
vn -0.9982 0.0595 0.0069
vn -0.9927 0.1067 0.0554
vn -0.8073 0.5771 -0.1234
vn -0.9968 -0.0790 0.0129
vn -0.9997 -0.0215 0.0153
vn -0.8829 -0.4691 0.0196
vn -0.8968 -0.4424 0.0030
vn -0.9934 0.1136 0.0149
vn -0.9138 0.4061 0.0012
vn -0.7840 -0.6207 0.0055
vn -0.5132 -0.8580 0.0189
vn -0.5518 0.8269 -0.1087
vn -0.1480 0.9792 0.1388
vn -0.1145 0.9885 0.0986
vn -0.1018 0.9899 0.0986
vn -0.1090 0.9880 0.1093
vn -0.1655 0.9751 0.1477
vn -0.1193 0.9881 0.0974
vn -0.3299 0.9350 0.1303
vn -0.1537 0.9840 0.0905
vn -0.0847 0.9944 0.0626
vn -0.1186 0.9907 0.0659
vn -0.0866 0.9948 0.0526
vn -0.0235 0.9993 -0.0274
vn -0.0123 0.9999 0.0117
vn -0.0096 0.9980 -0.0628
vn -0.5526 -0.6223 0.5544
vn -0.5526 -0.6223 0.5543
vn -0.5531 -0.6122 0.5651
vn -0.5530 -0.6122 0.5651
vn -0.5452 -0.6160 0.5686
vn -0.5453 -0.6160 0.5686
vn -0.5784 -0.5994 0.5533
vn -0.0007 0.9961 -0.0878
vn -0.0093 0.9974 -0.0709
vn -0.0124 0.9976 -0.0684
vn -0.0224 0.9956 -0.0910
vn 0.0391 -0.9982 -0.0463
vn 0.0443 -0.9973 -0.0594
vn 0.0327 -0.9985 -0.0439
vn 0.0331 -0.9988 -0.0370
vn 0.0266 -0.9994 0.0232
vn 0.0083 -0.9998 0.0197
vn 0.0356 -0.9978 0.0568
vn 0.0382 -0.9990 0.0225
vn 0.0305 -0.9987 -0.0418
vn -0.0290 -0.9974 0.0665
vn -0.0011 -0.9988 0.0494
vn 0.0647 -0.9953 -0.0724
vn 0.0637 -0.9949 -0.0785
vn 0.0550 -0.9967 -0.0599
vn 0.0587 -0.9966 -0.0571
vn 0.0511 -0.9960 -0.0728
vn 0.0220 -0.9990 -0.0390
vn 0.0519 -0.9979 -0.0378
vn -0.0310 0.9953 -0.0918
vn 0.0294 -0.9991 -0.0321
vn -0.0001 -0.0056 -1.0000
vn 0.1691 -0.0042 -0.9856
vn 0.1691 -0.0044 -0.9856
vn 0.3725 -0.0028 -0.9280
vn 0.9999 0.0037 0.0116
vn -0.4921 -0.8687 0.0568
vn 0.1218 -0.9862 0.1122
vn -0.2530 0.9624 -0.0994
vn -0.3730 0.9237 -0.0872
vn 0.9980 0.0424 0.0475
vn 0.9972 0.0554 0.0494
vn 0.4656 -0.8839 -0.0442
vn 0.7215 -0.6891 -0.0678
vn 0.5412 -0.8358 -0.0926
vn 0.4116 -0.9092 -0.0635
vn -0.4888 0.8724 -0.0097
vn -0.3430 0.9391 0.0198
vn 0.3044 0.9511 -0.0525
vn 0.4854 0.8743 -0.0036
vn 0.3660 0.9304 0.0183
vn 0.2151 0.9757 -0.0413
vn -0.9990 -0.0144 -0.0433
vn -0.8821 -0.4696 -0.0366
vn -0.8633 -0.5038 -0.0303
vn -0.9968 -0.0562 -0.0578
vn 0.0267 -0.9986 -0.0447
vn 0.1305 -0.9692 -0.2088
vn 0.0524 -0.9713 -0.2321
vn -0.8912 0.4522 -0.0374
vn -0.8617 0.5047 -0.0521
vn -0.5217 -0.8523 -0.0370
vn -0.5951 -0.8030 -0.0321
vn 0.5168 -0.8426 -0.1514
vn -0.1124 0.9934 0.0237
vn 0.2076 0.9781 0.0171
vn -0.0245 0.9997 0.0081
vn 0.0003 0.9997 0.0227
vn 0.0403 0.9991 -0.0109
vn 0.1245 0.9915 -0.0388
vn -0.1648 0.9827 -0.0841
vn -0.4924 -0.8508 -0.1836
vn 0.9860 -0.0000 -0.1668
vn 0.9345 -0.0001 -0.3560
vn 0.8093 0.4672 -0.3561
vn 0.8545 0.4927 -0.1648
vn -0.8191 0.5494 -0.1652
vn -0.8006 0.4684 -0.3737
vn -0.9230 -0.0000 -0.3848
vn -0.9876 -0.0000 -0.1569
vn 0.8533 -0.4915 -0.1739
vn 0.8093 -0.4673 -0.3559
vn -0.4937 0.8533 -0.1681
vn -0.4672 0.8092 -0.3561
vn 0.4940 0.8533 -0.1671
vn 0.4673 0.8092 -0.3561
vn 0.0002 0.9856 -0.1690
vn 0.4925 -0.8510 -0.1826
vn -0.8179 -0.5483 -0.1743
vn -0.8006 -0.4685 -0.3736
vn -0.4986 0.8581 -0.1224
vn 0.8790 0.4662 -0.1002
vn 0.9930 -0.0156 -0.1168
vn 0.4977 -0.8562 -0.1388
vn -0.4965 -0.8543 -0.1536
vn -0.8357 -0.5308 -0.1410
vn 0.8412 -0.5239 -0.1337
vn 0.5060 0.8561 -0.1054
vn -0.9937 -0.0000 -0.1121
vn -0.8377 0.5324 -0.1216
vn -0.4907 0.8707 -0.0329
vn -0.3407 0.9376 -0.0694
vn -0.1989 -0.9667 0.1611
vn -0.2895 -0.9557 0.0529
vn -0.8154 -0.5786 0.0187
vn -0.7168 0.6922 0.0839
vn -0.9467 0.3026 0.1102
vn -0.9367 0.3263 0.1270
vn -0.7051 0.6975 0.1279
vn -0.8899 0.4176 0.1833
vn -0.1396 -0.9723 0.1875
vn -0.1397 -0.9723 0.1874
vn -0.6205 0.7814 0.0672
vn -0.0850 0.9964 0.0028
vn -0.6286 0.7703 0.1071
vn -0.9784 -0.2062 0.0147
vn -0.9948 0.1004 0.0180
vn -0.3071 -0.9511 0.0335
vn -0.7995 -0.6006 0.0107
vn -0.0849 0.9964 0.0028
vn -0.3657 0.9301 0.0344
vn -0.0143 0.9998 -0.0143
vn 0.0002 0.9999 -0.0119
vn 0.0249 0.9972 -0.0708
vn 0.0137 0.9974 -0.0714
vn -0.9999 0.0017 -0.0146
vn -1.0000 0.0093 -0.0036
vn -0.9992 0.0259 0.0320
vn -0.9993 0.0228 0.0313
vn -0.9998 0.0172 0.0111
vn -0.9992 0.0280 0.0271
vn -0.9980 -0.0000 -0.0637
vn -0.9998 0.0160 0.0124
vn 0.9999 -0.0009 -0.0146
vn 0.9993 0.0201 0.0313
vn 0.9990 0.0311 0.0319
vn 0.9999 0.0134 -0.0043
vn 0.9990 0.0357 0.0270
vn 0.9997 0.0228 0.0083
vn 0.9998 0.0152 0.0084
vn 0.9966 -0.0127 -0.0819
vn -0.9948 0.0628 0.0798
vn -0.9954 0.0517 0.0804
vn 0.9950 0.0575 0.0814
vn 0.9948 0.0531 0.0870
vn 0.9938 0.0756 0.0816
vn -0.9947 0.0557 0.0870
vn -0.9966 -0.0101 -0.0819
vn -0.1607 0.9823 -0.0959
vn -0.1961 0.9753 -0.1015
vn -0.0370 0.9993 -0.0092
vn -0.9982 -0.0302 -0.0510
vn -0.9998 -0.0112 -0.0189
vn -0.9998 -0.0112 -0.0190
vn -0.0777 0.8721 0.4832
vn -0.3208 0.9405 0.1122
vn 0.3061 -0.8989 0.3136
vn 0.3061 -0.8989 0.3135
vn -0.3622 0.9321 -0.0000
vn -0.0919 -0.9941 -0.0574
vn -0.0839 -0.9935 -0.0768
vn 0.0179 -0.9967 -0.0787
vn 0.0145 -0.9979 -0.0633
vn -0.3255 -0.9455 0.0088
vn 0.0533 -0.9983 0.0215
vn -0.2025 -0.9793 -0.0015
vn 0.0313 -0.9995 0.0006
vn -0.0199 0.9978 -0.0627
vn 0.0368 0.9988 -0.0323
vn 0.0003 0.9998 -0.0183
vn -0.0105 0.9994 -0.0330
vn -0.0019 0.9980 -0.0628
vn -0.6995 -0.7143 -0.0221
vn 0.2071 -0.9490 -0.2376
vn -0.0002 -0.9998 -0.0204
vn -0.0011 -0.9998 -0.0202
vn 0.3737 -0.9275 0.0142
vn -0.0364 0.9989 -0.0308
vn 0.0052 0.9993 -0.0376
vn -0.0211 -0.9003 -0.4348
vn -0.0072 0.9663 -0.2574
vn 0.0008 0.9656 -0.2600
vn 0.1031 0.8894 -0.4454
vn -0.0063 0.9999 0.0130
vn -0.0036 0.9999 0.0131
vn -0.0001 0.9995 0.0323
vn -0.9902 -0.1387 0.0130
vn -0.9937 -0.1108 0.0177
vn -0.9902 -0.1397 0.0081
vn -0.9872 -0.1416 -0.0740
vn -0.9876 -0.1365 -0.0770
vn 0.0092 0.9946 -0.1035
vn -0.0065 0.9947 -0.1025
vn 0.0085 -0.9903 -0.1385
vn -0.9910 -0.0683 -0.1151
vn -0.9910 -0.0682 -0.1152
vn -0.9964 -0.0152 -0.0835
vn -0.9964 -0.0145 -0.0834
vn -0.9997 -0.0076 -0.0227
vn -0.9997 -0.0074 -0.0231
vn 0.4850 -0.8669 -0.1149
vn 0.9542 0.0437 -0.2959
vn 0.9432 0.0229 -0.3314
vn 0.9947 0.0559 0.0864
vn 0.9936 0.0081 0.1130
vn 0.9936 0.0080 0.1130
vn 0.9981 -0.0357 0.0497
vn 0.5002 -0.8611 0.0911
vn 0.2954 -0.9321 0.2096
vn -0.9998 -0.0001 -0.0179
vn -0.6669 -0.7444 0.0328
vn -0.0761 -0.9947 0.0687
vn -0.0595 0.9966 -0.0571
vn -0.0899 0.9949 -0.0455
vn -0.6982 0.7008 0.1466
vn -0.6296 0.7661 0.1288
vn -0.8702 0.4497 0.2012
vn -0.1291 -0.9721 0.1959
vn -0.7703 0.5144 0.3769
vn -0.3034 -0.9518 0.0455
vn -0.7096 -0.7041 0.0256
vn -0.2518 -0.9657 0.0641
vn -0.6974 -0.7158 0.0349
vn -0.9992 0.0185 0.0358
vn -0.9992 0.0185 0.0359
vn -0.9926 0.1113 0.0495
vn -0.9926 0.1112 0.0495
vn -0.9862 0.1637 0.0241
vn -0.9862 0.1637 0.0240
vn -0.9973 -0.0535 0.0494
vn -0.9065 -0.4221 0.0042
vn -0.0649 0.9955 -0.0691
vn -0.0931 0.9945 0.0473
vn -0.0938 0.9927 0.0754
vn -0.0954 0.9904 0.0999
vn -0.6007 -0.6691 0.4376
vn -0.6008 -0.6691 0.4375
vn -0.7839 -0.6015 -0.1543
vn -0.6637 -0.6534 -0.3641
vn -0.6290 -0.6986 -0.3410
vn -0.6332 -0.6919 -0.3469
vn 0.0429 0.9903 -0.1324
vn 0.0625 0.9889 -0.1350
vn 0.0718 0.9890 -0.1293
vn 0.0187 0.9910 -0.1324
vn 0.0233 0.9913 -0.1296
vn 0.0139 0.9907 -0.1353
vn -0.8428 -0.2360 -0.4837
vn -0.6280 -0.7007 -0.3384
vn 0.0196 -0.9996 0.0225
vn -0.0061 -0.9999 0.0162
vn -0.0058 -0.9999 0.0162
vn 0.0314 0.9942 -0.1029
vn -0.0012 0.9958 -0.0912
vn 0.0411 0.9936 -0.1049
vn 0.0132 0.9939 -0.1093
vn -0.0267 0.9961 -0.0836
vn -0.0037 0.9937 -0.1120
vn -0.1839 -0.9828 -0.0152
vn 0.0278 -0.9995 -0.0154
vn -0.1668 -0.9855 -0.0326
vn 0.0244 -0.9990 -0.0369
vn -0.0673 0.9956 0.0644
vn -0.0513 0.9965 0.0656
vn 0.0284 -0.9988 -0.0392
vn -0.0100 -0.9997 0.0206
vn -0.0169 -0.9996 0.0239
vn 0.0291 -0.9989 -0.0379
vn 0.0467 -0.9963 -0.0721
vn 0.0522 -0.9962 -0.0692
vn 0.1693 -0.0000 -0.9856
vn 0.1537 -0.0000 -0.9881
vn 0.1695 -0.0000 -0.9855
vn 0.2043 -0.0000 -0.9789
vn 0.2044 -0.0000 -0.9789
vn 0.2373 -0.0000 -0.9714
vn 0.0082 -0.9975 -0.0700
vn -0.0412 -0.9986 -0.0329
vn -0.0055 -0.9998 0.0165
vn -0.0835 0.9952 0.0512
vn -0.0353 0.9992 -0.0180
vn -0.0033 0.9979 -0.0654
vn -0.1517 0.9752 0.1614
vn -0.1792 0.9657 0.1880
vn -0.1538 0.9754 0.1579
vn -0.1798 0.9650 0.1907
vn -0.7348 -0.0000 0.6783
vn 1.0000 -0.0000 0.0011
vn -0.7691 -0.0000 0.6392
vn -0.7692 -0.0000 0.6391
vn -0.7640 -0.0000 0.6452
vn -0.7989 -0.0000 0.6015
vn -0.7706 -0.0000 -0.6374
vn -0.8349 -0.0000 -0.5504
vn -0.8349 -0.0000 -0.5505
vn -0.0611 -0.9967 -0.0532
vn -0.0660 -0.9978 -0.0030
vn -0.0091 0.9982 -0.0588
vn -0.0418 0.9989 -0.0193
vn -0.0691 0.9975 0.0132
vn -0.9811 -0.0000 -0.1934
vn -0.9768 -0.0000 -0.2143
vn -0.1830 0.9772 0.1081
vn -0.0787 -0.9932 -0.0857
vn -0.0611 -0.9981 0.0127
vn -0.1530 -0.9880 -0.0207
vn -0.0172 -0.9998 -0.0061
vn -0.0544 -0.9984 0.0151
vn -0.9980 -0.0612 -0.0179
vn -0.2335 -0.9688 0.0836
vn 0.0902 -0.9769 0.1937
vn 0.1653 -0.9747 -0.1503
vn 0.1013 -0.9948 -0.0070
vn 0.0747 -0.9972 0.0051
vn 0.0788 -0.9969 0.0049
vn 0.0721 -0.9971 0.0256
vn 0.1218 -0.9862 0.1121
vn 0.0966 -0.9893 -0.1094
vn 0.0876 -0.9924 -0.0860
vn 0.0777 -0.9967 -0.0237
vn 0.0351 -0.9990 0.0263
vn -0.9638 0.1457 -0.2234
vn -0.9668 0.1852 0.1761
vn -0.8968 0.4360 -0.0749
vn -0.9925 0.0681 -0.1015
vn 0.9780 -0.1842 -0.0978
vn 0.9150 -0.3964 -0.0756
vn -0.9948 -0.0002 -0.1017
vn -0.9969 0.0041 -0.0792
vn -0.9979 0.0102 -0.0636
vn 0.9965 0.0174 -0.0823
vn 0.9950 0.0122 -0.0995
vn 0.9976 0.0225 -0.0651
vn -0.8613 0.5081 0.0014
vn 0.8613 0.5081 0.0014
vn -0.7371 0.6758 0.0055
vn 0.9852 -0.1595 0.0633
vn 0.6407 -0.7657 0.0565
vn -0.9996 0.0228 -0.0164
vn 0.0140 -0.9990 0.0416
vn -0.8328 -0.3530 -0.4263
vn 0.8841 -0.4646 0.0492
vt 0.629482 0.362515
vt 0.631783 0.347337
vt 0.631783 0.362707
vt 0.619517 0.358217
vt 0.621656 0.359705
vt 0.626943 0.361930
vt 0.185330 0.642505
vt 0.274805 0.627424
vt 0.292742 0.645911
vt 0.210339 0.671121
vt 0.617976 0.356497
vt 0.624235 0.360969
vt 0.075331 0.061966
vt 0.046446 0.021707
vt 0.048609 0.019516
vt 0.081628 0.055933
vt 0.050542 0.017165
vt 0.087425 0.049264
vt 0.061731 0.070698
vt 0.041994 0.024724
vt 0.044228 0.023481
vt 0.068686 0.066966
vt 0.052093 0.014920
vt 0.092582 0.042372
vt 0.053255 0.012880
vt 0.097164 0.035353
vt 0.120897 0.067304
vt 0.128491 0.058314
vt 0.086713 0.099979
vt 0.096000 0.092971
vt 0.113085 0.076171
vt 0.076696 0.105378
vt 0.104842 0.084870
vt 0.147840 0.110156
vt 0.136954 0.121197
vt 0.164684 0.092760
vt 0.156429 0.101432
vt 0.127653 0.129933
vt 0.190698 0.300415
vt 0.168393 0.272615
vt 0.162317 0.274924
vt 0.183081 0.315678
vt 0.145382 0.260279
vt 0.153571 0.277827
vt 0.152757 0.255521
vt 0.126986 0.220857
vt 0.133343 0.217730
vt 0.113708 0.192405
vt 0.119206 0.189500
vt 0.174115 0.321852
vt 0.160172 0.250998
vt 0.141359 0.213839
vt 0.126064 0.186295
vt 0.095570 0.153536
vt 0.101956 0.150839
vt 0.108723 0.151628
vt 0.149297 0.210043
vt 0.133699 0.181867
vt 0.167580 0.246515
vt 0.177156 0.270466
vt 0.139827 0.178259
vt 0.159405 0.205237
vt 0.179415 0.239800
vt 0.191228 0.276315
vt 0.118175 0.156740
vt 0.103069 0.140144
vt 0.092834 0.142593
vt 0.118031 0.146103
vt 0.195331 0.187945
vt 0.207905 0.175440
vt 0.271358 0.244209
vt 0.257026 0.258445
vt 0.242652 0.272636
vt 0.183749 0.199390
vt 0.218438 0.164933
vt 0.283928 0.231648
vt 0.134102 0.161382
vt 0.156248 0.190543
vt 0.179101 0.220422
vt 0.231168 0.284858
vt 0.222521 0.297056
vt 0.214494 0.292483
vt 0.217594 0.286555
vt 0.217677 0.279967
vt 0.214434 0.270194
vt 0.198150 0.245876
vt 0.145562 0.596602
vt 0.246232 0.597862
vt 0.256847 0.608850
vt 0.160320 0.613869
vt 0.094343 0.616897
vt 0.075898 0.596647
vt 0.006250 0.596602
vt 0.028327 0.620222
vt 0.123863 0.653688
vt 0.043981 0.636497
vt 0.062404 0.664732
vt 0.123242 0.713387
vt 0.073903 0.693332
vt 0.108135 0.728221
vt 0.734241 0.441885
vt 0.734241 0.350753
vt 0.737219 0.350753
vt 0.737219 0.441885
vt 0.734241 0.350753
vt 0.734241 0.265214
vt 0.737219 0.265214
vt 0.737219 0.350753
vt 0.734241 0.265214
vt 0.734241 0.196248
vt 0.737219 0.196248
vt 0.737219 0.265214
vt 0.223084 0.690293
vt 0.164127 0.748341
vt 0.296809 0.659506
vt 0.145706 0.766449
vt 0.166277 0.583962
vt 0.126395 0.583399
vt 0.093503 0.491447
vt 0.131724 0.488842
vt 0.018538 0.407887
vt 0.024454 0.404636
vt 0.036812 0.416699
vt 0.022950 0.417027
vt 0.052188 0.416366
vt 0.071285 0.496642
vt 0.039636 0.423337
vt 0.116623 0.414374
vt 0.189673 0.483686
vt 0.154937 0.486999
vt 0.097018 0.414988
vt 0.077439 0.415580
vt 0.239652 0.532170
vt 0.227953 0.582298
vt 0.303449 0.656698
vt 0.289639 0.580632
vt 0.908646 0.553201
vt 0.908646 0.635922
vt 0.902583 0.635876
vt 0.904630 0.553192
vt 0.902974 0.715780
vt 0.905307 0.715781
vt 0.806822 0.841312
vt 0.806822 0.875683
vt 0.803887 0.873385
vt 0.803887 0.843609
vt 0.396385 0.633589
vt 0.396424 0.686666
vt 0.491815 0.653785
vt 0.569300 0.514972
vt 0.569300 0.549343
vt 0.471756 0.549343
vt 0.471756 0.514972
vt 0.858836 0.286842
vt 0.894685 0.285232
vt 0.896757 0.250672
vt 0.860908 0.252281
vt 0.779012 0.252011
vt 0.832089 0.252011
vt 0.811823 0.347427
vt 0.379110 0.144556
vt 0.377702 0.055422
vt 0.393142 0.055617
vt 0.393144 0.144679
vt 0.379625 0.691332
vt 0.379646 0.633601
vt 0.345466 0.633589
vt 0.345277 0.695679
vt 0.751139 0.070814
vt 0.808331 0.073061
vt 0.807213 0.086574
vt 0.749868 0.086893
vt 0.834058 0.719135
vt 0.777565 0.718018
vt 0.777402 0.737280
vt 0.833633 0.734985
vt 0.833380 0.683614
vt 0.782171 0.685754
vt 0.777891 0.699221
vt 0.834431 0.703164
vt 0.751391 0.007845
vt 0.807672 0.008057
vt 0.808115 0.021520
vt 0.752046 0.023548
vt 0.751969 0.054996
vt 0.809118 0.056672
vt 0.715459 0.608346
vt 0.713054 0.632578
vt 0.708758 0.632578
vt 0.708758 0.608346
vt 0.833363 0.750965
vt 0.777033 0.751141
vt 0.776705 0.766939
vt 0.833514 0.766939
vt 0.752264 0.039284
vt 0.809293 0.040052
vt 0.807023 0.090808
vt 0.749098 0.094387
vt 0.699725 0.715056
vt 0.699703 0.734728
vt 0.700125 0.695385
vt 0.655098 0.714580
vt 0.655181 0.731177
vt 0.655545 0.697954
vt 0.376923 0.006171
vt 0.391794 0.006648
vt 0.927043 0.635195
vt 0.927043 0.686325
vt 0.918186 0.686321
vt 0.918685 0.635195
vt 0.927043 0.767987
vt 0.927043 0.812436
vt 0.917464 0.812326
vt 0.918756 0.767916
vt 0.554390 0.609834
vt 0.540312 0.609834
vt 0.540312 0.559400
vt 0.554390 0.559400
vt 0.677223 0.609834
vt 0.663758 0.609834
vt 0.663758 0.559400
vt 0.677223 0.559400
vt 0.605259 0.609834
vt 0.585475 0.609834
vt 0.585475 0.559400
vt 0.605259 0.559400
vt 0.516159 0.609834
vt 0.505331 0.609834
vt 0.505331 0.559400
vt 0.516159 0.559400
vt 0.619003 0.609834
vt 0.619003 0.559400
vt 0.650318 0.609834
vt 0.634681 0.609834
vt 0.634681 0.559400
vt 0.650318 0.559400
vt 0.528923 0.609834
vt 0.528923 0.559400
vt 0.571909 0.609834
vt 0.571909 0.559400
vt 0.619003 0.620731
vt 0.634681 0.620731
vt 0.663758 0.620731
vt 0.677223 0.620731
vt 0.528923 0.620731
vt 0.540312 0.620731
vt 0.554390 0.620731
vt 0.571909 0.620731
vt 0.505331 0.620731
vt 0.516159 0.620731
vt 0.650318 0.620731
vt 0.585475 0.620731
vt 0.605259 0.620731
vt 0.199663 0.011717
vt 0.209144 0.011717
vt 0.208788 0.013045
vt 0.200018 0.013045
vt 0.217356 0.016458
vt 0.216383 0.017430
vt 0.208788 0.013045
vt 0.222097 0.034151
vt 0.217356 0.042362
vt 0.216383 0.041390
vt 0.220768 0.033795
vt 0.217356 0.042362
vt 0.209144 0.047103
vt 0.208788 0.045775
vt 0.216383 0.041390
vt 0.191450 0.016458
vt 0.199662 0.011717
vt 0.200018 0.013045
vt 0.192423 0.017430
vt 0.222097 0.024669
vt 0.220768 0.025025
vt 0.191451 0.042363
vt 0.186710 0.034151
vt 0.188038 0.033795
vt 0.192423 0.041390
vt 0.216383 0.017430
vt 0.186710 0.024669
vt 0.188038 0.025025
vt 0.199662 0.047104
vt 0.191451 0.042363
vt 0.192423 0.041390
vt 0.200018 0.045775
vt 0.208788 0.045775
vt 0.408467 0.007739
vt 0.405524 0.057801
vt 0.404700 0.144857
vt 0.706157 0.059418
vt 0.689372 0.058824
vt 0.687396 0.083215
vt 0.708401 0.084530
vt 0.176461 0.947752
vt 0.177054 0.953522
vt 0.152406 0.958256
vt 0.126531 0.956344
vt 0.193129 0.944473
vt 0.193448 0.948367
vt 0.703465 0.042307
vt 0.691474 0.041793
vt 0.151302 0.930678
vt 0.175995 0.930678
vt 0.192786 0.931109
vt 0.955017 0.732771
vt 0.955863 0.683842
vt 0.948762 0.691572
vt 0.951519 0.753221
vt 0.688334 0.132027
vt 0.707559 0.132375
vt 0.094153 0.954473
vt 0.102831 0.932240
vt 0.485701 0.416302
vt 0.485883 0.460790
vt 0.458308 0.454163
vt 0.458129 0.400039
vt 0.893904 0.477660
vt 0.893291 0.493815
vt 0.833823 0.522802
vt 0.834933 0.493776
vt 0.773559 0.551920
vt 0.766498 0.502865
vt 0.756159 0.502452
vt 0.755230 0.478063
vt 0.767469 0.478552
vt 0.752640 0.589504
vt 0.684454 0.745328
vt 0.668332 0.804302
vt 0.639300 0.805415
vt 0.668298 0.745940
vt 0.659268 0.872766
vt 0.610223 0.865710
vt 0.683579 0.871794
vt 0.684069 0.884033
vt 0.659681 0.883105
vt 0.572643 0.886622
vt 0.421488 0.209489
vt 0.421488 0.247990
vt 0.420059 0.238716
vt 0.420059 0.222539
vt 0.246799 0.072473
vt 0.246622 0.075671
vt 0.219129 0.072547
vt 0.695969 0.803268
vt 0.693826 0.744986
vt 0.519797 0.478239
vt 0.519797 0.485106
vt 0.450731 0.482868
vt 0.450731 0.479665
vt 0.695750 0.871307
vt 0.696363 0.886622
vt 0.389992 0.311964
vt 0.402033 0.310082
vt 0.402033 0.313846
vt 0.763198 0.591421
vt 0.833044 0.544442
vt 0.617656 0.806193
vt 0.655185 0.746391
vt 0.752666 0.599232
vt 0.562914 0.886596
vt 0.570727 0.876064
vt 0.892842 0.506928
vt 0.752640 0.465769
vt 0.767956 0.466381
vt 0.426329 0.308531
vt 0.426329 0.315398
vt 0.835973 0.466141
vt 0.894251 0.468288
vt 0.422917 0.222539
vt 0.422917 0.238716
vt 0.404345 0.180148
vt 0.392510 0.180172
vt 0.379670 0.180015
vt 0.380223 0.215031
vt 0.389778 0.215072
vt 0.399616 0.215111
vt 0.298566 0.219450
vt 0.288121 0.230408
vt 0.859615 0.304193
vt 0.893951 0.302652
vt 0.448249 0.199920
vt 0.448534 0.248280
vt 0.435874 0.258838
vt 0.432559 0.214946
vt 0.449251 0.335681
vt 0.435599 0.335341
vt 0.448641 0.301311
vt 0.414269 0.057498
vt 0.414858 0.023296
vt 0.449251 0.023888
vt 0.448663 0.058090
vt 0.770105 0.200914
vt 0.832089 0.201092
vt 0.832089 0.235272
vt 0.774378 0.235272
vt 0.586039 0.514972
vt 0.586039 0.549343
vt 0.821368 0.476721
vt 0.810446 0.477635
vt 0.810878 0.482802
vt 0.821742 0.481193
vt 0.794557 0.478965
vt 0.795066 0.485055
vt 0.778717 0.480236
vt 0.776495 0.488772
vt 0.690651 0.938848
vt 0.699958 0.937324
vt 0.699957 0.943337
vt 0.690650 0.943335
vt 0.720141 0.935268
vt 0.720140 0.943340
vt 0.736979 0.930074
vt 0.736977 0.943343
vt 0.416222 0.023358
vt 0.417205 0.006682
vt 0.844870 0.040986
vt 0.845391 0.087115
vt 0.838104 0.073018
vt 0.838197 0.042793
vt 0.898622 0.201339
vt 0.861952 0.202985
vt 0.900048 0.153111
vt 0.862517 0.154796
vt 0.405894 0.180245
vt 0.432463 0.180284
vt 0.429089 0.200624
vt 0.416766 0.197297
vt 0.404472 0.200675
vt 0.841757 0.008516
vt 0.835711 0.080732
vt 0.716202 0.024852
vt 0.716453 0.039766
vt 0.870702 0.704005
vt 0.870190 0.719048
vt 0.869881 0.734152
vt 0.869879 0.749350
vt 0.713754 0.084153
vt 0.712843 0.092175
vt 0.716091 0.054596
vt 0.870494 0.764305
vt 0.872492 0.673817
vt 0.836762 0.660581
vt 0.871416 0.688927
vt 0.715168 0.069383
vt 0.715184 0.010289
vt 0.703838 0.409257
vt 0.681277 0.408452
vt 0.677442 0.449284
vt 0.696189 0.449953
vt 0.831209 0.093748
vt 0.436895 0.145206
vt 0.407842 0.144970
vt 0.637650 0.715005
vt 0.640701 0.727572
vt 0.640972 0.702508
vt 0.388231 0.259377
vt 0.396310 0.259359
vt 0.700122 0.687264
vt 0.669384 0.487141
vt 0.689908 0.487873
vt 0.575522 0.499238
vt 0.575522 0.501308
vt 0.580787 0.501308
vt 0.580787 0.499238
vt 0.975013 0.179036
vt 0.956790 0.178127
vt 0.955344 0.227910
vt 0.957412 0.228013
vt 0.980647 0.007457
vt 0.954862 0.006171
vt 0.953753 0.040804
vt 0.977987 0.042013
vt 0.980817 0.042187
vt 0.975695 0.087941
vt 0.953172 0.086818
vt 0.955832 0.127945
vt 0.975609 0.128931
vt 0.945116 0.365680
vt 0.965079 0.365165
vt 0.961307 0.313818
vt 0.957481 0.317435
vt 0.942502 0.377380
vt 0.965957 0.376767
vt 0.980817 0.167361
vt 0.956418 0.166144
vt 0.687495 0.550985
vt 0.689566 0.551059
vt 0.689855 0.499521
vt 0.674185 0.498962
vt 0.940432 0.415527
vt 0.967868 0.415116
vt 0.942694 0.456679
vt 0.968191 0.456480
vt 0.943883 0.502680
vt 0.968550 0.502487
vt 0.707164 0.363321
vt 0.687250 0.362610
vt 0.316343 0.971255
vt 0.315683 0.951464
vt 0.265924 0.966717
vt 0.262702 0.970881
vt 0.329088 0.971366
vt 0.328317 0.948245
vt 0.367750 0.971831
vt 0.366911 0.944442
vt 0.408698 0.970543
vt 0.407897 0.945058
vt 0.454867 0.969468
vt 0.453878 0.944442
vt 0.708401 0.328649
vt 0.688487 0.327939
vt 0.944448 0.537147
vt 0.940432 0.537159
vt 0.688587 0.278885
vt 0.708142 0.279662
vt 0.009294 0.937534
vt 0.043097 0.936114
vt 0.038186 0.948541
vt 0.071497 0.954409
vt 0.076064 0.934128
vt 0.226050 0.934572
vt 0.222957 0.936114
vt 0.223137 0.936891
vt 0.695942 0.010440
vt 0.694140 0.006171
vt 0.227141 0.934709
vt 0.448052 0.166466
vt 0.448263 0.133549
vt 0.448241 0.106713
vt 0.688257 0.180822
vt 0.707892 0.181217
vt 0.688325 0.229781
vt 0.708354 0.230114
vt 0.943239 0.590139
vt 0.963877 0.585898
vt 0.965174 0.536979
vt 0.956904 0.634917
vt 0.945687 0.629945
vt 0.424262 0.373581
vt 0.422015 0.371627
vt 0.424262 0.345852
vt 0.955273 0.780694
vt 0.314195 0.631327
vt 0.321635 0.655998
vt 0.306505 0.608091
vt 0.289457 0.597667
vt 0.737219 0.441885
vt 0.737219 0.485119
vt 0.734241 0.485119
vt 0.734241 0.441885
vt 0.734241 0.524482
vt 0.734241 0.485119
vt 0.737219 0.485119
vt 0.737219 0.524482
vt 0.734241 0.563306
vt 0.734241 0.524482
vt 0.737219 0.524482
vt 0.737219 0.563306
vt 0.734241 0.583799
vt 0.734241 0.563306
vt 0.737219 0.563306
vt 0.737219 0.583799
vt 0.273335 0.100281
vt 0.296188 0.100248
vt 0.295336 0.106250
vt 0.256509 0.100485
vt 0.279363 0.117013
vt 0.296189 0.116809
vt 0.257362 0.111044
vt 0.256509 0.117046
vt 0.788525 0.883879
vt 0.788525 0.923132
vt 0.705772 0.923132
vt 0.705772 0.883879
vt 0.475015 0.898581
vt 0.458188 0.898581
vt 0.458188 0.815828
vt 0.475015 0.815828
vt 0.497869 0.898581
vt 0.497869 0.815828
vt 0.145788 0.343666
vt 0.158691 0.342607
vt 0.158691 0.345168
vt 0.133366 0.344790
vt 0.274764 0.072229
vt 0.256509 0.072108
vt 0.295245 0.078103
vt 0.296135 0.072106
vt 0.258954 0.852631
vt 0.253688 0.877405
vt 0.175520 0.890972
vt 0.183670 0.852631
vt 0.875829 0.822775
vt 0.863626 0.820196
vt 0.863626 0.895480
vt 0.881490 0.899237
vt 0.888496 0.825450
vt 0.902404 0.903636
vt 0.734241 0.586360
vt 0.737219 0.586360
vt 0.025787 0.423643
vt 0.014229 0.423904
vt 0.011465 0.417299
vt 0.306028 0.668780
vt 0.312592 0.665919
vt 0.314824 0.677626
vt 0.321388 0.674766
vt 0.323587 0.664665
vt 0.325924 0.673029
vt 0.651210 0.084534
vt 0.649369 0.133793
vt 0.649583 0.181896
vt 0.903485 0.102712
vt 0.861837 0.104581
vt 0.650617 0.232047
vt 0.904377 0.059090
vt 0.861251 0.061026
vt 0.652079 0.275573
vt 0.903426 0.006171
vt 0.858836 0.008173
vt 0.655093 0.328333
vt 0.485275 0.366258
vt 0.458129 0.340515
vt 0.544015 0.070654
vt 0.571563 0.086954
vt 0.571431 0.032964
vt 0.543898 0.026329
vt 0.544290 0.120951
vt 0.571527 0.146648
vt 0.748002 0.287257
vt 0.749224 0.287257
vt 0.749025 0.293654
vt 0.748002 0.293654
vt 0.749472 0.226127
vt 0.749224 0.287257
vt 0.748002 0.287257
vt 0.747735 0.226127
vt 0.163727 0.874825
vt 0.163727 0.880942
vt 0.156263 0.880855
vt 0.156263 0.874825
vt 0.749734 0.197809
vt 0.749472 0.226127
vt 0.747429 0.197809
vt 0.466535 0.054743
vt 0.475881 0.033162
vt 0.483767 0.015199
vt 0.563259 0.432233
vt 0.553889 0.453745
vt 0.546085 0.471759
vt 0.499997 0.345947
vt 0.566697 0.425388
vt 0.499728 0.365218
vt 0.458381 0.320518
vt 0.274523 0.893934
vt 0.335426 0.893934
vt 0.335426 0.898206
vt 0.274523 0.897430
vt 0.387766 0.340766
vt 0.406779 0.337547
vt 0.406779 0.341818
vt 0.387766 0.341818
vt 0.830255 0.383394
vt 0.830382 0.456973
vt 0.831666 0.457005
vt 0.831538 0.383426
vt 0.831076 0.375593
vt 0.830479 0.375578
vt 0.830462 0.319187
vt 0.829113 0.338505
vt 0.829915 0.338525
vt 0.831666 0.319218
vt 0.477447 0.014226
vt 0.466918 0.026908
vt 0.562830 0.459946
vt 0.552419 0.472714
vt 0.571666 0.442571
vt 0.829675 0.361409
vt 0.830755 0.361436
vt 0.570916 0.430526
vt 0.458129 0.044311
vt 0.463178 0.061463
vt 0.458941 0.056313
vt 0.530142 0.121646
vt 0.530125 0.140642
vt 0.571563 0.166354
vt 0.708758 0.550439
vt 0.715314 0.550439
vt 0.640253 0.376456
vt 0.635832 0.461285
vt 0.628415 0.462126
vt 0.617129 0.376456
vt 0.927044 0.548825
vt 0.920927 0.548825
vt 0.705921 0.841311
vt 0.708856 0.843609
vt 0.512190 0.651494
vt 0.512233 0.666383
vt 0.562265 0.666383
vt 0.562230 0.654567
vt 0.511174 0.633766
vt 0.562166 0.646778
vt 0.805546 0.658611
vt 0.752776 0.657899
vt 0.752779 0.666383
vt 0.805553 0.666383
vt 0.474749 0.946293
vt 0.527670 0.945473
vt 0.527481 0.950094
vt 0.474570 0.950588
vt 0.709365 0.655684
vt 0.709365 0.666383
vt 0.571056 0.950716
vt 0.571295 0.944785
vt 0.659301 0.651654
vt 0.659300 0.666383
vt 0.621793 0.943418
vt 0.621411 0.950682
vt 0.611286 0.651638
vt 0.611258 0.666383
vt 0.669459 0.953211
vt 0.670042 0.943418
vt 0.612195 0.641855
vt 0.835378 0.930074
vt 0.787585 0.942446
vt 0.785179 0.930419
vt 0.085746 0.385096
vt 0.068647 0.380643
vt 0.046535 0.393000
vt 0.009415 0.412896
vt 0.412342 0.366976
vt 0.408829 0.364948
vt 0.405316 0.366976
vt 0.405316 0.371033
vt 0.408829 0.373061
vt 0.412342 0.371033
vt 0.788459 0.459395
vt 0.782980 0.459394
vt 0.781287 0.467641
vt 0.788459 0.468666
vt 0.445023 0.360862
vt 0.446665 0.346356
vt 0.446546 0.360951
vt 0.956308 0.304692
vt 0.967878 0.306574
vt 0.967878 0.302810
vt 0.443468 0.373570
vt 0.446665 0.373757
vt 0.992174 0.308126
vt 0.992174 0.301259
vt 0.027349 0.510210
vt 0.023401 0.577633
vt 0.037998 0.577842
vt 0.039070 0.510377
vt 0.050800 0.578037
vt 0.063413 0.510748
vt 0.181275 0.909350
vt 0.180621 0.923931
vt 0.248159 0.923931
vt 0.248701 0.912221
vt 0.249773 0.887899
vt 0.181840 0.896555
vt 0.297633 0.014430
vt 0.229872 0.014130
vt 0.229861 0.018186
vt 0.296257 0.018246
vt 0.295567 0.022243
vt 0.229854 0.022243
vt 0.229861 0.026300
vt 0.296257 0.026241
vt 0.297633 0.030057
vt 0.229872 0.030356
vt 0.229886 0.034413
vt 0.298331 0.034053
vt 0.298331 0.010433
vt 0.229886 0.010073
vt 0.389522 0.369150
vt 0.393035 0.367122
vt 0.391279 0.364079
vt 0.387766 0.366108
vt 0.391279 0.372193
vt 0.394792 0.370164
vt 0.387766 0.370164
vt 0.394792 0.366108
vt 0.349030 0.489714
vt 0.340259 0.489714
vt 0.340259 0.440139
vt 0.349030 0.440139
vt 0.401650 0.489714
vt 0.392880 0.489714
vt 0.392880 0.440139
vt 0.401650 0.440139
vt 0.410420 0.489714
vt 0.410420 0.440139
vt 0.366570 0.489714
vt 0.357800 0.489714
vt 0.357800 0.440139
vt 0.366570 0.440139
vt 0.331489 0.489714
vt 0.331489 0.440139
vt 0.384110 0.489714
vt 0.384110 0.440139
vt 0.375340 0.489714
vt 0.375340 0.440139
vt 0.322719 0.489714
vt 0.313949 0.489714
vt 0.313949 0.440139
vt 0.322719 0.440139
vt 0.419190 0.489714
vt 0.419190 0.440139
vt 0.620268 0.042605
vt 0.612673 0.038220
vt 0.608288 0.030625
vt 0.608288 0.021855
vt 0.612673 0.014260
vt 0.620268 0.009875
vt 0.629038 0.009875
vt 0.636633 0.014260
vt 0.641018 0.021855
vt 0.641018 0.030625
vt 0.636633 0.038220
vt 0.629038 0.042605
vt 0.705929 0.875683
vt 0.708863 0.873386
vt 0.430988 0.423830
vt 0.430988 0.389459
vt 0.433923 0.391756
vt 0.433923 0.421532
vt 0.074586 0.837915
vt 0.104275 0.840189
vt 0.104103 0.765507
vt 0.078241 0.763527
vt 0.099201 0.876815
vt 0.004172 0.876531
vt 0.086229 0.850317
vt 0.169024 0.850317
vt 0.510306 0.934944
vt 0.511791 0.905205
vt 0.597742 0.908899
vt 0.596449 0.934806
vt 0.863612 0.798992
vt 0.768583 0.799037
vt 0.698826 0.772940
vt 0.781621 0.772940
vt 0.852033 0.912176
vt 0.826098 0.911725
vt 0.826098 0.828930
vt 0.852033 0.829381
vt 0.073552 0.579351
vt 0.538567 0.141094
vt 0.544798 0.149429
vt 0.538970 0.142993
vt 0.402495 0.382183
vt 0.388711 0.383447
vt 0.388461 0.381128
vt 0.401534 0.381161
vt 0.414006 0.381128
vt 0.394856 0.285006
vt 0.429363 0.278337
vt 0.429363 0.288234
vt 0.419196 0.407272
vt 0.419386 0.391467
vt 0.422215 0.391652
vt 0.422215 0.416697
vt 0.842452 0.090284
vt 0.842420 0.098001
vt 0.831209 0.098001
vt 0.708758 0.465496
vt 0.714789 0.465496
vt 0.616904 0.343557
vt 0.617622 0.341362
vt 0.616991 0.354409
vt 0.616451 0.351860
vt 0.616456 0.346124
vt 0.251659 0.800277
vt 0.226650 0.771661
vt 0.144246 0.796871
vt 0.162184 0.815358
vt 0.616289 0.348992
vt 0.045988 0.074497
vt 0.037266 0.074890
vt 0.033634 0.025849
vt 0.036724 0.025817
vt 0.028437 0.074483
vt 0.030585 0.025607
vt 0.054210 0.073145
vt 0.039546 0.025458
vt 0.019886 0.073458
vt 0.027879 0.025161
vt 0.011638 0.071939
vt 0.025591 0.024576
vt 0.018570 0.111264
vt 0.006770 0.110569
vt 0.065884 0.108976
vt 0.054420 0.110936
vt 0.030418 0.111732
vt 0.042433 0.111760
vt 0.031122 0.160639
vt 0.046728 0.160346
vt 0.018781 0.160877
vt 0.006728 0.160868
vt 0.059549 0.159552
vt 0.147033 0.320791
vt 0.163624 0.324758
vt 0.145728 0.282665
vt 0.140055 0.285839
vt 0.136998 0.262875
vt 0.120505 0.223721
vt 0.107951 0.194752
vt 0.128769 0.265652
vt 0.112374 0.227365
vt 0.101089 0.197949
vt 0.089401 0.156698
vt 0.085659 0.162391
vt 0.092791 0.200956
vt 0.104367 0.231010
vt 0.120574 0.268450
vt 0.132779 0.291175
vt 0.086090 0.203335
vt 0.094190 0.235669
vt 0.107825 0.273207
vt 0.128222 0.305717
vt 0.083505 0.172918
vt 0.084058 0.148471
vt 0.078227 0.163758
vt 0.055463 0.249444
vt 0.064563 0.343843
vt 0.044126 0.344513
vt 0.037539 0.250032
vt 0.071923 0.248829
vt 0.085000 0.343112
vt 0.022499 0.250497
vt 0.026148 0.345047
vt 0.078319 0.186514
vt 0.084388 0.222655
vt 0.090588 0.259969
vt 0.101988 0.343176
vt 0.112737 0.334364
vt 0.119288 0.336234
vt 0.117032 0.345368
vt 0.107801 0.329815
vt 0.102826 0.320615
vt 0.096182 0.291705
vt 0.291427 0.846180
vt 0.276669 0.828914
vt 0.180142 0.833933
vt 0.190757 0.844920
vt 0.361091 0.846135
vt 0.342646 0.825886
vt 0.430739 0.846180
vt 0.408662 0.822560
vt 0.313125 0.789095
vt 0.393008 0.806285
vt 0.374584 0.778050
vt 0.313747 0.729396
vt 0.363086 0.749451
vt 0.328854 0.714561
vt 0.723189 0.441885
vt 0.726167 0.441885
vt 0.726167 0.350753
vt 0.723189 0.350753
vt 0.723189 0.350753
vt 0.726167 0.350753
vt 0.726167 0.265213
vt 0.723189 0.265214
vt 0.723189 0.265213
vt 0.726167 0.265213
vt 0.726167 0.196248
vt 0.723189 0.196248
vt 0.272862 0.694441
vt 0.213905 0.752489
vt 0.140180 0.783276
vt 0.291283 0.676333
vt 0.192366 0.351506
vt 0.226919 0.446626
vt 0.265140 0.444021
vt 0.232248 0.352069
vt 0.340105 0.527581
vt 0.335694 0.518441
vt 0.321831 0.518769
vt 0.334189 0.530833
vt 0.306455 0.519103
vt 0.319007 0.512132
vt 0.287358 0.438826
vt 0.242020 0.521094
vt 0.261625 0.520481
vt 0.203706 0.448469
vt 0.168970 0.451783
vt 0.281204 0.519888
vt 0.130690 0.353170
vt 0.118991 0.403298
vt 0.133540 0.786085
vt 0.069004 0.354837
vt 0.846421 0.454352
vt 0.842405 0.454361
vt 0.840358 0.371678
vt 0.846421 0.371632
vt 0.840748 0.291773
vt 0.843081 0.291772
vt 0.945051 0.955443
vt 0.942116 0.953146
vt 0.942116 0.923370
vt 0.945051 0.921073
vt 0.449804 0.740173
vt 0.354374 0.719977
vt 0.449765 0.687096
vt 0.435271 0.769576
vt 0.532815 0.769576
vt 0.532815 0.803947
vt 0.435271 0.803947
vt 0.948517 0.023523
vt 0.946445 0.058083
vt 0.910595 0.059692
vt 0.912667 0.025132
vt 0.805015 0.400788
vt 0.772204 0.305372
vt 0.751939 0.400788
vt 0.365087 0.145122
vt 0.362275 0.056105
vt 0.466564 0.682430
vt 0.500913 0.678082
vt 0.500723 0.740173
vt 0.466544 0.740160
vt 0.751139 0.125189
vt 0.749868 0.109110
vt 0.807213 0.109429
vt 0.808331 0.122942
vt 0.345778 0.393705
vt 0.330005 0.393738
vt 0.326107 0.337890
vt 0.345265 0.337499
vt 0.381080 0.392010
vt 0.361670 0.393617
vt 0.363965 0.337282
vt 0.377480 0.341151
vt 0.751391 0.188158
vt 0.752046 0.172455
vt 0.808115 0.174482
vt 0.807672 0.187946
vt 0.751969 0.141007
vt 0.809118 0.139331
vt 0.702057 0.608346
vt 0.704463 0.632578
vt 0.314108 0.393930
vt 0.298228 0.394539
vt 0.296596 0.338049
vt 0.312313 0.337922
vt 0.752264 0.156719
vt 0.809293 0.155951
vt 0.749098 0.101616
vt 0.807023 0.105195
vt 0.326411 0.260555
vt 0.345973 0.260012
vt 0.365545 0.259845
vt 0.328663 0.216182
vt 0.345164 0.215623
vt 0.361709 0.215589
vt 0.362076 0.007118
vt 0.935401 0.635195
vt 0.935901 0.686321
vt 0.935330 0.767916
vt 0.936622 0.812326
vt 0.435588 0.609639
vt 0.435588 0.559400
vt 0.451266 0.559400
vt 0.451266 0.609639
vt 0.321916 0.609639
vt 0.321916 0.559400
vt 0.332745 0.559400
vt 0.332745 0.609639
vt 0.388494 0.609639
vt 0.388494 0.559400
vt 0.402060 0.559400
vt 0.402060 0.609639
vt 0.480343 0.609639
vt 0.480343 0.559400
vt 0.493809 0.559400
vt 0.493809 0.609639
vt 0.370975 0.609639
vt 0.370975 0.559400
vt 0.345508 0.609639
vt 0.345508 0.559400
vt 0.356897 0.559400
vt 0.356897 0.609639
vt 0.466903 0.559400
vt 0.466903 0.609639
vt 0.421844 0.609639
vt 0.421844 0.559400
vt 0.370975 0.620495
vt 0.356897 0.620495
vt 0.332745 0.620495
vt 0.321916 0.620495
vt 0.466903 0.620495
vt 0.451266 0.620495
vt 0.435588 0.620495
vt 0.421844 0.620495
vt 0.493809 0.620495
vt 0.480343 0.620495
vt 0.345508 0.620495
vt 0.402060 0.620495
vt 0.388494 0.620495
vt 0.178636 0.034151
vt 0.177307 0.033795
vt 0.177307 0.025025
vt 0.178636 0.024669
vt 0.177307 0.025025
vt 0.172922 0.017430
vt 0.173895 0.016458
vt 0.156201 0.011717
vt 0.156557 0.013045
vt 0.148962 0.017430
vt 0.147990 0.016458
vt 0.148962 0.017430
vt 0.144577 0.025025
vt 0.143249 0.024669
vt 0.173895 0.042363
vt 0.172922 0.041390
vt 0.177307 0.033795
vt 0.178636 0.034151
vt 0.165683 0.011717
vt 0.165327 0.013045
vt 0.147990 0.042363
vt 0.148962 0.041390
vt 0.156557 0.045775
vt 0.156201 0.047104
vt 0.172922 0.017430
vt 0.165327 0.013045
vt 0.156557 0.045775
vt 0.165327 0.045775
vt 0.165683 0.047104
vt 0.143249 0.034151
vt 0.144577 0.033795
vt 0.148962 0.041390
vt 0.147990 0.042363
vt 0.143249 0.024669
vt 0.144577 0.025025
vt 0.144577 0.033795
vt 0.143249 0.034151
vt 0.345445 0.008735
vt 0.349968 0.058679
vt 0.353541 0.145666
vt 0.584544 0.059418
vt 0.582300 0.084530
vt 0.603306 0.083215
vt 0.601329 0.058824
vt 0.957088 0.832463
vt 0.948497 0.882393
vt 0.946584 0.856519
vt 0.951319 0.831870
vt 0.960368 0.815795
vt 0.956474 0.815476
vt 0.587236 0.042307
vt 0.599227 0.041793
vt 0.974162 0.832930
vt 0.974162 0.857623
vt 0.973732 0.816138
vt 0.983710 0.361741
vt 0.987208 0.341292
vt 0.989965 0.402940
vt 0.982864 0.410671
vt 0.583143 0.132375
vt 0.602367 0.132027
vt 0.972601 0.906094
vt 0.950367 0.914771
vt 0.544094 0.299999
vt 0.571666 0.316261
vt 0.571487 0.262137
vt 0.543912 0.255510
vt 0.750168 0.638534
vt 0.809139 0.622418
vt 0.810248 0.593391
vt 0.750780 0.622379
vt 0.877573 0.613328
vt 0.870512 0.564273
vt 0.876602 0.637641
vt 0.888842 0.638130
vt 0.887912 0.613741
vt 0.891431 0.526690
vt 0.520752 0.886280
vt 0.536908 0.885668
vt 0.565906 0.826192
vt 0.536874 0.827306
vt 0.594983 0.765898
vt 0.545938 0.758841
vt 0.545525 0.748503
vt 0.521137 0.747575
vt 0.521627 0.759814
vt 0.632563 0.744986
vt 0.411110 0.209489
vt 0.412539 0.222539
vt 0.412539 0.238716
vt 0.411110 0.247990
vt 0.246623 0.086943
vt 0.219129 0.083819
vt 0.246799 0.083745
vt 0.509237 0.828340
vt 0.511380 0.886622
vt 0.543310 0.504588
vt 0.474244 0.503162
vt 0.474244 0.499959
vt 0.543310 0.497721
vt 0.509456 0.760300
vt 0.508843 0.744986
vt 0.426329 0.299565
vt 0.414288 0.297683
vt 0.414288 0.301447
vt 0.880873 0.524773
vt 0.811027 0.571752
vt 0.587550 0.825415
vt 0.550021 0.885216
vt 0.891406 0.516961
vt 0.634479 0.755544
vt 0.642292 0.745012
vt 0.751230 0.609266
vt 0.876116 0.649813
vt 0.891431 0.650424
vt 0.389992 0.296131
vt 0.389992 0.302999
vt 0.749820 0.647905
vt 0.808098 0.650052
vt 0.409681 0.222539
vt 0.409681 0.238716
vt 0.355012 0.180928
vt 0.366842 0.180577
vt 0.370675 0.215374
vt 0.360843 0.215724
vt 0.006043 0.346417
vt 0.021282 0.346418
vt 0.947738 0.006171
vt 0.913401 0.007713
vt 0.311754 0.202077
vt 0.327911 0.216599
vt 0.325984 0.260574
vt 0.312997 0.250421
vt 0.315041 0.337801
vt 0.314565 0.303430
vt 0.328676 0.337031
vt 0.341218 0.058652
vt 0.306860 0.060331
vt 0.305191 0.026164
vt 0.339549 0.024485
vt 0.813922 0.451885
vt 0.809649 0.417527
vt 0.751939 0.417527
vt 0.751939 0.451707
vt 0.418532 0.803947
vt 0.418532 0.769576
vt 0.443915 0.388156
vt 0.448387 0.388526
vt 0.448180 0.399507
vt 0.443013 0.399079
vt 0.447790 0.415473
vt 0.441699 0.414970
vt 0.448387 0.434403
vt 0.440336 0.430802
vt 0.984252 0.927049
vt 0.979765 0.927050
vt 0.979763 0.917743
vt 0.985776 0.917742
vt 0.979760 0.897560
vt 0.987832 0.897559
vt 0.979757 0.880723
vt 0.993026 0.880721
vt 0.338188 0.024591
vt 0.336678 0.007955
vt 0.844870 0.155017
vt 0.838197 0.153210
vt 0.838104 0.122985
vt 0.845391 0.108888
vt 0.945400 0.107379
vt 0.908731 0.109026
vt 0.944836 0.155569
vt 0.907305 0.157254
vt 0.353466 0.181074
vt 0.355533 0.201449
vt 0.343139 0.198460
vt 0.330927 0.202175
vt 0.326912 0.181952
vt 0.841757 0.187487
vt 0.835711 0.115271
vt 0.716202 0.171151
vt 0.716453 0.156237
vt 0.361876 0.429708
vt 0.346904 0.429632
vt 0.331875 0.429759
vt 0.316763 0.430194
vt 0.713754 0.111850
vt 0.712258 0.103304
vt 0.716091 0.141407
vt 0.301910 0.431235
vt 0.391946 0.430621
vt 0.376890 0.429984
vt 0.404080 0.394711
vt 0.715168 0.126620
vt 0.715184 0.185714
vt 0.586864 0.409257
vt 0.594512 0.449953
vt 0.613259 0.449284
vt 0.609425 0.408452
vt 0.831209 0.102255
vt 0.350405 0.145878
vt 0.321374 0.147031
vt 0.331831 0.201680
vt 0.344239 0.198285
vt 0.356762 0.201229
vt 0.373620 0.259608
vt 0.621318 0.487141
vt 0.600793 0.487873
vt 0.378640 0.224248
vt 0.378640 0.229513
vt 0.380711 0.229513
vt 0.380711 0.224248
vt 0.926646 0.364134
vt 0.909045 0.315157
vt 0.906977 0.315260
vt 0.908422 0.365043
vt 0.932279 0.535713
vt 0.929619 0.501157
vt 0.905386 0.502366
vt 0.906494 0.536999
vt 0.932449 0.500983
vt 0.927328 0.455229
vt 0.927242 0.414239
vt 0.907465 0.415225
vt 0.904804 0.456352
vt 0.993612 0.728833
vt 0.981246 0.777078
vt 0.977421 0.780694
vt 0.973648 0.729348
vt 0.996225 0.717132
vt 0.972770 0.717745
vt 0.932449 0.375809
vt 0.908051 0.377026
vt 0.603206 0.550985
vt 0.616516 0.498962
vt 0.600846 0.499521
vt 0.601135 0.551059
vt 0.998295 0.678985
vt 0.970859 0.679396
vt 0.996033 0.637834
vt 0.970536 0.638033
vt 0.994844 0.591832
vt 0.970177 0.592026
vt 0.583538 0.363321
vt 0.603451 0.362610
vt 0.406633 0.934825
vt 0.460275 0.934451
vt 0.457052 0.930287
vt 0.407293 0.915034
vt 0.393888 0.934936
vt 0.394659 0.911815
vt 0.355226 0.935401
vt 0.356065 0.908012
vt 0.314278 0.934113
vt 0.315079 0.908629
vt 0.268109 0.933038
vt 0.269098 0.908012
vt 0.602214 0.327939
vt 0.582300 0.328649
vt 0.994279 0.557365
vt 0.998295 0.557353
vt 0.602114 0.278885
vt 0.582559 0.279662
vt 0.967307 0.999631
vt 0.956300 0.970739
vt 0.968727 0.965828
vt 0.950431 0.937428
vt 0.970713 0.932860
vt 0.968727 0.785967
vt 0.970268 0.782874
vt 0.967950 0.785788
vt 0.596561 0.006171
vt 0.594759 0.010440
vt 0.970131 0.781783
vt 0.310894 0.168633
vt 0.309643 0.135739
vt 0.308817 0.108916
vt 0.582809 0.181217
vt 0.602444 0.180822
vt 0.582347 0.230114
vt 0.602376 0.229781
vt 0.973554 0.557533
vt 0.974850 0.508614
vt 0.995488 0.504374
vt 0.981823 0.459596
vt 0.993041 0.464567
vt 0.381407 0.239934
vt 0.381407 0.267663
vt 0.379160 0.241888
vt 0.983454 0.313818
vt 0.115353 0.786784
vt 0.122793 0.811455
vt 0.130484 0.834692
vt 0.147532 0.845116
vt 0.723189 0.441884
vt 0.723189 0.485119
vt 0.726167 0.485119
vt 0.723189 0.524482
vt 0.726167 0.524482
vt 0.726167 0.485119
vt 0.723189 0.485119
vt 0.723189 0.563306
vt 0.726167 0.563306
vt 0.726167 0.524482
vt 0.723189 0.524482
vt 0.723189 0.583799
vt 0.726167 0.583799
vt 0.726167 0.563306
vt 0.723189 0.563306
vt 0.273335 0.128433
vt 0.256509 0.128637
vt 0.295336 0.134402
vt 0.296189 0.128400
vt 0.279363 0.142509
vt 0.256509 0.142476
vt 0.257362 0.148478
vt 0.296189 0.142713
vt 0.364721 0.853674
vt 0.447474 0.853674
vt 0.447474 0.892927
vt 0.364721 0.892927
vt 0.891081 0.729094
vt 0.891081 0.811847
vt 0.874254 0.811847
vt 0.874254 0.729094
vt 0.913935 0.729094
vt 0.913935 0.811847
vt 0.432862 0.358891
vt 0.434171 0.346488
vt 0.434171 0.371815
vt 0.431612 0.371777
vt 0.277934 0.087258
vt 0.256563 0.087380
vt 0.257452 0.081383
vt 0.296189 0.087378
vt 0.043000 0.753447
vt 0.030129 0.827623
vt 0.066512 0.842207
vt 0.066509 0.762871
vt 0.020913 0.429207
vt 0.042610 0.502744
vt 0.024355 0.502848
vt 0.008441 0.429265
vt 0.033859 0.429144
vt 0.063981 0.502623
vt 0.723189 0.586360
vt 0.726167 0.586360
vt 0.347178 0.518169
vt 0.344414 0.511564
vt 0.332856 0.511826
vt 0.130961 0.774003
vt 0.124397 0.776863
vt 0.122165 0.765156
vt 0.115601 0.768016
vt 0.113402 0.778117
vt 0.111065 0.769753
vt 0.641333 0.133793
vt 0.639491 0.084534
vt 0.641118 0.181896
vt 0.945516 0.205783
vt 0.903868 0.207653
vt 0.640084 0.232047
vt 0.946101 0.249338
vt 0.902976 0.251274
vt 0.638622 0.275573
vt 0.948517 0.302191
vt 0.903927 0.304193
vt 0.635609 0.328333
vt 0.544520 0.350043
vt 0.571666 0.375785
vt 0.485677 0.192472
vt 0.485795 0.236797
vt 0.458262 0.230162
vt 0.458129 0.176172
vt 0.485402 0.142176
vt 0.458166 0.116478
vt 0.759541 0.287257
vt 0.759541 0.293654
vt 0.758518 0.293654
vt 0.758319 0.287257
vt 0.758070 0.226129
vt 0.759807 0.226129
vt 0.759541 0.287257
vt 0.758318 0.287257
vt 0.119480 0.314515
vt 0.119480 0.321979
vt 0.113450 0.321979
vt 0.113363 0.314515
vt 0.757808 0.197811
vt 0.760113 0.197811
vt 0.759807 0.226129
vt 0.758070 0.226129
vt 0.563158 0.208384
vt 0.553811 0.229964
vt 0.545926 0.247927
vt 0.466536 0.284067
vt 0.475906 0.262556
vt 0.483710 0.244542
vt 0.529798 0.370354
vt 0.530067 0.351082
vt 0.463098 0.290913
vt 0.571414 0.395783
vt 0.894103 0.318329
vt 0.890607 0.318329
vt 0.889831 0.379232
vt 0.894103 0.379232
vt 0.406779 0.328509
vt 0.406779 0.329561
vt 0.387766 0.329561
vt 0.387766 0.325290
vt 0.611177 0.631895
vt 0.611207 0.630611
vt 0.684790 0.630712
vt 0.684761 0.631995
vt 0.603361 0.631687
vt 0.603375 0.631089
vt 0.546976 0.631815
vt 0.547004 0.630611
vt 0.566314 0.632324
vt 0.566295 0.633125
vt 0.562774 0.236218
vt 0.552246 0.248900
vt 0.477376 0.243587
vt 0.466965 0.256354
vt 0.458129 0.273729
vt 0.589221 0.631438
vt 0.589196 0.632518
vt 0.458879 0.285775
vt 0.571563 0.218815
vt 0.566514 0.201663
vt 0.570752 0.206813
vt 0.499551 0.141480
vt 0.499568 0.122484
vt 0.458129 0.096772
vt 0.702202 0.550439
vt 0.654788 0.342131
vt 0.677912 0.342131
vt 0.666626 0.427801
vt 0.659209 0.426960
vt 0.933161 0.548825
vt 0.844149 0.955443
vt 0.847084 0.953146
vt 0.512190 0.681273
vt 0.562230 0.678199
vt 0.511174 0.699001
vt 0.562166 0.685988
vt 0.805546 0.674155
vt 0.752776 0.674867
vt 0.673883 0.968172
vt 0.674061 0.972467
vt 0.621150 0.971973
vt 0.620962 0.967352
vt 0.709365 0.677082
vt 0.577575 0.972594
vt 0.577336 0.966664
vt 0.659301 0.681112
vt 0.526838 0.965296
vt 0.527221 0.972561
vt 0.611286 0.681129
vt 0.479173 0.975090
vt 0.478590 0.965296
vt 0.612195 0.690911
vt 0.993026 0.782322
vt 0.992681 0.832520
vt 0.980654 0.830115
vt 0.272897 0.550372
vt 0.289995 0.554825
vt 0.312108 0.542468
vt 0.349228 0.522572
vt 0.800046 0.460553
vt 0.803559 0.462581
vt 0.803559 0.466638
vt 0.800046 0.468666
vt 0.796533 0.466638
vt 0.796533 0.462581
vt 0.387766 0.350639
vt 0.396944 0.349327
vt 0.396944 0.356571
vt 0.388541 0.356063
vt 0.282540 0.173767
vt 0.282451 0.175290
vt 0.297046 0.175409
vt 0.184427 0.333894
vt 0.184427 0.336534
vt 0.176113 0.335214
vt 0.567448 0.498695
vt 0.567077 0.501308
vt 0.558176 0.498711
vt 0.262304 0.161497
vt 0.273873 0.163379
vt 0.273873 0.159615
vt 0.269831 0.172212
vt 0.269644 0.175409
vt 0.298170 0.164931
vt 0.298170 0.158064
vt 0.933657 0.823796
vt 0.921946 0.823278
vt 0.919072 0.890690
vt 0.933657 0.891334
vt 0.906281 0.890136
vt 0.897623 0.822225
vt 0.974622 0.298139
vt 0.977494 0.230712
vt 0.989203 0.231254
vt 0.989203 0.298793
vt 0.953172 0.229641
vt 0.961828 0.297574
vt 0.297438 0.061833
vt 0.296061 0.058017
vt 0.229666 0.058076
vt 0.229676 0.062133
vt 0.295371 0.054020
vt 0.296061 0.050022
vt 0.229666 0.049963
vt 0.229658 0.054020
vt 0.297438 0.046206
vt 0.298135 0.042210
vt 0.229691 0.041850
vt 0.229676 0.045907
vt 0.298135 0.065829
vt 0.229691 0.066190
vt 0.407073 0.354397
vt 0.408829 0.357440
vt 0.412342 0.355411
vt 0.410586 0.352369
vt 0.405316 0.351355
vt 0.408829 0.349327
vt 0.405316 0.355411
vt 0.412342 0.351355
vt 0.425733 0.548953
vt 0.425733 0.499378
vt 0.434503 0.499378
vt 0.434503 0.548953
vt 0.373112 0.548953
vt 0.373112 0.499378
vt 0.381882 0.499378
vt 0.381882 0.548953
vt 0.364342 0.548953
vt 0.364342 0.499378
vt 0.408193 0.548953
vt 0.408193 0.499378
vt 0.416963 0.499378
vt 0.416963 0.548953
vt 0.443273 0.499378
vt 0.443273 0.548953
vt 0.390653 0.499378
vt 0.390653 0.548953
vt 0.399423 0.499378
vt 0.399423 0.548953
vt 0.452043 0.548953
vt 0.452043 0.499378
vt 0.460813 0.499378
vt 0.460813 0.548953
vt 0.355572 0.548953
vt 0.355572 0.499378
vt 0.653629 0.014260
vt 0.661225 0.009875
vt 0.669995 0.009875
vt 0.677590 0.014260
vt 0.681975 0.021855
vt 0.681975 0.030625
vt 0.677590 0.038220
vt 0.669995 0.042605
vt 0.661225 0.042605
vt 0.653629 0.038220
vt 0.649244 0.030625
vt 0.649244 0.021855
vt 0.847086 0.923370
vt 0.844152 0.921073
vt 0.161875 0.333924
vt 0.159578 0.336859
vt 0.129802 0.336859
vt 0.127505 0.333924
vt 0.608090 0.905255
vt 0.682478 0.908909
vt 0.680498 0.934772
vt 0.605816 0.934944
vt 0.073995 0.909986
vt 0.004172 0.883488
vt 0.086967 0.883488
vt 0.169024 0.909702
vt 0.354432 0.884890
vt 0.268374 0.881052
vt 0.268195 0.855115
vt 0.354225 0.855115
vt 0.694020 0.831924
vt 0.776011 0.805871
vt 0.858806 0.805871
vt 0.789050 0.831969
vt 0.007574 0.740899
vt 0.007574 0.658104
vt 0.033508 0.657653
vt 0.033508 0.740448
vt 0.285091 0.356117
vt 0.534637 0.150004
vt 0.535039 0.151903
vt 0.540867 0.158340
vt 0.410904 0.405973
vt 0.409881 0.406934
vt 0.409848 0.420008
vt 0.412167 0.419757
vt 0.409848 0.394462
vt 0.428859 0.269222
vt 0.395592 0.278940
vt 0.393714 0.269222
vt 0.181141 0.344873
vt 0.171715 0.341854
vt 0.196760 0.341854
vt 0.196945 0.344683
vt 0.842452 0.105719
vt 0.702727 0.465496
s 1
usemtl FA_N26_LOD4
f 352/752/365 779/753/366 780/754/367
f 355/755/368 779/753/366 354/756/369
f 357/757/370 779/753/366 352/752/365
f 411/758/371 412/759/372 402/760/373 401/761/374
f 785/762/375 779/753/366 355/755/368
f 358/763/376 779/753/366 357/757/370
f 354/756/369 779/753/366 358/763/376
f 363/764/377 354/765/369 358/766/376 362/767/378
f 362/767/378 358/766/376 357/768/370 361/769/379
f 798/770/380 785/771/375 355/772/368 360/773/381
f 361/769/379 357/768/370 352/774/365 359/775/382
f 360/773/381 355/772/368 354/765/369 363/764/377
f 359/775/382 352/774/365 780/776/367 796/777/383
f 347/778/384 359/775/382 796/777/383 773/779/385
f 351/780/386 360/773/381 363/764/377 350/781/387
f 348/782/388 361/769/379 359/775/382 347/778/384
f 772/783/389 798/770/380 360/773/381 351/780/386
f 349/784/390 362/767/378 361/769/379 348/782/388
f 350/781/387 363/764/377 362/767/378 349/784/390
f 367/785/391 366/786/392 349/784/390 348/782/388
f 773/779/385 808/787/393 368/788/394 347/778/384
f 347/778/384 368/788/394 367/785/391 348/782/388
f 349/784/390 366/786/392 365/789/395 350/781/387
f 376/790/396 382/791/397 378/792/398 377/793/399
f 802/794/400 803/795/401 378/792/398 379/796/402
f 801/797/403 802/794/400 379/796/402 380/798/404
f 770/799/405 801/797/403 380/798/404 381/800/406
f 377/793/399 378/792/398 803/795/401 818/801/407
f 379/796/402 378/792/398 382/791/397 383/802/408
f 380/798/404 379/796/402 383/802/408 384/803/409
f 381/800/406 380/798/404 384/803/409 385/804/410
f 771/805/411 770/799/405 381/800/406 371/806/412
f 371/806/412 381/800/406 385/804/410 372/807/413
f 385/804/410 384/803/409 390/808/414 391/809/415
f 384/803/409 383/802/408 389/810/416 390/808/414
f 383/802/408 382/791/397 388/811/417 389/810/416
f 374/812/418 391/809/415 390/808/414 386/813/419
f 387/814/420 386/813/419 390/808/414 389/810/416
f 375/815/421 387/814/420 389/810/416 388/811/417
f 376/790/396 375/815/421 388/811/417 382/791/397
f 372/807/413 385/804/410 391/809/415 373/816/422
f 374/812/418 373/816/422 391/809/415
f 772/783/389 351/780/386 377/817/399 818/818/407
f 351/780/386 350/781/387 365/789/395 376/819/396 377/817/399
f 397/820/423 398/821/424 393/822/425 394/823/426
f 397/820/423 394/823/426 395/824/427 399/825/428
f 400/826/429 392/827/430 393/822/425 398/821/424
f 368/788/394 400/826/429 398/821/424 367/785/391
f 366/786/392 397/820/423 399/825/428 365/789/395
f 366/786/392 367/785/391 398/821/424 397/820/423
f 376/819/396 365/789/395 375/828/421
f 387/829/420 399/825/428 386/830/419
f 375/828/421 365/789/395 399/825/428 387/829/420
f 396/831/431 800/832/432 771/833/411 371/834/412
f 371/834/412 372/835/413 396/831/431
f 395/824/427 396/831/431 372/835/413 373/836/422
f 373/836/422 374/837/418 395/824/427
f 386/830/419 399/825/428 395/824/427 374/837/418
f 404/838/433 403/839/434 408/840/435 407/841/436
f 407/841/436 410/842/437 364/843/438 404/838/433
f 353/844/439 364/843/438 410/842/437 409/845/440
f 407/841/436 408/840/435 412/759/372 411/758/371
f 411/758/371 413/846/441 410/842/437 407/841/436
f 356/847/442 409/845/440 410/842/437 413/846/441 369/848/443
f 401/761/374 405/849/444 413/846/441 411/758/371
f 369/848/443 413/846/441 405/849/444 370/850/445
f 406/851/446 370/850/445 405/849/444
f 403/852/447 404/853/448 414/854/449 415/855/447
f 404/856/448 364/857/450 416/858/451 414/859/449
f 364/860/450 353/861/452 417/862/452 416/863/451
f 405/849/444 401/761/374 418/864/453 420/865/454
f 401/761/374 402/760/373 659/866/455 418/864/453
f 406/851/446 405/849/444 420/865/454 421/867/456
f 426/868/457 427/869/458 430/870/459 431/871/460
f 428/872/461 653/873/462 423/874/463 658/875/464
f 433/876/465 430/870/459 422/877/466 429/878/467
f 415/879/468 414/880/469 432/881/470 435/882/471
f 435/882/471 432/881/470 431/871/460 434/883/472
f 434/883/472 431/871/460 430/870/459 433/876/465
f 414/880/469 416/884/473 425/885/474 432/881/470
f 432/881/470 425/885/474 426/868/457 431/871/460
f 659/866/455 402/760/373 419/886/475
f 416/884/473 417/887/476 425/885/474
f 420/888/477 418/889/478 422/890/478 424/891/477
f 429/878/467 423/874/463 433/876/465
f 429/892/479 422/890/478 418/889/478 659/893/479
f 440/894/480 443/895/480 438/896/480 439/897/480
f 441/898/481 440/899/481 436/900/482
f 442/901/483 441/902/483 436/903/484 437/904/484
f 568/905/485 570/906/485 446/907/486 444/908/487
f 443/909/488 442/910/488 437/911/488
f 1008/912/489 918/913/489 479/914/490 518/915/491
f 570/916/492 569/917/492 445/918/493 446/919/493
f 599/920/494 464/921/495 463/922/496 598/923/497
f 601/924/498 459/925/499 470/926/500 600/927/501
f 477/928/502 461/929/503 460/930/504 602/931/505
f 604/932/506 468/933/507 467/934/508 603/935/509
f 605/936/510 465/937/511 464/921/495 599/920/494
f 462/938/512 596/939/513 1227/940/514 1166/941/515
f 607/942/516 469/943/517 468/944/507 604/945/506
f 608/946/518 466/947/519 465/937/511 605/936/510
f 598/923/497 463/922/496 462/948/512 606/949/520
f 600/927/501 470/926/500 469/943/517 607/942/516
f 602/931/505 460/930/504 459/925/499 601/924/498
f 603/935/509 467/934/508 466/947/519 608/946/518
f 459/925/499 471/950/521 473/951/522 470/926/500
f 460/930/504 472/952/523 471/950/521 459/925/499
f 471/950/521 474/953/524 476/954/525 473/951/522
f 472/952/523 475/955/526 474/953/524 471/950/521
f 918/913/489 800/956/432 396/957/431 479/914/490
f 1167/958/527 790/959/528 461/960/503 477/961/502
f 1060/962/529 791/963/530 478/964/531 615/965/532
f 512/966/533 511/967/534 486/968/535 485/969/536
f 508/970/537 507/971/538 490/972/539 489/973/540
f 515/974/541 514/975/542 483/976/543 482/977/544
f 509/978/545 508/979/537 489/980/540 488/981/546
f 516/982/547 515/974/541 482/977/544 481/983/548
f 506/984/549 505/985/550 492/986/551 491/987/552
f 511/967/534 510/988/553 487/989/554 486/968/535
f 510/988/553 509/978/545 488/981/546 487/989/554
f 513/990/555 512/966/533 485/969/536 484/991/556
f 514/975/542 513/990/555 484/991/556 483/976/543
f 505/985/550 516/982/547 481/983/548 492/986/551
f 507/971/538 506/984/549 491/987/552 490/972/539
f 458/992/557 516/982/547 505/985/550 447/993/558
f 449/994/559 507/971/538 508/970/537 450/995/560
f 452/996/561 510/988/553 511/967/534 453/997/562
f 454/998/563 512/966/533 513/990/555 455/999/564
f 450/1000/560 508/979/537 509/978/545 451/1001/565
f 447/993/558 505/985/550 506/984/549 448/1002/566
f 453/997/562 511/967/534 512/966/533 454/998/563
f 455/999/564 513/990/555 514/975/542 456/1003/567
f 457/1004/568 515/974/541 516/982/547 458/992/557
f 456/1003/567 514/975/542 515/974/541 457/1004/568
f 448/1002/566 506/984/549 507/971/538 449/994/559
f 451/1001/565 509/978/545 510/988/553 452/996/561
f 489/1005/540 490/1006/539 495/1007/569 496/1008/569
f 490/1006/539 491/1009/552 494/1010/569 495/1011/569
f 481/1012/548 482/1013/544 503/1014/569 504/1015/569
f 482/1016/544 483/1017/543 502/1018/569 503/1019/569
f 488/1020/546 489/1021/540 496/1022/569 497/1023/569
f 492/1024/551 481/1012/548 504/1015/569 493/1025/569
f 485/1026/536 486/1027/535 499/1028/569 500/1029/569
f 491/1009/552 492/1024/551 493/1025/569 494/1030/569
f 486/1027/535 487/1031/554 498/1032/569 499/1028/569
f 484/1033/556 485/1034/536 500/1035/569 501/1036/569
f 483/1017/543 484/1033/556 501/1036/569 502/1037/569
f 487/1031/554 488/1020/546 497/1023/569 498/1032/569
f 395/1038/427 517/1039/570 479/914/490 396/957/431
f 565/1040/571 518/915/491 479/914/490 517/1039/570
f 525/1041/572 524/1042/572 521/1043/573 520/1044/574
f 523/1045/575 525/1046/576 520/1047/577 353/1048/439
f 528/1049/578 527/1050/579 525/1046/576 523/1045/575
f 527/1051/580 529/1052/581 524/1042/572 525/1041/572
f 353/1048/439 519/1053/582 522/1054/583 523/1045/575
f 523/1045/575 522/1054/583 526/1055/584 528/1049/578
f 531/1056/585 646/1057/586 425/1058/474 417/1059/476
f 520/1044/574 521/1043/573 532/1060/587 531/1061/588
f 519/1053/582 353/1048/439 409/1062/440 530/1063/589
f 698/1064/590 697/1065/591 537/1066/592 586/1067/593
f 536/1068/594 535/1069/595 539/1070/596 540/1071/597
f 540/1071/597 539/1070/596 541/1072/598 542/1073/599
f 542/1073/600 545/1074/600 546/1075/601 543/1076/601
f 542/1073/599 541/1072/598 544/1077/602 545/1074/603
f 548/1078/604 550/1079/605 549/1080/606 547/1081/607
f 550/1079/605 552/1082/608 551/1083/609 549/1080/606
f 552/1082/608 553/1084/610 556/1085/610 555/1086/611
f 552/1082/608 555/1086/611 554/1087/612 551/1083/609
f 562/1088/613 557/1089/613 548/1090/613 547/1091/613
f 540/1092/614 550/1093/614 559/1094/614
f 559/1095/615 550/1079/605 548/1078/604 557/1096/615
f 542/1097/616 552/1098/616 550/1099/616 540/1100/616
f 561/1101/617 560/1102/617 556/1085/610 553/1084/610
f 561/1103/613 553/1104/613 543/1105/613
f 563/1106/618 541/1072/598 539/1070/596 558/1107/619
f 558/1108/620 562/1109/621 547/1081/607 549/1080/606
f 564/1110/622 544/1077/602 541/1072/598 563/1106/618
f 554/1087/612 564/1111/623 563/1112/624 551/1083/609
f 539/1070/596 535/1069/595 562/1113/625 558/1107/619
f 551/1083/609 563/1112/624 558/1108/620 549/1080/606
f 543/1076/601 546/1075/601 560/1114/626 561/1115/626
f 543/1105/613 553/1104/613 552/1116/613 542/1117/613
f 540/1071/597 559/1118/627 557/1119/627 536/1068/594
f 535/1120/613 536/1121/613 557/1089/613 562/1088/613
f 567/1122/628 566/1123/629 518/915/491 565/1040/571
f 1010/1124/630 1008/912/489 518/915/491 566/1123/629
f 791/1125/530 1010/1124/630 566/1123/629 478/1126/531
f 475/1127/526 478/1126/531 566/1123/629 567/1122/628
f 789/1128/631 392/1129/430 368/788/394 808/787/393
f 440/899/481 441/898/481 569/917/492 570/916/492
f 443/1130/632 440/1131/632 570/906/485 568/905/485
f 370/1132/445 406/1133/446 473/1134/522 476/1135/525
f 469/1136/517 470/1137/500 421/1138/456
f 406/1133/446 421/1138/456 470/1137/500 473/1134/522
f 445/1139/633 569/1140/613 571/1141/613 519/1142/582
f 444/1143/634 519/1144/634 571/1145/635 568/1146/636
f 442/910/488 443/909/488 568/1146/636 571/1145/635
f 441/902/483 442/901/483 571/1147/613 569/1148/613
f 572/1149/637 574/1150/638 575/1151/639 573/1152/637
f 574/1150/638 576/1153/640 577/1154/641 575/1151/639
f 576/1153/640 441/1155/642 395/1156/427 577/1154/641
f 573/1157/643 579/1158/644 578/1159/644 572/1160/643
f 579/1158/644 581/1161/645 580/1162/646 578/1159/644
f 581/1161/645 583/1163/647 582/1164/647 580/1162/646
f 517/1039/570 569/1165/648 445/1139/633
f 395/1038/427 441/1166/642 569/1165/648 517/1039/570
f 690/1167/649 689/1168/650 585/1169/651 584/1170/652
f 444/908/487 446/907/486 588/1171/653 589/1172/654
f 589/1172/654 588/1171/653 590/1173/655 591/1174/656
f 613/1175/657 612/1176/658 593/1177/659 614/1178/660 592/1179/661
f 584/1170/652 466/947/519 467/934/508 594/1180/662
f 467/934/508 468/933/507 594/1180/662
f 465/937/511 466/947/519 584/1170/652
f 464/921/495 465/937/511 585/1169/651 597/1181/663
f 585/1169/651 465/937/511 584/1170/652
f 455/1182/564 603/935/509 608/946/518 454/1183/563
f 448/1184/566 602/931/505 601/924/498 447/1185/558
f 458/1186/557 600/927/501 607/942/516 457/1187/568
f 451/1188/565 598/923/497 606/949/520 450/1189/560
f 454/1183/563 608/946/518 605/936/510 453/1190/562
f 457/1187/568 607/942/516 604/945/506 456/1191/567
f 450/1192/560 606/1193/520 477/928/502 449/1194/559
f 453/1190/562 605/936/510 599/920/494 452/1195/561
f 456/1196/567 604/932/506 603/935/509 455/1182/564
f 449/1194/559 477/928/502 602/931/505 448/1184/566
f 447/1185/558 601/924/498 600/927/501 458/1186/557
f 452/1195/561 599/920/494 598/923/497 451/1188/565
f 635/1197/614 636/1198/664 618/1199/665 617/1200/666
f 462/948/512 463/922/496 596/1201/513
f 464/921/495 597/1181/663 596/1201/513 463/922/496
f 445/1139/633 519/1142/582 610/1202/667 611/1203/668
f 611/1203/668 610/1202/667 612/1176/658 613/1175/657
f 517/1039/570 445/1139/633 611/1203/668 565/1040/571
f 567/1122/628 565/1040/571 611/1203/668 613/1175/657
f 475/1127/526 567/1122/628 613/1175/657 592/1179/661
f 474/953/524 614/1204/660 593/1205/659 476/954/525
f 475/955/526 592/1206/661 614/1204/660 474/953/524
f 790/959/528 1060/962/529 615/965/532 461/960/503
f 615/1207/532 478/1126/531 475/1127/526 472/1208/523
f 460/930/504 461/929/503 615/1209/532 472/952/523
f 631/1210/669 632/1211/670 617/1200/666 618/1199/665
f 622/1212/671 621/1213/671 609/1214/671 616/1215/671
f 630/1216/672 629/1217/673 621/1218/674 622/1219/674
f 421/1220/456 420/1221/454 623/1222/675 624/1223/676
f 469/1224/517 421/1220/456 624/1223/676
f 638/1225/677 637/1226/678 625/1227/679 626/1228/680
f 629/1229/681 628/1230/682 609/1231/683 621/1232/683
f 633/1233/684 632/1234/685 628/1230/682 629/1229/681
f 634/1235/686 633/1236/687 629/1217/673 630/1216/672
f 616/1237/688 609/1238/688 628/1239/689 627/1240/690
f 626/1228/680 625/1227/679 633/1236/687 634/1235/686
f 625/1241/691 617/1242/692 632/1234/685 633/1233/684
f 627/1240/690 628/1239/689 632/1211/670 631/1210/669
f 637/1243/693 635/1244/694 617/1242/692 625/1241/691
f 623/1245/695 619/1246/696 635/1244/694 637/1243/693
f 624/1223/676 623/1222/675 637/1226/678 638/1225/677
f 619/1247/614 620/1248/697 636/1198/664 635/1197/614
f 627/1249/690 630/1250/698 622/1251/699 616/1252/699
f 631/1253/669 634/1254/700 630/1250/698 627/1249/690
f 618/1255/701 626/1256/702 634/1254/700 631/1253/669
f 636/1257/664 638/1258/703 626/1256/702 618/1255/701
f 620/1259/697 624/1260/676 638/1258/703 636/1257/664
f 619/1247/704 639/1261/705 594/1262/662 620/1248/706
f 424/1263/707 623/1245/707 420/1264/707
f 651/1265/708 594/1262/662 639/1261/705 648/1266/709
f 370/1267/445 640/1268/710 369/1269/443
f 356/1270/442 369/1269/443 640/1268/710 641/1271/711
f 409/1062/440 356/1270/442 641/1271/711 530/1063/589
f 528/1049/578 526/1055/584 642/1272/712 644/1273/713
f 527/1050/579 528/1049/578 644/1273/713 643/1274/714
f 529/1052/581 527/1051/580 643/1275/715 645/1276/715
f 643/1274/714 644/1273/713 642/1272/712 645/1277/716
f 476/1135/525 593/1177/659 370/1132/445
f 640/1278/710 370/1132/445 593/1177/659 612/1176/658
f 641/1279/711 640/1278/710 612/1176/658 610/1202/667
f 641/1279/711 610/1202/667 519/1142/582 530/1280/589
f 532/1060/587 649/1281/717 646/1282/718 531/1061/588
f 649/1281/717 650/1283/719 647/1284/720 646/1282/718
f 650/1283/719 651/1265/708 648/1266/709 647/1284/720
f 424/1263/721 427/1285/722 648/1286/722 639/1287/721
f 619/1246/696 623/1245/695 424/1263/721 639/1287/721
f 647/1288/723 648/1286/722 427/1285/722 426/1289/724
f 646/1057/586 647/1288/723 426/1289/724 425/1058/474
f 417/1290/452 353/1291/452 520/1292/725
f 520/1293/726 531/1056/585 417/1059/476
f 402/760/373 656/1294/727 654/1295/728 419/886/475
f 657/1296/729 656/1294/727 402/760/373 412/759/372
f 652/1297/730 657/1296/729 412/759/372 408/840/435
f 403/839/434 652/1297/730 408/840/435
f 415/1298/447 655/1299/731 652/1300/731 403/1301/447
f 657/1302/732 652/1303/731 655/1304/731 661/1305/732
f 656/1306/733 657/1307/732 661/1308/732 660/1309/733
f 654/1310/734 656/1311/733 660/1312/733 653/1313/735
f 662/1314/488 664/1315/488 665/1316/488 663/1317/488
f 666/1318/482 667/1319/482 669/1320/482 668/1321/482
f 663/1322/614 665/1323/614 669/1324/614 667/1325/614
f 662/1326/736 663/1327/737 667/1328/737 666/1329/736
f 664/1330/738 662/1326/736 666/1329/736 668/1331/738
f 670/1332/488 672/1333/488 673/1334/488 671/1335/488
f 674/1336/739 675/1337/740 677/1338/482 676/1339/741
f 671/1340/614 673/1341/614 677/1342/614 675/1343/614
f 670/1344/742 671/1345/743 675/1346/740 674/1347/739
f 672/1348/744 670/1344/742 674/1347/739 676/1349/741
f 681/1350/745 654/1310/734 653/1313/735 428/1351/746
f 658/875/464 682/1352/747 678/1353/748 683/1354/749
f 679/1355/750 659/866/455 419/886/475 684/1356/751
f 678/1357/752 679/1355/750 684/1356/751 683/1358/753
f 429/878/467 682/1352/747 658/875/464 423/874/463
f 681/1359/754 680/1360/755 683/1358/753 684/1356/751
f 654/1295/728 681/1359/754 684/1356/751 419/886/475
f 521/1043/573 444/1361/487 589/1362/654 532/1060/587
f 649/1281/717 532/1060/587 589/1362/654 591/1363/656
f 591/1174/656 590/1173/655 685/1364/756 686/1365/757
f 650/1283/719 649/1281/717 591/1363/656 686/1366/757
f 686/1365/757 685/1364/756 687/1367/758 688/1368/759
f 651/1265/708 650/1283/719 686/1366/757 688/1369/759
f 688/1368/759 687/1367/758 689/1370/650 690/1371/649
f 594/1262/662 651/1265/708 688/1369/759 690/1372/649
f 594/1180/662 690/1167/649 584/1170/652
f 696/1373/760 698/1064/590 586/1067/593 538/1374/761
f 701/1375/762 694/1376/763 692/1377/764 700/1378/765
f 699/1379/766 693/1380/767 694/1376/763 701/1375/762
f 595/1381/768 533/1382/769 715/1383/770 713/1384/770
f 697/1385/771 533/1386/769 595/1387/768 700/1388/772
f 919/1389/773 480/1390/773 718/1391/773 1164/1392/773
f 537/1393/774 697/1394/771 700/1388/772 692/1395/774
f 691/1396/775 699/1379/766 701/1375/762 695/1397/776
f 695/1397/776 701/1375/762 700/1378/765 595/1398/777
f 534/1399/778 587/1400/779 698/1064/590 696/1373/760
f 587/1400/779 533/1401/780 697/1065/591 698/1064/590
f 702/1402/781 708/1403/782 534/1399/778 706/1404/783
f 534/1399/778 696/1373/760 706/1404/783
f 538/1374/761 703/1405/784 706/1404/783 696/1373/760
f 705/1406/785 707/1407/785 706/1408/785 703/1409/785
f 702/1410/786 706/1411/786 707/1412/786 704/1413/786
f 708/1414/787 702/1415/788 704/1416/788 709/1417/789
f 708/1414/787 709/1417/789 711/1418/790 710/1419/791
f 715/1420/792 714/1421/793 712/1422/794 713/1423/792
f 695/1397/776 595/1398/777 713/1424/795 712/1425/796
f 533/1401/780 587/1400/779 714/1426/797 715/1427/798
f 717/1428/799 714/1426/797 587/1400/779 534/1399/778
f 714/1421/793 717/1429/800 716/1430/801 712/1422/794
f 710/1419/791 711/1418/790 716/1430/801 717/1429/800
f 710/1431/802 717/1428/799 534/1399/778 708/1403/782
f 716/1432/803 691/1396/775 695/1397/776 712/1425/796
f 709/1433/804 691/1396/775 716/1432/803 711/1434/805
f 707/1435/806 691/1396/775 709/1433/804 704/1436/807
f 691/1396/775 707/1435/806 699/1379/766
f 693/1380/767 699/1379/766 707/1435/806 705/1437/614
f 1228/1438/808 606/1439/520 462/938/512 1166/941/515
f 606/1440/809 718/1441/809 480/1442/809 477/1443/809
f 919/1444/810 1167/958/527 477/961/502 480/1445/810
f 436/1446/480 440/894/480 439/897/480 720/1447/480
f 392/1448/430 789/1449/631 1170/1450/811 721/1451/812
f 393/1452/425 392/1448/430 721/1451/812 722/1453/813
f 724/1454/814 723/1455/815 1173/1456/816 1174/1457/817
f 689/1458/650 687/1459/758 723/1460/815 724/1461/814
f 1173/1456/816 723/1455/815 725/1462/818 1177/1463/819
f 725/1464/818 723/1460/815 687/1459/758 685/1465/756
f 1177/1463/819 725/1462/818 726/1466/820 1179/1467/821
f 590/1468/655 726/1469/820 725/1464/818 685/1465/756
f 1179/1467/821 726/1466/820 727/1470/822 1181/1471/823
f 727/1472/822 726/1469/820 590/1468/655 588/1473/653
f 1170/1450/811 1181/1471/823 727/1470/822 721/1451/812
f 721/1451/812 727/1470/822 588/1474/653 722/1453/813
f 588/1475/653 446/1476/486 722/1477/813
f 583/1163/647 722/1477/813 446/1476/486 582/1164/647
f 415/879/468 435/882/471 655/1478/824
f 661/1479/825 655/1478/824 435/882/471 434/883/472
f 660/1480/826 661/1479/825 434/883/472 433/876/465
f 653/873/462 660/1480/826 433/876/465 423/874/463
f 680/1481/827 428/872/461 658/875/464 683/1354/749
f 747/1482/569 748/1483/569 749/1484/569 750/1485/569 751/1486/569 746/1487/569
f 1183/1488/828 1184/1489/829 731/1490/830 730/1491/831
f 738/1492/832 736/1493/833 739/1494/613
f 737/1495/834 732/1496/614 735/1497/835
f 728/1498/613 738/1492/613 739/1494/613 733/1499/613
f 735/1497/614 732/1496/614 729/1500/614 734/1501/614
f 737/1502/836 736/1503/833 738/1504/832 732/1505/837
f 728/1506/838 729/1507/838 732/1505/837 738/1504/832
f 739/1508/839 736/1509/840 737/1510/834 735/1511/835
f 734/1512/841 733/1513/841 739/1508/839 735/1511/835
f 745/1514/842 751/1515/843 750/1516/844 744/1517/845
f 743/1518/846 749/1519/846 748/1520/847 742/1521/848
f 741/1522/849 747/1523/850 746/1524/851 740/1525/851
f 740/1526/851 746/1527/851 751/1515/843 745/1514/842
f 744/1517/845 750/1516/844 749/1519/846 743/1518/846
f 742/1521/848 748/1520/847 747/1523/850 741/1522/849
f 752/1528/852 753/1529/852 745/1530/852 744/1531/852
f 742/1532/852 741/1533/852 753/1529/852 752/1528/852
f 744/1531/852 743/1534/852 752/1528/852
f 742/1532/852 752/1528/852 743/1534/852
f 745/1530/852 753/1529/852 740/1535/852
f 753/1529/852 741/1533/852 740/1535/852
f 500/1536/853 499/1537/613 760/1538/613 761/1539/853
f 494/1540/854 493/1541/614 754/1542/614 755/1543/854
f 495/1544/855 494/1540/854 755/1543/854 756/1545/855
f 502/1546/482 501/1547/856 762/1548/856 763/1549/482
f 499/1537/613 498/1550/857 759/1551/857 760/1538/613
f 493/1541/614 504/1552/858 765/1553/858 754/1542/614
f 504/1552/858 503/1554/859 764/1555/859 765/1553/858
f 503/1554/859 502/1546/482 763/1549/482 764/1555/859
f 497/1556/860 496/1557/488 757/1558/488 758/1559/860
f 501/1547/856 500/1536/853 761/1539/853 762/1548/856
f 496/1560/488 495/1544/855 756/1545/855 757/1561/488
f 498/1550/857 497/1556/860 758/1559/860 759/1551/857
f 765/1562/569 764/1563/569 763/1564/569 762/1565/569 761/1566/569 760/1567/569 759/1568/569 758/1569/569 757/1570/569 756/1571/569 755/1572/569 754/1573/569
f 443/895/480 437/1574/480 719/1575/480 438/896/480
f 437/1576/480 436/1577/480 720/1578/480 719/1579/480
f 439/1580/861 438/1581/862 766/1582/862 767/1583/861
f 438/1584/863 719/1585/864 768/1586/864 766/1587/863
f 719/1588/864 720/1589/865 769/1590/865 768/1591/864
f 720/1592/866 439/1593/861 767/1594/861 769/1595/866
f 767/1596/480 766/1597/480 768/1598/480 769/1599/480
f 430/870/459 427/869/458 424/1600/867 422/877/466
f 428/1601/746 680/1602/868 681/1603/745
f 682/1604/482 429/1605/482 659/1606/482 679/1607/482
f 678/1608/482 682/1604/482 679/1607/482
f 594/1609/662 468/1610/869 620/1611/706
f 468/1612/507 469/1613/517 624/1614/676 620/1615/697
f 689/1168/650 724/1616/814 597/1181/663 585/1169/651
f 597/1181/663 724/1616/814 1174/1617/817 596/1201/513
f 1174/1617/817 1227/1618/514 596/1201/513
f 606/1439/520 1228/1438/808 1164/1619/870 718/1620/870
f 781/1621/871 780/1622/367 779/753/366
f 784/1623/872 783/1624/873 779/753/366
f 787/1625/874 781/1621/871 779/753/366
f 852/1626/875 842/1627/876 843/1628/877 853/1629/878
f 785/762/375 784/1623/872 779/753/366
f 788/1630/879 787/1625/874 779/753/366
f 783/1624/873 788/1630/879 779/753/366
f 797/1631/880 795/1632/881 788/1633/879 783/1634/873
f 795/1632/881 794/1635/882 787/1636/874 788/1633/879
f 798/770/380 793/1637/883 784/1638/872 785/771/375
f 794/1635/882 792/1639/884 781/1640/871 787/1636/874
f 793/1637/883 797/1631/880 783/1634/873 784/1638/872
f 792/1639/884 796/1641/383 780/1642/367 781/1640/871
f 774/1643/885 773/1644/385 796/1641/383 792/1639/884
f 778/1645/886 777/1646/887 797/1631/880 793/1637/883
f 775/1647/888 774/1643/885 792/1639/884 794/1635/882
f 772/783/389 778/1645/886 793/1637/883 798/770/380
f 776/1648/889 775/1647/888 794/1635/882 795/1632/881
f 777/1646/887 776/1648/889 795/1632/881 797/1631/880
f 806/1649/890 775/1647/888 776/1648/889 805/1650/891
f 773/1644/385 774/1643/885 807/1651/892 808/1652/393
f 774/1643/885 775/1647/888 806/1649/890 807/1651/892
f 776/1648/889 777/1646/887 804/1653/893 805/1650/891
f 816/1654/894 817/1655/895 819/1656/896 823/1657/897
f 802/794/400 820/1658/898 819/1656/896 803/795/401
f 801/797/403 821/1659/899 820/1658/898 802/794/400
f 770/799/405 822/1660/900 821/1659/899 801/797/403
f 817/1655/895 818/801/407 803/795/401 819/1656/896
f 820/1658/898 824/1661/901 823/1657/897 819/1656/896
f 821/1659/899 825/1662/902 824/1661/901 820/1658/898
f 822/1660/900 826/1663/903 825/1662/902 821/1659/899
f 771/805/411 811/1664/904 822/1660/900 770/799/405
f 811/1664/904 812/1665/905 826/1663/903 822/1660/900
f 826/1663/903 832/1666/906 831/1667/907 825/1662/902
f 825/1662/902 831/1667/907 830/1668/908 824/1661/901
f 824/1661/901 830/1668/908 829/1669/909 823/1657/897
f 814/1670/910 827/1671/911 831/1667/907 832/1666/906
f 828/1672/912 830/1668/908 831/1667/907 827/1671/911
f 815/1673/913 829/1669/909 830/1668/908 828/1672/912
f 816/1654/894 823/1657/897 829/1669/909 815/1673/913
f 812/1665/905 813/1674/914 832/1666/906 826/1663/903
f 814/1670/910 832/1666/906 813/1674/914
f 772/783/389 818/818/407 817/1675/895 778/1645/886
f 778/1645/886 817/1675/895 816/1676/894 804/1653/893 777/1646/887
f 838/1677/915 835/1678/916 834/1679/917 839/1680/918
f 838/1677/915 840/1681/919 836/1682/920 835/1678/916
f 841/1683/921 839/1680/918 834/1679/917 833/1684/922
f 807/1651/892 806/1649/890 839/1680/918 841/1683/921
f 805/1650/891 804/1653/893 840/1681/919 838/1677/915
f 805/1650/891 838/1677/915 839/1680/918 806/1649/890
f 816/1676/894 815/1685/913 804/1653/893
f 828/1686/912 827/1687/911 840/1681/919
f 815/1685/913 828/1686/912 840/1681/919 804/1653/893
f 837/1688/923 811/1689/904 771/1690/411 800/1691/432
f 811/1689/904 837/1688/923 812/1692/905
f 836/1682/920 813/1693/914 812/1692/905 837/1688/923
f 813/1693/914 836/1682/920 814/1694/910
f 827/1687/911 814/1694/910 836/1682/920 840/1681/919
f 845/1695/924 848/1696/925 849/1697/926 844/1698/927
f 848/1696/925 845/1695/924 799/1699/928 851/1700/929
f 782/1701/930 850/1702/931 851/1700/929 799/1699/928
f 848/1696/925 852/1626/875 853/1629/878 849/1697/926
f 852/1626/875 848/1696/925 851/1700/929 854/1703/932
f 786/1704/933 809/1705/934 854/1703/932 851/1700/929 850/1702/931
f 842/1627/876 852/1626/875 854/1703/932 846/1706/935
f 809/1705/934 810/1707/936 846/1706/935 854/1703/932
f 847/1708/937 846/1706/935 810/1707/936
f 844/1709/938 856/1710/939 855/1711/940 845/1712/941
f 845/1713/941 855/1714/940 857/1715/942 799/1716/943
f 799/1717/943 857/1718/942 858/1719/944 782/1720/944
f 846/1706/935 861/1721/945 859/1722/946 842/1627/876
f 842/1627/876 859/1722/946 1105/1723/947 843/1628/877
f 847/1708/937 862/1724/948 861/1721/945 846/1706/935
f 867/1725/949 872/1726/950 871/1727/951 868/1728/952
f 869/1729/953 1104/1730/954 864/1731/955 1099/1732/956
f 874/1733/957 870/1734/958 863/1735/959 871/1727/951
f 856/1736/960 876/1737/961 873/1738/962 855/1739/963
f 876/1737/961 875/1740/964 872/1726/950 873/1738/962
f 875/1740/964 874/1733/957 871/1727/951 872/1726/950
f 855/1739/963 873/1738/962 866/1741/965 857/1742/966
f 873/1738/962 872/1726/950 867/1725/949 866/1741/965
f 1105/1723/947 860/1743/967 843/1628/877
f 857/1742/966 866/1741/965 858/1744/968
f 861/1745/969 865/1746/969 863/1747/970 859/1748/971
f 870/1734/958 874/1733/957 864/1731/955
f 870/1749/972 1105/1750/972 859/1748/971 863/1747/970
f 881/1751/480 880/1752/480 879/1753/480 884/1754/480
f 882/1755/973 877/1756/488 881/1757/973
f 883/1758/483 878/1759/484 877/1760/484 882/1761/483
f 1013/1762/485 885/1763/974 887/1764/975 1015/1765/485
f 884/1766/482 878/1767/482 883/1768/482
f 1008/912/489 961/1769/976 922/1770/977 918/913/489
f 1015/1771/978 887/1772/979 886/1773/979 1014/1774/978
f 1044/1775/980 1043/1776/981 904/1777/982 905/1778/983
f 1046/1779/498 1045/1780/984 911/1781/985 900/1782/499
f 920/1783/986 1047/1784/987 901/1785/988 902/1786/989
f 1049/1787/990 1048/1788/991 908/1789/992 909/1790/993
f 1050/1791/510 1044/1775/980 905/1778/983 906/1792/994
f 903/1793/995 1166/941/515 1227/940/514 1041/1794/996
f 1052/1795/997 1049/1796/990 909/1797/993 910/1798/998
f 1053/1799/999 1050/1791/510 906/1792/994 907/1800/1000
f 1043/1776/981 1051/1801/1001 903/1802/995 904/1777/982
f 1045/1780/984 1052/1795/997 910/1798/998 911/1781/985
f 1047/1784/987 1046/1779/498 900/1782/499 901/1785/988
f 1048/1788/991 1053/1799/999 907/1800/1000 908/1789/992
f 900/1782/499 911/1781/985 914/1803/1002 912/1804/521
f 901/1785/988 900/1782/499 912/1804/521 913/1805/1003
f 912/1804/521 914/1803/1002 917/1806/1004 915/1807/1005
f 913/1805/1003 912/1804/521 915/1807/1005 916/1808/1006
f 918/913/489 922/1770/977 837/1809/923 800/956/432
f 1167/958/527 920/1810/986 902/1811/989 790/959/528
f 1060/962/529 1061/1812/1007 921/1813/1008 791/963/530
f 955/1814/1009 928/1815/554 929/1816/535 954/1817/534
f 951/1818/1010 932/1819/1011 933/1820/1012 950/1821/1013
f 958/1822/1014 925/1823/1015 926/1824/1016 957/1825/1017
f 952/1826/1018 931/1827/1019 932/1828/1011 951/1829/1010
f 959/1830/1020 924/1831/1021 925/1823/1015 958/1822/1014
f 949/1832/1022 934/1833/1023 935/1834/551 948/1835/1024
f 954/1817/534 929/1816/535 930/1836/536 953/1837/1025
f 953/1837/1025 930/1836/536 931/1827/1019 952/1826/1018
f 956/1838/1026 927/1839/1027 928/1815/554 955/1814/1009
f 957/1825/1017 926/1824/1016 927/1839/1027 956/1838/1026
f 948/1835/1024 935/1834/551 924/1831/1021 959/1830/1020
f 950/1821/1013 933/1820/1012 934/1833/1023 949/1832/1022
f 899/1840/1028 888/1841/558 948/1835/1024 959/1830/1020
f 890/1842/1029 891/1843/1030 951/1818/1010 950/1821/1013
f 893/1844/1031 894/1845/562 954/1817/534 953/1837/1025
f 895/1846/1032 896/1847/1033 956/1838/1026 955/1814/1009
f 891/1848/1030 892/1849/1034 952/1826/1018 951/1829/1010
f 888/1841/558 889/1850/1035 949/1832/1022 948/1835/1024
f 894/1845/562 895/1846/1032 955/1814/1009 954/1817/534
f 896/1847/1033 897/1851/1036 957/1825/1017 956/1838/1026
f 898/1852/1037 899/1840/1028 959/1830/1020 958/1822/1014
f 897/1851/1036 898/1852/1037 958/1822/1014 957/1825/1017
f 889/1850/1035 890/1842/1029 950/1821/1013 949/1832/1022
f 892/1849/1034 893/1844/1031 953/1837/1025 952/1826/1018
f 932/1853/1011 939/1854/569 938/1855/569 933/1856/1012
f 933/1856/1012 938/1857/569 937/1858/569 934/1859/1023
f 924/1860/1021 947/1861/569 946/1862/569 925/1863/1015
f 925/1863/1015 946/1864/569 945/1865/569 926/1866/1016
f 931/1867/1019 940/1868/569 939/1869/569 932/1870/1011
f 935/1871/551 936/1872/569 947/1861/569 924/1860/1021
f 928/1873/554 943/1874/569 942/1875/569 929/1876/535
f 934/1859/1023 937/1877/569 936/1878/569 935/1871/551
f 929/1876/535 942/1879/569 941/1880/569 930/1881/536
f 927/1882/1027 944/1883/569 943/1884/569 928/1885/554
f 926/1886/1016 945/1887/569 944/1888/569 927/1889/1027
f 930/1881/536 941/1880/569 940/1868/569 931/1867/1019
f 836/1890/920 837/1809/923 922/1770/977 960/1891/1038
f 1009/1892/1039 960/1891/1038 922/1770/977 961/1769/976
f 968/1893/1040 963/1894/1041 964/1895/1042 967/1896/1040
f 966/1897/1043 782/1898/930 963/1899/1044 968/1900/1045
f 971/1901/1046 966/1897/1043 968/1900/1045 970/1902/1047
f 970/1903/1048 968/1893/1040 967/1896/1040 972/1904/1049
f 782/1898/930 966/1897/1043 965/1905/1050 962/1906/1051
f 966/1897/1043 971/1901/1046 969/1907/1052 965/1905/1050
f 974/1908/1053 858/1909/968 866/1910/965 1092/1911/1054
f 963/1894/1041 974/1912/1055 975/1913/1056 964/1895/1042
f 962/1906/1057 973/1914/1058 850/1915/931 782/1898/930
f 1144/1916/1059 1031/1917/1060 980/1918/1061 1143/1919/1062
f 979/1920/1063 983/1921/1064 982/1922/1065 978/1923/1066
f 983/1921/1064 985/1924/1067 984/1925/1068 982/1922/1065
f 985/1924/1069 986/1926/610 989/1927/610 988/1928/1069
f 985/1924/1067 988/1928/1070 987/1929/612 984/1925/1068
f 991/1930/1071 990/1931/1072 992/1932/1073 993/1933/1074
f 993/1933/1074 992/1932/1073 994/1934/1075 995/1935/1076
f 995/1935/1076 998/1936/1077 999/1937/601 996/1938/601
f 995/1935/1076 994/1934/1075 997/1939/602 998/1936/1077
f 1005/1940/613 990/1941/613 991/1942/613 1000/1943/613
f 983/1944/614 1002/1945/614 993/1946/614
f 1002/1947/1078 1000/1948/1078 991/1930/1071 993/1933/1074
f 985/1949/616 983/1950/616 993/1951/616 995/1952/616
f 1004/1953/626 996/1938/601 999/1937/601 1003/1954/626
f 1004/1955/613 986/1956/613 996/1957/613
f 1006/1958/1079 1001/1959/1080 982/1922/1065 984/1925/1068
f 1001/1960/1081 992/1932/1073 990/1931/1072 1005/1961/1082
f 1007/1962/623 1006/1958/1079 984/1925/1068 987/1929/612
f 997/1939/602 994/1934/1075 1006/1963/1083 1007/1964/622
f 982/1922/1065 1001/1959/1080 1005/1965/1084 978/1923/1066
f 994/1934/1075 992/1932/1073 1001/1960/1081 1006/1963/1083
f 986/1926/610 1004/1966/617 1003/1967/617 989/1927/610
f 986/1956/613 985/1968/613 995/1969/613 996/1957/613
f 983/1921/1064 979/1920/1063 1000/1970/1085 1002/1971/1085
f 978/1972/613 1005/1940/613 1000/1943/613 979/1973/613
f 1012/1974/1086 1009/1892/1039 961/1769/976 1011/1975/1087
f 1010/1124/630 1011/1975/1087 961/1769/976 1008/912/489
f 791/1125/530 921/1976/1008 1011/1975/1087 1010/1124/630
f 916/1977/1006 1012/1974/1086 1011/1975/1087 921/1976/1008
f 789/1978/631 808/1652/393 807/1651/892 833/1979/922
f 881/1757/973 1015/1771/978 1014/1774/978 882/1755/973
f 884/1980/632 1013/1762/485 1015/1765/485 881/1981/632
f 810/1982/936 917/1983/1004 914/1984/1002 847/1985/937
f 910/1986/998 862/1987/948 911/1988/985
f 847/1985/937 914/1984/1002 911/1988/985 862/1987/948
f 886/1989/1088 962/1990/1057 1016/1991/613 1014/1992/613
f 885/1993/1089 1013/1994/1090 1016/1995/1091 962/1996/1089
f 883/1768/482 1016/1995/1091 1013/1994/1090 884/1766/482
f 882/1761/483 1014/1997/613 1016/1998/613 883/1758/483
f 1017/1999/637 1018/2000/637 1020/2001/639 1019/2002/638
f 1019/2002/638 1020/2001/639 1022/2003/1092 1021/2004/1092
f 1021/2004/1092 1022/2003/1092 836/2005/920 882/2006/1093
f 1018/2007/643 1017/2008/643 1023/2009/644 1024/2010/644
f 1024/2010/644 1023/2009/644 1025/2011/646 1026/2012/645
f 1026/2012/645 1025/2011/646 1027/2013/1094 1028/2014/1095
f 960/1891/1038 886/1989/1088 1014/2015/1096
f 836/1890/920 960/1891/1038 1014/2015/1096 882/2016/1093
f 1136/2017/1097 1029/2018/1098 1030/2019/1099 1135/2020/1100
f 885/1763/974 1034/2021/1101 1033/2022/1102 887/1764/975
f 1034/2021/1101 1036/2023/1103 1035/2024/1104 1033/2022/1102
f 1058/2025/1105 1037/2026/1106 1059/2027/1107 1038/2028/1108 1057/2029/1109
f 1029/2018/1098 1039/2030/1110 908/1789/992 907/1800/1000
f 908/1789/992 1039/2030/1110 909/1790/993
f 906/1792/994 1029/2018/1098 907/1800/1000
f 905/1778/983 1042/2031/1111 1030/2019/1099 906/1792/994
f 1030/2019/1099 1029/2018/1098 906/1792/994
f 896/2032/1033 895/2033/1032 1053/1799/999 1048/1788/991
f 889/2034/1035 888/2035/558 1046/1779/498 1047/1784/987
f 899/2036/1028 898/2037/1037 1052/1795/997 1045/1780/984
f 892/2038/1034 891/2039/1030 1051/1801/1001 1043/1776/981
f 895/2033/1032 894/2040/562 1050/1791/510 1053/1799/999
f 898/2037/1037 897/2041/1036 1049/1796/990 1052/1795/997
f 891/2042/1030 890/2043/1029 920/1783/986 1051/2044/1001
f 894/2040/562 893/2045/1031 1044/1775/980 1050/1791/510
f 897/2046/1036 896/2032/1033 1048/1788/991 1049/1787/990
f 890/2043/1029 889/2034/1035 1047/1784/987 920/1783/986
f 888/2035/558 899/2036/1028 1045/1780/984 1046/1779/498
f 893/2045/1031 892/2038/1034 1043/1776/981 1044/1775/980
f 1081/2047/614 1063/2048/1112 1064/2049/1113 1082/2050/1114
f 903/1802/995 1041/2051/996 904/1777/982
f 905/1778/983 904/1777/982 1041/2051/996 1042/2031/1111
f 886/1989/1088 1056/2052/1115 1055/2053/1116 962/1990/1057
f 1056/2052/1115 1058/2025/1105 1057/2029/1109 1055/2053/1116
f 960/1891/1038 1009/1892/1039 1056/2052/1115 886/1989/1088
f 1012/1974/1086 1058/2025/1105 1056/2052/1115 1009/1892/1039
f 916/1977/1006 1037/2026/1106 1058/2025/1105 1012/1974/1086
f 915/1807/1005 917/1806/1004 1038/2054/1108 1059/2055/1107
f 916/1808/1006 915/1807/1005 1059/2055/1107 1037/2056/1106
f 790/959/528 902/1811/989 1061/1812/1007 1060/962/529
f 1061/2057/1007 913/1805/1003 916/1977/1006 921/1976/1008
f 901/1785/988 913/1805/1003 1061/2057/1007 902/1786/989
f 1077/2058/1117 1064/2049/1113 1063/2048/1112 1078/2059/670
f 1068/2060/671 1062/2061/671 1054/2062/671 1067/2063/671
f 1076/2064/1118 1068/2065/674 1067/2066/674 1075/2067/1119
f 862/2068/948 1070/2069/1120 1069/2070/675 861/2071/945
f 910/2072/998 1070/2069/1120 862/2068/948
f 1084/2073/677 1072/2074/1121 1071/2075/1122 1083/2076/1123
f 1075/2077/1124 1067/2078/1125 1054/2079/1125 1074/2080/1126
f 1079/2081/1127 1075/2077/1124 1074/2080/1126 1078/2082/1128
f 1080/2083/1129 1076/2064/1118 1075/2067/1119 1079/2084/1130
f 1062/2085/688 1073/2086/1131 1074/2087/689 1054/2088/688
f 1072/2074/1121 1080/2083/1129 1079/2084/1130 1071/2075/1122
f 1071/2089/1132 1079/2081/1127 1078/2082/1128 1063/2090/1133
f 1073/2086/1131 1077/2058/1117 1078/2059/670 1074/2087/689
f 1083/2091/1134 1071/2089/1132 1063/2090/1133 1081/2092/1135
f 1069/2093/1136 1083/2091/1134 1081/2092/1135 1065/2094/1137
f 1070/2069/1120 1084/2073/677 1083/2076/1123 1069/2070/675
f 1065/2095/614 1081/2047/614 1082/2050/1114 1066/2096/1138
f 1073/2097/1131 1062/2098/1139 1068/2099/1139 1076/2100/1140
f 1077/2101/1117 1073/2097/1131 1076/2100/1140 1080/2102/1141
f 1064/2103/1142 1077/2101/1117 1080/2102/1141 1072/2104/1143
f 1082/2105/1114 1064/2103/1142 1072/2104/1143 1084/2106/1144
f 1066/2107/1138 1082/2105/1114 1084/2106/1144 1070/2108/1120
f 1065/2095/704 1066/2096/1145 1039/2109/1146 1085/2110/705
f 865/2111/1147 861/2112/1147 1069/2093/1147
f 1097/2113/1148 1094/2114/1149 1085/2110/705 1039/2109/1146
f 810/2115/936 809/2116/934 1086/2117/1150
f 786/2118/933 1087/2119/1151 1086/2117/1150 809/2116/934
f 850/1915/931 973/1914/1058 1087/2119/1151 786/2118/933
f 971/1901/1046 1090/2120/1152 1088/2121/1153 969/1907/1052
f 970/1902/1047 1089/2122/1154 1090/2120/1152 971/1901/1046
f 972/1904/1049 1091/2123/1155 1089/2124/1155 970/1903/1048
f 1089/2122/1154 1091/2125/1156 1088/2121/1153 1090/2120/1152
f 917/1983/1004 810/1982/936 1038/2028/1108
f 1086/2126/1150 1057/2029/1109 1038/2028/1108 810/1982/936
f 1087/2127/1151 1055/2053/1116 1057/2029/1109 1086/2126/1150
f 1087/2127/1151 973/2128/1058 962/1990/1057 1055/2053/1116
f 975/1913/1056 974/1912/1055 1092/2129/1157 1095/2130/1158
f 1095/2130/1158 1092/2129/1157 1093/2131/1159 1096/2132/1160
f 1096/2132/1160 1093/2131/1159 1094/2114/1149 1097/2113/1148
f 865/2111/1161 1085/2133/1162 1094/2134/1163 868/2135/1164
f 1065/2094/1137 1085/2133/1162 865/2111/1161 1069/2093/1136
f 1093/2136/1165 867/2137/1166 868/2135/1164 1094/2134/1163
f 1092/1911/1054 866/1910/965 867/2137/1166 1093/2136/1165
f 858/2138/944 963/2139/1167 782/2140/944
f 963/2141/1168 858/1909/968 974/1908/1053
f 843/1628/877 860/1743/967 1100/2142/1169 1102/2143/1170
f 1103/2144/1171 853/1629/878 843/1628/877 1102/2143/1170
f 1098/2145/1172 849/1697/926 853/1629/878 1103/2144/1171
f 844/1698/927 849/1697/926 1098/2145/1172
f 856/1710/939 844/2146/938 1098/2147/1173 1101/2148/1174
f 1103/2149/1175 1107/2150/1175 1101/2151/1174 1098/2152/1173
f 1102/2153/1176 1106/2154/1176 1107/2155/1175 1103/2156/1175
f 1100/2157/1177 1099/2158/1178 1106/2159/1176 1102/2160/1176
f 1108/2161/482 1109/2162/482 1111/2163/482 1110/2164/482
f 1112/2165/488 1114/2166/488 1115/2167/488 1113/2168/488
f 1109/2169/614 1113/2170/614 1115/2171/614 1111/2172/614
f 1108/2173/736 1112/2174/736 1113/2175/737 1109/2176/737
f 1110/2177/738 1114/2178/738 1112/2174/736 1108/2173/736
f 1116/2179/482 1117/2180/482 1119/2181/482 1118/2182/482
f 1120/2183/1179 1122/2184/1180 1123/2185/488 1121/2186/1181
f 1117/2187/614 1121/2188/614 1123/2189/614 1119/2190/614
f 1116/2191/1182 1120/2192/1179 1121/2193/1181 1117/2194/1183
f 1118/2195/1184 1122/2196/1180 1120/2192/1179 1116/2191/1182
f 1127/2197/1185 869/2198/1186 1099/2158/1178 1100/2157/1177
f 1104/1730/954 1129/2199/1187 1124/2200/1188 1128/2201/1189
f 1125/2202/1190 1130/2203/1191 860/1743/967 1105/1723/947
f 1124/2204/1192 1129/2205/1193 1130/2203/1191 1125/2202/1190
f 870/1734/958 864/1731/955 1104/1730/954 1128/2201/1189
f 1127/2206/1194 1130/2203/1191 1129/2205/1193 1126/2207/1195
f 1100/2142/1169 860/1743/967 1130/2203/1191 1127/2206/1194
f 964/1895/1042 975/1913/1056 1034/2208/1101 885/2209/974
f 1095/2130/1158 1036/2210/1103 1034/2208/1101 975/1913/1056
f 1036/2023/1103 1132/2211/1196 1131/2212/1197 1035/2024/1104
f 1096/2132/1160 1132/2213/1196 1036/2210/1103 1095/2130/1158
f 1132/2211/1196 1134/2214/1198 1133/2215/1199 1131/2212/1197
f 1097/2113/1148 1134/2216/1198 1132/2213/1196 1096/2132/1160
f 1134/2214/1198 1136/2217/1097 1135/2218/1100 1133/2215/1199
f 1039/2109/1110 1136/2219/1097 1134/2216/1198 1097/2113/1148
f 1039/2030/1110 1029/2018/1098 1136/2017/1097
f 1142/2220/1200 981/2221/1201 1031/1917/1060 1144/1916/1059
f 1147/2222/1202 1146/2223/1203 1138/2224/1204 1140/2225/1205
f 1145/2226/1206 1147/2222/1202 1140/2225/1205 1139/2227/1207
f 1040/2228/1208 1159/2229/1209 1161/2230/1209 976/2231/1210
f 1143/2232/1211 1146/2233/1212 1040/2234/1208 976/2235/1210
f 919/2236/773 1164/2237/773 1165/2238/773 923/2239/773
f 980/2240/1213 1138/2241/1213 1146/2242/1212 1143/2243/1211
f 1137/2244/1214 1141/2245/1215 1147/2222/1202 1145/2226/1206
f 1141/2245/1215 1040/2246/1216 1146/2223/1203 1147/2222/1202
f 977/2247/1217 1142/2220/1200 1144/1916/1059 1032/2248/1218
f 1032/2248/1218 1144/1916/1059 1143/1919/1062 976/2249/1219
f 1148/2250/1220 1152/2251/1221 977/2247/1217 1154/2252/1222
f 977/2247/1217 1152/2251/1221 1142/2220/1200
f 981/2221/1201 1142/2220/1200 1152/2251/1221 1149/2253/1223
f 1151/2254/1224 1149/2255/1224 1152/2256/1224 1153/2257/1224
f 1148/2258/1225 1150/2259/1225 1153/2260/1225 1152/2261/1225
f 1154/2262/1226 1155/2263/1227 1150/2264/1228 1148/2265/1228
f 1154/2262/1226 1156/2266/1229 1157/2267/1229 1155/2263/1227
f 1161/2268/1230 1159/2269/1230 1158/2270/1231 1160/2271/1232
f 1141/2245/1215 1158/2272/1233 1159/2273/1234 1040/2246/1216
f 976/2249/1219 1161/2274/1235 1160/2275/1236 1032/2248/1218
f 1163/2276/1237 977/2247/1217 1032/2248/1218 1160/2275/1236
f 1160/2271/1232 1158/2270/1231 1162/2277/1238 1163/2278/1239
f 1156/2266/1229 1163/2278/1239 1162/2277/1238 1157/2267/1229
f 1156/2279/1240 1154/2252/1222 977/2247/1217 1163/2276/1237
f 1162/2280/1241 1158/2272/1233 1141/2245/1215 1137/2244/1214
f 1155/2281/1242 1157/2282/1243 1162/2280/1241 1137/2244/1214
f 1153/2283/1244 1150/2284/1245 1155/2281/1242 1137/2244/1214
f 1137/2244/1214 1145/2226/1206 1153/2283/1244
f 1139/2227/1207 1151/2285/614 1153/2283/1244 1145/2226/1206
f 1228/1438/808 1166/941/515 903/1793/995 1051/2286/1001
f 1051/2287/1246 920/2288/1246 923/2289/1246 1165/2290/1246
f 919/1444/810 923/2291/810 920/1810/986 1167/958/527
f 877/2292/480 1169/2293/480 880/1752/480 881/1751/480
f 833/2294/922 1171/2295/1247 1170/1450/811 789/1449/631
f 834/2296/917 1172/2297/1248 1171/2295/1247 833/2294/922
f 1176/2298/1249 1174/1457/817 1173/1456/816 1175/2299/1250
f 1135/2300/1100 1176/2301/1249 1175/2302/1250 1133/2303/1199
f 1173/1456/816 1177/1463/819 1178/2304/1251 1175/2299/1250
f 1178/2305/1251 1131/2306/1197 1133/2303/1199 1175/2302/1250
f 1177/1463/819 1179/1467/821 1180/2307/1252 1178/2304/1251
f 1035/2308/1104 1131/2306/1197 1178/2305/1251 1180/2309/1252
f 1179/1467/821 1181/1471/823 1182/2310/1253 1180/2307/1252
f 1182/2311/1253 1033/2312/1102 1035/2308/1104 1180/2309/1252
f 1170/1450/811 1171/2295/1247 1182/2310/1253 1181/1471/823
f 1171/2295/1247 1172/2297/1248 1033/2313/1102 1182/2310/1253
f 1033/2314/1102 1172/2315/1248 887/2316/975
f 1028/2014/1095 1027/2013/1094 887/2316/1254 1172/2315/1248
f 856/1736/960 1101/2317/1255 876/1737/961
f 1107/2318/1256 875/1740/964 876/1737/961 1101/2317/1255
f 1106/2319/1257 874/1733/957 875/1740/964 1107/2318/1256
f 1099/1732/956 864/1731/955 874/1733/957 1106/2319/1257
f 1126/2320/1258 1129/2199/1187 1104/1730/954 869/1729/953
f 1204/2321/569 1203/2322/569 1208/2323/569 1207/2324/569 1206/2325/569 1205/2326/569
f 1183/2327/828 1187/2328/1259 1188/2329/1260 1184/2330/829
f 1195/2331/1261 1196/2332/613 1193/2333/1262
f 1188/2334/1260 731/2335/830 1184/2336/829
f 730/2337/831 1187/2338/1259 1183/2339/828
f 1194/2340/1263 1192/2341/1264 1189/2342/614
f 1185/2343/613 1190/2344/613 1196/2332/613 1195/2331/613
f 1192/2341/614 1191/2345/614 1186/2346/614 1189/2342/614
f 1194/2347/1265 1189/2348/1266 1195/2349/1261 1193/2350/1262
f 1185/2351/1267 1195/2349/1261 1189/2348/1266 1186/2352/1267
f 1196/2353/1268 1192/2354/1264 1194/2355/1263 1193/2356/1269
f 1191/2357/1270 1192/2354/1264 1196/2353/1268 1190/2358/1270
f 1202/2359/849 1201/2360/848 1207/2361/1271 1208/2362/850
f 1200/2363/846 1199/2364/845 1205/2365/1272 1206/2366/846
f 1198/2367/842 1197/2368/851 1203/2369/851 1204/2370/843
f 1197/2371/851 1202/2359/849 1208/2362/850 1203/2372/851
f 1201/2360/848 1200/2363/846 1206/2366/846 1207/2361/1271
f 1199/2364/845 1198/2367/842 1204/2370/843 1205/2365/1272
f 1209/2373/852 1201/2374/852 1202/2375/852 1210/2376/852
f 1199/2377/852 1209/2373/852 1210/2376/852 1198/2378/852
f 1201/2374/852 1209/2373/852 1200/2379/852
f 1199/2377/852 1200/2379/852 1209/2373/852
f 1202/2375/852 1197/2380/852 1210/2376/852
f 1210/2376/852 1197/2380/852 1198/2378/852
f 943/2381/857 1218/2382/857 1217/2383/613 942/2384/613
f 937/2385/858 1212/2386/858 1211/2387/614 936/2388/614
f 938/2389/859 1213/2390/859 1212/2386/858 937/2385/858
f 945/2391/488 1220/2392/488 1219/2393/860 944/2394/860
f 942/2384/613 1217/2383/613 1216/2395/853 941/2396/853
f 936/2388/614 1211/2387/614 1222/2397/854 947/2398/854
f 947/2398/854 1222/2397/854 1221/2399/855 946/2400/855
f 946/2400/855 1221/2399/855 1220/2392/488 945/2391/488
f 940/2401/856 1215/2402/856 1214/2403/482 939/2404/482
f 944/2394/860 1219/2393/860 1218/2382/857 943/2381/857
f 939/2405/482 1214/2406/482 1213/2390/859 938/2389/859
f 941/2396/853 1216/2395/853 1215/2402/856 940/2401/856
f 1222/2407/569 1211/2408/569 1212/2409/569 1213/2410/569 1214/2411/569 1215/2412/569 1216/2413/569 1217/2414/569 1218/2415/569 1219/2416/569 1220/2417/569 1221/2418/569
f 884/1754/480 879/1753/480 1168/2419/480 878/2420/480
f 878/2421/480 1168/2422/480 1169/2423/480 877/2424/480
f 880/2425/1273 1224/2426/1273 1223/2427/862 879/2428/862
f 879/2429/1274 1223/2430/1274 1225/2431/1275 1168/2432/1275
f 1168/2433/1275 1225/2434/1275 1226/2435/865 1169/2436/865
f 1169/2437/1276 1226/2438/1276 1224/2439/1273 880/2440/1273
f 1224/2441/480 1226/2442/480 1225/2443/480 1223/2444/480
f 871/1727/951 863/1735/959 865/2445/1277 868/1728/952
f 869/2446/1186 1127/2447/1185 1126/2448/1278
f 1128/2449/488 1125/2450/488 1105/2451/488 870/2452/488
f 1124/2453/488 1125/2450/488 1128/2449/488
f 1039/2454/1146 1066/2455/1145 909/2456/1279
f 909/2457/993 1066/2458/1138 1070/2459/1120 910/2460/998
f 1135/2020/1100 1030/2019/1099 1042/2031/1111 1176/2461/1249
f 1042/2031/1111 1041/2051/996 1174/1617/817 1176/2461/1249
f 1174/1617/817 1041/2051/996 1227/1618/514
f 1051/2286/1001 1165/2462/870 1164/1619/870 1228/1438/808
