# Blender 4.0.2
# www.blender.org
mtllib 无标题.mtl
o yd0hcfx_LOD0_TIER2_000
v 0.589804 0.509782 -1.027442
v 0.239885 0.497938 -1.027469
v 0.254787 0.395919 -1.027418
v 0.560255 0.442008 -1.027460
v 0.500269 0.569216 -1.027486
v 0.404607 0.569714 -1.027346
v 0.338443 0.568911 -1.027549
v 0.278310 0.571917 -1.026848
v 0.163342 0.568285 -1.027567
v 0.056446 0.570841 -1.026956
v -0.008108 0.569869 -1.026999
v 0.618602 0.566792 -1.027429
v 0.245121 0.559981 -1.026888
v 0.006201 0.554924 -1.027033
v 0.000525 0.556437 -1.026628
v 0.711199 0.566334 -1.026730
v 0.473323 0.547010 -1.027497
v 0.226934 0.551992 -1.027505
v 0.530908 0.558529 -1.026865
v 0.699860 0.557476 -1.027060
v 0.005686 0.531859 -1.027429
v 0.135266 0.517255 -1.027448
v 0.697850 0.524527 -1.027392
v 0.421211 0.481605 -1.027428
v 0.004492 0.482206 -1.027347
v 0.685353 0.464130 -1.027346
v 0.116749 0.459535 -1.027472
v 0.005198 0.429761 -1.027295
v 0.093327 0.398621 -1.027413
v 0.697318 0.424326 -1.027282
v 0.406812 0.398484 -1.027390
v 0.005847 0.397129 -1.027411
v 0.698306 0.403880 -1.027434
v 0.607258 0.397703 -1.027700
v 0.097985 0.393398 -1.025042
v 0.499989 0.393468 -1.024689
v 0.344720 0.571974 -1.025446
v 0.254568 0.572542 -1.026102
v 0.204939 0.572244 -1.026481
v 0.176177 0.572041 -1.025667
v 0.536263 0.570433 -1.026129
v 0.147197 0.571754 -1.025456
v -0.005849 0.572560 -1.024404
v 0.675418 0.567264 -1.026843
v -0.007665 0.557477 -1.025892
v 0.710731 0.558411 -1.024835
v 0.002300 0.553307 -1.024949
v 0.701656 0.553755 -1.025192
v 0.700843 0.518998 -1.025763
v 0.698753 0.493619 -1.026077
v 0.696631 0.467710 -1.025015
v 0.697470 0.444858 -1.024982
v 0.700372 0.393470 -1.025037
v 0.280338 0.393683 -1.025352
v 0.002200 0.471972 -1.023991
v 0.701078 0.425544 -1.021474
v 0.002379 0.394544 -1.025242
v 0.256509 0.574036 -1.007249
v 0.644874 0.570905 -0.988740
v 0.703849 0.556379 -1.023053
v 0.701295 0.500648 -0.994170
v 0.539282 0.393359 -0.999658
v 0.276277 0.393244 -0.997810
v 0.203394 0.572842 -1.002834
v 0.701141 0.469357 -1.000522
v 0.701187 0.393451 -0.977650
v 0.420164 0.393331 -0.991846
v 0.093193 0.393263 -0.992216
v 0.683041 0.572214 -0.993600
v 0.702482 0.472084 -1.001666
v 0.005802 0.393287 -0.949394
v 0.250604 0.572891 -1.000844
v 0.535705 0.572547 -0.989779
v 0.104279 0.572939 -0.987785
v 0.002323 0.495674 -0.925573
v 0.254273 0.573955 -0.976304
v 0.060509 0.573384 -0.965803
v 0.701451 0.468662 -0.959124
v 0.709911 0.556871 -0.837251
v 0.387187 0.574364 -0.963197
v 0.520402 0.572906 -0.983099
v 0.701368 0.475878 -0.938584
v 0.708222 0.572778 -0.972983
v 0.586233 0.572490 -0.972832
v 0.152150 0.393434 -0.971358
v 0.711434 0.559489 -0.879058
v 0.521749 0.577116 -0.976549
v 0.701098 0.499445 -0.917691
v 0.395048 0.393334 -0.966924
v 0.155027 0.574325 -0.953675
v 0.596697 0.393365 -0.943388
v 0.002289 0.395624 -0.827900
v -0.005948 0.572968 -0.894276
v 0.704161 0.556540 -0.901851
v 0.701218 0.447516 -0.897529
v 0.523439 0.574178 -0.967046
v 0.283944 0.393340 -0.945153
v 0.701551 0.395956 -0.887549
v 0.698597 0.393399 -0.891009
v 0.485091 0.574516 -0.941342
v 0.644098 0.572436 -0.947351
v 0.701479 0.554131 -0.852934
v 0.171440 0.393358 -0.870774
v 0.000464 0.556383 -0.908555
v 0.568154 0.573958 -0.942662
v 0.124491 0.574019 -0.939078
v 0.600254 0.571826 -0.939354
v 0.479914 0.393376 -0.938898
v 0.328407 0.575116 -0.939270
v 0.213195 0.574497 -0.938738
v 0.668114 0.570559 -0.944077
v 0.141779 0.574231 -0.934215
v 0.707894 0.573083 -0.927879
v 0.702574 0.473040 -0.901971
v 0.618980 0.571754 -0.919918
v -0.007984 0.557469 -0.826192
v 0.501386 0.572705 -0.934907
v 0.375274 0.573231 -0.931538
v 0.294416 0.573717 -0.918602
v 0.078094 0.573914 -0.872718
v 0.260069 0.574088 -0.897036
v 0.679985 0.572266 -0.899430
v 0.134082 0.574712 -0.898974
v 0.559461 0.393370 -0.853188
v 0.328744 0.574158 -0.917640
v 0.268993 0.574344 -0.919018
v 0.378555 0.574034 -0.880524
v 0.530897 0.572829 -0.911628
v 0.711047 0.572486 -0.888444
v 0.553795 0.573968 -0.867499
v 0.653448 0.572315 -0.901762
v 0.103417 0.575353 -0.859759
v 0.609096 0.573794 -0.886755
v 0.002360 0.513491 -0.745087
v 0.002471 0.471690 -0.764882
v 0.668903 0.573372 -0.867923
v 0.420029 0.574547 -0.866464
v 0.635812 0.574154 -0.879964
v 0.307790 0.575305 -0.836130
v 0.245644 0.574760 -0.842667
v -0.006096 0.572780 -0.725015
v 0.701731 0.475048 -0.822624
v 0.004840 0.393391 -0.822182
v 0.631629 0.573566 -0.857827
v 0.170747 0.575669 -0.827473
v 0.707035 0.572578 -0.822537
v 0.710968 0.570085 -0.813302
v 0.511984 0.574071 -0.809960
v 0.700747 0.497952 -0.782457
v 0.157193 0.393129 -0.814679
v 0.445014 0.574581 -0.807816
v 0.000576 0.556391 -0.803496
v 0.701327 0.450355 -0.785090
v 0.699456 0.393509 -0.795698
v 0.612582 0.573372 -0.798855
v 0.701573 0.405174 -0.657578
v 0.323839 0.574791 -0.797772
v 0.451406 0.393484 -0.815330
v 0.195732 0.575388 -0.782120
v 0.002204 0.396872 -0.658319
v 0.114948 0.576074 -0.783120
v 0.543658 0.392809 -0.805173
v 0.315019 0.392702 -0.808688
v 0.055612 0.573523 -0.769001
v 0.701367 0.396212 -0.756246
v 0.393683 0.392936 -0.802349
v 0.616956 0.393133 -0.788074
v 0.704012 0.556410 -0.726442
v 0.701546 0.553847 -0.655938
v 0.060256 0.393330 -0.756459
v 0.192762 0.393409 -0.778406
v 0.526942 0.393552 -0.782250
v 0.326639 0.393400 -0.779335
v 0.282792 0.574677 -0.741403
v 0.709616 0.573139 -0.746377
v 0.367157 0.393337 -0.742488
v 0.702206 0.475804 -0.753199
v 0.661275 0.574940 -0.726906
v 0.564252 0.574885 -0.744429
v 0.176995 0.574706 -0.750204
v 0.083597 0.393267 -0.771617
v 0.620266 0.393381 -0.762470
v 0.005146 0.393395 -0.660618
v 0.548088 0.393376 -0.745678
v 0.001953 0.555846 -0.731667
v 0.110988 0.575637 -0.747577
v 0.082544 0.576839 -0.722086
v 0.711963 0.558805 -0.638770
v 0.384162 0.574681 -0.737980
v 0.699140 0.393429 -0.744177
v 0.481812 0.574963 -0.732863
v 0.633118 0.393174 -0.738820
v 0.712839 0.569668 -0.640465
v 0.700644 0.487286 -0.696952
v 0.037858 0.573891 -0.709004
v 0.701404 0.454999 -0.695922
v 0.193343 0.575280 -0.725683
v 0.423090 0.393312 -0.659948
v 0.196960 0.393347 -0.659328
v -0.007452 0.557741 -0.638042
v 0.649412 0.393290 -0.728999
v 0.631124 0.393311 -0.660678
v 0.702901 0.478782 -0.693360
v 0.108508 0.393185 -0.663175
v 0.559209 0.574926 -0.705444
v 0.359487 0.574597 -0.685664
v 0.138878 0.574942 -0.682030
v 0.002015 0.555929 -0.678975
v 0.042408 0.393369 -0.660211
v 0.700707 0.393585 -0.658606
v 0.709009 0.572682 -0.638280
v 0.494384 0.574196 -0.669980
v 0.214586 0.573858 -0.668908
v -0.007572 0.572350 -0.636865
v 0.648373 0.574505 -0.666848
v 0.003352 0.471122 -0.664369
v 0.002558 0.436974 -0.655749
v 0.701329 0.517574 -0.658154
v 0.003158 0.476672 -0.662429
v 0.563331 0.572879 -0.638995
v 0.156823 0.572055 -0.640128
v 0.034327 0.573482 -0.639183
v 0.598999 0.474653 -0.672192
v 0.641295 0.471617 -0.673674
v 0.002991 0.549877 -0.653237
v 0.647796 0.475620 -0.671137
v 0.699747 0.461045 -0.656407
v 0.622993 0.473807 -0.668166
v 0.564766 0.475179 -0.671809
v 0.587560 0.472061 -0.659393
v 0.703494 0.556505 -0.653969
v 0.575372 0.478185 -0.668388
v 0.700372 0.478561 -0.655393
v 0.587186 0.476262 -0.662392
v 0.646373 0.477293 -0.652860
v 0.653535 0.471964 -0.659835
v 0.059431 0.472152 -0.664341
v 0.556898 0.472411 -0.657769
v 0.548679 0.477430 -0.659573
v 0.133604 0.474530 -0.663063
v 0.372954 0.572452 -0.636606
v 0.123157 0.476139 -0.661107
v 0.092531 0.474556 -0.662980
v 0.596778 0.470757 -0.652425
v 0.023592 0.474277 -0.658868
v 0.032948 0.470775 -0.663895
v 0.461139 0.572488 -0.637043
v 0.544592 0.478478 -0.651085
v 0.226086 0.476658 -0.659349
v 0.058637 0.475700 -0.658816
v 0.156440 0.474399 -0.660411
v 0.664688 0.472831 -0.664017
v 0.181422 0.476457 -0.659532
v 0.026680 0.470305 -0.657713
v 0.251720 0.572275 -0.643095
v 0.613072 0.477522 -0.652525
v 0.389659 0.477658 -0.654902
v 0.334714 0.478335 -0.655831
v 0.094173 0.479052 -0.654160
v 0.498660 0.476735 -0.658954
v 0.473036 0.476008 -0.657548
v 0.240636 0.477611 -0.656576
v 0.672622 0.471242 -0.655500
v 0.083547 0.471490 -0.651311
v 0.005228 0.467157 -0.652238
v 0.004264 0.411132 -0.657741
v 0.284782 0.478693 -0.656574
v 0.566032 0.390809 -0.656696
v 0.310792 0.390405 -0.656690
v 0.097418 0.387653 -0.656683
v 0.005577 0.388782 -0.656688
v 0.005248 0.505359 -0.647182
v 0.124462 0.479553 -0.648720
v 0.185723 0.479813 -0.648555
v 0.666245 0.476977 -0.652735
v 0.187246 0.473718 -0.650720
v 0.644184 0.437704 -0.656678
v 0.699730 0.407392 -0.655054
v 0.628771 0.429677 -0.656114
v 0.618931 0.422605 -0.655777
v 0.027635 0.424105 -0.655781
v 0.015822 0.413873 -0.656732
v 0.001045 0.405897 -0.655939
v 0.710437 0.402179 -0.653794
v 0.711465 0.390663 -0.655305
v -0.006801 0.404150 -0.654898
v 0.700944 0.388624 -0.656659
v 0.001338 0.389037 -0.652740
v 0.179025 0.327228 -0.656700
v 0.672705 0.338708 -0.656836
v 0.027885 0.314561 -0.656778
v 0.702295 0.311374 -0.656327
v 0.002224 0.296345 -0.655959
v 0.196451 0.303640 -0.656196
v 0.418540 0.307232 -0.656454
v 0.090296 0.298598 -0.656085
v 0.624579 0.296036 -0.656912
v 0.699854 0.309797 -0.655505
v 0.699804 0.268143 -0.656675
v 0.236116 0.292135 -0.656739
v 0.385168 0.226166 -0.656713
v 0.136841 0.267169 -0.656677
v 0.003287 0.291644 -0.655957
v 0.005711 0.222884 -0.656376
v 0.111739 0.226740 -0.656739
v 0.701649 0.226630 -0.656639
v 0.699468 0.513663 -0.656117
v 0.687846 0.524360 -0.654628
v 0.663899 0.506651 -0.652041
v 0.304164 0.478675 -0.654187
v 0.452656 0.479242 -0.650131
v 0.439427 0.476955 -0.653767
v 0.005791 0.477808 -0.649305
v 0.476121 0.472342 -0.650424
v 0.238658 0.474129 -0.650423
v 0.650027 0.469955 -0.653180
v 0.588558 0.441189 -0.655496
v 0.673133 0.420781 -0.654200
v 0.115458 0.451496 -0.653758
v 0.055522 0.426489 -0.656260
v 0.106072 0.429631 -0.655394
v 0.132364 0.426722 -0.655337
v 0.153457 0.414131 -0.655295
v 0.594414 0.420690 -0.655279
v 0.553693 0.414039 -0.655269
v 0.586707 0.413840 -0.655375
v 0.544821 0.420904 -0.654744
v 0.168066 0.414061 -0.655194
v 0.576776 0.417481 -0.654695
v 0.235377 0.449707 -0.653280
v 0.537450 0.414823 -0.652781
v 0.163326 0.408149 -0.650891
v 0.305842 0.410712 -0.652685
v -0.007246 0.390479 -0.655483
v 0.002265 0.341443 -0.655715
v 0.701505 0.320223 -0.654034
v 0.002268 0.225763 -0.654923
v 0.698533 0.222491 -0.654003
v 0.483016 0.222494 -0.654238
v 0.225246 0.222407 -0.654343
v 0.052218 0.222487 -0.654416
v 0.598327 0.572595 -0.637039
v 0.691858 0.555403 -0.653285
v 0.005262 0.539542 -0.643047
v 0.478359 0.479285 -0.649905
v 0.364704 0.479140 -0.652554
v 0.291771 0.480700 -0.648259
v 0.237064 0.480612 -0.648468
v 0.285480 0.474582 -0.650049
v 0.371605 0.474081 -0.649990
v 0.318935 0.474623 -0.649932
v 0.057705 0.477571 -0.649338
v 0.510137 0.472051 -0.650842
v 0.441431 0.447129 -0.653163
v 0.647618 0.434931 -0.651883
v 0.527395 0.413608 -0.654749
v 0.252291 0.422625 -0.653411
v 0.463102 0.411724 -0.653742
v 0.231522 0.422019 -0.654164
v 0.282228 0.424896 -0.653880
v 0.494676 0.414562 -0.653861
v 0.441174 0.418886 -0.653520
v 0.214618 0.422783 -0.653657
v 0.516653 0.417277 -0.654658
v 0.266618 0.415432 -0.654038
v 0.205375 0.419012 -0.654389
v 0.121923 0.422520 -0.651917
v 0.240605 0.414130 -0.653473
v 0.225180 0.418302 -0.650896
v 0.184696 0.416231 -0.654631
v 0.257681 0.413924 -0.650563
v 0.002573 0.293078 -0.615920
v 0.655959 0.573231 -0.638512
v 0.002203 0.556088 -0.636906
v 0.680089 0.545969 -0.649158
v 0.656500 0.537343 -0.647374
v 0.098582 0.478911 -0.648807
v 0.329122 0.442298 -0.653180
v 0.630179 0.429444 -0.649357
v 0.415285 0.421002 -0.653640
v 0.379230 0.419158 -0.652663
v 0.360689 0.419002 -0.653278
v 0.399707 0.426013 -0.653538
v 0.306573 0.426656 -0.652830
v 0.326900 0.423467 -0.653345
v 0.293210 0.412376 -0.650998
v 0.100224 0.426150 -0.642981
v 0.344485 0.415721 -0.653233
v 0.321103 0.416508 -0.650595
v 0.401121 0.418174 -0.646121
v 0.025815 0.424060 -0.648463
v 0.336542 0.422662 -0.650942
v 0.139856 0.417793 -0.651534
v 0.666270 0.422698 -0.650630
v 0.195848 0.411189 -0.648641
v 0.522798 0.412160 -0.647425
v 0.367382 0.480821 -0.648812
v 0.439817 0.473202 -0.650109
v 0.083899 0.427618 -0.644626
v 0.621580 0.421124 -0.640942
v 0.445504 0.415590 -0.648719
v 0.139949 0.409575 -0.649024
v 0.428893 0.413307 -0.646993
v 0.422973 0.417789 -0.647694
v 0.368806 0.414992 -0.643628
v 0.283154 0.416122 -0.647016
v 0.152055 0.415367 -0.645111
v 0.500458 0.412826 -0.643750
v 0.303475 0.422290 -0.648906
v 0.589327 0.410908 -0.642077
v 0.573176 0.412287 -0.646141
v 0.310894 0.416569 -0.646306
v 0.174506 0.412830 -0.648514
v 0.484184 0.410719 -0.649626
v 0.010558 0.414648 -0.638885
v 0.544379 0.408627 -0.644368
v 0.703298 0.386705 -0.598860
v 0.682136 0.555057 -0.644565
v 0.554422 0.514236 -0.647631
v 0.066784 0.421294 -0.634489
v 0.631262 0.421830 -0.643165
v 0.684333 0.416635 -0.644124
v 0.363087 0.414416 -0.633829
v 0.561141 0.412112 -0.644621
v 0.470842 0.407914 -0.647552
v -0.008025 0.404248 -0.623296
v 0.002155 0.388109 -0.588171
v 0.702788 0.280080 -0.536578
v 0.561007 0.222386 -0.579483
v 0.259044 0.222380 -0.577636
v 0.144859 0.222403 -0.605690
v 0.644757 0.542949 -0.645605
v 0.403534 0.505740 -0.646323
v 0.637590 0.428780 -0.643370
v 0.609487 0.417970 -0.647024
v 0.388373 0.416519 -0.640494
v 0.238387 0.418360 -0.644962
v 0.206927 0.415365 -0.645033
v 0.341143 0.417192 -0.643096
v 0.551322 0.408656 -0.638205
v 0.478759 0.410493 -0.643724
v 0.270456 0.409378 -0.641438
v 0.248034 0.409629 -0.644951
v 0.702269 0.312022 -0.582884
v 0.520584 0.533966 -0.643432
v 0.444629 0.518471 -0.646169
v 0.376353 0.519593 -0.644103
v 0.285066 0.508180 -0.644691
v 0.410096 0.409250 -0.636952
v 0.430940 0.413298 -0.638879
v 0.017676 0.412481 -0.636554
v 0.185375 0.410600 -0.639871
v 0.161286 0.407066 -0.627968
v 0.001042 0.407162 -0.624128
v 0.056419 0.572733 -0.635497
v 0.540472 0.559807 -0.647363
v 0.008088 0.546522 -0.639546
v 0.611958 0.557097 -0.640808
v 0.414518 0.546375 -0.640733
v 0.649799 0.429275 -0.636600
v 0.650372 0.425458 -0.627092
v 0.319313 0.420354 -0.640620
v 0.693536 0.419139 -0.637268
v 0.461421 0.413816 -0.638062
v 0.146679 0.412061 -0.635725
v 0.238467 0.411707 -0.639742
v 0.167100 0.409395 -0.631688
v 0.278203 0.539713 -0.639873
v 0.133870 0.535097 -0.640215
v 0.301264 0.413322 -0.640433
v 0.137667 0.411848 -0.640593
v 0.711904 0.403862 -0.620528
v -0.000299 0.389030 -0.626890
v 0.538588 0.566192 -0.636742
v 0.027233 0.542875 -0.639024
v 0.046122 0.417783 -0.629217
v 0.210442 0.414121 -0.633367
v 0.600598 0.410802 -0.635079
v 0.533529 0.409358 -0.636750
v 0.703938 0.314803 -0.573584
v 0.661778 0.558765 -0.639891
v 0.545989 0.557340 -0.638710
v 0.461307 0.549021 -0.639417
v 0.281288 0.550391 -0.637238
v 0.308212 0.569559 -0.634933
v 0.320964 0.415975 -0.634580
v 0.315701 0.411924 -0.632239
v 0.519035 0.405843 -0.634620
v 0.703443 0.412021 -0.623548
v 0.002317 0.335184 -0.565940
v 0.004548 0.222415 -0.582972
v 0.200390 0.567276 -0.634642
v 0.245079 0.566288 -0.635513
v 0.532292 0.556638 -0.638559
v 0.372297 0.555688 -0.637180
v 0.086013 0.422860 -0.629409
v 0.117286 0.420023 -0.634338
v 0.664542 0.428970 -0.625696
v 0.227804 0.413762 -0.637278
v 0.197425 0.414366 -0.634108
v 0.287922 0.410843 -0.631142
v 0.251721 0.412435 -0.629369
v 0.481924 0.570610 -0.636013
v 0.097384 0.424697 -0.629376
v 0.113492 0.568817 -0.635430
v 0.098731 0.554482 -0.636771
v 0.059119 0.420557 -0.626182
v 0.617529 0.410640 -0.631339
v 0.592604 0.413731 -0.628685
v 0.506258 0.410023 -0.634233
v 0.711749 0.390407 -0.522858
v 0.628145 0.417471 -0.627109
v 0.349577 0.414928 -0.623685
v 0.300801 0.413155 -0.626033
v 0.491878 0.409248 -0.626644
v 0.395675 0.416475 -0.616050
v 0.221494 0.420852 -0.628717
v 0.206498 0.415797 -0.628090
v 0.228637 0.412452 -0.622889
v 0.267509 0.412540 -0.627918
v 0.699543 0.222482 -0.566697
v 0.101673 0.425784 -0.624744
v 0.028323 0.413711 -0.625643
v 0.438924 0.409701 -0.620736
v 0.417364 0.415132 -0.618941
v 0.403843 0.410448 -0.624862
v 0.179967 0.408710 -0.630357
v 0.540581 0.406286 -0.618282
v 0.343377 0.411334 -0.623970
v 0.580470 0.409593 -0.627184
v 0.525899 0.408230 -0.625956
v 0.677046 0.427678 -0.626248
v 0.318495 0.418740 -0.623544
v 0.377281 0.411721 -0.612801
v 0.613383 0.409426 -0.625169
v 0.567528 0.412771 -0.626715
v 0.460192 0.410872 -0.622925
v 0.552452 0.406479 -0.617496
v 0.099388 0.419590 -0.614821
v 0.330329 0.416498 -0.621582
v 0.280927 0.411441 -0.612849
v 0.197496 0.413954 -0.622547
v 0.600700 0.409664 -0.627222
v 0.148929 0.410953 -0.619991
v 0.631616 0.413697 -0.616135
v 0.505091 0.410672 -0.619125
v 0.157191 0.410537 -0.622459
v 0.182006 0.415929 -0.623403
v 0.446312 0.412121 -0.614643
v 0.238301 0.410247 -0.622940
v 0.168315 0.412415 -0.621283
v 0.522977 0.406452 -0.621312
v -0.007710 0.390651 -0.594611
v 0.611077 0.418083 -0.626337
v 0.582529 0.415112 -0.621278
v 0.405451 0.415902 -0.617844
v 0.434024 0.409427 -0.613869
v 0.135313 0.413727 -0.614667
v 0.487728 0.409693 -0.612164
v 0.217703 0.410807 -0.617055
v 0.205653 0.407781 -0.620593
v 0.646773 0.422839 -0.612324
v 0.124850 0.415930 -0.615091
v 0.113190 0.417731 -0.605763
v 0.617666 0.422302 -0.610791
v 0.569353 0.406736 -0.615696
v 0.262305 0.410406 -0.616328
v 0.685151 0.427990 -0.613461
v 0.410138 0.412165 -0.618507
v 0.341636 0.414961 -0.612491
v 0.183532 0.413295 -0.614046
v 0.586705 0.409066 -0.613899
v 0.298425 0.407776 -0.614097
v 0.601524 0.406419 -0.615199
v 0.049824 0.423321 -0.613487
v 0.162945 0.413755 -0.613973
v 0.028203 0.410485 -0.596570
v 0.662531 0.428743 -0.603819
v 0.603016 0.415799 -0.611352
v 0.312046 0.414357 -0.601647
v 0.047962 0.417589 -0.604743
v 0.352484 0.416137 -0.612140
v 0.189331 0.414547 -0.612610
v 0.201834 0.408685 -0.611524
v 0.286719 0.408091 -0.606353
v 0.382645 0.222380 -0.573683
v 0.675993 0.432087 -0.606058
v 0.070703 0.418895 -0.610280
v 0.696608 0.416891 -0.608799
v 0.629683 0.412349 -0.612140
v 0.621497 0.412010 -0.610664
v 0.423665 0.411256 -0.605832
v 0.249021 0.412131 -0.607999
v 0.563113 0.413414 -0.608083
v 0.035152 0.413588 -0.605314
v 0.461141 0.414656 -0.611252
v 0.366783 0.409138 -0.611150
v 0.230948 0.408138 -0.601588
v 0.213041 0.407933 -0.607662
v 0.703505 0.407902 -0.609000
v 0.711854 0.403189 -0.593700
v 0.634190 0.420996 -0.606966
v 0.130582 0.421641 -0.607709
v 0.574396 0.411609 -0.599502
v 0.558458 0.405817 -0.610503
v 0.455808 0.410218 -0.605770
v 0.403625 0.414167 -0.601140
v 0.598978 0.408502 -0.607056
v 0.389132 0.409072 -0.602211
v 0.492928 0.410409 -0.601296
v 0.413570 0.408064 -0.608645
v 0.128113 0.415270 -0.600182
v 0.526869 0.409589 -0.602724
v 0.611008 0.410891 -0.600166
v 0.641477 0.412332 -0.601167
v 0.089369 0.417351 -0.590751
v 0.109152 0.415639 -0.598023
v 0.167012 0.414679 -0.595914
v 0.590272 0.411925 -0.603595
v 0.279311 0.408891 -0.597628
v 0.194580 0.406914 -0.600016
v 0.556649 0.407245 -0.597946
v 0.298288 0.406614 -0.597851
v 0.002257 0.305007 -0.477991
v 0.618717 0.418639 -0.597054
v 0.060762 0.417149 -0.600455
v 0.651736 0.416690 -0.601395
v 0.068535 0.414319 -0.602638
v 0.323043 0.414073 -0.595921
v 0.128620 0.410559 -0.585755
v 0.358407 0.411711 -0.600060
v 0.442050 0.410174 -0.599533
v 0.275921 0.413952 -0.591340
v 0.130725 0.409659 -0.595164
v 0.522330 0.407844 -0.596770
v 0.409143 0.408102 -0.595017
v 0.208467 0.410507 -0.594831
v 0.001317 0.297933 -0.535117
v 0.695836 0.425893 -0.594033
v 0.633580 0.411435 -0.595282
v 0.250733 0.408332 -0.594162
v 0.705753 0.416231 -0.591481
v 0.337021 0.417918 -0.595984
v 0.338762 0.413210 -0.591670
v 0.388452 0.411783 -0.595765
v 0.474996 0.409041 -0.593787
v 0.003019 0.408068 -0.586523
v 0.687459 0.431561 -0.587355
v 0.094904 0.413603 -0.589613
v 0.603513 0.415048 -0.592411
v 0.625796 0.408442 -0.594664
v 0.186531 0.407928 -0.592831
v 0.573629 0.408734 -0.588937
v 0.290297 0.412307 -0.586117
v 0.194182 0.408164 -0.588240
v 0.653580 0.426308 -0.585635
v 0.648477 0.415798 -0.589170
v 0.565138 0.409717 -0.588974
v 0.018618 0.410566 -0.591120
v 0.613616 0.408081 -0.590976
v 0.534157 0.410843 -0.590945
v 0.512339 0.412330 -0.588997
v 0.677539 0.430746 -0.581138
v 0.099059 0.418704 -0.582002
v 0.370600 0.412557 -0.586903
v 0.148066 0.410952 -0.583073
v 0.002333 0.290112 -0.530216
v 0.053884 0.412623 -0.582075
v 0.027124 0.413293 -0.581894
v 0.594090 0.410818 -0.587148
v 0.222601 0.411486 -0.591592
v 0.554382 0.409558 -0.589876
v 0.470099 0.409225 -0.585254
v 0.497787 0.409345 -0.590383
v 0.406659 0.411398 -0.582345
v -0.007924 0.404209 -0.568360
v 0.521916 0.408143 -0.585707
v 0.183570 0.411533 -0.575510
v 0.602929 0.416773 -0.585110
v 0.300979 0.413515 -0.579454
v 0.257247 0.411807 -0.572858
v 0.166186 0.412497 -0.583897
v 0.631397 0.414268 -0.586059
v 0.583438 0.416252 -0.574224
v 0.017532 0.409783 -0.579037
v 0.658764 0.419661 -0.571152
v 0.114027 0.414493 -0.580684
v 0.067107 0.416293 -0.579303
v 0.338115 0.411128 -0.579319
v 0.638103 0.410458 -0.580148
v 0.215847 0.407187 -0.580618
v 0.615346 0.414695 -0.585929
v 0.482328 0.411140 -0.584719
v 0.491063 0.408299 -0.574928
v 0.619911 0.407511 -0.582858
v 0.227965 0.407529 -0.576821
v 0.195700 0.412428 -0.565118
v 0.532812 0.407782 -0.577755
v 0.234914 0.409302 -0.572767
v 0.592453 0.416469 -0.572970
v 0.136626 0.411881 -0.577683
v 0.358981 0.413078 -0.571398
v 0.554252 0.405342 -0.575854
v 0.646839 0.418353 -0.567903
v 0.603424 0.412163 -0.574683
v 0.124713 0.414741 -0.575400
v 0.547656 0.408593 -0.572924
v 0.697611 0.416802 -0.569762
v 0.703621 0.408291 -0.570567
v 0.077615 0.418571 -0.569979
v 0.113189 0.407135 -0.573563
v 0.098390 0.413968 -0.573906
v 0.269912 0.413094 -0.564194
v 0.565018 0.410801 -0.567060
v 0.670141 0.420311 -0.562351
v 0.390254 0.411706 -0.562446
v 0.608588 0.407625 -0.572851
v 0.451580 0.410002 -0.558568
v 0.711725 0.404261 -0.571034
v 0.480232 0.408209 -0.567054
v 0.328431 0.412364 -0.562480
v 0.156148 0.413310 -0.563759
v 0.048759 0.413748 -0.558879
v 0.409439 0.409629 -0.564914
v 0.008430 0.409214 -0.560793
v 0.456748 0.222411 -0.447308
v 0.573875 0.412167 -0.560904
v 0.132018 0.410134 -0.568098
v 0.438095 0.411855 -0.560224
v 0.678667 0.429618 -0.565250
v 0.689252 0.423985 -0.564482
v 0.118688 0.414135 -0.565662
v 0.616261 0.414930 -0.564855
v 0.630536 0.409649 -0.563918
v 0.102808 0.408234 -0.566374
v 0.232140 0.409113 -0.550312
v 0.713112 0.402711 -0.552823
v 0.706045 0.385567 -0.509576
v 0.291184 0.412889 -0.553209
v 0.112716 0.409777 -0.563046
v 0.614459 0.408834 -0.553228
v 0.661389 0.421001 -0.555700
v 0.076872 0.413697 -0.547665
v 0.161545 0.408868 -0.550349
v 0.032305 0.411304 -0.540686
v 0.358402 0.411049 -0.548067
v 0.696492 0.415330 -0.547957
v 0.095351 0.413013 -0.558346
v 0.535154 0.408337 -0.553969
v 0.500773 0.408020 -0.545159
v 0.000538 0.388762 -0.544453
v 0.041253 0.413650 -0.537409
v 0.199401 0.410029 -0.556341
v 0.147365 0.410125 -0.553013
v 0.204933 0.408856 -0.546747
v 0.259192 0.413292 -0.542614
v 0.632755 0.416078 -0.553342
v 0.608103 0.412449 -0.555408
v 0.602680 0.416626 -0.554444
v 0.581252 0.413753 -0.553508
v 0.243677 0.408433 -0.553858
v 0.701658 0.224860 -0.461166
v 0.054158 0.411073 -0.536999
v 0.421859 0.409483 -0.540875
v 0.186764 0.412461 -0.543168
v 0.488641 0.410955 -0.535024
v -0.007611 0.391743 -0.527169
v 0.684114 0.421988 -0.549780
v 0.383788 0.409224 -0.539105
v 0.327766 0.409693 -0.548229
v 0.220468 0.412202 -0.543886
v 0.109899 0.406867 -0.546024
v 0.671628 0.415984 -0.548257
v 0.101366 0.411934 -0.542503
v 0.349431 0.412072 -0.551962
v 0.592921 0.411930 -0.546281
v 0.617961 0.416376 -0.546561
v 0.201169 0.415905 -0.547441
v 0.241720 0.412620 -0.543835
v 0.121806 0.411305 -0.544476
v 0.565055 0.409193 -0.542155
v 0.308472 0.411098 -0.535309
v 0.660085 0.415055 -0.539441
v 0.022552 0.411530 -0.533941
v 0.138088 0.222408 -0.483524
v 0.147519 0.410899 -0.531391
v 0.005110 0.407739 -0.535190
v 0.633788 0.415985 -0.543194
v 0.072491 0.416180 -0.539676
v 0.463919 0.408272 -0.528400
v 0.644019 0.421232 -0.537010
v -0.007817 0.403383 -0.511049
v 0.080377 0.413064 -0.529237
v 0.408861 0.409598 -0.529042
v 0.169150 0.410530 -0.531580
v 0.288522 0.222420 -0.448629
v 0.672610 0.412915 -0.539961
v 0.614512 0.417116 -0.534184
v 0.118429 0.415228 -0.535676
v 0.553659 0.408573 -0.517555
v 0.622663 0.413363 -0.532361
v 0.267388 0.413462 -0.526302
v 0.496683 0.412753 -0.534475
v 0.521564 0.409843 -0.525568
v 0.686034 0.419091 -0.534995
v 0.235603 0.412195 -0.522977
v 0.106407 0.410584 -0.527517
v 0.699428 0.410357 -0.532446
v 0.002092 0.386661 -0.527104
v 0.644832 0.409480 -0.524838
v 0.595973 0.410109 -0.530290
v 0.654875 0.411254 -0.533657
v 0.583582 0.411780 -0.530692
v 0.648002 0.410525 -0.529701
v 0.127895 0.413038 -0.529305
v 0.712091 0.404086 -0.515300
v 0.034799 0.409488 -0.531073
v 0.053627 0.411393 -0.524261
v 0.675618 0.419623 -0.531287
v 0.632014 0.413226 -0.524045
v 0.662690 0.417439 -0.527204
v 0.543850 0.407406 -0.518144
v 0.004234 0.296330 -0.446957
v 0.331169 0.410491 -0.515035
v 0.194199 0.411604 -0.514985
v 0.702610 0.413317 -0.523519
v 0.454567 0.409355 -0.516164
v 0.004082 0.407625 -0.522692
v 0.619645 0.415721 -0.521403
v 0.037809 0.414963 -0.523788
v 0.494985 0.410965 -0.523837
v 0.687105 0.425580 -0.523924
v 0.670021 0.412082 -0.525846
v 0.655451 0.411215 -0.520620
v 0.508916 0.410109 -0.509736
v 0.705953 0.333671 -0.439335
v 0.002426 0.224558 -0.408697
v 0.592877 0.222393 -0.422485
v 0.601635 0.412066 -0.517550
v 0.283237 0.413042 -0.508825
v 0.584165 0.407979 -0.510143
v 0.291671 0.410513 -0.517356
v 0.155425 0.412204 -0.512098
v 0.139693 0.411295 -0.514589
v 0.364083 0.409080 -0.505767
v 0.669141 0.414619 -0.517102
v 0.100202 0.412835 -0.513873
v 0.391765 0.408564 -0.504304
v 0.017311 0.407448 -0.509972
v 0.002148 0.377032 -0.499177
v 0.647582 0.414647 -0.519492
v 0.252741 0.413044 -0.510183
v 0.024461 0.411667 -0.507426
v 0.698607 0.416668 -0.512092
v 0.637033 0.409605 -0.516420
v 0.064833 0.412621 -0.509380
v 0.424008 0.408272 -0.500204
v 0.006172 0.222382 -0.403811
v 0.641251 0.411673 -0.509565
v 0.623884 0.403393 -0.514333
v 0.682232 0.426324 -0.514138
v 0.048237 0.413685 -0.504203
v 0.133316 0.414254 -0.509708
v 0.705551 0.405659 -0.511411
v 0.000009 0.387130 -0.501843
v 0.671196 0.423090 -0.511473
v 0.604407 0.410253 -0.511253
v 0.215376 0.412363 -0.495044
v 0.166585 0.410373 -0.491498
v 0.004560 0.409017 -0.506894
v 0.705306 0.315209 -0.467445
v 0.618650 0.411977 -0.507485
v 0.110945 0.413636 -0.502949
v 0.538625 0.409888 -0.507581
v 0.002365 0.342108 -0.284563
v 0.663653 0.415859 -0.501587
v 0.083329 0.412362 -0.496250
v 0.548123 0.414227 -0.510278
v 0.529649 0.407973 -0.492968
v 0.455944 0.407957 -0.502178
v 0.652231 0.412605 -0.505389
v 0.476484 0.408435 -0.500677
v 0.549803 0.406186 -0.503708
v 0.064401 0.414646 -0.505900
v 0.704596 0.409946 -0.491811
v 0.640731 0.415210 -0.500696
v 0.138190 0.410886 -0.498923
v 0.306378 0.410916 -0.487022
v 0.295330 0.410162 -0.501604
v 0.325153 0.409811 -0.495513
v 0.099879 0.412331 -0.497940
v 0.698604 0.222448 -0.284994
v 0.686438 0.424133 -0.498768
v 0.649507 0.405134 -0.494519
v 0.254705 0.413216 -0.486784
v 0.703593 0.265361 -0.400025
v 0.347984 0.408550 -0.473985
v 0.677736 0.425021 -0.492959
v 0.281304 0.411678 -0.482715
v 0.005969 0.409075 -0.491769
v 0.452840 0.409369 -0.479511
v -0.008149 0.390741 -0.488701
v 0.636865 0.415244 -0.491095
v 0.220142 0.411614 -0.475304
v 0.499260 0.408058 -0.481027
v 0.017472 0.407021 -0.496315
v 0.546703 0.407201 -0.486059
v 0.636771 0.405871 -0.483596
v 0.109609 0.412871 -0.481119
v 0.396319 0.408708 -0.488975
v 0.065516 0.413980 -0.487903
v 0.146171 0.413158 -0.486898
v 0.021782 0.409604 -0.491684
v 0.669014 0.422301 -0.484024
v 0.042506 0.412890 -0.479544
v 0.689444 0.424608 -0.486368
v 0.622219 0.409962 -0.487222
v 0.649807 0.404355 -0.483569
v 0.606317 0.406907 -0.471937
v 0.575661 0.405901 -0.475273
v 0.004490 0.406567 -0.476760
v 0.661714 0.416238 -0.474421
v 0.093935 0.413764 -0.472260
v 0.073963 0.413618 -0.475766
v 0.028060 0.412266 -0.484258
v 0.466688 0.407381 -0.483380
v 0.712010 0.403151 -0.473958
v 0.165399 0.413408 -0.473944
v 0.412773 0.408614 -0.474532
v 0.018920 0.403592 -0.485731
v -0.007630 0.390501 -0.449736
v 0.705150 0.305685 -0.411753
v 0.322285 0.410584 -0.465982
v 0.633139 0.412865 -0.472246
v 0.057489 0.412653 -0.464612
v 0.237163 0.413220 -0.467155
v 0.001951 0.388142 -0.469521
v 0.140270 0.412363 -0.474488
v 0.181375 0.412012 -0.467560
v 0.147273 0.411162 -0.476749
v 0.528863 0.407248 -0.448717
v 0.108423 0.412540 -0.466635
v 0.678736 0.416096 -0.465216
v 0.693651 0.416670 -0.470716
v 0.021827 0.408777 -0.471181
v 0.514947 0.406523 -0.466575
v 0.490417 0.407349 -0.450278
v 0.654445 0.415981 -0.473888
v 0.296833 0.411593 -0.460217
v 0.439260 0.409172 -0.460278
v 0.648382 0.408413 -0.470144
v 0.551813 0.405939 -0.454877
v 0.123815 0.413119 -0.458754
v 0.670229 0.419596 -0.462715
v 0.652149 0.413166 -0.461293
v 0.079482 0.412191 -0.461741
v 0.039809 0.411228 -0.456985
v 0.710190 0.408813 -0.461195
v -0.007651 0.405048 -0.443638
v 0.662573 0.416360 -0.457482
v 0.136379 0.415140 -0.452249
v 0.632229 0.409643 -0.458937
v 0.461175 0.407210 -0.453510
v 0.119954 0.222350 -0.423329
v 0.698027 0.418136 -0.450877
v 0.275307 0.413470 -0.455037
v 0.208710 0.412647 -0.446520
v 0.097852 0.413689 -0.448482
v 0.378975 0.408591 -0.432392
v 0.003176 0.406786 -0.447239
v 0.000836 0.298256 -0.383541
v 0.244122 0.413381 -0.443940
v 0.179423 0.412396 -0.449957
v 0.156232 0.414066 -0.453355
v 0.405755 0.409469 -0.444146
v 0.021385 0.408656 -0.455738
v 0.579712 0.405358 -0.443301
v 0.671049 0.413895 -0.454869
v 0.054594 0.415187 -0.450913
v 0.010750 0.409906 -0.447780
v 0.654570 0.411901 -0.441742
v 0.685182 0.415934 -0.446860
v 0.316911 0.412604 -0.440409
v 0.614053 0.405479 -0.439092
v 0.712347 0.405947 -0.440203
v 0.129249 0.413234 -0.446440
v 0.427148 0.410565 -0.440961
v 0.712021 0.391861 -0.412361
v 0.456805 0.408784 -0.429857
v 0.002368 0.246407 -0.283138
v 0.028409 0.412171 -0.445757
v 0.664298 0.409641 -0.445233
v 0.335898 0.408941 -0.427982
v 0.675842 0.418709 -0.445760
v 0.171079 0.413420 -0.444896
v 0.634710 0.409307 -0.438435
v 0.547183 0.406605 -0.429378
v 0.002139 0.388093 -0.435694
v 0.058927 0.415139 -0.434209
v 0.352266 0.408869 -0.427796
v 0.019236 0.407726 -0.440715
v 0.048608 0.411210 -0.424425
v 0.170500 0.413778 -0.431284
v 0.691052 0.413863 -0.433585
v 0.286332 0.411224 -0.428062
v 0.640809 0.408330 -0.428581
v -0.007987 0.389731 -0.425448
v 0.664539 0.407017 -0.431160
v 0.653277 0.404718 -0.428205
v 0.140910 0.412291 -0.427427
v 0.600539 0.405232 -0.413766
v 0.028954 0.412952 -0.431531
v -0.007803 0.404682 -0.418061
v 0.709500 0.387924 -0.403603
v 0.206476 0.413624 -0.419181
v 0.108833 0.413323 -0.407766
v 0.683673 0.411477 -0.427195
v 0.265825 0.412881 -0.414197
v 0.118931 0.413536 -0.416749
v 0.524354 0.407715 -0.390956
v 0.710982 0.405420 -0.422151
v 0.014273 0.409443 -0.422568
v 0.005370 0.405972 -0.422418
v 0.500867 0.407256 -0.412914
v 0.311097 0.410939 -0.414999
v 0.172904 0.412963 -0.417587
v 0.087970 0.414745 -0.413670
v 0.485739 0.407188 -0.404856
v 0.698526 0.406151 -0.421254
v 0.557176 0.405951 -0.400106
v 0.055806 0.417737 -0.422055
v -0.000120 0.389464 -0.401170
v 0.001987 0.386934 -0.403871
v 0.149876 0.413159 -0.412805
v 0.024656 0.412292 -0.406076
v 0.690849 0.402074 -0.411902
v 0.579501 0.405161 -0.398791
v 0.418737 0.409450 -0.397625
v 0.342360 0.410290 -0.412666
v 0.676307 0.404931 -0.418250
v 0.701658 0.226740 -0.357052
v 0.172076 0.412296 -0.400072
v 0.076367 0.413341 -0.411510
v 0.016041 0.407336 -0.411494
v 0.638998 0.404704 -0.410329
v 0.661024 0.405452 -0.414217
v 0.236903 0.413269 -0.403558
v 0.329585 0.407913 -0.409046
v 0.676953 0.400585 -0.405680
v 0.397777 0.408834 -0.395704
v 0.374193 0.408596 -0.395536
v 0.703076 0.409204 -0.411311
v 0.061986 0.412943 -0.409952
v 0.091853 0.413368 -0.403701
v 0.042981 0.414480 -0.403099
v 0.668620 0.408070 -0.410798
v 0.458763 0.409974 -0.388759
v 0.660586 0.401794 -0.407879
v 0.203089 0.414400 -0.393840
v 0.346220 0.409356 -0.381368
v 0.002922 0.407760 -0.401142
v 0.709030 0.406716 -0.405281
v 0.707684 0.316791 -0.361046
v 0.139501 0.411799 -0.399183
v 0.008677 0.403921 -0.407696
v 0.154927 0.413813 -0.393833
v 0.291804 0.410530 -0.399096
v -0.007682 0.390536 -0.372890
v 0.708224 0.353436 -0.373477
v 0.260719 0.222428 -0.336626
v 0.150417 0.418782 -0.405739
v 0.673718 0.404076 -0.399122
v 0.093533 0.414148 -0.383728
v 0.034299 0.412067 -0.393478
v 0.327625 0.409761 -0.395242
v 0.534420 0.405937 -0.379756
v 0.533491 0.408730 -0.394196
v 0.002357 0.292923 -0.283552
v 0.070469 0.417590 -0.398436
v 0.054949 0.413756 -0.395609
v 0.678279 0.403819 -0.388090
v 0.263631 0.413616 -0.383361
v 0.018352 0.408520 -0.395415
v 0.494065 0.406972 -0.373379
v 0.702544 0.408078 -0.392920
v 0.006138 0.405646 -0.387010
v 0.640145 0.403910 -0.373753
v 0.029055 0.417701 -0.396593
v 0.075135 0.412377 -0.388807
v 0.711049 0.405352 -0.384692
v -0.007835 0.403889 -0.367002
v 0.136922 0.412342 -0.383862
v 0.105529 0.413685 -0.361178
v 0.700507 0.404362 -0.385297
v 0.002330 0.385616 -0.376678
v 0.228425 0.413649 -0.382366
v 0.123217 0.412391 -0.375917
v 0.297204 0.411687 -0.377377
v 0.022135 0.414029 -0.381697
v 0.442425 0.409138 -0.378875
v 0.544946 0.407844 -0.377876
v 0.174138 0.413873 -0.375295
v 0.265795 0.411965 -0.367897
v 0.164623 0.412105 -0.377912
v 0.709881 0.389723 -0.362799
v 0.036119 0.412907 -0.377390
v 0.046372 0.412285 -0.378110
v 0.400893 0.408932 -0.366148
v 0.083165 0.414934 -0.375846
v 0.086765 0.413404 -0.367122
v 0.690579 0.406972 -0.375445
v 0.003052 0.222577 -0.285014
v 0.418130 0.410818 -0.364036
v 0.523086 0.407280 -0.374627
v 0.701988 0.399820 -0.368339
v 0.002395 0.297551 -0.285247
v 0.248767 0.412678 -0.351184
v 0.677399 0.403748 -0.358607
v 0.214917 0.413422 -0.367404
v 0.038266 0.413797 -0.356836
v 0.289150 0.410122 -0.334632
v 0.457729 0.409163 -0.358822
v 0.563063 0.406441 -0.353184
v 0.160809 0.411833 -0.360503
v 0.322405 0.410031 -0.346636
v 0.494252 0.222375 -0.289241
v 0.002324 0.405783 -0.363477
v 0.701237 0.404621 -0.362607
v 0.263216 0.412527 -0.348146
v 0.197769 0.413418 -0.346773
v 0.146392 0.412309 -0.351851
v 0.523841 0.407993 -0.359963
v 0.019970 0.413131 -0.349978
v 0.001712 0.388748 -0.339227
v 0.708590 0.382192 -0.344337
v 0.081466 0.411664 -0.349569
v -0.008158 0.407977 -0.355521
v 0.068554 0.413761 -0.348436
v 0.608519 0.406103 -0.342714
v 0.122307 0.412017 -0.349145
v 0.226487 0.413725 -0.345183
v 0.482713 0.409258 -0.340795
v 0.706684 0.399120 -0.358080
v 0.519077 0.407159 -0.336197
v 0.708212 0.333234 -0.315856
v 0.055919 0.410688 -0.335598
v -0.007804 0.404776 -0.344870
v 0.405328 0.408992 -0.334218
v 0.041579 0.413953 -0.343967
v 0.373457 0.409700 -0.320752
v 0.002904 0.406117 -0.345435
v 0.702394 0.404539 -0.344128
v 0.152971 0.411412 -0.319388
v 0.441302 0.411195 -0.338863
v 0.456561 0.408891 -0.338206
v 0.666939 0.404990 -0.333553
v -0.007510 0.389815 -0.309038
v 0.090053 0.412749 -0.332951
v 0.213539 0.411931 -0.329744
v 0.164891 0.412705 -0.327632
v 0.704804 0.403318 -0.330038
v 0.705779 0.393260 -0.333869
v 0.710858 0.382612 -0.330494
v 0.042460 0.410622 -0.333391
v 0.424900 0.409846 -0.323670
v 0.626514 0.404941 -0.330041
v -0.000651 0.388532 -0.325303
v 0.185933 0.411078 -0.316031
v 0.247858 0.411820 -0.321618
v 0.122927 0.411306 -0.319812
v 0.019711 0.416302 -0.332004
v 0.030392 0.416433 -0.326640
v 0.402485 0.410407 -0.309294
v 0.593046 0.406222 -0.315933
v 0.706456 0.286971 -0.263378
v 0.047000 0.413211 -0.323344
v 0.006567 0.407158 -0.315283
v 0.443112 0.410714 -0.294530
v 0.667811 0.407446 -0.323491
v 0.470718 0.408823 -0.308897
v 0.096351 0.222231 -0.285211
v 0.030696 0.415388 -0.316823
v 0.058139 0.410052 -0.308422
v 0.336796 0.222163 -0.287628
v 0.090055 0.414241 -0.318019
v -0.007605 0.403950 -0.301024
v 0.709689 0.365558 -0.302431
v 0.091947 0.411440 -0.311445
v 0.674035 0.403935 -0.315583
v 0.331136 0.411541 -0.293001
v 0.043758 0.410494 -0.316006
v 0.709731 0.382862 -0.302120
v 0.210970 0.411566 -0.300718
v 0.584863 0.222260 -0.294025
v 0.713399 0.403097 -0.292598
v 0.028019 0.407215 -0.312714
v 0.501691 0.409091 -0.290163
v 0.127232 0.410718 -0.293264
v 0.002184 0.388315 -0.301382
v 0.638236 0.407676 -0.266827
v 0.231548 0.222430 -0.295225
v 0.039895 0.415281 -0.301610
v 0.028156 0.417944 -0.304624
v 0.711618 0.345863 -0.254661
v 0.021188 0.411856 -0.300823
v 0.002169 0.380600 -0.282623
v 0.048676 0.412583 -0.298736
v 0.578286 0.408390 -0.266183
v 0.077224 0.410388 -0.295250
v 0.710280 0.406567 -0.266325
v 0.192064 0.221866 -0.290414
v 0.065770 0.409509 -0.291939
v 0.239333 0.411247 -0.262493
v 0.015181 0.411991 -0.292458
v 0.708941 0.315524 -0.259127
v 0.703937 0.253794 -0.262085
v 0.001240 0.388728 -0.283018
v 0.392939 0.221506 -0.287377
v 0.030363 0.411584 -0.292679
v 0.701670 0.225322 -0.282771
v 0.098594 0.410939 -0.279888
v 0.078412 0.410197 -0.271430
v -0.007413 0.403311 -0.265014
v 0.448222 0.219638 -0.282978
v 0.385338 0.410732 -0.256618
v -0.007368 0.390135 -0.266050
v 0.597301 0.219470 -0.285339
v 0.252201 0.218531 -0.283813
v 0.170803 0.218967 -0.285064
v 0.713615 0.388520 -0.264118
v 0.702902 0.237907 -0.281853
v 0.025993 0.411093 -0.281128
v 0.040915 0.407941 -0.273475
v 0.038699 0.273009 -0.281958
v 0.001869 0.237233 -0.282257
v 0.507107 0.214845 -0.281723
v 0.151165 0.410270 -0.266804
v 0.051864 0.365763 -0.283171
v 0.305683 0.214640 -0.281698
v 0.123497 0.380419 -0.279910
v 0.028296 0.372478 -0.282821
v 0.075541 0.312162 -0.282725
v 0.000266 0.220379 -0.279889
v 0.698904 0.219078 -0.281448
v 0.005219 0.218547 -0.281488
v 0.602441 0.213455 -0.281679
v 0.162855 0.214583 -0.281578
v 0.310820 0.158033 -0.281939
v 0.713439 0.402230 -0.264335
v 0.108538 0.384382 -0.279176
v 0.021896 0.382124 -0.280214
v 0.049056 0.385149 -0.279406
v 0.069129 0.382780 -0.280674
v 0.078123 0.371575 -0.281558
v 0.096239 0.371099 -0.278943
v 0.081615 0.351745 -0.282199
v 0.096323 0.355378 -0.282020
v 0.119292 0.369410 -0.281064
v 0.078829 0.307620 -0.282333
v 0.084415 0.348430 -0.281058
v 0.075242 0.305474 -0.280939
v 0.067969 0.268555 -0.280243
v 0.028256 0.247962 -0.281360
v 0.015263 0.245472 -0.281343
v 0.327587 0.189366 -0.281437
v 0.515176 0.179342 -0.281316
v 0.698491 0.183592 -0.281606
v 0.699285 0.151292 -0.281533
v 0.145146 0.149833 -0.281698
v 0.586298 0.152118 -0.282203
v 0.403896 0.165426 -0.281331
v 0.367151 0.154417 -0.281956
v 0.422988 0.155746 -0.282206
v 0.252886 0.145295 -0.281655
v 0.321305 0.138168 -0.281432
v 0.470406 0.121351 -0.281418
v 0.595769 0.131627 -0.281283
v 0.347857 0.074297 -0.281485
v 0.005430 0.110395 -0.281445
v 0.615479 0.113528 -0.281544
v 0.085667 0.120228 -0.281599
v 0.698131 0.074381 -0.281497
v 0.102615 0.074808 -0.281545
v 0.624799 0.089729 -0.281593
v 0.002317 0.073512 -0.281277
v 0.603948 0.065881 -0.281544
v 0.250078 0.065634 -0.281634
v 0.004942 0.065686 -0.281498
v 0.698219 0.065765 -0.281373
v 0.536436 0.044301 -0.281703
v 0.392254 0.035384 -0.281639
v 0.699168 0.032665 -0.281668
v 0.365043 0.002774 -0.281408
v 0.569316 0.002819 -0.281338
v 0.004717 0.002672 -0.281498
v 0.144154 0.378861 -0.280233
v 0.040706 0.383399 -0.274822
v 0.184486 0.351359 -0.279797
v 0.094964 0.359289 -0.278136
v 0.221514 0.319221 -0.277566
v 0.223037 0.317806 -0.275971
v 0.049338 0.245569 -0.280013
v 0.711921 0.234702 -0.279725
v -0.007903 0.235333 -0.278575
v -0.007289 0.221288 -0.280213
v 0.710698 0.221379 -0.279789
v 0.701575 0.219173 -0.277757
v 0.002871 0.118046 -0.278159
v 0.701319 0.069753 -0.279376
v 0.005494 0.069447 -0.279513
v 0.698308 0.000196 -0.281155
v 0.497547 0.000010 -0.278504
v 0.213919 0.000075 -0.278943
v 0.164808 0.389499 -0.277619
v 0.139356 0.388485 -0.275470
v 0.124124 0.385498 -0.277807
v 0.213375 0.389195 -0.277439
v 0.072935 0.240827 -0.278899
v 0.060804 0.239319 -0.273509
v 0.023387 0.244226 -0.275748
v 0.053045 0.243426 -0.275054
v 0.007593 0.239411 -0.264863
v 0.079987 0.234750 -0.277526
v 0.002291 0.217819 -0.278197
v 0.002194 0.063745 -0.277956
v 0.002608 0.000172 -0.278439
v 0.476189 0.409723 -0.263685
v 0.234741 0.392442 -0.275489
v 0.205323 0.391832 -0.267716
v 0.250868 0.389818 -0.276774
v 0.022434 0.385354 -0.267499
v 0.087243 0.382327 -0.271457
v 0.315405 0.358843 -0.275855
v 0.152981 0.262580 -0.276218
v 0.129461 0.251492 -0.277236
v 0.086202 0.243368 -0.278376
v 0.033673 0.246449 -0.273256
v 0.071458 0.239887 -0.274724
v 0.701488 0.003069 -0.276882
v 0.341466 0.410602 -0.262740
v 0.020517 0.409747 -0.271393
v 0.284359 0.382417 -0.276110
v 0.222907 0.393474 -0.271325
v 0.003113 0.385172 -0.267230
v 0.179568 0.265323 -0.275326
v 0.163544 0.258719 -0.275189
v 0.144530 0.254671 -0.276374
v 0.105804 0.244347 -0.275045
v 0.703032 0.239597 -0.257344
v 0.114901 0.408557 -0.263863
v 0.280999 0.392217 -0.273805
v 0.050167 0.387920 -0.265995
v 0.341868 0.386338 -0.273428
v 0.105847 0.386063 -0.267052
v 0.085669 0.387192 -0.264185
v 0.433415 0.352019 -0.271073
v 0.363159 0.320158 -0.271505
v 0.213274 0.265631 -0.274313
v 0.191489 0.262776 -0.272635
v 0.113233 0.249956 -0.269215
v 0.094898 0.241972 -0.271283
v -0.008173 0.222505 -0.183787
v 0.343264 -0.000014 -0.210480
v 0.006226 -0.000055 -0.177835
v 0.330604 0.392158 -0.270691
v 0.384599 0.322677 -0.272237
v 0.317400 0.273362 -0.270887
v 0.278600 0.274594 -0.272164
v 0.239113 0.270360 -0.273622
v 0.137175 0.254363 -0.269864
v 0.141188 0.247558 -0.269529
v 0.131635 0.252627 -0.266254
v 0.032281 0.241427 -0.267305
v 0.082934 0.233757 -0.267766
v 0.002286 0.138480 -0.164989
v 0.701533 0.077661 -0.222012
v 0.119014 -0.000015 -0.203010
v 0.354128 0.391421 -0.267962
v 0.395424 0.388294 -0.271507
v 0.125005 0.385045 -0.268532
v 0.282912 0.269116 -0.271758
v 0.265320 0.271085 -0.272432
v 0.179379 0.268791 -0.265106
v 0.177945 0.258355 -0.265828
v 0.122045 0.243550 -0.270766
v 0.703748 0.220029 -0.251789
v 0.091625 0.406489 -0.263620
v 0.190019 0.392494 -0.261310
v 0.425847 0.390977 -0.268883
v 0.492716 0.386847 -0.268148
v 0.443998 0.320925 -0.269626
v 0.363849 0.299055 -0.270270
v 0.329999 0.271231 -0.270511
v 0.252323 0.263953 -0.266466
v 0.230666 0.263955 -0.266095
v 0.161282 0.253345 -0.265057
v 0.151684 0.250027 -0.268942
v 0.712025 0.222996 -0.168280
v 0.072818 0.403151 -0.263128
v 0.027932 0.401074 -0.265858
v 0.286619 0.391740 -0.258473
v 0.251089 0.392617 -0.259450
v 0.438632 0.280378 -0.267794
v 0.402158 0.282412 -0.268987
v 0.370273 0.272098 -0.269399
v 0.383933 0.273943 -0.268943
v 0.400152 0.277119 -0.266414
v 0.273331 0.262299 -0.259089
v 0.317240 0.265011 -0.263478
v 0.203440 0.260417 -0.262489
v 0.074011 0.233342 -0.263255
v 0.323669 0.391419 -0.256698
v 0.562302 0.372911 -0.265229
v 0.556055 0.342852 -0.265237
v 0.504370 0.322458 -0.267252
v 0.507321 0.277553 -0.266314
v 0.473114 0.277328 -0.267173
v 0.430174 0.277098 -0.267972
v 0.417107 0.275453 -0.267772
v 0.705439 0.269182 -0.260963
v 0.190119 0.255375 -0.260629
v 0.154174 0.243198 -0.260975
v 0.045843 0.240636 -0.256620
v 0.064259 0.240509 -0.259691
v 0.539779 0.407985 -0.261528
v 0.649953 0.402350 -0.265413
v 0.415609 0.391445 -0.261288
v 0.382492 0.391191 -0.259835
v 0.124856 0.390608 -0.262475
v 0.474134 0.392193 -0.263222
v 0.570198 0.320103 -0.264304
v 0.571530 0.318121 -0.265493
v 0.496711 0.272624 -0.263673
v 0.346440 0.264860 -0.252079
v 0.122809 0.242479 -0.260947
v 0.105514 0.242579 -0.259513
v 0.036371 0.242662 -0.258445
v 0.310319 0.411145 -0.259384
v 0.654581 0.401347 -0.264849
v 0.647891 0.389580 -0.265176
v 0.567250 0.390499 -0.264148
v 0.712728 0.387256 -0.255657
v 0.623790 0.369824 -0.262013
v 0.589880 0.295815 -0.264400
v 0.583499 0.287046 -0.264011
v 0.531786 0.273894 -0.265297
v 0.556281 0.271258 -0.264359
v 0.453859 0.271690 -0.254834
v 0.416929 0.268482 -0.257563
v 0.394361 0.272470 -0.252747
v 0.155753 0.406961 -0.262354
v 0.100734 0.400589 -0.259060
v 0.622038 0.317354 -0.263530
v 0.602175 0.287298 -0.263719
v 0.656075 0.286593 -0.262313
v 0.607731 0.276363 -0.262559
v 0.595717 0.275099 -0.262435
v 0.576536 0.269010 -0.263602
v 0.582937 0.268264 -0.259851
v 0.569753 0.266804 -0.261420
v 0.286174 0.262534 -0.256176
v 0.006122 0.246925 -0.254686
v 0.087603 0.237784 -0.255628
v 0.711775 0.235682 -0.243267
v 0.475354 0.405289 -0.261239
v 0.350690 0.391630 -0.257024
v 0.654163 0.357838 -0.259447
v 0.707683 0.317899 -0.254946
v 0.599552 0.300396 -0.259630
v 0.678873 0.288333 -0.261003
v 0.635487 0.277870 -0.260348
v 0.624608 0.280121 -0.262175
v 0.519604 0.271725 -0.250720
v 0.601583 0.272291 -0.257470
v 0.371682 0.264446 -0.253979
v 0.225372 0.264616 -0.258977
v 0.240054 0.262049 -0.259508
v 0.285955 0.407900 -0.258003
v 0.412328 0.403803 -0.257565
v 0.651894 0.400335 -0.259193
v 0.659790 0.282504 -0.258475
v 0.467718 0.273801 -0.253070
v 0.486010 0.269141 -0.255292
v 0.575975 0.275356 -0.256843
v 0.410066 0.262005 -0.239073
v 0.231695 0.259244 -0.250224
v 0.174200 0.251691 -0.248230
v 0.105351 0.238569 -0.253604
v 0.001938 0.244377 -0.249595
v 0.695276 0.296287 -0.260153
v 0.704555 0.295972 -0.257856
v 0.656863 0.286965 -0.252576
v 0.605288 0.280183 -0.255727
v 0.198612 0.252201 -0.243476
v 0.348787 0.399775 -0.254518
v 0.680553 0.287095 -0.253975
v 0.646332 0.288399 -0.254031
v 0.711609 0.271095 -0.248343
v 0.539731 0.263336 -0.246083
v 0.505436 0.265310 -0.249681
v 0.473038 0.268676 -0.253138
v 0.253959 0.259487 -0.247540
v 0.159003 0.249588 -0.249720
v 0.145948 0.247060 -0.248963
v 0.137152 0.244401 -0.249365
v 0.020572 0.250755 -0.252422
v 0.118131 0.240804 -0.251541
v 0.055514 0.242423 -0.249389
v 0.701469 0.217064 -0.163610
v 0.621047 0.284820 -0.253250
v 0.073451 0.236609 -0.251743
v 0.688845 0.293643 -0.248711
v 0.577640 0.263029 -0.243396
v 0.302556 0.259664 -0.246185
v 0.274864 0.258613 -0.244590
v 0.029232 0.250050 -0.250964
v 0.127485 0.249636 -0.252479
v 0.635420 0.284405 -0.242107
v 0.382916 0.264257 -0.248621
v 0.219992 0.258153 -0.237598
v 0.710105 0.243830 -0.243817
v 0.698640 -0.000008 -0.164114
v 0.602418 0.267316 -0.239808
v 0.480259 0.263909 -0.245086
v 0.144411 0.245319 -0.237125
v 0.679638 0.299831 -0.238134
v 0.654593 0.284488 -0.242082
v 0.592171 0.263391 -0.238454
v 0.453085 0.266464 -0.247017
v 0.241452 0.258969 -0.239929
v 0.227174 0.256240 -0.239314
v 0.098512 0.246981 -0.245044
v 0.107059 0.240153 -0.246086
v 0.080368 0.242791 -0.245695
v 0.645687 0.282109 -0.245734
v 0.612806 0.273703 -0.242232
v 0.257260 0.261465 -0.243462
v 0.037834 0.249211 -0.238896
v 0.026188 0.251033 -0.240020
v 0.041211 0.243525 -0.239529
v 0.090197 0.242155 -0.236215
v 0.522125 0.264423 -0.242564
v 0.162864 0.254569 -0.242082
v 0.710091 0.268131 -0.231144
v 0.068575 0.239321 -0.233036
v 0.432660 0.259873 -0.235879
v 0.338081 0.257434 -0.223358
v 0.076895 0.241271 -0.239448
v 0.124785 0.239438 -0.236172
v 0.002400 0.079962 -0.153666
v 0.454826 0.264196 -0.234094
v 0.510440 0.258575 -0.228156
v 0.488856 0.263304 -0.229223
v 0.020198 0.253723 -0.238057
v 0.100138 0.244486 -0.238537
v 0.637582 0.274366 -0.234236
v 0.165545 0.249115 -0.237439
v 0.117542 0.242888 -0.229520
v 0.051688 0.239022 -0.228062
v 0.002355 0.071925 -0.127900
v 0.695527 0.288485 -0.230363
v 0.627194 0.271641 -0.231762
v 0.207662 0.255215 -0.230771
v 0.149797 0.247479 -0.223888
v 0.015134 0.251872 -0.225477
v 0.003721 0.245472 -0.228572
v 0.648697 0.282812 -0.229888
v 0.655209 0.278204 -0.235311
v 0.601546 0.266930 -0.228426
v 0.283213 0.258563 -0.228797
v 0.169078 0.248055 -0.224459
v 0.135416 0.245596 -0.231575
v 0.059074 0.238564 -0.232362
v -0.007736 0.234572 -0.221649
v 0.703842 0.220116 -0.208499
v 0.393914 0.258866 -0.230868
v 0.710618 0.258714 -0.225195
v 0.552361 0.256622 -0.217171
v 0.218387 0.253526 -0.226164
v 0.191150 0.249120 -0.228041
v 0.042758 0.252155 -0.230675
v 0.082237 0.249351 -0.231517
v 0.472691 0.265679 -0.228491
v 0.256385 0.255576 -0.226103
v 0.022523 0.248959 -0.227724
v 0.109066 0.239655 -0.226775
v 0.077682 0.238741 -0.227212
v 0.092291 0.237862 -0.228719
v 0.686951 0.285316 -0.222626
v 0.306187 0.257964 -0.221131
v 0.677180 0.281340 -0.227017
v 0.373119 0.257438 -0.222383
v 0.365737 0.256360 -0.211058
v 0.028696 0.251227 -0.224503
v 0.635797 0.273603 -0.220011
v 0.542761 0.253726 -0.213150
v 0.426041 0.257374 -0.217849
v 0.565203 0.252629 -0.212915
v 0.232451 0.256060 -0.218777
v 0.704182 0.275494 -0.221553
v 0.621082 0.271741 -0.218540
v 0.589674 0.253420 -0.209011
v 0.039746 0.247895 -0.218632
v 0.711249 0.221609 -0.070252
v 0.629032 0.268186 -0.219783
v 0.592988 0.256208 -0.216080
v 0.458551 0.252760 -0.222344
v 0.216560 0.251450 -0.206251
v 0.073225 0.243541 -0.216722
v 0.650562 0.271659 -0.223114
v 0.489928 0.262302 -0.219760
v 0.327176 0.255845 -0.201707
v 0.136137 0.244755 -0.210642
v 0.047837 0.240597 -0.217200
v 0.087640 0.242726 -0.210912
v 0.445124 0.261254 -0.217459
v 0.512762 0.256443 -0.213333
v 0.483470 0.253951 -0.220119
v 0.097803 0.242499 -0.209630
v 0.080639 0.241210 -0.205346
v 0.677207 0.276084 -0.201156
v 0.389604 0.256774 -0.215767
v 0.007929 0.249978 -0.216935
v 0.126228 0.244729 -0.212324
v 0.068651 0.240937 -0.213365
v 0.201260 0.249752 -0.215909
v 0.015549 0.253962 -0.212439
v 0.183162 0.249126 -0.213862
v 0.708763 0.238825 -0.214485
v 0.104795 0.240373 -0.213656
v -0.007958 0.234966 -0.182437
v 0.556908 0.259884 -0.211434
v 0.411823 0.254623 -0.204856
v 0.258398 0.255868 -0.214217
v 0.481315 0.251938 -0.211131
v 0.498504 0.254965 -0.209967
v 0.002261 0.002872 -0.120548
v 0.275708 0.253990 -0.202228
v 0.163592 0.247574 -0.209492
v 0.653997 0.267783 -0.211891
v 0.630849 0.261763 -0.209423
v 0.458181 0.256961 -0.208644
v 0.707928 0.255646 -0.198994
v 0.473452 0.253841 -0.208087
v 0.465345 0.247730 -0.212417
v 0.034491 0.254103 -0.205212
v 0.153263 0.242363 -0.200989
v 0.680229 0.276517 -0.205237
v 0.392971 0.252755 -0.201086
v 0.307916 0.256206 -0.190961
v 0.060046 0.251968 -0.210160
v 0.712046 0.238639 -0.197436
v 0.231078 0.252419 -0.205881
v 0.169765 0.245365 -0.200906
v 0.404003 0.253834 -0.199594
v 0.049776 0.240373 -0.203841
v -0.004869 0.237151 -0.203557
v 0.653702 0.267854 -0.203008
v 0.525665 0.254011 -0.195781
v 0.444790 0.255283 -0.203464
v 0.021121 0.260036 -0.200059
v 0.004563 0.255286 -0.203575
v 0.110491 0.238162 -0.198947
v 0.598351 0.252514 -0.200729
v 0.697657 0.273483 -0.197920
v 0.612897 0.253603 -0.194894
v 0.475529 0.251424 -0.199105
v 0.196204 0.249052 -0.191654
v 0.058102 0.242893 -0.203311
v 0.089667 0.243593 -0.190134
v 0.002228 0.215944 -0.170932
v 0.544671 0.249282 -0.183859
v 0.459761 0.248937 -0.201245
v 0.137541 0.245973 -0.198884
v 0.620773 -0.000002 -0.102047
v 0.628894 0.256898 -0.196860
v 0.555598 0.250679 -0.195257
v 0.259349 0.252547 -0.190619
v 0.071305 0.241809 -0.197517
v 0.501050 0.247593 -0.197867
v 0.494963 0.251422 -0.187722
v 0.675169 0.267733 -0.192864
v 0.352098 0.253681 -0.185309
v 0.036019 0.250089 -0.185161
v 0.227861 0.251672 -0.191651
v 0.511261 0.252558 -0.197035
v 0.051881 0.242354 -0.189650
v 0.657063 0.259497 -0.192191
v 0.006165 0.250901 -0.190210
v 0.460719 0.257173 -0.188785
v 0.119436 0.240942 -0.187271
v 0.177970 -0.000026 -0.089208
v 0.684947 0.266176 -0.194441
v 0.523172 0.251555 -0.190483
v 0.482072 0.253966 -0.179511
v 0.153557 0.245014 -0.189242
v 0.023797 0.255439 -0.188187
v 0.288165 0.252922 -0.187871
v 0.406730 0.251023 -0.186373
v 0.170623 0.245012 -0.182663
v 0.709901 0.250572 -0.180617
v 0.641172 0.256977 -0.177640
v 0.421984 0.251581 -0.175713
v 0.590860 0.248394 -0.166720
v 0.201032 0.247875 -0.187078
v 0.067353 0.246171 -0.189039
v 0.005623 0.083370 0.005850
v 0.020331 0.243655 -0.184568
v 0.650305 0.256773 -0.179143
v 0.254468 0.253362 -0.175883
v 0.220643 0.253666 -0.182817
v 0.132443 0.241521 -0.178279
v 0.000711 0.220263 -0.183673
v 0.701468 0.002029 -0.092496
v 0.700512 0.260487 -0.180134
v 0.661358 0.264110 -0.181642
v 0.157597 0.243092 -0.179941
v 0.092546 0.239565 -0.183967
v 0.678914 0.268464 -0.177102
v 0.629800 0.251975 -0.175107
v 0.528765 0.250914 -0.168247
v 0.086044 0.243303 -0.177867
v 0.711964 0.233756 -0.175566
v 0.489482 0.258024 -0.179582
v 0.612545 0.249642 -0.166553
v 0.213779 0.247782 -0.172052
v 0.038031 0.241543 -0.171268
v 0.075494 0.238385 -0.173444
v 0.460902 0.253373 -0.168882
v 0.564102 0.247469 -0.164462
v 0.059863 0.241693 -0.174069
v 0.003590 0.237974 -0.171178
v 0.109739 0.242102 -0.173182
v -0.003904 0.224857 -0.177089
v 0.704076 0.220307 -0.139210
v 0.516329 0.247667 -0.164842
v 0.242229 0.250239 -0.175473
v 0.165784 0.245587 -0.174174
v 0.031813 0.234576 -0.171830
v 0.338054 0.252506 -0.162538
v 0.492919 0.250661 -0.172506
v 0.224397 0.250984 -0.165207
v 0.704927 0.251425 -0.171086
v 0.004963 0.000059 -0.084351
v 0.670909 0.258825 -0.169594
v 0.690234 0.260843 -0.169227
v 0.298867 0.249491 -0.154900
v 0.257563 0.249970 -0.170603
v 0.016266 0.233037 -0.167793
v -0.001421 0.220060 -0.172838
v 0.002329 0.176995 -0.080457
v 0.047023 0.236834 -0.163464
v -0.007543 0.221934 -0.167967
v 0.653898 0.257709 -0.164915
v 0.623092 0.249597 -0.159843
v 0.548494 0.252508 -0.169761
v 0.390840 0.251523 -0.166769
v 0.196101 0.246565 -0.158208
v 0.375257 0.248354 -0.158509
v 0.155662 0.246313 -0.165397
v 0.105639 0.239449 -0.165391
v 0.077130 0.240141 -0.152437
v 0.431022 -0.000009 -0.059725
v 0.681463 0.261778 -0.164828
v 0.540467 0.248495 -0.162218
v 0.397143 0.249877 -0.154816
v 0.571036 0.249319 -0.156426
v 0.096817 0.241690 -0.157075
v 0.088991 0.240681 -0.160532
v 0.705446 0.250494 -0.146006
v 0.679850 0.244793 -0.166731
v 0.318162 0.250997 -0.153229
v 0.667833 0.250675 -0.165511
v 0.166635 0.244025 -0.152854
v -0.007777 0.235400 -0.152917
v 0.002356 0.216521 0.005467
v 0.428562 0.252158 -0.153597
v 0.478487 0.249409 -0.153614
v 0.357327 0.250546 -0.144512
v 0.710437 0.247969 -0.155580
v 0.115116 0.243987 -0.148243
v 0.067986 0.240289 -0.149238
v 0.637193 0.250869 -0.154508
v 0.446435 0.253619 -0.148929
v 0.655856 0.248499 -0.162843
v 0.140762 0.242598 -0.153559
v 0.417295 0.251060 -0.153923
v 0.487936 0.249643 -0.152818
v 0.666630 0.254734 -0.158332
v 0.675665 0.244161 -0.155999
v 0.688079 0.250773 -0.154468
v 0.250770 0.248698 -0.143383
v 0.218960 0.249136 -0.143524
v 0.405866 0.255185 -0.151136
v 0.511235 0.247525 -0.143943
v 0.000748 0.220242 -0.145862
v 0.472542 0.251006 -0.144789
v 0.265019 0.249554 -0.150668
v 0.661639 0.244909 -0.156301
v 0.045345 0.239720 -0.149901
v 0.711870 0.239681 -0.139081
v 0.024992 0.235626 -0.151066
v 0.540125 0.249205 -0.152543
v 0.150483 0.244580 -0.147913
v 0.658067 0.255358 -0.148335
v 0.583119 0.246603 -0.147038
v 0.000695 0.237806 -0.144177
v 0.186209 0.244943 -0.137964
v 0.675765 0.247908 -0.148478
v 0.621246 0.247570 -0.138928
v 0.598847 0.246143 -0.128664
v 0.086686 0.235566 -0.147425
v 0.339852 0.250939 -0.135350
v 0.205583 0.247718 -0.141294
v 0.002365 0.153222 -0.100724
v 0.407163 0.250771 -0.136834
v 0.690350 0.244614 -0.144928
v 0.282772 0.248479 -0.132437
v 0.631518 0.248766 -0.136774
v 0.556236 0.247345 -0.140228
v 0.244452 0.249735 -0.134456
v 0.037568 0.235527 -0.139779
v 0.439829 0.252020 -0.138320
v 0.418297 0.253041 -0.135179
v 0.679024 0.249329 -0.139844
v 0.675100 0.250032 -0.136254
v 0.160094 0.242562 -0.137657
v 0.465458 0.250653 -0.136539
v 0.067782 0.238676 -0.137599
v 0.021406 0.238330 -0.140099
v 0.428707 0.248099 -0.136015
v 0.249044 0.247651 -0.126773
v 0.531301 0.248588 -0.126041
v 0.502678 0.249166 -0.120434
v 0.107603 0.242181 -0.136900
v 0.231980 0.247073 -0.126772
v 0.095683 0.240670 -0.135803
v 0.362907 0.249560 -0.131601
v 0.688740 0.246901 -0.130329
v 0.123001 0.242888 -0.128183
v 0.587281 0.247270 -0.120365
v 0.200291 0.245757 -0.129599
v -0.007897 0.235469 -0.112647
v 0.038469 0.239933 -0.125203
v 0.447802 0.248839 -0.126286
v 0.310848 0.246885 -0.120739
v 0.667342 0.250340 -0.123312
v 0.075717 0.243450 -0.121286
v 0.701514 0.164887 -0.082775
v 0.393353 0.251155 -0.123544
v 0.134718 0.240057 -0.127993
v 0.084069 0.240660 -0.114134
v 0.065961 0.241046 -0.117551
v 0.012092 0.238766 -0.121509
v 0.426628 0.251240 -0.127819
v 0.709817 0.248765 -0.129709
v -0.008335 0.223841 -0.069626
v 0.260271 0.245464 -0.112806
v 0.242266 0.242494 -0.130372
v 0.671430 0.244017 -0.129588
v 0.153008 0.240432 -0.110921
v 0.102149 0.238725 -0.128308
v 0.655616 0.246404 -0.110201
v 0.634919 0.247770 -0.113727
v 0.413358 0.248882 -0.110035
v 0.207462 0.245742 -0.115428
v 0.710995 0.242233 -0.114678
v 0.700870 0.251426 -0.123172
v 0.563363 0.247953 -0.108964
v 0.333005 0.246852 -0.096277
v 0.363568 0.250084 -0.115527
v 0.120499 0.244203 -0.116629
v 0.098109 0.240181 -0.117149
v 0.047274 0.239847 -0.108692
v 0.031279 0.241137 -0.113548
v 0.135942 0.243203 -0.106584
v -0.005583 0.236995 -0.092760
v 0.671300 0.245484 -0.110099
v 0.482638 0.248281 -0.099739
v 0.441639 0.249083 -0.109888
v 0.702401 0.245494 -0.109654
v 0.108107 0.240819 -0.113481
v 0.019236 0.236800 -0.101050
v 0.068676 0.240431 -0.110169
v 0.010140 0.238251 -0.097079
v 0.229965 0.245004 -0.101370
v 0.295537 0.246220 -0.097507
v 0.192967 0.243428 -0.094925
v 0.473120 0.248901 -0.095774
v 0.711144 0.235918 -0.109183
v 0.511885 0.247191 -0.092056
v 0.097160 0.243883 -0.108512
v 0.245800 0.243170 -0.089111
v 0.053305 0.240450 -0.086463
v 0.343414 0.245208 -0.088202
v 0.000309 0.220154 -0.074952
v 0.536109 0.245454 -0.074496
v 0.145082 0.241337 -0.100054
v 0.082745 0.241716 -0.097806
v 0.031713 0.241556 -0.096575
v 0.655954 0.244790 -0.077642
v 0.609076 0.245155 -0.076021
v 0.096263 0.240610 -0.090749
v -0.007113 0.221325 0.024376
v 0.419746 0.246671 -0.087747
v 0.701092 0.243728 -0.075258
v 0.073735 0.243897 -0.094368
v 0.156382 0.241760 -0.088069
v 0.392405 0.245664 -0.074196
v 0.205397 0.243147 -0.079004
v 0.134855 0.244728 -0.091659
v 0.100898 0.241240 -0.072380
v 0.007078 0.237610 -0.086738
v 0.701613 0.219957 -0.072620
v 0.002182 0.001645 0.006409
v 0.474617 0.246500 -0.077164
v 0.300967 0.245841 -0.092305
v 0.268850 0.243574 -0.088892
v 0.117570 0.240708 -0.076315
v 0.214311 0.243878 -0.077888
v 0.708851 0.240901 -0.073454
v 0.195356 0.242833 -0.078657
v 0.021053 0.237124 -0.087424
v 0.002349 0.112534 -0.048497
v 0.331973 0.244817 -0.070196
v 0.079555 0.238307 -0.073035
v 0.038477 0.236310 -0.078597
v 0.258091 0.243726 -0.069553
v 0.708682 0.226119 -0.066285
v 0.178935 0.240588 -0.062230
v 0.027989 0.239328 -0.067508
v 0.284274 0.243533 -0.054868
v 0.054153 0.237703 -0.072173
v 0.159110 0.242546 -0.064068
v 0.015858 0.236733 -0.071519
v 0.002118 0.086467 -0.020353
v 0.042478 0.236781 -0.065908
v 0.699613 0.222755 -0.070440
v 0.701125 0.061145 -0.044049
v 0.699824 0.000040 -0.003721
v 0.516486 0.245267 -0.043748
v -0.007635 0.236486 -0.040041
v 0.710848 0.244098 -0.044970
v 0.185536 0.240904 -0.055488
v 0.073603 0.240601 -0.056752
v 0.126799 0.243189 -0.059566
v 0.099700 0.238329 -0.063382
v 0.001416 0.238281 -0.057646
v 0.700406 0.193087 -0.058108
v 0.395262 0.244249 -0.042187
v 0.638819 0.244015 -0.042525
v 0.056007 0.237098 -0.053800
v 0.210819 0.241431 -0.048302
v 0.118329 0.244383 -0.056247
v 0.089748 0.241416 -0.054213
v 0.101246 0.240227 -0.053573
v 0.043236 0.238920 -0.056066
v 0.709636 0.224203 -0.039999
v 0.702765 0.175742 -0.011632
v 0.002929 0.154987 -0.021093
v 0.117326 0.239244 -0.051929
v 0.702522 0.224668 -0.037056
v 0.022212 0.237202 -0.041768
v 0.701126 0.018095 -0.043484
v 0.158205 0.240507 -0.037336
v 0.137451 -0.000094 0.003529
v 0.702704 0.243795 -0.039006
v 0.097733 0.239301 -0.043837
v 0.079477 0.244081 -0.042385
v 0.129976 0.238905 -0.032649
v 0.700633 0.181415 -0.012221
v 0.001028 0.157142 -0.019054
v 0.539510 0.241923 -0.012405
v 0.614471 0.241402 -0.011395
v 0.474340 0.242037 -0.019993
v 0.043555 0.238452 -0.033231
v 0.330815 0.241571 -0.020088
v 0.649186 0.243119 -0.040068
v 0.233361 0.239112 0.016660
v 0.701580 0.107715 -0.019702
v 0.700752 0.062507 -0.024845
v 0.097940 0.241514 -0.037484
v 0.056828 0.237715 -0.029966
v 0.118092 0.241094 -0.022343
v 0.702967 0.220595 -0.010545
v 0.340640 -0.000052 -0.001229
v 0.406749 0.242210 -0.015808
v 0.086761 0.239894 -0.035042
v 0.700665 0.018731 -0.030031
v 0.002537 0.000612 -0.010004
v 0.082547 0.241098 -0.021594
v 0.018533 0.237246 -0.023263
v -0.005062 0.238244 -0.012350
v 0.628025 -0.000120 -0.002855
v 0.478455 0.000061 -0.000023
v 0.710184 0.242924 -0.029068
v 0.000697 0.220456 0.010167
v 0.069864 0.241922 -0.024883
v 0.516864 -0.000034 -0.001675
v 0.711149 0.239727 0.021845
v 0.174999 0.238628 -0.008859
v 0.704995 0.062093 -0.020774
v 0.703482 0.017053 -0.021060
v 0.002501 0.078469 0.015380
v 0.128079 0.238875 -0.008920
v 0.001960 0.132917 0.023621
v 0.117754 0.237370 -0.010206
v 0.059968 0.238998 -0.007912
v 0.019311 0.240132 -0.007818
v 0.697494 0.064396 -0.019483
v 0.578175 0.075167 -0.018837
v 0.638546 0.073216 -0.018016
v 0.637038 0.067157 -0.018982
v 0.685478 0.070736 -0.017207
v 0.678897 0.064884 -0.019440
v 0.620545 0.068937 -0.017732
v 0.573335 -0.000070 -0.000858
v 0.700078 0.143749 -0.013761
v 0.553594 0.075688 -0.014300
v 0.628925 0.071531 -0.017287
v 0.580783 0.068556 -0.015354
v 0.553075 0.069644 -0.014254
v 0.704217 0.056523 -0.002193
v 0.699196 0.070817 -0.000961
v 0.329722 0.080667 -0.012404
v 0.501103 0.073883 -0.013964
v 0.491540 0.075557 -0.016726
v 0.693598 0.063451 -0.009526
v 0.701584 0.009031 -0.001503
v 0.076954 0.237406 -0.000753
v -0.007805 0.235310 0.024441
v 0.497830 0.077729 -0.013575
v 0.690605 0.060761 -0.002616
v 0.633403 0.063334 -0.000645
v 0.312053 0.239079 0.024927
v 0.001960 0.157963 0.027741
v 0.694713 0.145062 -0.011324
v 0.679605 0.147711 -0.011944
v 0.362007 0.081035 -0.002285
v 0.581671 0.073993 -0.005485
v 0.632979 0.071814 -0.001990
v 0.698624 0.176643 -0.008330
v 0.641237 0.145698 -0.012283
v 0.681469 0.144229 -0.010455
v 0.372236 0.080525 -0.013202
v 0.388046 0.080233 -0.008349
v 0.268952 0.077481 -0.010799
v 0.382762 0.075490 -0.009631
v 0.362952 0.076157 -0.002495
v 0.326007 0.076376 -0.008644
v 0.501059 0.068794 0.001440
v 0.691321 0.068949 -0.005670
v 0.616579 0.065728 -0.006119
v 0.699668 0.221684 -0.008173
v 0.628492 0.149027 -0.006976
v 0.694245 0.146596 0.000438
v 0.397611 0.075097 -0.007758
v 0.611327 0.072326 0.001648
v 0.704588 0.023117 -0.003587
v 0.400215 0.000955 0.001096
v 0.523629 0.239342 0.021227
v 0.058351 0.237258 -0.002808
v 0.599691 0.149752 0.007622
v 0.572372 0.150135 -0.007625
v 0.564335 0.146466 -0.008381
v 0.622933 0.145620 -0.007453
v 0.581459 0.146981 -0.009800
v 0.244114 0.082038 -0.005535
v 0.486092 0.077440 0.003065
v 0.474959 0.077803 -0.005391
v 0.476358 0.071260 -0.005722
v 0.485771 0.071431 -0.004976
v 0.112696 0.237568 0.003396
v 0.699718 0.108916 -0.001516
v 0.396983 0.081190 -0.001335
v 0.233305 0.078263 -0.004479
v 0.202100 0.080279 -0.007358
v 0.206176 0.077214 -0.005594
v 0.592310 0.065022 -0.000364
v 0.485710 0.149471 -0.004224
v 0.569596 0.144139 0.006564
v 0.627087 0.142366 0.005417
v 0.329877 0.081785 0.003181
v 0.404285 0.076496 -0.007372
v 0.164155 0.081072 -0.003854
v 0.049387 0.000375 0.005456
v 0.404615 0.239248 0.021496
v 0.709933 0.220081 0.024313
v 0.697559 0.156186 0.007223
v 0.700478 0.139822 0.001616
v 0.253269 0.083353 0.005778
v 0.205040 0.081882 -0.000785
v 0.152156 0.077661 -0.002959
v 0.426765 0.082999 0.004422
v 0.427442 0.074265 0.002459
v 0.348748 0.074649 0.004898
v 0.261324 0.076759 0.004415
v 0.626197 0.063182 -0.000503
v 0.699144 0.061255 -0.001409
v 0.171423 0.238604 0.020049
v 0.004692 0.237516 0.012836
v 0.699234 0.220807 0.004659
v 0.403902 0.084987 0.005431
v 0.370914 0.081155 0.005246
v 0.134509 0.077564 -0.004188
v 0.562000 0.078647 0.001826
v 0.470682 0.070293 0.001888
v 0.648408 0.074148 0.000664
v 0.699275 0.196820 0.007815
v 0.675363 0.121292 0.002223
v 0.402919 0.074538 0.003877
v 0.594733 0.076910 0.001285
v 0.612228 0.028101 -0.001072
v 0.653634 0.001790 -0.001443
v 0.002602 0.210302 0.007584
v 0.003299 0.154216 0.025794
v 0.464068 0.150712 0.009344
v 0.468141 0.146664 0.009462
v 0.695554 0.139914 0.003930
v 0.147972 0.084417 0.007704
v 0.418654 0.074562 0.003415
v 0.562025 0.044695 -0.000296
v 0.552503 0.004762 -0.000043
v 0.518916 0.024027 -0.000004
v 0.690254 0.149309 0.007479
v 0.002636 0.086727 0.016887
v 0.470619 0.079047 0.003515
v 0.588151 0.071093 0.005022
v 0.508570 0.036082 0.001116
v 0.454658 0.036903 0.001322
v 0.509912 0.022117 0.000677
v 0.444408 0.019007 0.002033
v 0.415929 0.029138 0.001856
v 0.392974 0.021362 0.001870
v 0.295453 0.000868 0.002150
v 0.659514 0.195432 0.008647
v 0.596139 0.110673 0.003252
v 0.433646 0.077252 0.004128
v 0.293664 0.067608 0.005570
v 0.399496 0.030712 0.002678
v 0.337766 0.038656 0.003009
v 0.027534 0.236090 0.014282
v 0.049974 0.236536 0.012714
v 0.118419 0.083394 0.008988
v 0.119301 0.080495 0.010557
v 0.148547 0.079462 0.009443
v 0.225184 0.041886 0.005226
v 0.400187 0.116712 0.008082
v 0.315402 0.085904 0.007048
v 0.463923 0.076366 0.006847
v 0.016646 0.002264 0.007307
v 0.098578 0.236968 0.026035
v 0.030027 0.219817 0.007968
v 0.518261 0.143312 0.007986
v 0.630082 0.239437 0.023711
v 0.685949 0.220766 0.009085
v 0.033475 0.214778 0.010268
v 0.283150 0.117598 0.011565
v 0.127671 0.091060 0.013374
v 0.050784 0.079539 0.012836
v 0.712555 0.234588 0.026825
v 0.632729 0.220554 0.011184
v 0.048182 0.216938 0.018985
v 0.013670 0.213702 0.011455
v 0.558774 0.184110 0.011616
v 0.399733 0.150752 0.010388
v 0.410641 0.144697 0.011031
v 0.187605 0.087860 0.010880
v 0.072724 0.083574 0.009113
v 0.012039 0.084215 0.011947
v 0.035030 0.236567 0.025221
v 0.327276 0.151589 0.010511
v 0.332509 0.140840 0.012871
v 0.559190 0.216813 0.013610
v 0.421354 0.154672 0.014854
v 0.061196 0.088968 0.014731
v 0.543464 0.219459 0.017294
v 0.088963 0.218050 0.015934
v 0.065065 0.220129 0.012873
v 0.003190 0.216294 0.015746
v 0.322801 0.155414 0.016724
v 0.266454 0.151730 0.015904
v 0.500185 0.215772 0.015723
v 0.317090 0.191835 0.018821
v 0.437239 0.188239 0.015589
v 0.213164 0.150745 0.015893
v 0.215964 0.146637 0.017662
v 0.629140 0.218400 0.021088
v 0.028323 0.221965 0.024897
v 0.409864 0.218986 0.015191
v 0.472401 0.215359 0.016591
v 0.434473 0.217622 0.017406
v 0.344447 0.218637 0.020637
v 0.070856 0.213689 0.019716
v 0.403255 0.208272 0.018052
v 0.245148 0.154416 0.018099
v 0.092835 0.149581 0.022873
v 0.084593 0.219388 0.026172
v 0.112207 0.153171 0.021027
v 0.561458 0.218885 0.022048
v 0.401148 0.221028 0.024457
v 0.089135 0.216569 0.022560
v 0.186034 0.217687 0.023410
v 0.233356 0.234387 0.025221
v 0.495496 0.221363 0.025038
v 0.222150 0.218341 0.021267
v 0.056590 0.220050 0.026829
v 0.002523 0.217191 0.027097
v 0.034578 0.214063 0.026485
v 0.255366 0.218219 0.022284
v 0.101750 0.195315 0.023599
v 0.645725 0.220458 0.025384
v 0.275390 0.222861 0.024681
v 0.047326 0.151312 0.024119
v 0.398116 0.236682 0.025037
v 0.569580 0.236447 0.025867
v 0.069706 0.215164 0.025917
v 0.105101 0.221893 0.026160
v 0.117669 0.213315 0.024955
vn -0.3885 -0.9113 -0.1365
vn -0.7193 -0.6942 -0.0270
vn -0.9872 0.1169 -0.1089
vn 0.0014 -0.0020 -1.0000
vn 0.0099 0.0101 -0.9999
vn 0.0004 0.0057 -1.0000
vn 0.0006 0.0014 -1.0000
vn -0.0061 0.0090 -0.9999
vn -0.0003 0.0109 -0.9999
vn -0.0252 0.0042 -0.9997
vn -0.0000 -0.0005 -1.0000
vn -0.0003 -0.0003 -1.0000
vn -0.0000 -0.0007 -1.0000
vn 0.0001 0.0014 -1.0000
vn 0.0001 -0.0200 -0.9998
vn -0.0005 -0.0001 -1.0000
vn -0.0184 -0.0005 -0.9998
vn -0.0466 0.0007 -0.9989
vn -0.0003 -0.0387 -0.9993
vn -0.0002 -0.0366 -0.9993
vn -0.0081 -0.0417 -0.9991
vn -0.0113 0.9865 -0.1635
vn -0.0146 0.9903 -0.1383
vn 0.0001 0.0548 -0.9985
vn 0.0003 0.0598 -0.9982
vn 0.0101 0.9969 -0.0777
vn 0.0005 0.0615 -0.9981
vn 0.0042 0.9975 -0.0708
vn -0.0016 0.1325 -0.9912
vn 0.0138 0.7046 -0.7095
vn 0.0029 0.9587 -0.2844
vn -0.0045 0.9984 -0.0559
vn 0.0026 0.9421 -0.3353
vn 0.0103 0.9176 -0.3974
vn 0.0043 0.0598 -0.9982
vn -0.0003 0.0063 -1.0000
vn 0.7588 0.6319 -0.1581
vn 0.7655 -0.6419 -0.0445
vn -0.9995 -0.0283 -0.0112
vn 0.9985 -0.0548 -0.0057
vn 0.9857 -0.0457 -0.1625
vn 0.0169 0.0009 -0.9999
vn 0.0148 -0.0009 -0.9999
vn 0.9142 -0.0374 -0.4034
vn 0.8593 -0.0562 -0.5084
vn 0.8479 0.0814 -0.5239
vn 0.0362 0.0074 -0.9993
vn 0.9997 0.0035 -0.0236
vn 0.1289 -0.9808 -0.1464
vn 0.0253 -0.0700 -0.9972
vn 0.0008 -0.0675 -0.9977
vn -0.0005 -0.9857 -0.1683
vn 0.0005 -0.9960 -0.0897
vn -0.0052 -0.9924 -0.1227
vn -0.0260 0.9993 -0.0282
vn -0.9998 -0.0002 -0.0198
vn -0.8895 -0.4553 -0.0395
vn 0.0028 0.9998 -0.0177
vn 0.3122 -0.9499 -0.0156
vn 0.0036 0.9983 -0.0585
vn -0.0110 0.9998 -0.0159
vn 0.9957 0.0018 -0.0921
vn 0.1887 -0.9820 -0.0017
vn -0.0000 -1.0000 -0.0037
vn -0.0133 -0.9999 -0.0021
vn 0.9999 0.0026 -0.0115
vn 0.9986 -0.0115 -0.0526
vn -0.0000 -1.0000 -0.0029
vn 0.0003 -1.0000 -0.0031
vn 0.0054 0.9997 -0.0227
vn 0.0076 0.9943 -0.1064
vn -0.0075 0.9994 -0.0331
vn -1.0000 0.0006 0.0007
vn 0.0003 -1.0000 -0.0016
vn -0.0045 0.9999 -0.0134
vn 0.9997 -0.0262 -0.0012
vn -0.0036 0.9995 -0.0314
vn -0.0661 0.9939 -0.0887
vn 0.0303 0.9976 -0.0626
vn 0.3300 -0.9440 0.0002
vn 0.0301 0.9994 -0.0174
vn 0.0178 0.9988 -0.0459
vn 0.9997 0.0246 0.0007
vn 0.0001 -1.0000 0.0010
vn 0.9980 -0.0628 -0.0015
vn -0.0102 0.9970 -0.0770
vn 0.0052 0.9992 -0.0391
vn 1.0000 0.0044 0.0015
vn 0.0004 -1.0000 -0.0002
vn -0.0028 0.9997 -0.0245
vn 0.4021 -0.9156 0.0004
vn 0.0003 -1.0000 0.0009
vn 0.0133 0.9996 -0.0256
vn -0.0001 -1.0000 0.0005
vn 1.0000 -0.0027 -0.0011
vn 0.9997 -0.0250 -0.0010
vn 0.0039 0.9999 0.0102
vn 0.0124 0.9999 0.0048
vn -0.0352 0.9994 -0.0009
vn 0.0002 -1.0000 -0.0018
vn -0.2792 -0.9602 -0.0001
vn 0.9983 -0.0582 0.0009
vn -0.9997 -0.0256 0.0003
vn -0.0104 0.9999 -0.0111
vn 0.0141 -0.9999 0.0005
vn 0.0005 0.9999 0.0110
vn 0.0001 -1.0000 0.0002
vn 0.0169 0.9997 0.0176
vn -0.0010 1.0000 -0.0096
vn -0.0164 0.9998 -0.0134
vn -0.0107 0.9999 0.0034
vn 0.0758 0.9971 -0.0097
vn 0.0094 0.9982 0.0593
vn 0.9999 0.0155 -0.0030
vn 0.0073 0.9996 -0.0255
vn -0.7476 -0.6642 0.0004
vn 0.0093 0.9994 0.0322
vn 0.0061 0.9999 0.0127
vn 0.0012 1.0000 -0.0006
vn 0.0021 1.0000 -0.0066
vn 0.0100 0.9999 -0.0014
vn -0.0000 0.9999 -0.0116
vn -0.0144 0.9997 -0.0221
vn 0.4991 0.8665 -0.0039
vn 0.0079 0.9999 0.0117
vn -0.0204 0.9998 -0.0050
vn 0.0003 -1.0000 -0.0007
vn 0.0039 0.9999 -0.0124
vn 0.0058 0.9997 -0.0237
vn 0.0045 0.9999 -0.0098
vn 0.0121 0.9988 -0.0479
vn -0.0122 0.9998 -0.0138
vn 0.0156 0.9998 -0.0081
vn -0.0021 0.9994 -0.0347
vn 0.0015 0.9999 -0.0156
vn -1.0000 -0.0064 0.0011
vn -1.0000 0.0029 0.0021
vn 0.0139 0.9997 -0.0216
vn 0.0028 0.9999 -0.0097
vn -0.0611 0.9981 0.0001
vn 1.0000 0.0037 0.0004
vn 0.0033 0.9999 -0.0114
vn -0.0236 -0.9997 0.0002
vn 0.0063 0.9999 0.0081
vn 0.0285 0.9996 -0.0073
vn 0.9889 0.1487 -0.0044
vn 0.0014 1.0000 -0.0042
vn -0.3702 -0.9289 0.0003
vn 0.0056 1.0000 -0.0060
vn 1.0000 -0.0024 -0.0009
vn 0.0076 0.9999 -0.0079
vn 1.0000 0.0009 0.0009
vn 0.0299 -0.9996 -0.0005
vn 0.0058 0.9999 -0.0105
vn -0.0023 -1.0000 0.0011
vn 0.0006 -0.9999 -0.0100
vn 0.0036 1.0000 -0.0007
vn -0.0154 0.9999 -0.0034
vn -0.0007 -1.0000 -0.0012
vn -0.0262 0.9996 -0.0072
vn 0.0004 -1.0000 -0.0022
vn 1.0000 0.0020 -0.0054
vn 0.9734 -0.2291 0.0015
vn 0.0028 -1.0000 0.0016
vn 0.4362 -0.8999 0.0003
vn 0.0007 -1.0000 0.0061
vn -0.9987 -0.0486 -0.0140
vn 0.0004 -1.0000 0.0084
vn -0.0000 -1.0000 0.0020
vn 0.0053 0.9999 0.0120
vn -0.0011 -0.9999 0.0105
vn 0.0026 1.0000 0.0032
vn 0.1395 0.9902 -0.0019
vn 0.9999 0.0155 -0.0031
vn 0.0037 0.9999 -0.0129
vn 0.0130 0.9999 -0.0069
vn 0.0001 -1.0000 0.0003
vn 0.0004 -1.0000 -0.0012
vn 0.0062 1.0000 0.0046
vn 0.0003 -1.0000 -0.0003
vn -0.0008 -1.0000 -0.0003
vn -0.0315 -0.9995 -0.0094
vn -0.9757 -0.2192 -0.0004
vn -0.0156 0.9999 0.0060
vn -0.0002 -1.0000 -0.0013
vn 0.8869 -0.4364 0.1515
vn 0.0270 -0.9996 -0.0006
vn 0.0190 0.9997 -0.0121
vn -0.0009 1.0000 0.0001
vn 0.9986 -0.0467 0.0239
vn 0.0004 -1.0000 -0.0030
vn -0.0012 1.0000 -0.0009
vn 0.9998 0.0198 0.0007
vn -0.0455 0.9989 -0.0072
vn 0.9760 0.2176 0.0077
vn 0.0112 0.9999 -0.0012
vn 0.9999 -0.0128 0.0102
vn -0.9538 -0.2998 0.0180
vn 0.0003 -1.0000 0.0017
vn -0.0000 -0.9994 -0.0353
vn 0.9996 0.0129 0.0234
vn -0.0003 1.0000 0.0091
vn 0.0007 -0.9993 -0.0379
vn -0.0004 0.9998 0.0211
vn 0.0002 -0.9997 -0.0254
vn -0.9949 -0.1002 0.0092
vn 0.0059 0.9995 0.0326
vn 0.0007 -0.9992 -0.0408
vn 0.2192 -0.9743 -0.0519
vn -0.0141 -0.7093 -0.7048
vn 0.0583 0.9874 0.1471
vn -0.0016 0.9993 0.0361
vn -0.8031 0.5732 0.1629
vn 0.0034 0.9997 0.0260
vn 0.0017 0.9980 0.0633
vn -0.7803 -0.0419 0.6240
vn -0.9986 0.0337 0.0409
vn 0.9991 -0.0153 0.0387
vn -0.9974 -0.0451 0.0568
vn 0.0074 0.9872 0.1595
vn -0.0186 0.9995 0.0269
vn 0.7530 0.0049 0.6580
vn -0.0014 0.9891 0.1472
vn 0.1606 0.0412 0.9862
vn 0.0006 0.9675 0.2529
vn -0.1366 -0.9467 0.2915
vn 0.0113 0.9626 0.2707
vn 0.0214 -0.8654 0.5006
vn -0.0347 -0.9791 0.2002
vn 0.2590 -0.9654 0.0310
vn 0.8074 -0.0133 0.5898
vn 0.0195 -0.5801 0.8143
vn -0.6159 0.3519 0.7049
vn -0.0130 -0.9894 0.1449
vn 0.1082 0.5367 0.8368
vn 0.0599 0.9241 0.3775
vn 0.0205 0.1116 0.9935
vn -0.9938 -0.0414 0.1027
vn 0.0154 -0.4953 0.8686
vn -0.0588 0.7746 0.6297
vn 0.0430 -0.9173 0.3959
vn 0.0218 0.8091 0.5873
vn -0.0035 -0.9227 0.3855
vn -0.0655 0.9109 0.4073
vn 0.0062 0.9157 0.4017
vn 0.1407 -0.5903 0.7948
vn -0.0269 0.5709 0.8206
vn -0.0131 0.0597 0.9981
vn -0.4018 0.5513 0.7312
vn -0.0788 0.7491 0.6578
vn -0.0380 -0.4782 0.8774
vn -0.0814 0.0246 0.9964
vn -0.0001 -0.0328 -0.9995
vn -0.0177 -0.0242 -0.9996
vn -0.0029 -0.3428 0.9394
vn -0.0159 -0.9466 0.3220
vn 0.0270 -0.1968 0.9801
vn 0.0028 -0.5789 0.8154
vn 0.0464 -0.1726 0.9839
vn 0.0205 -0.9651 0.2611
vn 0.3238 0.4851 0.8123
vn -0.5748 0.8071 -0.1350
vn 0.7627 0.6171 -0.1935
vn 0.8530 -0.5129 -0.0969
vn -0.7174 0.6465 -0.2594
vn 0.3892 -0.1121 -0.9143
vn -0.9868 -0.1408 -0.0795
vn 0.0002 -0.0652 -0.9979
vn 0.0004 -0.0906 -0.9959
vn 0.0003 -0.0043 -1.0000
vn 0.0002 -0.0043 -1.0000
vn -0.0026 -0.0089 -1.0000
vn -0.9761 0.0038 -0.2172
vn 0.0344 -0.0064 -0.9994
vn 0.0002 0.0018 -1.0000
vn -0.0011 -0.0007 -1.0000
vn -0.0010 -0.0042 -1.0000
vn 0.0010 0.0042 -1.0000
vn 0.8789 -0.0196 -0.4765
vn 0.0038 0.0003 -1.0000
vn -0.0000 -0.0286 -0.9996
vn -0.0009 0.0063 -1.0000
vn -0.0019 0.0042 -1.0000
vn -0.2020 0.0018 -0.9794
vn -0.0269 -0.2671 -0.9633
vn -0.0004 -0.0720 -0.9974
vn 0.8370 -0.0737 -0.5422
vn 0.1299 -0.0088 0.9915
vn 0.0224 -0.1224 0.9922
vn -0.1277 -0.2950 0.9469
vn -0.0000 0.0020 1.0000
vn -0.0083 0.1479 0.9890
vn -0.0234 0.8268 0.5621
vn -0.0241 -0.1808 0.9832
vn 0.0291 0.4214 0.9064
vn -0.3416 0.5928 0.7293
vn -0.0659 0.6939 0.7170
vn -0.8832 -0.4488 -0.1363
vn 0.9996 0.0084 -0.0285
vn -0.9997 -0.0052 -0.0256
vn -0.9995 -0.0286 -0.0114
vn 0.0127 -0.9994 -0.0317
vn 0.0001 -0.9987 -0.0503
vn 0.0001 -0.9972 -0.0750
vn -0.0012 -0.9989 -0.0467
vn 0.0079 0.5761 0.8173
vn 0.2818 -0.1834 0.9418
vn 0.1763 -0.0993 0.9793
vn 0.0935 -0.0936 0.9912
vn -0.9628 -0.0348 0.2681
vn -0.1514 -0.1310 0.9798
vn -0.0142 0.1772 0.9841
vn 0.0018 -0.4315 0.9021
vn 0.0008 -0.4189 0.9080
vn -0.0175 -0.3159 0.9486
vn -0.0247 -0.3631 0.9314
vn -0.0135 0.2002 0.9797
vn 0.0056 -0.0140 0.9999
vn 0.0135 -0.0476 0.9988
vn 0.0720 0.1610 0.9843
vn -0.0497 0.1380 0.9892
vn -0.0062 -0.0924 0.9957
vn -0.0604 0.4838 0.8731
vn 0.0192 0.4327 0.9013
vn 0.0350 0.1242 0.9916
vn -0.0893 0.3740 0.9231
vn -0.2681 0.8236 0.4998
vn 0.0187 0.0666 0.9976
vn -0.0318 0.4961 0.8677
vn -0.0432 0.4039 0.9138
vn 0.0101 0.4549 0.8905
vn 0.0696 0.8511 0.5203
vn -0.0162 0.0023 0.9999
vn 0.2392 0.4646 0.8526
vn -0.0542 0.9730 0.2241
vn -0.9998 -0.0199 -0.0049
vn -0.0025 0.9901 0.1405
vn -0.1016 -0.1938 0.9758
vn 0.2829 -0.2509 0.9258
vn 0.0726 -0.2712 0.9598
vn 0.0103 -0.1712 0.9852
vn 0.0193 -0.2828 0.9590
vn -0.0025 -0.9676 0.2525
vn 0.0283 -0.9648 0.2613
vn 0.0185 0.2633 0.9645
vn 0.0243 0.2301 0.9729
vn -0.4462 0.7662 0.4624
vn 0.0082 -0.0663 0.9978
vn 0.0133 0.0362 0.9993
vn -0.0065 -0.0703 0.9975
vn 0.0294 0.1413 0.9895
vn -0.0037 0.0295 0.9996
vn 0.2220 0.7908 0.5704
vn 0.0619 0.3703 0.9269
vn -0.0213 0.2729 0.9618
vn 0.0255 0.2081 0.9778
vn -0.0203 0.5974 0.8017
vn -0.0076 0.0507 0.9987
vn -0.1078 0.5676 0.8162
vn 0.3075 0.8052 0.5070
vn 0.0409 0.4179 0.9076
vn -0.1308 0.3009 0.9446
vn 0.0981 0.6114 0.7852
vn 0.0060 0.8978 0.4403
vn -0.0204 0.3833 0.9234
vn -0.0087 0.8979 0.4401
vn -0.1222 0.9225 0.3662
vn -0.0241 0.9662 0.2568
vn 0.0544 0.9266 0.3720
vn 0.1077 -0.1616 0.9810
vn 0.0097 -0.3303 0.9438
vn 0.0120 0.2170 0.9761
vn -0.0189 -0.1835 0.9828
vn 0.0014 0.1037 0.9946
vn -0.0074 -0.3574 0.9339
vn 0.1010 0.1821 0.9781
vn -0.0005 -0.0356 0.9994
vn -0.0008 -0.0525 0.9986
vn -0.0125 0.1650 0.9862
vn -0.0605 0.5912 0.8043
vn 0.0154 0.2160 0.9763
vn 0.0504 0.3409 0.9387
vn -0.0163 0.2870 0.9578
vn -0.1294 0.3149 0.9403
vn 0.0623 0.8056 0.5892
vn 0.1129 0.7130 0.6920
vn 0.1578 0.9572 0.2425
vn 0.1928 0.7187 0.6681
vn 0.0773 0.7552 0.6510
vn 0.2553 0.6504 0.7154
vn -0.0600 0.8525 0.5192
vn 0.0307 0.8911 0.4528
vn 0.0095 0.9899 0.1415
vn -0.0840 0.9829 0.1640
vn 0.0735 0.9578 0.2779
vn -0.3340 0.6895 0.6426
vn -0.2610 0.0208 0.9651
vn -0.0773 0.9631 0.2577
vn -0.1778 0.9541 0.2411
vn 0.0787 0.9428 0.3240
vn 0.0994 -0.5883 0.8025
vn 0.0081 -0.2769 0.9609
vn 0.0041 0.0991 0.9951
vn 0.2637 0.9638 0.0389
vn -0.0767 0.9698 0.2314
vn 0.2946 0.9126 -0.2834
vn 0.2074 0.9089 0.3617
vn 0.0724 0.9955 0.0604
vn 0.1511 0.7855 0.6002
vn -0.0830 0.9849 0.1522
vn -0.4948 0.6803 0.5407
vn -0.0857 0.9638 0.2524
vn -0.3833 0.9209 0.0713
vn -0.8963 0.4433 -0.0103
vn 0.9952 -0.0943 -0.0267
vn 0.0002 -1.0000 -0.0006
vn 0.0049 0.8646 0.5024
vn -0.0088 0.6915 0.7223
vn 0.0193 -0.1222 0.9923
vn -0.1257 0.9198 0.3718
vn -0.0884 0.9723 0.2163
vn -0.4666 0.7990 0.3794
vn 0.1547 0.9344 0.3208
vn -0.1888 0.8822 0.4313
vn -0.2186 0.8998 0.3775
vn -0.3057 0.9475 0.0936
vn 0.1269 0.9816 0.1427
vn -0.3974 0.8618 0.3152
vn 0.1241 0.9810 0.1489
vn 0.2819 0.8777 0.3876
vn -0.0924 0.9769 0.1925
vn -0.0075 0.9962 0.0869
vn 0.0006 0.9933 0.1159
vn 0.9997 -0.0121 -0.0224
vn -0.9372 -0.0000 0.3489
vn 0.0164 0.9735 0.2279
vn -0.0819 0.9859 0.1460
vn -0.0598 0.9934 0.0974
vn 0.1508 0.9819 -0.1148
vn -0.2474 0.9683 0.0354
vn -0.9951 -0.0991 0.0028
vn 0.9997 -0.0250 -0.0085
vn 0.0082 0.8942 0.4475
vn -0.2925 -0.1787 0.9394
vn 0.0292 -0.1609 0.9865
vn 0.0041 -0.1437 0.9896
vn 0.0191 -0.1562 0.9875
vn 0.0159 -0.1151 0.9932
vn 0.0036 -0.1455 0.9893
vn -0.0074 0.9786 0.2055
vn -0.1668 0.9240 0.3441
vn 0.4098 0.8722 -0.2671
vn 0.1769 0.9842 -0.0067
vn 0.0713 0.9970 0.0289
vn 0.2227 0.9642 0.1440
vn -0.1621 0.9861 0.0357
vn 0.2399 0.9708 0.0092
vn 0.0178 -0.1810 0.9833
vn 0.0147 -0.1554 0.9877
vn -0.2467 0.9638 0.1014
vn -0.2821 0.9120 0.2979
vn -0.1055 0.9944 0.0063
vn 0.2484 0.9675 -0.0475
vn -0.1157 0.9873 0.1088
vn 0.9788 0.2049 -0.0026
vn 0.0338 -0.2978 0.9540
vn -0.2089 0.9546 0.2124
vn 0.0142 0.9811 0.1932
vn -0.0807 0.9740 0.2117
vn -0.1152 0.9416 0.3165
vn 0.0050 0.9799 0.1997
vn -0.2086 -0.9780 -0.0053
vn -0.0003 -1.0000 -0.0006
vn 0.0011 -0.1617 0.9868
vn -0.0083 -0.1609 0.9869
vn -0.2437 0.9694 0.0289
vn 0.0006 0.9993 0.0362
vn 0.9996 -0.0211 -0.0194
vn 0.0127 -0.0667 0.9977
vn 0.0211 -0.2002 0.9795
vn 0.0015 -0.2098 0.9777
vn 0.0293 -0.1750 0.9841
vn 0.0057 -0.2371 0.9715
vn -0.0115 -0.1878 0.9821
vn 0.0161 0.9720 -0.2343
vn 0.3204 0.9379 0.1329
vn 0.1938 0.9648 0.1779
vn -0.1628 0.9862 -0.0306
vn 0.0001 -1.0000 -0.0001
vn 0.0318 -0.1383 0.9899
vn 0.0045 -0.0519 0.9986
vn 0.0020 -0.1707 0.9853
vn 0.0028 -0.0143 0.9999
vn -0.0558 0.9812 0.1848
vn -0.0263 0.9910 0.1313
vn -0.0170 0.9993 0.0344
vn -0.0013 -0.0402 0.9992
vn -0.0028 0.2550 0.9669
vn 0.0059 -0.1547 0.9879
vn -0.0252 0.9980 0.0580
vn -0.2963 0.8615 0.4124
vn 0.1322 0.9737 0.1856
vn 0.0810 0.9868 0.1401
vn -0.0200 -0.9998 -0.0006
vn -0.0003 0.0887 0.9961
vn -0.0029 -0.1449 0.9894
vn -0.4386 0.8376 0.3255
vn -0.0058 0.9915 0.1302
vn -0.1166 0.9902 0.0765
vn 0.6373 0.7695 -0.0414
vn 0.0870 0.9949 0.0504
vn -0.0028 0.9990 0.0452
vn -0.2793 0.9591 0.0455
vn -1.0000 -0.0007 -0.0000
vn 0.0060 0.9874 0.1580
vn 0.0172 0.9462 0.3232
vn -0.2376 0.9672 0.0893
vn -0.1308 0.9828 0.1307
vn 0.0482 0.9985 -0.0252
vn 0.0225 0.9993 0.0294
vn 0.0267 -0.9996 -0.0002
vn 0.2854 0.9159 0.2821
vn 0.0405 0.9953 0.0883
vn 0.0976 0.9512 0.2929
vn 0.1949 0.9599 -0.2015
vn -0.1097 0.9931 0.0410
vn -0.0227 0.9997 0.0073
vn -0.0973 0.9487 -0.3008
vn -0.1063 0.9879 0.1133
vn 0.3609 0.9089 -0.2088
vn -0.0452 0.9745 0.2198
vn 0.3172 0.8859 -0.3384
vn 0.0753 0.9969 0.0212
vn -0.0804 0.9967 0.0135
vn 0.0981 0.9719 0.2138
vn 0.1440 0.9867 0.0761
vn 0.0553 0.9974 0.0453
vn 0.0402 0.9981 0.0470
vn -0.0495 0.9837 0.1731
vn -0.4068 0.9107 0.0711
vn -0.1801 0.9835 -0.0154
vn 0.0728 0.9971 -0.0229
vn 0.1281 0.9917 -0.0130
vn 0.0814 0.9665 -0.2433
vn 0.9362 -0.3514 -0.0035
vn -0.1423 0.9887 -0.0478
vn -0.0373 0.9956 0.0859
vn 0.0078 0.9981 0.0606
vn -0.0870 0.9767 -0.1964
vn 0.0012 1.0000 0.0015
vn -0.8458 -0.5335 0.0017
vn -0.1470 0.8516 -0.5031
vn -0.0620 0.9643 -0.2575
vn -0.2135 0.9671 0.1386
vn 0.1316 0.9894 0.0619
vn 0.0219 0.9595 -0.2809
vn -0.0626 0.9720 0.2267
vn 0.2575 0.9652 -0.0454
vn 0.1015 0.9885 -0.1119
vn 0.0440 0.9990 -0.0075
vn 0.0332 0.9150 0.4022
vn 0.1147 0.9856 0.1241
vn 0.2003 0.9797 -0.0051
vn 0.4043 0.8867 -0.2242
vn -0.0295 0.9994 -0.0160
vn -0.0543 0.9982 0.0264
vn 0.0834 0.9920 0.0944
vn 0.5191 0.8304 -0.2025
vn -0.3936 0.8859 0.2456
vn 0.0962 0.9466 0.3076
vn 0.0607 0.9979 0.0222
vn -0.2528 0.9532 0.1656
vn -0.0828 0.9889 -0.1237
vn 0.0923 0.9852 0.1443
vn -0.4191 0.9071 0.0390
vn -0.7030 0.6820 0.2017
vn 0.0864 0.9904 0.1077
vn 0.1908 0.9297 0.3152
vn 0.1944 0.9604 0.1996
vn -0.2286 0.9735 0.0004
vn 0.1800 0.9788 0.0975
vn -0.0825 0.9956 0.0432
vn -0.1074 0.9909 0.0813
vn -0.0265 0.9805 0.1950
vn -0.1878 0.9722 0.1401
vn 0.7385 0.6497 -0.1801
vn 0.3599 0.8904 -0.2788
vn -0.0515 0.9986 0.0081
vn -0.0340 0.9961 0.0809
vn -0.2146 0.9736 0.0774
vn -0.5990 0.6591 0.4547
vn 0.0038 0.9981 0.0618
vn -0.3187 0.9437 0.0887
vn 0.7234 0.6845 -0.0902
vn -0.0000 -1.0000 -0.0002
vn -0.4792 0.7875 0.3875
vn 0.2062 0.9785 -0.0018
vn 0.1334 0.9710 0.1984
vn 0.0254 0.9987 0.0445
vn -0.6022 0.7923 0.0982
vn -0.1842 0.9747 -0.1268
vn -0.0441 0.9989 0.0132
vn -0.0449 0.9990 -0.0037
vn 0.0865 0.9704 0.2256
vn -0.0480 0.9981 0.0389
vn -0.0016 0.9918 0.1280
vn 0.1068 0.9921 0.0660
vn -0.4489 0.8573 0.2519
vn 0.0640 0.9965 -0.0534
vn 0.9031 0.4294 -0.0026
vn -0.2382 0.9046 0.3536
vn 0.0152 0.9900 0.1405
vn 0.1460 0.9761 0.1611
vn 0.2510 0.9025 0.3500
vn -0.2981 0.9489 0.1039
vn 0.0137 0.9997 0.0180
vn 0.0099 1.0000 0.0013
vn 0.3093 0.9348 -0.1748
vn 0.1057 0.9269 -0.3602
vn -0.0077 0.9912 -0.1325
vn -0.0576 0.9982 -0.0165
vn -0.1627 0.9735 -0.1604
vn -0.9997 0.0248 0.0003
vn -0.6688 0.7349 0.1127
vn -0.1849 0.7723 0.6078
vn -0.0012 0.9867 0.1623
vn -0.0539 0.9982 0.0273
vn 0.0011 0.9986 0.0536
vn 0.0238 0.9997 0.0062
vn -0.0505 0.9971 -0.0562
vn 0.0340 0.9947 0.0973
vn 0.0389 0.9992 0.0032
vn -0.9833 -0.1818 -0.0005
vn -0.0057 0.9983 -0.0578
vn 0.1642 0.9863 0.0151
vn 0.0515 0.9966 -0.0646
vn 0.2686 0.9184 0.2905
vn 0.6500 0.7273 -0.2202
vn 0.0704 0.9968 -0.0372
vn -0.1122 0.9936 -0.0091
vn -0.0207 0.9960 -0.0864
vn 0.0308 0.9956 0.0880
vn 0.0662 0.9577 -0.2802
vn -0.0261 0.9989 0.0380
vn -0.2398 0.9708 -0.0001
vn 0.4534 0.8858 0.0987
vn 0.7949 0.6062 0.0234
vn 0.0735 0.9907 0.1143
vn 0.2375 0.9713 -0.0094
vn 0.1386 0.9838 0.1132
vn 0.0454 0.9960 -0.0770
vn -0.1290 0.9801 -0.1507
vn -0.4188 0.9031 0.0944
vn 0.0666 0.9976 0.0213
vn -0.1034 0.9944 -0.0200
vn -0.5978 0.7975 -0.0814
vn -0.1372 0.9905 0.0074
vn 0.0784 0.9943 0.0728
vn -0.0594 0.9022 0.4272
vn -0.0166 0.9992 -0.0358
vn -0.3680 0.9191 0.1411
vn -0.0454 0.9989 0.0126
vn -0.1221 0.9917 0.0411
vn -0.1172 0.9899 -0.0797
vn -0.1289 0.9834 -0.1276
vn 0.0293 0.9996 0.0052
vn 0.0661 0.9935 0.0927
vn -0.8171 0.5765 0.0086
vn -0.0680 0.9946 0.0787
vn 0.0360 0.9993 -0.0043
vn -0.0183 0.9975 -0.0689
vn -0.0004 0.9912 0.1327
vn -0.0476 0.9985 0.0272
vn 0.0792 0.9805 -0.1798
vn -0.0040 0.9912 0.1325
vn -0.1355 0.9903 -0.0322
vn -0.1720 0.9831 0.0622
vn -0.0391 0.9990 -0.0230
vn 0.0477 0.9989 0.0044
vn 0.1062 0.9779 0.1799
vn -0.1099 0.9920 0.0621
vn -0.0237 0.9991 0.0345
vn 0.0413 0.9991 0.0104
vn -0.2584 0.9660 -0.0054
vn -0.1876 0.9695 -0.1575
vn -0.1426 0.9895 0.0217
vn -0.1857 0.9579 0.2191
vn 0.0063 0.9995 0.0312
vn 0.0951 0.9936 0.0613
vn -0.9999 0.0142 -0.0002
vn 0.5223 0.8139 -0.2545
vn 0.0016 0.9467 0.3221
vn 0.1259 0.9779 0.1667
vn 0.0211 0.9994 0.0259
vn 0.0532 0.9986 -0.0038
vn -0.0222 0.9994 0.0276
vn 0.0928 0.9952 -0.0324
vn -0.0932 0.9903 -0.1029
vn 0.0034 0.9999 0.0165
vn -0.0248 0.9996 0.0127
vn -0.4186 0.9046 -0.0809
vn -0.0058 0.9990 0.0443
vn 0.3662 0.9302 0.0242
vn -0.0033 0.9994 0.0332
vn 0.0910 0.9879 0.1257
vn 0.7204 0.6695 0.1813
vn 0.0673 0.9961 0.0568
vn 0.1288 0.9769 0.1703
vn 0.0433 0.9988 -0.0247
vn -0.0159 0.9999 -0.0038
vn -0.1795 0.9827 -0.0448
vn 0.7135 0.6952 0.0876
vn 0.0392 0.9992 -0.0060
vn 0.9331 0.3587 -0.0245
vn -0.0918 0.9766 0.1944
vn -0.0572 0.9780 -0.2006
vn 0.0373 0.9989 -0.0287
vn -0.1165 0.9928 -0.0286
vn -0.3656 0.9071 0.2087
vn 0.0204 0.9983 0.0550
vn 0.0105 0.9972 0.0744
vn -0.0848 0.9960 0.0283
vn -0.0001 -1.0000 -0.0000
vn 0.0082 0.9999 0.0116
vn -0.0031 0.9998 0.0214
vn -0.1727 0.9850 -0.0037
vn -0.2394 0.9680 0.0759
vn 0.1552 0.9868 0.0464
vn -0.0761 0.9510 0.2995
vn 0.5549 0.8056 0.2078
vn 0.0418 0.9980 0.0475
vn -0.0497 0.9987 0.0109
vn 0.1591 0.9813 -0.1081
vn 0.7861 0.6181 0.0052
vn -0.3795 0.8874 -0.2617
vn -0.1021 0.9928 0.0625
vn 0.0356 0.9987 0.0372
vn 0.0422 0.9809 -0.1900
vn 0.0246 0.9983 -0.0527
vn 0.2085 0.9729 0.1004
vn 0.9861 -0.1637 -0.0290
vn -0.1069 0.9943 0.0010
vn 0.2202 0.9750 0.0287
vn 0.6021 0.7927 0.0958
vn -0.0148 0.9998 -0.0143
vn 0.0287 0.9966 -0.0768
vn -0.0349 0.9966 0.0751
vn 0.0370 0.9976 0.0589
vn 0.0418 0.9970 0.0656
vn 0.0320 0.9985 0.0455
vn 0.0318 0.9991 -0.0283
vn -0.0588 0.9977 -0.0344
vn 0.3229 0.9016 -0.2879
vn -0.3623 -0.9320 -0.0025
vn 0.0814 0.9966 -0.0101
vn -0.0975 0.9898 0.1035
vn -0.2377 0.9549 -0.1779
vn 0.9960 -0.0890 -0.0024
vn -0.0379 0.9984 0.0413
vn 0.0037 0.9993 0.0370
vn -0.0329 0.9994 0.0135
vn -0.0129 0.9994 -0.0335
vn -0.8929 -0.4502 -0.0081
vn -0.0320 0.9449 0.3258
vn -0.0078 0.9999 -0.0079
vn 0.0153 0.9987 0.0493
vn -0.1255 0.9875 -0.0948
vn -0.0190 0.9992 0.0363
vn -0.0493 0.9959 -0.0761
vn 0.1446 0.9614 -0.2339
vn 0.0710 0.9888 -0.1310
vn 0.0039 0.9988 0.0486
vn -0.0285 0.9994 -0.0187
vn -0.0452 0.8751 0.4818
vn 0.0806 0.9963 -0.0289
vn 0.0063 0.9910 -0.1340
vn -0.0292 0.9980 0.0567
vn -0.0908 0.9941 0.0598
vn 0.1959 0.9806 0.0069
vn 0.2175 0.9156 0.3381
vn -0.1149 0.9857 0.1235
vn -0.0283 0.9890 -0.1454
vn 0.0428 0.9974 -0.0586
vn 0.0630 0.9978 0.0195
vn -0.1206 0.9923 0.0289
vn -0.2735 0.9618 0.0130
vn -0.0809 0.9966 0.0177
vn -0.0160 0.9989 0.0436
vn -0.0442 0.9600 0.2763
vn -0.1977 0.9487 0.2468
vn 0.0357 0.9990 0.0280
vn -0.0184 0.9997 -0.0140
vn -0.0504 0.9897 -0.1342
vn -0.7661 0.6427 0.0009
vn -0.2164 0.9738 -0.0697
vn 0.1039 0.9930 0.0562
vn 0.0593 0.9956 -0.0719
vn 0.0001 -1.0000 0.0001
vn 0.2614 0.9479 -0.1822
vn -0.1386 0.9875 0.0754
vn -0.0065 0.9996 0.0268
vn 0.0078 0.9992 0.0388
vn -0.9945 -0.1048 -0.0078
vn -0.1608 0.9820 0.0993
vn 0.0174 0.9998 0.0042
vn 0.5728 0.8189 -0.0356
vn 0.0305 0.9984 -0.0486
vn -0.0621 0.9892 0.1324
vn 0.0625 0.9975 -0.0333
vn 0.8621 0.5065 -0.0131
vn -0.0000 -1.0000 -0.0003
vn 0.2482 0.8235 0.5101
vn -0.0902 0.9783 0.1866
vn 0.0310 0.9995 0.0066
vn -0.1879 0.9796 -0.0711
vn -0.0266 0.9996 0.0031
vn -0.4352 0.8971 0.0758
vn -0.3741 0.9075 -0.1912
vn -0.2027 0.9745 0.0962
vn -0.0255 0.9997 -0.0045
vn 0.0161 0.9961 -0.0867
vn -0.9879 -0.1551 0.0008
vn 0.1250 0.9404 0.3162
vn 0.0148 0.9997 0.0210
vn -0.0230 0.9995 -0.0223
vn 0.0136 0.9997 0.0219
vn -0.1814 0.9833 0.0147
vn -0.0880 0.9948 -0.0509
vn 0.1216 0.9734 -0.1939
vn 0.6724 0.7176 -0.1815
vn 0.0554 0.9728 0.2247
vn -0.0790 0.9946 0.0680
vn -0.2258 0.9696 -0.0937
vn -0.1832 0.9103 0.3711
vn -0.0594 0.9950 0.0808
vn 0.0722 0.9970 0.0272
vn 0.0153 0.9974 0.0711
vn 0.9995 -0.0221 -0.0217
vn -0.4497 0.8116 -0.3730
vn 0.0967 0.9952 -0.0146
vn 0.0228 0.9997 0.0068
vn 0.0038 0.9998 0.0171
vn -0.9999 -0.0135 0.0001
vn -0.0708 0.9887 -0.1319
vn -0.1760 0.9841 -0.0256
vn 0.6517 0.7549 0.0730
vn -0.1725 0.9617 0.2132
vn 0.0348 0.9991 0.0250
vn -0.0179 0.9998 -0.0069
vn -0.1679 0.9858 0.0029
vn 0.0271 0.9993 0.0269
vn -0.9984 -0.0570 0.0005
vn -0.1894 0.9789 0.0764
vn -0.2965 0.9386 -0.1765
vn -0.0085 -1.0000 -0.0003
vn 0.1307 0.9907 0.0386
vn 0.0192 0.9994 -0.0280
vn 0.6862 0.7266 0.0343
vn 0.1219 0.9920 -0.0337
vn -0.4371 0.8710 -0.2242
vn -0.1187 0.9835 0.1366
vn 0.0963 0.9946 0.0378
vn 0.0014 0.9999 0.0103
vn -0.1468 0.9890 -0.0197
vn -0.7088 -0.7054 0.0006
vn 0.9986 -0.0492 -0.0179
vn -0.0215 0.9997 -0.0078
vn -0.0230 0.9988 -0.0443
vn -0.0169 0.9999 0.0029
vn -0.0010 0.9974 -0.0717
vn -0.0043 0.9987 -0.0505
vn 0.0125 0.9987 0.0491
vn -0.5090 0.8605 0.0226
vn 0.1119 0.9930 0.0378
vn -0.0142 0.9999 -0.0057
vn 0.0079 0.9984 0.0555
vn 0.0275 0.9995 -0.0170
vn -0.0115 0.9863 0.1644
vn -0.0202 0.9989 0.0419
vn -0.9949 -0.0066 0.1010
vn 0.0539 0.9944 0.0907
vn 0.6348 0.7721 -0.0294
vn 0.0228 0.9997 -0.0122
vn 0.0959 0.9954 -0.0048
vn -0.0031 1.0000 -0.0006
vn 0.0150 0.9995 -0.0288
vn 0.2184 0.9732 -0.0720
vn -0.0229 0.9996 -0.0142
vn 0.0013 1.0000 -0.0018
vn 0.0440 0.9990 0.0048
vn 0.0543 0.9985 0.0079
vn 0.9988 -0.0487 -0.0087
vn 0.1924 0.9782 -0.0778
vn 0.0240 0.9160 0.4005
vn 0.0218 0.9997 0.0079
vn 0.0336 -0.9991 -0.0273
vn -0.1736 0.9840 0.0411
vn -0.1288 0.9835 0.1274
vn -0.9217 -0.3878 0.0027
vn 0.0639 0.9979 -0.0121
vn -0.0226 0.9997 -0.0093
vn 0.0039 0.9987 0.0513
vn -0.0877 0.9943 0.0610
vn 0.0329 0.9898 0.1387
vn 0.5381 0.8399 0.0708
vn 0.0143 0.9998 -0.0139
vn 0.0601 0.9979 0.0232
vn 0.0171 0.9973 -0.0719
vn -0.0047 1.0000 -0.0047
vn -0.3711 0.9071 0.1984
vn -0.3482 0.9272 0.1383
vn 0.0118 0.9995 0.0306
vn -0.0533 0.9981 0.0323
vn -0.2004 0.9769 0.0741
vn -0.0887 0.9945 0.0554
vn 0.4198 0.8955 0.1476
vn -0.4684 0.8696 -0.1560
vn 0.0119 0.9999 -0.0103
vn -0.0096 0.9996 0.0274
vn -0.1472 0.9885 -0.0331
vn 0.0140 0.9996 -0.0231
vn -0.2632 0.9630 0.0578
vn 0.9509 0.3096 -0.0005
vn -0.4493 0.8891 -0.0874
vn 0.0017 0.9998 0.0185
vn 0.9980 -0.0618 -0.0138
vn -0.1620 0.9835 0.0799
vn -0.0327 0.9994 -0.0066
vn -0.0295 0.9995 -0.0111
vn -0.0091 0.9997 -0.0208
vn -0.9813 -0.1922 0.0070
vn -0.0717 0.9969 0.0329
vn 0.0784 0.9967 -0.0200
vn 0.0259 0.9990 0.0353
vn -0.8505 -0.5260 -0.0052
vn -0.0023 0.9981 -0.0618
vn 0.0158 0.9997 -0.0210
vn -0.0400 0.9969 -0.0683
vn 0.0157 0.9999 -0.0070
vn -0.0416 0.9795 0.1970
vn 0.3823 0.9234 0.0347
vn -0.2179 0.9750 -0.0439
vn 0.0110 0.9999 -0.0056
vn -0.4588 0.8780 -0.1369
vn 0.0057 0.9998 0.0198
vn -0.0972 0.9161 -0.3891
vn 0.0305 0.9994 -0.0168
vn 0.0371 0.9993 0.0106
vn 0.0134 0.9999 -0.0013
vn 0.0560 0.9983 -0.0133
vn 0.0174 0.9998 -0.0106
vn 0.0368 0.9970 0.0677
vn -0.1213 0.9918 0.0393
vn -0.0396 0.9988 -0.0302
vn -0.1241 0.9922 0.0105
vn 0.6303 0.7676 -0.1165
vn -0.7446 0.6675 0.0043
vn 0.0393 0.9990 -0.0189
vn 0.2767 0.9576 0.0800
vn -0.0287 0.9974 -0.0658
vn -0.3106 0.9113 0.2703
vn 0.0359 0.9993 0.0051
vn 0.0240 0.9994 -0.0250
vn -0.0049 0.9997 -0.0252
vn -0.0004 0.9980 -0.0632
vn -0.0053 1.0000 -0.0019
vn -0.9779 -0.2089 0.0039
vn 0.0574 0.9978 0.0329
vn -0.0311 0.9995 -0.0032
vn -0.2661 0.9625 -0.0534
vn 0.0043 1.0000 -0.0027
vn 0.0088 0.9999 0.0121
vn -0.0862 0.9907 -0.1048
vn 0.1250 0.9921 -0.0071
vn -0.1315 0.9911 0.0210
vn -0.0161 0.9845 0.1748
vn -0.1049 0.9775 0.1831
vn -0.1486 0.9827 0.1103
vn 0.0459 0.9989 0.0085
vn -0.0855 0.9951 0.0488
vn 0.8114 0.5750 0.1045
vn -0.0706 0.9957 -0.0608
vn 0.0244 0.9990 -0.0384
vn 0.0081 0.9996 0.0274
vn 0.0096 0.9999 -0.0061
vn 0.9692 -0.2450 0.0236
vn -0.0001 -1.0000 -0.0001
vn 0.0396 0.9991 -0.0140
vn -0.0535 0.9974 -0.0478
vn -0.2217 0.9228 0.3150
vn 0.0776 0.9969 0.0149
vn -0.2032 0.9462 0.2518
vn -0.1506 0.9849 0.0851
vn -0.0029 0.9996 0.0270
vn -0.0089 0.9998 -0.0167
vn 0.0222 0.9997 -0.0118
vn -0.9539 -0.3002 0.0001
vn -0.0986 0.9950 -0.0144
vn -0.2248 0.9741 0.0255
vn 0.0240 0.9996 0.0165
vn 0.0491 0.9988 -0.0008
vn -0.7982 -0.6024 0.0047
vn -0.9952 0.0080 0.0971
vn 0.2170 0.9341 0.2835
vn -0.1873 0.9455 0.2663
vn -0.0063 0.9999 -0.0107
vn -0.0117 0.9899 0.1409
vn 0.0765 0.9765 0.2014
vn -0.0030 0.9999 0.0130
vn -0.1413 0.9899 -0.0136
vn -0.0078 0.9996 0.0289
vn -0.8628 0.5055 0.0064
vn -0.0052 0.9998 -0.0168
vn 0.9974 -0.0691 -0.0208
vn -0.1005 0.9249 0.3668
vn 0.0317 0.9994 0.0141
vn 0.0433 0.9990 -0.0067
vn 0.6335 0.7669 0.1023
vn 0.0089 1.0000 -0.0003
vn -0.1218 0.9914 0.0483
vn -0.2905 0.9567 -0.0190
vn 0.0540 0.9983 0.0238
vn 0.0223 0.9995 0.0212
vn 0.0358 0.9993 0.0073
vn -0.0044 1.0000 0.0001
vn -0.0042 0.9573 0.2891
vn 0.0343 0.9994 -0.0096
vn 0.0092 0.9995 0.0308
vn -0.1246 0.9866 0.1050
vn -0.9988 -0.0495 0.0012
vn -0.0206 0.9982 -0.0565
vn 0.0397 0.9992 -0.0049
vn 0.0227 0.9997 -0.0131
vn -0.3416 -0.9398 0.0087
vn -0.1554 0.9862 0.0571
vn -0.0419 0.9807 0.1911
vn 0.0495 0.9985 -0.0234
vn -0.0251 0.9996 -0.0126
vn -0.1503 0.9864 -0.0666
vn -0.0108 0.9999 -0.0010
vn 0.0495 0.9952 0.0845
vn -0.0586 0.9947 0.0845
vn -0.0222 0.9997 0.0035
vn 0.1592 0.9574 0.2409
vn -0.1525 0.9873 -0.0441
vn 0.0137 0.9999 -0.0085
vn -0.3751 0.9239 0.0757
vn -0.0418 0.9991 0.0004
vn 0.0146 0.9999 -0.0028
vn -0.1052 0.9944 -0.0121
vn -0.0357 0.9981 -0.0506
vn 0.0380 0.9992 -0.0132
vn 0.0931 0.9804 0.1736
vn 0.9950 -0.1003 -0.0035
vn 0.0204 0.9998 -0.0086
vn -0.0623 0.9976 -0.0291
vn 0.9984 -0.0542 -0.0182
vn -0.0109 0.9998 -0.0173
vn -0.0522 0.9985 0.0177
vn -0.0304 0.9964 -0.0794
vn 0.0435 0.9977 0.0525
vn 0.9027 0.4276 0.0475
vn 0.0080 0.9999 -0.0078
vn 0.0481 0.9988 0.0074
vn 0.9991 -0.0423 -0.0084
vn 0.0416 0.9987 0.0306
vn -0.0210 0.9977 0.0644
vn -0.1296 0.9916 0.0003
vn -0.8876 -0.4605 0.0011
vn -0.0344 0.9986 -0.0396
vn -0.0297 0.9995 0.0108
vn 0.0801 0.9961 -0.0368
vn 0.1246 0.9912 0.0454
vn -0.9381 0.0450 0.3434
vn 0.0001 -1.0000 -0.0021
vn 0.0094 0.9997 0.0211
vn -0.0453 0.9957 0.0809
vn 0.0454 0.9990 0.0059
vn -0.0577 0.9981 -0.0229
vn 0.0467 0.9988 0.0121
vn 0.0061 0.9997 -0.0247
vn -0.3486 0.9352 -0.0620
vn -0.1418 0.9892 0.0365
vn 0.0353 0.9990 -0.0256
vn 0.0221 0.9996 -0.0187
vn -0.2356 0.9516 0.1974
vn -0.1868 0.9817 0.0371
vn -0.6581 0.7523 -0.0307
vn -0.0054 0.9980 0.0631
vn 0.9024 0.4078 0.1390
vn 0.0040 0.9999 0.0113
vn 0.1289 0.9864 0.1017
vn 0.0091 0.9998 0.0180
vn 0.0504 0.9987 0.0107
vn 0.0266 0.9996 0.0069
vn -0.2370 0.9681 -0.0808
vn -0.9983 -0.0588 -0.0026
vn 0.0536 0.9984 0.0177
vn -0.0247 0.9992 0.0322
vn 0.0157 0.9998 -0.0083
vn -0.0090 0.9999 -0.0093
vn 0.0161 0.9998 -0.0101
vn 0.0312 0.9994 0.0154
vn -0.0099 0.9999 -0.0110
vn 0.9965 0.0656 0.0511
vn -0.0049 0.9996 0.0285
vn -0.0221 0.9997 0.0089
vn -0.0326 0.9994 0.0120
vn -0.0308 0.9995 -0.0037
vn -0.0108 0.9999 -0.0124
vn -0.0069 1.0000 -0.0048
vn 0.5604 0.7813 0.2749
vn 0.0275 0.9994 0.0205
vn 0.0243 0.9997 -0.0085
vn -0.0144 0.9999 0.0059
vn -0.2719 -0.9617 -0.0343
vn 0.0791 0.9965 -0.0258
vn -0.8193 0.0035 0.5733
vn 0.0178 0.9998 -0.0085
vn 0.0238 0.9997 -0.0055
vn 0.0097 1.0000 -0.0019
vn 0.0102 0.9999 0.0047
vn -0.3086 0.9487 -0.0681
vn 0.3092 0.9510 -0.0075
vn -0.0168 0.9997 0.0188
vn -0.0088 0.9999 0.0090
vn -0.0274 0.9985 0.0474
vn 0.0242 0.9997 -0.0037
vn 0.0294 0.9993 -0.0210
vn -0.1661 0.9847 -0.0518
vn -0.9583 -0.2857 -0.0035
vn 0.0616 0.9973 0.0409
vn -0.6485 0.7609 -0.0206
vn -0.0002 -0.9997 -0.0245
vn -0.0465 0.9975 0.0535
vn 0.0216 0.9996 -0.0181
vn 0.0190 0.9995 0.0255
vn 1.0000 0.0086 -0.0049
vn 0.0105 0.9993 0.0363
vn 0.0310 0.9995 -0.0017
vn 0.8635 0.5017 -0.0519
vn 0.0534 0.9983 0.0238
vn -0.0084 0.9999 0.0077
vn -0.8862 0.4628 0.0226
vn -0.0251 0.9996 -0.0128
vn 0.9994 -0.0258 -0.0243
vn 0.0127 0.9996 -0.0246
vn -0.3209 0.9471 -0.0078
vn 0.6594 0.7487 0.0685
vn 0.1094 0.9940 0.0030
vn 0.0339 0.9988 -0.0355
vn -0.8931 -0.4499 0.0020
vn 0.0025 0.9996 0.0269
vn 0.0336 0.9992 -0.0211
vn 0.0465 0.9989 -0.0053
vn 0.0260 0.9996 -0.0076
vn -0.0095 0.9986 0.0520
vn 0.0186 0.9997 0.0138
vn -0.0098 0.9996 0.0247
vn 0.1757 0.9842 -0.0227
vn 0.0061 0.9997 0.0218
vn -0.0211 0.9997 -0.0116
vn 0.9814 0.1452 -0.1253
vn 0.0149 0.9999 0.0075
vn -0.0063 0.9995 0.0308
vn 0.2126 0.9769 -0.0207
vn 0.1345 0.9880 -0.0764
vn 0.0043 0.9997 -0.0223
vn 0.9938 0.1078 -0.0286
vn 0.0117 0.9995 0.0288
vn -0.1456 -0.9893 -0.0095
vn -0.3556 0.9340 0.0347
vn 0.9974 -0.0696 -0.0171
vn 0.0579 0.9983 0.0049
vn -0.2655 0.9614 0.0725
vn 0.0417 0.9990 -0.0162
vn 0.0217 0.9992 -0.0349
vn -0.0022 -0.9987 -0.0503
vn -0.0689 0.9732 0.2195
vn 0.0162 0.9971 0.0738
vn 0.0133 0.9999 -0.0030
vn 0.0037 0.9984 0.0572
vn -0.0352 0.9973 0.0638
vn -0.6410 0.7674 -0.0137
vn 0.0061 0.9989 0.0458
vn 0.9976 -0.0432 -0.0540
vn 0.0069 0.9999 -0.0078
vn 0.0306 0.9989 -0.0366
vn 0.1861 0.9820 -0.0327
vn -0.0054 0.9999 0.0119
vn 0.9979 -0.0092 -0.0646
vn 0.0008 -0.9998 -0.0213
vn 0.6329 0.7664 -0.1099
vn 0.0006 0.9994 0.0351
vn -0.4252 0.9035 -0.0532
vn 0.0203 0.9994 -0.0294
vn 0.0187 0.9992 0.0358
vn 0.1675 0.9815 0.0929
vn -0.3954 0.9185 0.0036
vn -0.7047 -0.7095 -0.0000
vn 0.8240 -0.0393 0.5652
vn -0.2420 0.9588 -0.1489
vn -0.0544 0.9982 0.0258
vn 0.1418 0.9860 0.0874
vn 0.0571 0.9983 -0.0107
vn -0.8934 -0.1461 0.4249
vn -0.0035 -0.9941 -0.1081
vn 0.0035 -0.9973 -0.0730
vn 0.0078 0.9984 0.0553
vn 0.9017 -0.1132 0.4172
vn 0.0027 -0.9720 -0.2351
vn -0.0028 -0.9892 -0.1464
vn 0.0183 0.9993 0.0339
vn 0.9967 -0.0705 -0.0401
vn -0.1078 0.9731 0.2035
vn -0.5065 -0.8620 -0.0203
vn -0.2174 0.9750 0.0451
vn -0.0077 0.9947 0.1024
vn -0.0481 0.9850 0.1655
vn 0.0076 0.9961 0.0882
vn -0.5733 0.6755 0.4636
vn 0.9273 -0.2838 -0.2442
vn 0.0070 -0.7846 -0.6200
vn 0.9661 0.1302 0.2227
vn 0.9872 0.1479 -0.0590
vn -0.0068 -0.7123 -0.7018
vn 0.0032 -0.8029 -0.5961
vn -0.0119 -0.7519 -0.6592
vn -0.0653 0.9857 0.1556
vn 0.0226 0.9443 0.3282
vn -0.0146 0.9976 0.0683
vn -0.7281 0.3939 -0.5610
vn -0.0003 -0.1841 -0.9829
vn -0.0005 -0.0787 -0.9969
vn 0.0072 0.9873 0.1585
vn -0.0264 -0.0438 0.9987
vn -0.3326 -0.9381 -0.0965
vn -0.0260 -0.0318 -0.9992
vn 0.0010 -0.0565 -0.9984
vn 0.4690 0.0939 0.8782
vn -0.7753 -0.6185 0.1283
vn -0.0477 -0.1666 0.9849
vn -0.0596 0.0138 0.9981
vn -0.0492 0.0594 0.9970
vn 0.0513 -0.0905 -0.9946
vn -0.0011 -0.0478 -0.9989
vn -0.0001 0.0046 -1.0000
vn 0.0163 -0.0062 -0.9998
vn 0.0025 -0.0027 -1.0000
vn -0.0017 0.0076 -1.0000
vn -0.0001 -0.0020 -1.0000
vn 0.0003 0.0238 -0.9997
vn 0.0005 -0.0077 -1.0000
vn 0.0002 -0.0016 -1.0000
vn -0.0021 -0.0064 -1.0000
vn -0.0001 -0.0011 -1.0000
vn 0.0016 -0.0159 -0.9999
vn -0.0005 0.0041 -1.0000
vn 0.0230 -0.0278 -0.9993
vn -0.0010 -0.0034 -1.0000
vn 0.0006 0.0624 -0.9981
vn 0.0198 0.0605 -0.9980
vn 0.0251 -0.0044 -0.9997
vn -0.0002 0.0435 -0.9991
vn -0.0003 -0.0060 -1.0000
vn 0.0001 -0.0647 -0.9979
vn 0.0001 -0.0010 -1.0000
vn -0.0001 -0.0483 -0.9988
vn -0.1031 -0.1978 0.9748
vn 0.0957 -0.4655 0.8798
vn -0.0277 -0.8561 0.5160
vn -0.0058 -0.3915 0.9201
vn -0.1218 0.0066 0.9925
vn 0.1065 -0.0972 0.9896
vn -0.0084 -0.0303 0.9995
vn 0.1729 -0.1333 0.9759
vn -0.0096 0.0401 0.9991
vn -0.1682 0.0233 0.9855
vn -0.0412 0.0557 0.9976
vn -0.0515 0.0243 0.9984
vn -0.0732 0.2844 0.9559
vn -0.0471 0.9185 0.3926
vn -0.9258 0.3678 -0.0875
vn -0.8723 -0.4626 -0.1582
vn 0.9883 0.0963 -0.1185
vn 0.6775 -0.7332 -0.0584
vn 0.9992 -0.0219 -0.0345
vn 0.0395 0.0015 -0.9992
vn 0.0032 0.0017 -1.0000
vn -0.0004 0.0002 -1.0000
vn -0.0017 -0.0006 -1.0000
vn 0.0002 -0.0484 -0.9988
vn -0.0308 -0.0011 -0.9995
vn -0.9990 0.0004 -0.0451
vn -0.0003 -0.0201 -0.9998
vn -0.9513 -0.0389 -0.3058
vn -0.4230 0.0009 -0.9061
vn 0.7898 0.0176 -0.6131
vn -0.0151 0.0299 -0.9994
vn -0.0106 -0.0405 -0.9991
vn 0.0200 -0.9802 -0.1969
vn 0.0001 -0.9998 -0.0193
vn -0.0129 -0.1022 0.9947
vn 0.0754 -0.9102 0.4073
vn -0.0197 -0.1237 0.9921
vn 0.2154 -0.3786 0.9002
vn 0.0210 -0.5543 0.8321
vn -0.1437 -0.8239 0.5481
vn -0.0286 -0.0037 0.9996
vn -0.0368 0.0720 0.9967
vn -0.0912 0.2691 0.9588
vn -0.2498 0.8487 0.4662
vn -0.1527 0.9755 -0.1581
vn -0.9996 -0.0215 -0.0172
vn -0.9987 0.0406 -0.0304
vn -0.0002 -0.9996 -0.0291
vn -0.5894 -0.8076 -0.0202
vn 0.0330 -0.9601 0.2777
vn -0.0159 -0.2249 0.9743
vn 0.0269 -0.8431 0.5370
vn -0.1796 -0.6499 0.7385
vn -0.0385 0.0679 0.9970
vn 0.0550 0.1010 0.9934
vn 0.0679 0.7321 0.6778
vn -0.0769 0.1363 0.9877
vn 0.0279 0.9144 0.4040
vn 0.0336 0.8441 0.5351
vn 0.3905 0.8979 0.2034
vn 0.9987 -0.0480 -0.0142
vn 0.0262 -0.9913 0.1290
vn -0.1146 -0.5729 0.8116
vn -0.0270 -0.2752 0.9610
vn -0.0631 -0.9478 0.3125
vn -0.0356 0.0132 0.9993
vn -0.0480 0.0609 0.9970
vn -0.0725 0.1466 0.9865
vn -0.3070 0.9406 0.1446
vn 0.1540 0.9431 0.2947
vn 0.0219 0.9875 0.1563
vn 0.0454 -0.9945 0.0939
vn -0.0682 -0.5105 0.8572
vn -0.0320 -0.6136 0.7890
vn 0.0146 -0.6067 0.7948
vn -0.0332 -0.0583 0.9977
vn -0.0554 0.0951 0.9939
vn -0.1376 0.7573 0.6384
vn -0.1586 0.6810 0.7149
vn -0.0364 0.9505 0.3087
vn -0.3086 0.9301 0.1991
vn 0.9578 0.1946 -0.2117
vn 0.0156 0.8369 0.5471
vn -0.0139 -0.9168 0.3992
vn -0.0390 -0.1952 0.9800
vn 0.0890 -0.7523 0.6528
vn -0.0331 0.0757 0.9966
vn -0.0972 0.8189 0.5657
vn 0.0367 0.8491 0.5270
vn 0.3115 0.9063 0.2857
vn -0.0305 0.9710 0.2372
vn -1.0000 -0.0009 -0.0010
vn 1.0000 -0.0002 -0.0005
vn -0.0001 -1.0000 -0.0004
vn 0.1450 -0.9407 0.3066
vn -0.0312 -0.9653 0.2592
vn -0.0420 0.0024 0.9991
vn -0.0317 0.0564 0.9979
vn -0.0345 0.0785 0.9963
vn -0.0308 0.0731 0.9969
vn -0.0511 0.7401 0.6705
vn 0.0379 0.8005 0.5981
vn -0.1762 0.8475 0.5007
vn -0.4284 0.8935 0.1348
vn -0.0000 -1.0000 -0.0008
vn -0.0051 0.9205 0.3906
vn 0.0011 0.8483 0.5296
vn -0.0876 0.6739 0.7336
vn -0.0123 -0.4617 0.8870
vn -0.0362 -0.1574 0.9869
vn 0.0060 0.7601 0.6497
vn -0.1322 0.7015 0.7003
vn 0.0237 0.9188 0.3940
vn -0.0697 0.9468 0.3140
vn 0.0874 0.9452 0.3144
vn -0.5016 0.8089 0.3067
vn -0.1955 0.8897 0.4125
vn -0.0634 0.3095 0.9488
vn -0.0230 -0.8253 0.5643
vn -0.0290 -0.9698 0.2423
vn -0.0334 -0.1241 0.9917
vn -0.0254 0.0405 0.9989
vn -0.0301 0.0432 0.9986
vn -0.0508 0.5020 0.8634
vn -0.0513 0.8785 0.4750
vn -0.0671 0.9308 0.3594
vn -0.2201 0.9355 0.2765
vn -0.3684 0.8849 0.2852
vn -0.0320 -0.8107 0.5846
vn -0.0024 -0.8971 0.4419
vn -0.0225 0.1972 0.9801
vn -0.0183 0.0895 0.9958
vn -0.0768 0.5387 0.8390
vn -0.1915 0.8753 0.4440
vn 0.0700 0.8780 0.4736
vn -0.1975 0.7994 0.5674
vn 0.0737 0.9969 -0.0264
vn 0.2711 0.9625 -0.0138
vn -0.0249 -0.9997 -0.0003
vn 0.0189 -0.0133 0.9997
vn -0.0098 0.1815 0.9833
vn 0.0459 -0.4861 0.8727
vn 0.0349 -0.7572 0.6523
vn 0.0290 -0.3769 0.9258
vn -0.0520 -0.0115 0.9986
vn -0.0386 0.0133 0.9992
vn -0.0516 0.0114 0.9986
vn -0.0316 0.0989 0.9946
vn 0.0095 0.3515 0.9361
vn -0.1202 0.5290 0.8400
vn -0.0111 0.7771 0.6292
vn 0.0058 0.8800 0.4750
vn -0.0423 0.9616 0.2713
vn -0.3169 0.9461 0.0676
vn -0.1857 0.9305 0.3157
vn 0.2440 0.8773 -0.4134
vn 0.2163 0.9758 -0.0331
vn 0.9987 -0.0516 0.0020
vn 0.0066 0.9937 0.1118
vn 0.0048 0.1145 0.9934
vn -0.0204 0.1528 0.9881
vn -0.0623 -0.0114 0.9980
vn -0.0329 -0.0369 0.9988
vn 0.0008 0.3026 0.9531
vn -0.0914 0.8096 0.5798
vn -0.1835 0.9580 0.2205
vn 0.0831 0.0050 0.9965
vn -0.0000 0.4318 0.9020
vn -0.0246 0.0229 0.9994
vn -0.0385 -0.7032 0.7100
vn 0.0299 -0.4705 0.8819
vn -0.0252 0.0372 0.9990
vn 0.0314 0.4932 0.8693
vn -0.1229 0.8927 0.4335
vn 0.9117 -0.0849 -0.4021
vn 0.9604 0.2776 -0.0244
vn -0.2224 0.9567 -0.1877
vn -0.8669 -0.4980 0.0237
vn 0.4123 -0.9110 -0.0011
vn -0.0307 0.2119 0.9768
vn -0.0168 -0.0959 0.9952
vn -0.0383 -0.0874 0.9954
vn -0.1054 0.0755 0.9916
vn -0.0065 0.0289 0.9996
vn -0.0620 0.2654 0.9621
vn -0.2953 0.7908 0.5362
vn -0.0859 0.8659 0.4928
vn 0.0238 0.8786 0.4770
vn -0.2454 0.8893 0.3859
vn 0.0089 0.9278 0.3731
vn -0.0218 0.9423 0.3341
vn -0.1115 0.9410 0.3194
vn -0.1083 0.9289 0.3543
vn 0.0318 -0.0543 0.9980
vn -0.1130 0.0366 0.9929
vn 0.0253 -0.8445 0.5349
vn -0.0681 0.0190 0.9975
vn -0.0561 -0.0920 0.9942
vn -0.0410 0.0208 0.9989
vn -0.0471 0.1645 0.9852
vn -0.0742 0.9967 -0.0320
vn -0.0826 0.1199 0.9893
vn 0.0300 0.8766 0.4802
vn -0.2862 0.9389 -0.1909
vn 0.2045 0.7693 0.6053
vn 0.1148 0.8694 0.4805
vn -0.1499 0.8889 0.4328
vn 0.0971 0.9329 0.3469
vn 0.0307 0.9690 0.2452
vn -0.0661 0.9789 0.1934
vn 0.0239 0.9891 -0.1455
vn -0.0275 0.1415 0.9896
vn 0.0611 -0.0898 0.9941
vn -0.0633 -0.0027 0.9980
vn -0.0216 0.9973 0.0708
vn -0.4318 0.8549 0.2876
vn 0.0761 0.8428 0.5328
vn -0.5079 0.8564 -0.0927
vn -0.3305 0.6254 0.7069
vn 0.7037 0.5877 0.3993
vn -0.2872 0.9206 -0.2647
vn 0.9892 0.0381 -0.1412
vn -0.0190 0.9316 0.3631
vn 0.0081 0.9782 0.2074
vn -0.0114 0.9795 0.2011
vn -0.0127 0.8640 -0.5033
vn -0.2003 0.9482 0.2465
vn -0.2586 0.9607 -0.1012
vn -0.5120 0.7108 0.4822
vn -0.2046 0.9766 0.0667
vn -0.1380 0.9668 0.2152
vn 0.0606 0.9845 0.1644
vn -0.3425 0.9230 -0.1754
vn 0.0644 0.9805 -0.1858
vn 0.0035 0.1133 0.9936
vn 0.0456 0.9990 -0.0025
vn -0.2162 0.9595 0.1808
vn 0.1072 0.8590 0.5007
vn 0.0287 0.9352 0.3529
vn -0.0443 0.9533 0.2987
vn -0.0257 0.9875 0.1553
vn 0.0091 0.9918 0.1272
vn 0.2866 0.9220 -0.2605
vn -0.1939 0.9779 0.0777
vn 0.1492 0.9883 0.0312
vn -0.0272 0.9331 0.3585
vn -0.0780 0.9505 0.3008
vn 0.0193 -0.9998 -0.0008
vn -0.2000 0.9436 0.2639
vn -0.1679 0.9588 0.2290
vn 0.9707 -0.0526 -0.2343
vn -0.3269 0.9170 0.2286
vn 0.0441 0.9852 0.1657
vn -0.1769 0.9674 0.1811
vn -0.2928 0.9537 -0.0690
vn 0.9998 -0.0212 0.0002
vn -0.2226 0.9736 -0.0510
vn -0.2784 0.9032 0.3267
vn -0.0666 0.9043 0.4216
vn 0.0460 0.9862 0.1593
vn -0.0610 0.9549 -0.2906
vn 0.2046 0.9659 -0.1586
vn -0.0784 0.9626 -0.2593
vn 0.0289 0.9557 0.2929
vn -0.3862 0.8014 0.4566
vn -0.0446 0.9920 0.1184
vn -0.0287 0.9886 0.1479
vn -0.0312 0.9985 -0.0460
vn 0.3150 0.9401 -0.1303
vn 0.4160 0.8906 -0.1839
vn -0.2684 0.9243 0.2714
vn -0.0030 0.8645 0.5026
vn 0.0088 0.9923 0.1233
vn -0.0072 0.9988 -0.0482
vn -0.0841 0.9575 0.2758
vn -0.0298 0.9875 0.1545
vn -0.1474 0.9822 0.1163
vn -0.1524 0.9840 -0.0921
vn -0.3743 0.9156 -0.1469
vn 0.8622 0.4347 0.2600
vn -0.0188 0.9629 0.2691
vn 0.1172 0.9870 0.1096
vn -0.2246 0.9706 -0.0864
vn 0.0358 0.9651 0.2593
vn 0.0866 0.9605 0.2643
vn -0.0551 0.9943 -0.0911
vn -0.9991 0.0431 -0.0023
vn 0.4683 0.8098 0.3535
vn -0.1936 0.9238 0.3302
vn -0.0787 0.9783 0.1919
vn -0.0794 0.9919 0.0993
vn 0.4875 0.8731 0.0120
vn -0.3515 0.9115 0.2136
vn -0.0292 0.9918 0.1242
vn -0.0753 0.9916 0.1047
vn -0.1849 0.9794 -0.0812
vn -0.0011 1.0000 -0.0055
vn -0.8676 0.4972 0.0042
vn 0.2916 -0.9565 0.0008
vn 0.9938 0.0686 0.0875
vn -0.0340 0.9585 0.2830
vn -0.0005 0.9746 0.2240
vn -0.2016 0.9688 0.1439
vn -0.1447 0.9864 0.0780
vn -0.5652 0.8244 -0.0296
vn -0.2027 0.9769 -0.0673
vn 0.6497 0.7580 -0.0575
vn -0.1152 0.9713 0.2082
vn -0.2598 0.8233 0.5047
vn -0.0950 0.7627 0.6397
vn -0.2977 0.7876 0.5396
vn -0.0333 0.9873 0.1550
vn -0.1165 0.9713 0.2074
vn 0.0432 0.9961 0.0769
vn -0.0281 0.9994 0.0198
vn -0.1074 0.8736 0.4747
vn 0.1281 0.9916 -0.0180
vn -0.1485 0.9864 0.0702
vn -0.2066 0.7965 0.5682
vn -0.3476 0.7976 0.4930
vn 0.0214 0.9865 0.1625
vn -0.0099 0.9966 0.0820
vn 0.1205 0.9841 -0.1305
vn -0.1262 0.9083 0.3989
vn -0.0589 0.9783 0.1986
vn -0.0614 0.9876 0.1445
vn 0.4428 0.8966 -0.0095
vn 0.6497 -0.7594 0.0357
vn -0.0735 0.9076 0.4134
vn -0.1948 0.8509 0.4878
vn 0.0538 0.9735 0.2221
vn -0.0023 0.9838 0.1795
vn -0.0906 0.9907 0.1016
vn 0.0823 0.9912 -0.1035
vn -0.0596 0.9880 -0.1423
vn -0.2166 0.8837 0.4149
vn -0.2634 0.8632 0.4307
vn -0.0912 0.9557 0.2798
vn 0.0288 0.9817 0.1881
vn -0.0713 0.9963 0.0481
vn 0.1802 0.9780 -0.1054
vn 0.8530 0.4771 0.2115
vn 0.0075 0.8628 0.5054
vn 0.0345 0.9803 0.1943
vn 0.1281 0.8538 0.5046
vn -0.2907 0.8803 0.3749
vn 0.0366 0.9918 0.1226
vn 0.0396 0.9964 0.0745
vn -0.2438 0.6935 0.6780
vn -0.6576 0.7341 -0.1692
vn -0.1993 0.9783 0.0561
vn 0.1216 0.9896 -0.0773
vn 0.0622 0.9902 -0.1247
vn -0.9961 -0.0884 0.0042
vn -0.0239 0.9815 0.1897
vn -0.1378 0.9872 0.0802
vn -0.0288 0.9492 -0.3133
vn -0.0767 0.9957 0.0526
vn -0.0359 0.9980 -0.0529
vn 0.9926 0.1169 0.0335
vn -0.8721 0.4802 0.0947
vn -0.0274 0.9881 0.1511
vn -0.0759 0.9932 0.0877
vn -0.0727 0.9957 0.0571
vn -0.0462 0.9499 0.3092
vn -0.9983 -0.0587 -0.0014
vn 0.2206 0.9491 0.2248
vn -0.0497 0.9920 0.1160
vn -0.1710 0.9783 0.1167
vn 0.4658 0.8601 0.2079
vn 0.0965 0.9905 0.0981
vn -0.2482 0.9656 -0.0781
vn 0.4447 0.8908 -0.0937
vn -0.0794 0.8858 0.4573
vn -0.2436 0.8778 0.4124
vn -0.2047 0.8525 0.4810
vn 0.0074 0.9856 0.1689
vn -0.0180 0.9925 0.1207
vn 0.9373 0.3304 0.1109
vn -0.0809 0.9874 0.1357
vn -0.1226 0.9897 0.0744
vn -0.0389 0.9973 0.0626
vn 0.0161 0.9845 -0.1747
vn 0.9867 0.1590 -0.0341
vn 0.4791 0.8769 -0.0379
vn -0.7866 0.6163 -0.0385
vn -0.0428 0.9924 0.1153
vn -0.0523 0.9739 0.2210
vn -0.0040 1.0000 0.0039
vn -0.2332 0.8912 0.3891
vn -0.0222 0.9915 0.1282
vn -0.6310 0.7708 -0.0885
vn 0.4357 0.7812 0.4471
vn -0.1686 0.9591 0.2276
vn -0.0730 0.9879 0.1367
vn -0.0309 0.9827 -0.1828
vn -0.1016 0.9920 0.0748
vn 0.0102 0.9995 0.0292
vn -0.1451 0.9058 0.3981
vn 0.0427 0.9974 0.0588
vn 0.0072 0.9875 0.1573
vn 0.0055 0.9846 0.1748
vn 0.2426 0.9537 -0.1779
vn -0.0552 0.9978 0.0379
vn -0.0081 0.9966 0.0824
vn 0.0002 -1.0000 -0.0003
vn -0.1727 0.9439 0.2814
vn 0.0901 0.9957 0.0210
vn 0.0231 0.9867 0.1608
vn 0.0223 0.9984 -0.0524
vn -0.2826 0.9072 0.3116
vn 0.4805 0.8569 0.1866
vn 0.0812 0.9927 0.0896
vn -0.0644 0.9979 -0.0006
vn -0.0957 0.9809 0.1695
vn 0.0869 0.9936 0.0717
vn -0.9996 -0.0265 -0.0003
vn -0.2478 0.9295 0.2733
vn -0.4047 0.7996 0.4436
vn -0.1001 0.9949 0.0147
vn 0.0702 0.9962 0.0511
vn -0.0421 0.9991 -0.0000
vn 0.1299 0.9117 0.3898
vn 0.0113 0.9994 -0.0323
vn 0.0112 0.9948 0.1010
vn -0.0705 0.9892 0.1286
vn 0.0455 0.9921 0.1165
vn -0.2235 0.6825 0.6958
vn -0.0294 0.9910 0.1304
vn -0.0775 0.9960 0.0452
vn -0.1869 0.9655 0.1811
vn -0.0609 0.9965 0.0577
vn -0.0314 0.9956 0.0883
vn -0.1115 0.9918 0.0631
vn 0.1222 0.9904 0.0645
vn -0.9994 -0.0325 0.0139
vn -0.0817 0.6858 0.7232
vn 0.9247 0.3589 0.1272
vn -0.2224 0.9685 0.1124
vn -0.0279 0.9924 0.1197
vn -0.0986 0.9938 0.0513
vn -0.5994 -0.8004 0.0091
vn 0.5064 0.8200 0.2668
vn -0.3326 0.9312 0.1493
vn -0.0746 0.9972 0.0062
vn 0.0714 0.9974 0.0032
vn 0.9998 -0.0211 0.0018
vn 0.0042 0.9675 0.2530
vn 0.0222 0.9982 -0.0560
vn 0.9883 0.1525 0.0078
vn -0.1846 0.9690 0.1644
vn -0.1829 0.9807 0.0685
vn -0.0761 0.9897 0.1216
vn 0.0010 0.9524 0.3049
vn -0.0624 0.9980 0.0098
vn 0.0147 0.9967 0.0801
vn 0.2424 0.9668 0.0809
vn 0.0336 0.9987 0.0387
vn -0.0618 0.9903 0.1243
vn -0.0075 0.9980 -0.0634
vn -0.9413 -0.3373 -0.0108
vn 0.0135 0.9954 0.0945
vn -0.0535 0.9952 0.0815
vn 0.0241 0.9925 0.1195
vn -0.3905 0.8225 0.4137
vn 0.0229 0.9955 0.0919
vn 0.1433 0.9791 0.1440
vn -0.0216 0.9982 0.0561
vn -0.1143 0.9693 0.2179
vn 0.3805 -0.9248 0.0052
vn 0.8570 0.5125 0.0540
vn 0.0278 0.9957 0.0881
vn -0.0368 0.9941 0.1020
vn 0.0018 0.9964 0.0850
vn 0.0340 0.9984 -0.0458
vn 0.1263 0.9675 0.2190
vn -0.5321 -0.8454 -0.0456
vn 0.2228 0.9242 0.3101
vn -0.0097 0.9978 0.0660
vn -1.0000 0.0072 -0.0003
vn -0.0910 0.9552 0.2817
vn -0.1052 0.9866 0.1251
vn -0.0867 0.9961 0.0176
vn -0.6978 -0.7158 -0.0249
vn 0.0912 0.9944 0.0539
vn -0.0626 0.9979 0.0172
vn -0.0843 0.9964 0.0037
vn 0.0344 0.9974 0.0626
vn -0.3561 0.5133 0.7808
vn -0.1119 0.6040 0.7891
vn -0.1143 0.9922 0.0495
vn 0.0968 0.9938 0.0552
vn -0.0099 -1.0000 0.0011
vn 0.2612 0.9065 0.3317
vn -0.0987 0.9937 -0.0538
vn 0.0310 0.9991 0.0275
vn -0.1436 0.9753 0.1676
vn -0.9433 0.3309 -0.0261
vn -0.0000 -1.0000 0.0011
vn -0.4234 0.5166 0.7443
vn -0.0815 0.9930 0.0853
vn 0.3939 0.8366 0.3807
vn -0.0235 0.9963 0.0832
vn 0.1032 0.9890 0.1056
vn -0.0482 0.9988 -0.0052
vn -0.0231 0.9982 0.0556
vn -0.0369 0.9990 -0.0248
vn -0.0315 0.9995 -0.0074
vn -0.0462 0.9972 0.0596
vn 0.0031 0.9984 0.0567
vn 0.5119 0.7275 0.4569
vn 0.0484 0.9988 -0.0022
vn -0.0303 0.9984 0.0473
vn -0.2103 0.9722 0.1028
vn -0.0281 0.9975 -0.0646
vn 0.0715 0.9971 0.0279
vn -0.3379 0.8174 0.4666
vn 0.0688 0.9961 0.0560
vn 0.9047 0.4241 -0.0406
vn 0.0018 0.8470 0.5315
vn -0.6964 -0.7177 0.0071
vn 0.0885 0.9960 0.0102
vn -0.0062 0.9979 0.0648
vn 0.0441 0.9983 0.0371
vn -0.0904 0.9938 0.0641
vn -0.0618 0.9927 0.1038
vn 0.9395 0.3410 0.0325
vn -0.0987 0.9907 -0.0938
vn 0.2544 0.9615 -0.1043
vn 0.0194 0.9993 -0.0323
vn -0.0584 0.9880 0.1429
vn 0.0393 0.9977 0.0544
vn -0.0369 0.9982 -0.0475
vn -0.0578 0.9982 -0.0174
vn 0.0356 0.9982 0.0480
vn -0.0047 1.0000 0.0012
vn 0.1736 0.9456 -0.2753
vn -0.0300 0.9993 0.0219
vn -0.1007 0.9937 0.0488
vn -0.0513 0.9987 0.0041
vn -0.9971 -0.0603 0.0469
vn -0.0560 0.9977 0.0384
vn -0.0218 0.9974 0.0681
vn -0.0416 0.9984 0.0393
vn -0.0484 0.9913 0.1225
vn 0.0352 0.9991 0.0226
vn -0.1909 0.9795 0.0638
vn -0.1193 0.9918 0.0455
vn -0.0027 0.9957 0.0929
vn 0.0060 0.9884 0.1520
vn -0.0629 0.9977 -0.0261
vn -0.0907 0.9895 0.1127
vn 0.0653 0.9976 0.0226
vn 0.0080 0.9971 0.0759
vn -0.0807 0.9937 0.0773
vn -0.0749 0.9971 -0.0140
vn 0.3004 0.9383 0.1712
vn 0.2627 0.9554 -0.1348
vn 0.0531 0.9978 0.0395
vn 0.0002 0.9974 0.0726
vn 0.0214 0.9996 0.0210
vn 0.0230 0.9988 0.0421
vn -0.0483 0.9978 -0.0450
vn -0.0129 0.9935 -0.1127
vn -0.1533 0.9879 0.0246
vn -0.0029 0.9999 -0.0125
vn 0.0972 0.9953 0.0036
vn -1.0000 -0.0097 0.0001
vn 0.0059 1.0000 0.0078
vn -0.0311 0.9991 0.0296
vn 0.0147 0.9897 -0.1421
vn 0.0142 0.9964 0.0838
vn -0.0326 0.9969 0.0720
vn -0.0050 0.9945 0.1051
vn -0.6731 0.7395 -0.0002
vn 0.0046 0.9985 0.0539
vn -0.0967 0.9936 0.0581
vn 0.0437 0.9989 0.0165
vn -0.0961 0.9952 0.0164
vn 0.0150 0.9976 -0.0674
vn 0.2280 0.9464 0.2290
vn 0.0050 0.9972 0.0744
vn 0.4145 0.8452 -0.3374
vn -0.0119 0.9962 0.0862
vn -0.0348 0.9989 0.0308
vn -0.0603 0.9976 -0.0345
vn 0.0244 0.9934 0.1118
vn -0.0196 0.9971 0.0733
vn -0.0325 0.9596 0.2796
vn -0.9995 -0.0315 0.0010
vn 0.2185 0.9556 0.1979
vn -0.0404 0.9962 0.0776
vn 0.9136 0.3961 0.0923
vn 0.0335 0.9973 -0.0649
vn 0.0739 0.9796 0.1871
vn 0.0131 0.9991 0.0396
vn -0.0534 0.9985 0.0130
vn -0.0842 0.9963 0.0192
vn -0.1566 0.9820 -0.1055
vn -0.0153 0.9946 0.1027
vn 0.0074 0.9958 0.0912
vn -0.0548 0.9933 0.1014
vn 0.0216 0.9997 -0.0069
vn -0.0785 0.9968 -0.0159
vn 0.0342 0.9982 0.0488
vn 0.0303 0.9975 0.0644
vn 0.0139 0.9998 -0.0163
vn 0.0777 0.9920 0.0991
vn -0.0198 0.9996 -0.0176
vn -0.0499 0.9980 -0.0387
vn -0.0506 0.9987 0.0055
vn -0.1549 0.9878 -0.0186
vn -0.0036 0.9965 0.0831
vn 0.0027 0.9964 0.0848
vn -0.1201 0.9911 0.0567
vn -0.0104 0.9983 0.0573
vn -0.0702 0.9971 0.0276
vn -0.0369 0.9978 0.0550
vn 0.0249 0.9993 -0.0270
vn 0.9973 0.0641 0.0350
vn -0.0617 0.9929 0.1013
vn -0.3265 -0.9452 -0.0008
vn 0.0080 0.9989 0.0470
vn -0.0024 0.9991 0.0422
vn 0.0225 0.9974 0.0681
vn 0.0232 0.9990 0.0385
vn 0.0138 0.9993 0.0338
vn 0.0074 0.9991 0.0412
vn 0.1450 0.9859 -0.0832
vn -0.0305 0.9974 0.0646
vn -0.0924 0.9906 0.1008
vn -0.0188 0.9979 0.0626
vn -0.5194 -0.8412 0.1503
vn -0.0115 0.9981 0.0611
vn -0.0183 0.9945 0.1028
vn 0.0558 0.9983 0.0178
vn -0.0416 0.9973 0.0606
vn -0.0046 0.9998 0.0189
vn 0.0003 0.9954 0.0955
vn -0.0323 0.9984 0.0458
vn -0.0321 0.9995 -0.0039
vn 0.0315 0.9995 0.0045
vn 0.9902 -0.1377 0.0231
vn -0.0069 0.9989 0.0464
vn -0.0463 0.9969 0.0633
vn 0.0227 0.9983 0.0528
vn -0.0661 0.9974 0.0303
vn -0.0008 0.9981 0.0617
vn -0.0117 0.9984 0.0546
vn -0.0171 0.9990 0.0412
vn 0.8833 0.4686 0.0139
vn -0.0583 0.9982 0.0141
vn -1.0000 0.0048 -0.0012
vn -0.0304 0.9975 0.0637
vn -0.0336 0.9922 0.1202
vn -0.0224 0.9990 0.0399
vn 0.0127 0.9991 0.0408
vn -0.0215 0.9991 -0.0354
vn -0.0083 0.9984 0.0563
vn 0.9922 -0.1216 0.0267
vn 0.0259 0.9996 -0.0076
vn -0.0846 0.9954 0.0444
vn -0.0208 0.9996 0.0185
vn -0.9970 -0.0474 0.0605
vn 0.0667 0.9942 -0.0846
vn -0.9976 -0.0692 0.0029
vn 0.9115 -0.4100 0.0333
vn 0.0013 0.9980 0.0625
vn 0.4865 0.8731 0.0312
vn -0.0359 0.9982 0.0489
vn -0.1189 0.9901 -0.0749
vn -0.0089 0.9997 0.0213
vn 0.9998 0.0201 -0.0038
vn -0.0355 0.9990 0.0288
vn -0.0561 0.9980 -0.0278
vn -0.0242 0.9984 0.0516
vn -0.0458 0.9989 -0.0083
vn -0.5460 0.8378 -0.0039
vn 0.0893 0.9858 -0.1420
vn 0.0303 0.9995 -0.0074
vn 1.0000 -0.0033 0.0061
vn 0.0567 -0.9980 0.0271
vn -0.0982 0.9926 0.0718
vn -0.0093 0.9974 0.0711
vn 0.8984 -0.4376 -0.0386
vn 0.9985 0.0114 0.0538
vn 0.0131 0.9982 0.0588
vn -0.0286 0.9940 0.1057
vn -0.0570 0.9983 0.0117
vn 0.9999 -0.0060 0.0145
vn 0.0092 0.9986 0.0528
vn 0.9864 -0.1588 -0.0426
vn -0.9999 -0.0137 0.0011
vn 0.0822 0.9951 0.0555
vn 0.0967 0.9953 0.0091
vn -0.0345 0.9993 -0.0117
vn -0.0156 0.9976 0.0674
vn 0.9979 -0.0188 0.0619
vn -0.9987 -0.0500 -0.0017
vn -0.0017 0.9963 0.0855
vn 0.0048 0.9998 0.0208
vn 0.0016 0.9974 0.0718
vn -0.0101 0.9980 0.0617
vn -0.0007 0.9964 0.0843
vn -0.0172 0.9968 0.0783
vn -0.1386 0.9899 -0.0313
vn 0.0381 0.9983 0.0439
vn 0.0637 0.9978 0.0198
vn -0.0163 0.9976 -0.0678
vn 0.9847 -0.1544 0.0814
vn 0.9990 -0.0174 0.0400
vn 0.9958 -0.0013 -0.0919
vn -0.0917 -0.9957 0.0146
vn 0.0017 -1.0000 0.0088
vn 1.0000 0.0071 -0.0043
vn 0.1960 0.9799 0.0358
vn -0.0022 0.9974 0.0716
vn 0.0393 0.9928 0.1133
vn -0.0091 0.9989 -0.0459
vn -0.2863 -0.9530 0.0987
vn -0.1046 0.9901 0.0935
vn 0.0013 -0.9998 0.0174
vn 0.9687 0.2045 -0.1404
vn -0.0127 0.9991 0.0393
vn -0.1124 0.9935 -0.0194
vn -0.9156 0.0183 0.4017
vn 0.0066 -0.8993 0.4373
vn -0.0061 0.9983 0.0577
vn -0.9269 -0.0384 0.3734
vn 0.9941 -0.0752 -0.0776
vn -0.0006 -0.9967 0.0810
vn 0.0042 -0.7457 0.6663
vn -0.0011 0.9959 0.0909
vn -0.0756 0.9952 0.0628
vn 0.0213 0.9995 0.0235
vn 0.9905 -0.0323 0.1333
vn -0.3432 -0.7705 0.5372
vn 0.0063 -0.9691 0.2466
vn -0.0114 0.8573 0.5146
vn 0.3221 0.7787 0.5384
vn -0.1369 -0.6343 0.7609
vn 0.0772 0.7882 0.6105
vn -0.0585 0.9396 0.3372
vn 0.4717 -0.1288 0.8723
vn 0.8478 0.5301 0.0147
vn 0.6356 -0.0787 0.7680
vn 0.0024 -0.9785 0.2061
vn 0.0100 0.9904 0.1378
vn -0.7980 0.4427 0.4089
vn 0.9895 -0.0113 0.1439
vn -0.0247 -0.9745 0.2228
vn -0.1130 0.8605 0.4967
vn 0.0417 0.4843 0.8739
vn -0.0056 0.9704 0.2415
vn -0.1599 -0.9577 0.2391
vn -0.0098 0.9972 0.0740
vn 0.9483 0.0278 0.3162
vn 0.0016 0.9764 0.2159
vn 0.0274 0.7841 0.6200
vn -0.0309 -0.9139 0.4049
vn 0.1131 0.7146 0.6903
vn 0.0054 -0.9612 0.2759
vn 0.0338 0.3505 0.9360
vn -0.1229 -0.9774 0.1720
vn 0.7094 -0.2224 0.6688
vn 0.2092 0.5013 0.8396
vn -0.3987 -0.5081 0.7634
vn 0.9945 -0.0575 0.0874
vn -0.0027 -0.9338 0.3577
vn 0.1112 0.8042 0.5839
vn -0.0673 -0.9719 0.2254
vn 0.0073 0.9493 0.3143
vn -0.0136 -0.9783 0.2069
vn 0.2120 -0.6993 0.6827
vn 0.0424 -0.9874 0.1526
vn 0.0043 -0.8334 0.5527
vn -0.0014 0.9912 0.1327
vn 0.0219 0.9979 0.0605
vn 0.9844 -0.0463 0.1696
vn -0.0085 -0.9889 0.1486
vn 0.2593 -0.2611 0.9298
vn 0.0236 0.9561 0.2920
vn -0.0900 -0.9505 0.2975
vn 0.0491 0.8402 0.5400
vn 0.0138 -0.6701 0.7422
vn 0.3498 0.4513 0.8210
vn -0.5594 0.2415 0.7930
vn -0.8337 -0.0012 0.5522
vn -0.0022 -0.9859 0.1675
vn 0.0696 0.8024 0.5927
vn 0.0311 -0.9006 0.4335
vn -0.2212 -0.8762 0.4282
vn -0.0123 0.3523 0.9358
vn 0.1870 0.0100 0.9823
vn -0.0085 0.9992 0.0379
vn -0.0075 0.9505 0.3107
vn 0.9698 -0.0271 0.2422
vn 0.1560 0.4163 0.8958
vn 0.9958 -0.0541 0.0744
vn 0.0356 0.3388 0.9402
vn 0.9362 0.2068 0.2842
vn 0.0314 0.9044 0.4255
vn 0.1763 0.8829 0.4351
vn -0.0022 -0.7988 0.6015
vn 0.0924 -0.8243 0.5586
vn 0.0255 0.9271 0.3739
vn 0.4147 0.7442 0.5236
vn 0.0187 -0.6671 0.7447
vn 0.9673 -0.1339 0.2156
vn 0.1029 0.8052 0.5841
vn 0.0083 0.9205 0.3907
vn 0.0004 -0.9591 0.2832
vn 0.0101 0.9891 0.1469
vn -0.0730 -0.2480 0.9660
vn 0.0334 -0.2035 0.9785
vn 0.0301 -0.1485 0.9884
vn 0.0116 -0.8823 0.4705
vn 0.1630 0.8509 0.4994
vn 0.1694 -0.7078 0.6857
vn 0.0857 -0.0107 0.9963
vn 0.0208 0.4124 0.9107
vn 0.3786 -0.8975 0.2263
vn 0.2932 -0.9244 0.2440
vn 0.4723 -0.0166 0.8813
vn 0.0372 0.6375 0.7695
vn 0.0181 -0.1110 0.9937
vn 0.0117 0.0603 0.9981
vn -0.0330 0.9922 0.1206
vn -0.9889 0.1486 0.0081
vn -0.7354 -0.1615 0.6581
vn 0.0845 0.2351 0.9683
vn -0.0018 -0.9429 0.3330
vn 0.0204 -0.8542 0.5195
vn 0.0027 0.0533 0.9986
vn 0.0133 0.1249 0.9921
vn 0.0121 -0.0096 0.9999
vn 0.0087 -0.0366 0.9993
vn 0.0100 -0.0407 0.9991
vn 0.3916 -0.6565 0.6447
vn -0.1664 -0.1907 0.9674
vn 0.0310 -0.0816 0.9962
vn 0.0148 -0.2372 0.9713
vn -0.0033 -0.0620 0.9981
vn -0.0793 -0.3416 0.9365
vn 0.0145 -0.0140 0.9998
vn 0.0140 -0.0275 0.9995
vn 0.0146 -0.9609 0.2763
vn 0.0173 -0.0668 0.9976
vn -0.0153 -0.9722 0.2338
vn -0.0319 -0.0863 0.9958
vn 0.0122 -0.0211 0.9997
vn 0.0140 -0.0236 0.9996
vn 0.0185 -0.0130 0.9997
vn 0.0361 -0.0617 0.9974
vn 0.0121 -0.0939 0.9955
vn 0.0215 0.9944 0.1038
vn 0.0203 -0.0754 0.9969
vn 0.0629 -0.5890 0.8057
vn 0.0276 -0.0483 0.9985
vn 0.0375 0.3939 0.9184
vn -0.0005 -0.0877 0.9961
vn 0.0321 0.3607 0.9321
vn 0.0258 -0.0380 0.9989
vn 0.0099 -0.0396 0.9992
vn 0.0137 -0.0472 0.9988
vn 0.0094 -0.0410 0.9991
vn 0.0024 0.9934 0.1148
vn -0.0256 0.9997 0.0033
vn 0.0261 -0.1674 0.9855
vn 0.0437 0.2340 0.9713
vn 0.0252 -0.1825 0.9829
vn 0.0175 -0.0644 0.9978
vn -0.0008 0.6116 0.7911
vn 0.0239 -0.0958 0.9951
vn 0.0231 -0.1692 0.9853
vn 0.0210 -0.0212 0.9996
vn 0.0362 -0.1046 0.9939
vn 0.0273 0.9939 0.1071
vn -0.0078 0.9937 0.1120
vn 0.0233 -0.0889 0.9958
vn -0.0016 0.9781 0.2082
vn 0.5054 0.0781 0.8594
vn -0.2338 0.1423 0.9618
vn -0.0896 -0.9426 0.3217
vn -0.0420 0.9833 0.1773
vn 0.0628 -0.4338 0.8988
vn -0.1463 0.9887 0.0337
vn 0.0306 -0.0284 0.9991
vn 0.0311 -0.1169 0.9927
vn 0.0326 -0.1738 0.9842
vn 0.0441 -0.0477 0.9979
vn -0.0283 0.7793 0.6261
vn 0.0376 -0.5021 0.8640
vn 0.0310 -0.0372 0.9988
vn 0.0092 -0.3110 0.9504
vn 0.0288 -0.2096 0.9774
vn 0.0035 -0.2545 0.9671
vn 0.0280 -0.0672 0.9973
vn 0.0258 -0.1009 0.9946
vn 0.0390 -0.1420 0.9891
vn 0.0246 -0.1229 0.9921
vn 0.0170 -0.2311 0.9728
vn 0.0367 -0.2676 0.9628
vn 0.0301 -0.0444 0.9986
vn 0.0330 -0.2528 0.9669
vn 0.0244 -0.9307 0.3650
vn -0.1123 0.9498 -0.2919
vn 0.0415 -0.0580 0.9975
vn -0.0624 -0.5439 0.8369
vn 0.0349 -0.8629 0.5041
vn -0.0052 0.9437 0.3307
vn -0.3850 -0.1099 0.9163
vn 0.0364 -0.1431 0.9890
vn 0.0281 -0.0537 0.9982
vn 0.0227 -0.1095 0.9937
vn 0.0382 -0.0919 0.9950
vn 0.0274 -0.2212 0.9748
vn 0.0271 -0.4450 0.8951
vn 0.0297 -0.0300 0.9991
vn 0.0015 -0.4024 0.9155
vn 0.0311 -0.1719 0.9846
vn 0.0340 -0.1266 0.9914
vn -0.0032 -0.4366 0.8997
vn 0.0279 -0.2519 0.9674
vn 0.0218 -0.0644 0.9977
vn 0.0288 -0.0505 0.9983
vn 0.0197 -0.9995 -0.0247
vn -0.0095 -0.9944 0.1052
vn -0.0324 -0.6381 0.7693
vn -0.0035 -0.3299 0.9440
vn -0.0493 0.1444 0.9883
vn 0.0251 0.0840 0.9962
vn -0.9498 0.1434 0.2781
vn 0.0205 -0.0863 0.9961
vn -0.0079 -0.3118 0.9501
vn 0.0442 0.0631 0.9970
vn 0.0164 -0.1184 0.9928
vn 0.0009 0.4612 0.8873
vn 0.0021 -0.3649 0.9310
vn 0.0051 -0.1431 0.9897
vn 0.0179 -0.5185 0.8549
vn 0.0462 -0.0741 0.9962
vn -0.0050 0.1390 0.9903
vn -0.0017 0.1453 0.9894
vn 0.0091 -0.1676 0.9858
vn 0.0202 0.0608 0.9979
vn 0.0230 -0.0672 0.9975
vt 0.874193 0.827909
vt 0.878426 0.828486
vt 0.878544 0.834894
vt 0.600879 0.825948
vt 0.513714 0.824443
vt 0.630622 0.820307
vt 0.570792 0.800492
vt 0.871272 0.827056
vt 0.757522 0.824279
vt 0.871666 0.815162
vt 0.751169 0.796342
vt 0.804957 0.806911
vt 0.657839 0.786871
vt 0.586431 0.765759
vt 0.744102 0.743679
vt 0.814829 0.777281
vt 0.872557 0.789558
vt 0.872498 0.762478
vt 0.665746 0.744066
vt 0.827195 0.746022
vt 0.871958 0.745652
vt 0.783558 0.835166
vt 0.768738 0.834935
vt 0.790196 0.833077
vt 0.233500 0.608170
vt 0.302089 0.607420
vt 0.283352 0.608484
vt 0.202435 0.606463
vt 0.199179 0.608401
vt 0.167996 0.606806
vt 0.743159 0.834835
vt 0.730931 0.834253
vt 0.798495 0.835268
vt 0.845278 0.834971
vt 0.375030 0.607740
vt 0.345293 0.608574
vt 0.616606 0.831631
vt 0.555598 0.829712
vt 0.748101 0.828299
vt 0.699974 0.832360
vt 0.526284 0.829584
vt 0.507949 0.829172
vt 0.665891 0.832385
vt 0.507882 0.825117
vt 0.957565 0.745687
vt 0.956229 0.747072
vt 0.955612 0.744722
vt 0.512466 0.822409
vt 0.513356 0.804549
vt 0.515037 0.807437
vt 0.944532 0.746778
vt 0.521793 0.776365
vt 0.514673 0.791493
vt 0.515835 0.778136
vt 0.515535 0.766359
vt 0.515935 0.755798
vt 0.498684 0.741225
vt 0.498176 0.737638
vt 0.514553 0.739690
vt 0.515917 0.745146
vt 0.562467 0.742692
vt 0.617745 0.740599
vt 0.730954 0.742180
vt 0.824826 0.743011
vt 0.018120 0.605567
vt 0.020719 0.604113
vt 0.052960 0.605919
vt 0.913775 0.743714
vt 0.919009 0.745878
vt 0.488179 0.739652
vt 0.873915 0.743865
vt 0.156740 0.596712
vt 0.155674 0.606468
vt 0.510926 0.823090
vt 0.892071 0.745667
vt 0.129963 0.606357
vt 0.358845 0.587947
vt 0.129278 0.594079
vt 0.115040 0.605760
vt 0.476191 0.739480
vt 0.475950 0.726693
vt 0.514471 0.715256
vt 0.659089 0.724183
vt 0.872873 0.704711
vt 0.459145 0.723094
vt 0.462582 0.739711
vt 0.449460 0.739224
vt 0.473778 0.727162
vt 0.733205 0.728023
vt 0.827518 0.726136
vt 0.153767 0.593234
vt 0.378659 0.590259
vt 0.394269 0.607331
vt 0.077986 0.585803
vt 0.100039 0.605560
vt 0.926634 0.693169
vt 0.597661 0.727428
vt 0.055410 0.574240
vt 0.476252 0.705284
vt 0.155755 0.580551
vt 0.293599 0.585178
vt 0.302109 0.588567
vt 0.403233 0.508301
vt 0.401962 0.605784
vt 0.398184 0.606522
vt 0.391461 0.579410
vt 0.328297 0.579707
vt 0.472486 0.694636
vt 0.797298 0.715047
vt 0.399755 0.530792
vt 0.295260 0.581544
vt 0.431532 0.738640
vt 0.224689 0.574417
vt 0.460485 0.683683
vt 0.568401 0.698137
vt 0.104456 0.568413
vt 0.404042 0.542693
vt 0.672180 0.711455
vt 0.429716 0.737508
vt 0.430678 0.675080
vt 0.295586 0.576722
vt 0.729572 0.700831
vt 0.487594 0.673641
vt 0.514230 0.668797
vt 0.275539 0.563445
vt 0.358281 0.566465
vt 0.021199 0.536869
vt 0.788020 0.663061
vt 0.008520 0.544212
vt 0.012706 0.604919
vt 0.008566 0.605311
vt 0.432808 0.649929
vt 0.958307 0.684872
vt 0.875791 0.642049
vt 0.088653 0.560631
vt 0.516195 0.670594
vt 0.194315 0.561749
vt 0.628614 0.696525
vt 0.318813 0.564112
vt 0.134617 0.560904
vt 0.097697 0.558270
vt 0.370736 0.564462
vt 0.391275 0.556078
vt 0.335531 0.562268
vt 0.474259 0.675784
vt 0.345242 0.552207
vt 0.013045 0.501576
vt 0.218630 0.557851
vt 0.284000 0.560002
vt 0.176773 0.550823
vt 0.159046 0.539477
vt 0.163590 0.550920
vt 0.093831 0.539977
vt 0.376924 0.541331
vt 0.392841 0.535535
vt 0.194579 0.550460
vt 0.064888 0.526146
vt 0.588117 0.651892
vt 0.220390 0.531447
vt 0.299343 0.548009
vt 0.311175 0.525261
vt 0.363142 0.542588
vt 0.078120 0.519573
vt 0.371283 0.524982
vt 0.340050 0.535081
vt 0.241858 0.524349
vt 0.937115 0.600363
vt 0.915539 0.610032
vt 0.353918 0.531431
vt 0.183930 0.508099
vt 0.022357 0.449217
vt 0.473774 0.634857
vt 0.151804 0.511251
vt 0.874196 0.639065
vt 0.351734 0.520064
vt 0.391081 0.501140
vt 0.393648 0.496156
vt 0.254821 0.494080
vt 0.008951 0.489673
vt 0.113166 0.503131
vt 0.486778 0.615653
vt 0.289374 0.495533
vt 0.462189 0.614000
vt 0.959075 0.630819
vt 0.516276 0.621475
vt 0.341434 0.490050
vt 0.795718 0.634238
vt 0.644040 0.633015
vt 0.192346 0.488244
vt 0.084551 0.480055
vt 0.596541 0.627225
vt 0.053885 0.472583
vt 0.714363 0.630315
vt 0.510849 0.550220
vt 0.514903 0.601093
vt 0.558845 0.618023
vt 0.402369 0.449245
vt 0.673872 0.626594
vt 0.877592 0.554696
vt 0.605294 0.615505
vt 0.777608 0.615360
vt 0.126294 0.479705
vt 0.708561 0.615109
vt 0.171373 0.458782
vt 0.391110 0.460441
vt 0.431830 0.584806
vt 0.473846 0.599056
vt 0.316025 0.462090
vt 0.365462 0.453040
vt 0.687892 0.595908
vt 0.833971 0.612460
vt 0.116779 0.463124
vt 0.557277 0.604811
vt 0.846094 0.604713
vt 0.875257 0.555716
vt 0.959134 0.594088
vt 0.068289 0.448525
vt 0.594611 0.596548
vt 0.392095 0.405220
vt 0.516742 0.594864
vt 0.082750 0.461700
vt 0.223638 0.457478
vt 0.434032 0.548487
vt 0.550714 0.592619
vt 0.009322 0.452289
vt 0.273820 0.455484
vt 0.468108 0.570030
vt 0.045429 0.441696
vt 0.387191 0.409027
vt 0.125293 0.450387
vt 0.484956 0.569674
vt 0.017360 0.402914
vt 0.542479 0.587243
vt 0.659556 0.553070
vt 0.472720 0.568226
vt 0.313477 0.442034
vt 0.552347 0.552186
vt 0.211231 0.430124
vt 0.821748 0.556064
vt 0.960127 0.567410
vt 0.097310 0.427686
vt 0.776049 0.554122
vt 0.516508 0.550826
vt 0.855964 0.555276
vt 0.384887 0.409393
vt 0.280681 0.422918
vt 0.023560 0.404703
vt 0.358207 0.423208
vt 0.136391 0.420851
vt 0.011064 0.424244
vt 0.897979 0.553987
vt 0.916134 0.557303
vt 0.452722 0.549806
vt 0.919347 0.556684
vt 0.106478 0.405973
vt 0.043868 0.405918
vt 0.482055 0.549223
vt 0.316330 0.407744
vt 0.349265 0.351986
vt 0.357374 0.352482
vt 0.359796 0.354042
vt 0.331799 0.348262
vt 0.338357 0.352500
vt 0.331730 0.353531
vt 0.394003 0.408848
vt 0.472881 0.548713
vt 0.361074 0.359612
vt 0.364271 0.352825
vt 0.325399 0.352811
vt 0.320887 0.352195
vt 0.315719 0.348962
vt 0.336456 0.343746
vt 0.957819 0.554148
vt 0.309209 0.358032
vt 0.056626 0.348272
vt 0.055923 0.350172
vt 0.042987 0.346844
vt 0.038091 0.349588
vt 0.916448 0.544498
vt 0.218496 0.404786
vt 0.311655 0.353046
vt 0.068897 0.341899
vt 0.073109 0.349107
vt 0.039295 0.345316
vt 0.884962 0.554187
vt 0.432236 0.547444
vt 0.106081 0.349540
vt 0.094446 0.349570
vt 0.917523 0.546652
vt 0.912078 0.551592
vt 0.585932 0.550214
vt 0.874950 0.552418
vt 0.089701 0.356533
vt 0.089051 0.349729
vt 0.344384 0.360600
vt 0.121403 0.356436
vt 0.285965 0.352851
vt 0.074225 0.353707
vt 0.509650 0.548637
vt 0.882073 0.553505
vt 0.423291 0.467997
vt 0.421653 0.461585
vt 0.426917 0.461289
vt 0.013627 0.298508
vt 0.016629 0.300555
vt 0.010145 0.303387
vt 0.431698 0.463282
vt 0.517013 0.548622
vt 0.877855 0.552214
vt 0.717439 0.551421
vt 0.827487 0.551552
vt 0.785696 0.519747
vt 0.531304 0.522796
vt 0.863731 0.514001
vt 0.877091 0.504687
vt 0.516224 0.508542
vt 0.662415 0.507981
vt 0.776863 0.507448
vt 0.831583 0.505525
vt 0.556357 0.501082
vt 0.517486 0.507670
vt 0.517779 0.486309
vt 0.680078 0.466333
vt 0.756479 0.501232
vt 0.807753 0.489069
vt 0.876482 0.502215
vt 0.875365 0.466812
vt 0.820835 0.468343
vt 0.516339 0.464179
vt 0.391735 0.380350
vt 0.392640 0.403984
vt 0.390146 0.378208
vt 0.388985 0.358798
vt 0.371626 0.357975
vt 0.368995 0.353674
vt 0.374873 0.353188
vt 0.122364 0.347028
vt 0.119030 0.351273
vt 0.922432 0.550092
vt 0.363699 0.348048
vt 0.026579 0.325643
vt 0.027099 0.312135
vt 0.033132 0.313399
vt 0.039457 0.318456
vt 0.007411 0.298656
vt 0.003772 0.299071
vt 0.471508 0.463298
vt 0.466964 0.462063
vt 0.876823 0.527942
vt 0.877952 0.467044
vt 0.518702 0.462424
vt 0.629699 0.463602
vt 0.762475 0.465118
vt 0.851433 0.466154
vt 0.334305 0.407531
vt 0.387247 0.402326
vt 0.384200 0.384335
vt 0.370978 0.374259
vt 0.935104 0.550087
vt 0.172707 0.353201
vt 0.173524 0.350372
vt 0.176553 0.356556
vt 0.148089 0.356914
vt 0.142376 0.351658
vt 0.149805 0.352136
vt 0.149144 0.348109
vt 0.028445 0.341429
vt 0.389591 0.350061
vt 0.363517 0.330624
vt 0.332337 0.329032
vt 0.380795 0.326748
vt 0.354971 0.324451
vt 0.085730 0.332168
vt 0.054233 0.319084
vt 0.081171 0.321010
vt 0.095126 0.320296
vt 0.335730 0.319168
vt 0.363844 0.295535
vt 0.343529 0.294884
vt 0.357380 0.293719
vt 0.308509 0.319840
vt 0.313229 0.315989
vt 0.331444 0.315550
vt 0.325928 0.317282
vt 0.319047 0.294264
vt 0.313199 0.297717
vt 0.309842 0.293901
vt 0.114309 0.314793
vt 0.106551 0.314484
vt 0.111493 0.311047
vt 0.912913 0.447452
vt 0.911751 0.468122
vt 0.155702 0.407357
vt 0.961805 0.545895
vt 0.379588 0.395598
vt 0.272034 0.352819
vt 0.261031 0.355706
vt 0.253959 0.353509
vt 0.076426 0.356261
vt 0.055262 0.355286
vt 0.273657 0.349742
vt 0.291416 0.347448
vt 0.395718 0.323187
vt 0.365459 0.291434
vt 0.373703 0.295818
vt 0.254923 0.337201
vt 0.299055 0.316693
vt 0.147990 0.335662
vt 0.146808 0.321211
vt 0.157420 0.322244
vt 0.366248 0.328476
vt 0.265501 0.318296
vt 0.281851 0.318480
vt 0.254499 0.322268
vt 0.138121 0.321033
vt 0.172723 0.324221
vt 0.164685 0.319060
vt 0.089730 0.317412
vt 0.293446 0.318988
vt 0.133481 0.318789
vt 0.098769 0.314946
vt 0.146455 0.302696
vt 0.137292 0.302332
vt 0.142814 0.299604
vt 0.122931 0.316729
vt 0.160903 0.297947
vt 0.166033 0.299950
vt 0.158041 0.303168
vt 0.131784 0.302012
vt 0.120343 0.302037
vt 0.125734 0.298143
vt 0.287018 0.293611
vt 0.289902 0.288198
vt 0.298169 0.294616
vt 0.303749 0.294359
vt 0.301703 0.290172
vt 0.473058 0.462931
vt 0.494569 0.463950
vt 0.013255 0.401271
vt 0.366645 0.390232
vt 0.274684 0.356241
vt 0.227956 0.353630
vt 0.214839 0.354728
vt 0.218475 0.350936
vt 0.199304 0.353797
vt 0.183312 0.353619
vt 0.191117 0.350831
vt 0.196899 0.334112
vt 0.375124 0.292683
vt 0.213411 0.322311
vt 0.222923 0.322454
vt 0.233352 0.326096
vt 0.241230 0.323494
vt 0.185413 0.324818
vt 0.196202 0.324604
vt 0.225635 0.296258
vt 0.237081 0.293021
vt 0.236605 0.298970
vt 0.205211 0.320522
vt 0.075261 0.303028
vt 0.072591 0.296180
vt 0.084138 0.300916
vt 0.201136 0.324028
vt 0.177979 0.317662
vt 0.152397 0.299005
vt 0.173128 0.318322
vt 0.251959 0.291383
vt 0.260928 0.292106
vt 0.259072 0.295635
vt 0.245156 0.296979
vt 0.216036 0.297132
vt 0.220074 0.291310
vt 0.094729 0.301894
vt 0.101320 0.297550
vt 0.102930 0.302896
vt 0.184152 0.314745
vt 0.183857 0.321177
vt 0.337716 0.293970
vt 0.332015 0.293788
vt 0.339082 0.286685
vt 0.117920 0.310952
vt 0.313695 0.288164
vt 0.378986 0.400031
vt 0.216210 0.357170
vt 0.254210 0.350614
vt 0.385976 0.287608
vt 0.390078 0.288698
vt 0.063880 0.296966
vt 0.395551 0.282828
vt 0.094842 0.298125
vt 0.207725 0.296896
vt 0.216812 0.286423
vt 0.249139 0.293247
vt 0.405758 0.287504
vt 0.329237 0.288837
vt 0.187698 0.317671
vt 0.276178 0.315997
vt 0.026122 0.301665
vt 0.019808 0.301757
vt 0.024329 0.292237
vt 0.014566 0.282809
vt 0.433044 0.433285
vt 0.589930 0.424688
vt 0.362957 0.408809
vt 0.263928 0.405518
vt 0.313187 0.376599
vt 0.028300 0.355134
vt 0.369251 0.287727
vt 0.048971 0.302454
vt 0.054892 0.290905
vt 0.363799 0.286889
vt 0.193226 0.322071
vt 0.358275 0.286303
vt 0.351121 0.289192
vt 0.132192 0.296502
vt 0.230206 0.289801
vt 0.033719 0.298486
vt 0.034396 0.302230
vt 0.205600 0.291743
vt 0.202975 0.296570
vt 0.148876 0.296894
vt 0.256606 0.319332
vt 0.322774 0.287878
vt 0.270426 0.294397
vt 0.278602 0.288443
vt 0.281317 0.291628
vt 0.167221 0.292337
vt 0.173849 0.295650
vt 0.412021 0.286124
vt 0.407462 0.288672
vt 0.472348 0.425554
vt 0.952526 0.548575
vt 0.241974 0.286741
vt 0.317177 0.284556
vt 0.155782 0.294515
vt 0.274189 0.290914
vt 0.019435 0.283709
vt 0.962077 0.467609
vt 0.937570 0.468520
vt 0.962456 0.434320
vt 0.488857 0.401759
vt 0.054834 0.404113
vt 0.956070 0.546340
vt 0.359750 0.392969
vt 0.256149 0.376887
vt 0.220639 0.377320
vt 0.235030 0.370006
vt 0.173035 0.371194
vt 0.375198 0.282884
vt 0.193352 0.317340
vt 0.399300 0.278013
vt 0.269036 0.285983
vt 0.098956 0.291618
vt 0.150255 0.292238
vt 0.114651 0.298684
vt 0.108522 0.299892
vt 0.110344 0.289777
vt 0.107014 0.287969
vt 0.295128 0.386063
vt 0.240273 0.391484
vt 0.374918 0.277103
vt 0.028156 0.290919
vt 0.183749 0.291592
vt 0.189600 0.294462
vt 0.186540 0.298351
vt 0.179776 0.297236
vt 0.093844 0.293763
vt 0.120063 0.293776
vt 0.421024 0.443545
vt 0.341780 0.399720
vt 0.028773 0.391318
vt 0.027482 0.369138
vt 0.194206 0.291891
vt 0.197928 0.298500
vt 0.043653 0.287676
vt 0.194604 0.287918
vt 0.134542 0.290313
vt 0.345087 0.282180
vt 0.307712 0.284462
vt 0.003405 0.284538
vt 0.804094 0.440545
vt 0.027019 0.387444
vt 0.094714 0.385293
vt 0.038810 0.389543
vt 0.190958 0.286759
vt 0.253015 0.287001
vt 0.470322 0.420758
vt 0.303774 0.403873
vt 0.304648 0.400406
vt 0.307865 0.398773
vt 0.300606 0.398181
vt 0.367492 0.401731
vt 0.264431 0.393317
vt 0.382468 0.274553
vt 0.082275 0.291139
vt 0.144356 0.291766
vt 0.127095 0.290548
vt 0.745504 0.425352
vt 0.218138 0.396306
vt 0.184977 0.403422
vt 0.169434 0.387831
vt 0.129099 0.402417
vt 0.065204 0.288462
vt 0.176497 0.286677
vt 0.156947 0.286358
vt 0.274645 0.404764
vt 0.152284 0.402143
vt 0.025822 0.396450
vt 0.171028 0.393550
vt 0.051022 0.286424
vt 0.354967 0.279906
vt 0.292802 0.282859
vt 0.299820 0.282617
vt 0.876411 0.429825
vt 0.084095 0.402854
vt 0.076568 0.395084
vt 0.362283 0.278647
vt 0.071177 0.289074
vt 0.209666 0.281314
vt 0.405320 0.270419
vt 0.339574 0.279313
vt 0.285111 0.278995
vt 0.183360 0.283603
vt 0.935475 0.422194
vt 0.914340 0.468131
vt 0.233278 0.276706
vt 0.132231 0.287482
vt 0.034060 0.285378
vt 0.257036 0.277236
vt 0.165201 0.285319
vt 0.310770 0.273990
vt 0.518639 0.417485
vt 0.073627 0.286610
vt 0.140552 0.287842
vt 0.144346 0.283491
vt 0.238299 0.281347
vt 0.332545 0.278994
vt 0.245226 0.276819
vt 0.117170 0.289094
vt 0.303325 0.278277
vt 0.389128 0.273407
vt 0.223664 0.274885
vt 0.352865 0.276993
vt 0.268356 0.277924
vt 0.317022 0.273070
vt 0.073040 0.280637
vt 0.199398 0.280504
vt 0.206230 0.281338
vt 0.126711 0.284348
vt 0.325920 0.278458
vt 0.362819 0.272471
vt 0.344530 0.277375
vt 0.291942 0.274709
vt 0.171915 0.277091
vt 0.104888 0.284180
vt 0.411468 0.268532
vt 0.430347 0.394092
vt 0.193091 0.281699
vt 0.260959 0.273639
vt 0.149645 0.282925
vt 0.111045 0.283432
vt 0.100284 0.282854
vt 0.008003 0.267955
vt 0.350152 0.275161
vt 0.118165 0.284515
vt 0.334201 0.275942
vt 0.254280 0.273522
vt 0.962884 0.454337
vt 0.238373 0.277083
vt 0.138170 0.280519
vt 0.092885 0.280500
vt 0.301492 0.275485
vt 0.282390 0.271406
vt 0.131604 0.282139
vt 0.080298 0.275961
vt 0.086533 0.280873
vt 0.353156 0.268213
vt 0.326688 0.272184
vt 0.162204 0.278994
vt 0.335386 0.270477
vt 0.392310 0.266062
vt 0.371681 0.269278
vt 0.241241 0.276025
vt 0.205006 0.275066
vt 0.181302 0.276982
vt 0.108035 0.279482
vt 0.119037 0.279412
vt 0.379376 0.262955
vt 0.346229 0.268960
vt 0.210700 0.274970
vt 0.122201 0.278835
vt 0.129290 0.277606
vt 0.034142 0.269973
vt 0.175265 0.273344
vt 0.386414 0.262927
vt 0.047163 0.279942
vt 0.057448 0.277903
vt 0.045028 0.274663
vt 0.400500 0.262958
vt 0.357658 0.269162
vt 0.248592 0.269140
vt 0.155062 0.274918
vt 0.189127 0.270240
vt 0.361804 0.269434
vt 0.145190 0.271798
vt 0.342433 0.270415
vt 0.406533 0.262556
vt 0.681866 0.422646
vt 0.365784 0.268007
vt 0.089325 0.277594
vt 0.218414 0.273132
vt 0.268430 0.271647
vt 0.318975 0.268635
vt 0.322681 0.267790
vt 0.002990 0.264315
vt 0.135634 0.275264
vt 0.328154 0.262749
vt 0.243245 0.270534
vt 0.229555 0.268776
vt 0.265579 0.268242
vt 0.237036 0.267416
vt 0.347457 0.261741
vt 0.302961 0.265684
vt 0.422090 0.429958
vt 0.365853 0.261996
vt 0.067551 0.267848
vt 0.078396 0.271566
vt 0.088638 0.273147
vt 0.037864 0.274743
vt 0.110287 0.269868
vt 0.285078 0.265471
vt 0.171321 0.268876
vt 0.341661 0.266058
vt 0.336554 0.263958
vt 0.317965 0.262309
vt 0.181078 0.268692
vt 0.921142 0.376513
vt 0.371307 0.261693
vt 0.352851 0.262031
vt 0.051791 0.272250
vt 0.056503 0.273400
vt 0.194651 0.266884
vt 0.258065 0.265390
vt 0.168963 0.265246
vt 0.125544 0.271526
vt 0.240562 0.263598
vt 0.410771 0.253454
vt 0.916650 0.405822
vt 0.089842 0.264735
vt 0.360851 0.259154
vt 0.300437 0.262537
vt 0.090883 0.269657
vt 0.396403 0.255214
vt 0.213656 0.267670
vt 0.155530 0.267390
vt 0.133074 0.268461
vt 0.201594 0.267081
vt 0.343149 0.257640
vt 0.275217 0.261701
vt 0.021310 0.264136
vt 0.391143 0.252484
vt 0.403189 0.253143
vt 0.203134 0.263888
vt 0.121156 0.267819
vt 0.070880 0.266901
vt 0.229311 0.264655
vt 0.125070 0.265320
vt 0.374210 0.253138
vt 0.294727 0.258441
vt 0.029424 0.266854
vt 0.368804 0.255282
vt 0.073654 0.263454
vt 0.349473 0.256417
vt 0.355904 0.257858
vt 0.322259 0.257068
vt 0.386123 0.249837
vt 0.100113 0.263087
vt 0.034508 0.262095
vt 0.337618 0.254961
vt 0.327140 0.256751
vt 0.238777 0.256993
vt 0.140497 0.266630
vt 0.015621 0.254489
vt 0.048339 0.262466
vt 0.219767 0.260294
vt 0.316667 0.257688
vt 0.299657 0.256078
vt 0.306304 0.259032
vt 0.176827 0.262143
vt 0.287102 0.259286
vt 0.159028 0.255992
vt 0.358837 0.253608
vt 0.182553 0.258556
vt 0.272249 0.257187
vt 0.081666 0.262405
vt 0.055861 0.261129
vt 0.109785 0.263293
vt 0.119053 0.258780
vt 0.362506 0.250535
vt 0.332094 0.247877
vt 0.029170 0.260345
vt 0.374982 0.244747
vt 0.202344 0.257397
vt 0.136669 0.260792
vt 0.911882 0.403212
vt 0.348272 0.253547
vt 0.342568 0.253845
vt 0.352381 0.251302
vt 0.283479 0.250923
vt 0.143004 0.258740
vt 0.305157 0.251400
vt 0.125491 0.253150
vt 0.146741 0.256501
vt 0.213159 0.252687
vt 0.094089 0.260294
vt 0.368397 0.243707
vt 0.279251 0.256843
vt 0.342334 0.247973
vt 0.087657 0.258878
vt 0.312654 0.248608
vt 0.398402 0.241792
vt 0.061713 0.256635
vt 0.073052 0.258587
vt 0.336755 0.246921
vt 0.165714 0.251152
vt 0.322033 0.244988
vt 0.403882 0.241255
vt 0.261916 0.243549
vt 0.422123 0.418440
vt 0.081079 0.257688
vt 0.345901 0.246980
vt 0.277217 0.247176
vt 0.316405 0.250033
vt 0.380365 0.239563
vt 0.196750 0.248935
vt 0.104549 0.252872
vt 0.046270 0.250255
vt 0.408484 0.240714
vt 0.644366 0.357127
vt 0.239782 0.247875
vt 0.254797 0.244639
vt 0.024592 0.250805
vt 0.326433 0.241302
vt 0.092033 0.254967
vt 0.386489 0.241691
vt 0.392325 0.239933
vt 0.229502 0.247012
vt 0.084891 0.253713
vt 0.349711 0.242532
vt 0.407369 0.230956
vt 0.423268 0.409133
vt 0.358666 0.241974
vt 0.080901 0.252268
vt 0.176798 0.244990
vt 0.350133 0.237095
vt 0.145126 0.244864
vt 0.075691 0.254037
vt 0.434447 0.387338
vt 0.037521 0.240660
vt 0.071509 0.250075
vt 0.396029 0.229999
vt 0.305818 0.238693
vt 0.287562 0.235212
vt 0.375745 0.236399
vt 0.061637 0.244615
vt 0.212406 0.240449
vt 0.099803 0.246996
vt 0.130783 0.243013
vt 0.159737 0.239983
vt 0.345551 0.237894
vt 0.004428 0.241827
vt 0.341954 0.236950
vt 0.330406 0.237081
vt 0.359597 0.235548
vt 0.517677 0.363164
vt 0.049556 0.238792
vt 0.245751 0.234978
vt 0.120701 0.241554
vt 0.280815 0.230121
vt 0.009418 0.232991
vt 0.388600 0.232335
vt 0.042583 0.238860
vt 0.225568 0.235045
vt 0.151399 0.246175
vt 0.107410 0.245446
vt 0.138995 0.241234
vt 0.127533 0.248633
vt 0.079779 0.243790
vt 0.196059 0.241423
vt 0.086165 0.242687
vt 0.381427 0.231252
vt 0.074659 0.241623
vt 0.350469 0.232340
vt 0.207610 0.242805
vt 0.321259 0.231496
vt 0.127788 0.243814
vt 0.374490 0.227403
vt 0.336306 0.232654
vt 0.150376 0.240602
vt 0.099818 0.235654
vt 0.185602 0.235229
vt 0.032299 0.236950
vt 0.022904 0.237476
vt 0.059283 0.240260
vt 0.267656 0.227326
vt 0.365806 0.228045
vt 0.359564 0.230195
vt 0.063655 0.234707
vt 0.111413 0.235539
vt 0.084083 0.237842
vt 0.015837 0.224691
vt 0.381488 0.226823
vt 0.352515 0.224873
vt 0.285039 0.229387
vt 0.731112 0.358625
vt 0.389113 0.223285
vt 0.347920 0.226207
vt 0.238564 0.229145
vt 0.314693 0.218836
vt 0.962491 0.402786
vt 0.963572 0.411781
vt 0.337372 0.224163
vt 0.163703 0.231354
vt 0.398063 0.221232
vt 0.089175 0.234524
vt 0.330863 0.224845
vt 0.297912 0.224155
vt 0.423358 0.389831
vt 0.808376 0.377540
vt 0.366892 0.222065
vt 0.364699 0.219683
vt 0.049539 0.231997
vt 0.038833 0.235396
vt 0.077473 0.233681
vt 0.370815 0.223345
vt 0.382973 0.221469
vt 0.375521 0.221110
vt 0.146682 0.230037
vt 0.309410 0.219644
vt 0.915846 0.360459
vt 0.357110 0.220292
vt 0.405321 0.211106
vt 0.197178 0.224069
vt 0.124571 0.226500
vt 0.262388 0.221125
vt 0.022425 0.230867
vt 0.041172 0.231324
vt 0.388548 0.216395
vt 0.398293 0.215899
vt 0.349411 0.219327
vt 0.283780 0.223849
vt 0.370810 0.216532
vt 0.003747 0.232729
vt 0.574286 0.343690
vt 0.378252 0.217940
vt 0.330543 0.213784
vt 0.171623 0.221926
vt 0.290813 0.216128
vt 0.461545 0.351345
vt 0.377953 0.213992
vt 0.095565 0.226935
vt 0.103898 0.225510
vt 0.228851 0.216729
vt 0.957894 0.388225
vt 0.366644 0.215787
vt 0.029697 0.224610
vt 0.395511 0.209930
vt 0.359958 0.215665
vt 0.176465 0.226202
vt 0.155575 0.223104
vt 0.033885 0.222972
vt 0.214355 0.218290
vt 0.879111 0.340119
vt 0.340164 0.217159
vt 0.361844 0.211536
vt 0.876969 0.337537
vt 0.386081 0.211387
vt 0.074201 0.226587
vt 0.402083 0.208981
vt 0.353227 0.214542
vt 0.380196 0.210080
vt 0.341307 0.213547
vt 0.091889 0.224344
vt 0.245902 0.213702
vt 0.022893 0.222533
vt 0.005191 0.219709
vt 0.963186 0.389717
vt 0.470952 0.365971
vt 0.046392 0.221226
vt 0.348735 0.211204
vt 0.080073 0.220799
vt 0.055331 0.224216
vt 0.109670 0.214687
vt 0.306201 0.213985
vt 0.374611 0.205544
vt 0.310752 0.215500
vt 0.135529 0.215842
vt 0.301171 0.206513
vt 0.065247 0.217353
vt 0.367769 0.208404
vt 0.273425 0.212270
vt 0.941582 0.277129
vt 0.312614 0.211240
vt 0.399131 0.198507
vt 0.183532 0.210106
vt 0.178011 0.217892
vt 0.262609 0.213735
vt 0.055137 0.222195
vt 0.360510 0.206801
vt 0.074069 0.218215
vt 0.156246 0.210915
vt 0.094547 0.218677
vt 0.193644 0.214041
vt 0.497022 0.331488
vt 0.387693 0.203395
vt 0.365988 0.202123
vt 0.205254 0.202249
vt 0.520414 0.272717
vt 0.382859 0.200414
vt 0.023587 0.214732
vt 0.009488 0.212768
vt 0.170255 0.208325
vt 0.137833 0.205496
vt 0.284934 0.201281
vt 0.029692 0.217283
vt 0.357365 0.202301
vt 0.359545 0.197348
vt 0.079273 0.209347
vt 0.310041 0.202287
vt 0.098686 0.212442
vt 0.231055 0.208626
vt 0.032282 0.214525
vt 0.377931 0.196250
vt 0.055802 0.212803
vt 0.043608 0.208306
vt 0.349821 0.200114
vt 0.340995 0.192595
vt 0.388190 0.196850
vt 0.365731 0.196849
vt 0.260472 0.202002
vt 0.325010 0.195531
vt 0.022716 0.206394
vt 0.070897 0.204920
vt 0.036256 0.210561
vt 0.424643 0.368748
vt 0.372947 0.191455
vt 0.060338 0.206539
vt 0.402630 0.187909
vt 0.476104 0.337262
vt 0.030135 0.210743
vt 0.051519 0.200629
vt 0.146735 0.200993
vt 0.239387 0.200598
vt 0.003920 0.202844
vt 0.355547 0.191717
vt 0.191515 0.198759
vt 0.267952 0.203468
vt 0.008724 0.192242
vt 0.963943 0.372997
vt 0.108938 0.205432
vt 0.095410 0.205961
vt 0.099345 0.207029
vt 0.117325 0.201871
vt 0.381651 0.185820
vt 0.390205 0.187997
vt 0.032142 0.203547
vt 0.279467 0.185445
vt 0.369050 0.190797
vt 0.292757 0.193128
vt 0.363911 0.190490
vt 0.177994 0.196277
vt 0.311872 0.185687
vt 0.299584 0.183287
vt 0.252921 0.192349
vt 0.078614 0.201724
vt 0.376647 0.185282
vt 0.365835 0.184765
vt 0.086802 0.197570
vt 0.041955 0.196348
vt 0.398781 0.181432
vt 0.016112 0.188958
vt 0.264259 0.188123
vt 0.390423 0.177494
vt 0.093379 0.194367
vt 0.371806 0.182733
vt 0.166569 0.194053
vt 0.072937 0.192311
vt 0.131552 0.190674
vt 0.063166 0.199201
vt 0.220568 0.179744
vt 0.918310 0.327926
vt 0.103930 0.194761
vt 0.234865 0.185038
vt 0.021846 0.190962
vt 0.150056 0.188817
vt 0.326115 0.178529
vt 0.031789 0.195617
vt 0.376208 0.180786
vt 0.026212 0.191248
vt 0.365700 0.174750
vt 0.383722 0.175855
vt 0.354472 0.184601
vt 0.188075 0.185522
vt 0.343973 0.174926
vt 0.398455 0.169774
vt 0.050085 0.193218
vt 0.116275 0.192674
vt 0.089524 0.190985
vt 0.246006 0.182706
vt 0.423583 0.351478
vt 0.431237 0.337589
vt 0.818149 0.346626
vt 0.261264 0.175911
vt 0.035866 0.190388
vt 0.371083 0.175659
vt 0.197924 0.178680
vt 0.378811 0.176020
vt 0.355003 0.173787
vt 0.111436 0.190106
vt 0.052399 0.184716
vt 0.206457 0.178259
vt 0.003294 0.184821
vt 0.046452 0.179314
vt 0.030608 0.187410
vt 0.171892 0.179792
vt 0.308589 0.172437
vt 0.008410 0.179273
vt 0.891629 0.275671
vt 0.385880 0.168678
vt 0.371055 0.168256
vt 0.111381 0.183022
vt 0.357736 0.168271
vt 0.364603 0.167085
vt 0.964246 0.355470
vt 0.095542 0.181052
vt 0.036231 0.182811
vt 0.336022 0.162143
vt 0.015766 0.175271
vt 0.130102 0.176439
vt 0.433522 0.332553
vt 0.381426 0.165451
vt 0.083783 0.175660
vt 0.160944 0.173003
vt 0.395599 0.160599
vt 0.283803 0.165562
vt 0.022955 0.177986
vt 0.028269 0.178187
vt 0.184601 0.172452
vt 0.424004 0.342245
vt 0.067665 0.174189
vt 0.078498 0.170944
vt 0.295271 0.153206
vt 0.388915 0.160701
vt 0.312889 0.156662
vt 0.112604 0.175872
vt 0.051176 0.178443
vt 0.963855 0.338966
vt 0.100439 0.173692
vt 0.275670 0.161881
vt 0.324494 0.155109
vt 0.004265 0.166279
vt 0.383859 0.156102
vt 0.376498 0.160560
vt 0.061541 0.172968
vt 0.112155 0.166701
vt 0.033913 0.169400
vt 0.240534 0.160418
vt 0.356084 0.158514
vt 0.367839 0.160091
vt 0.229557 0.160124
vt 0.376320 0.153927
vt 0.390983 0.155188
vt 0.145743 0.167937
vt 0.028851 0.172167
vt 0.201061 0.170496
vt 0.194275 0.168968
vt 0.053777 0.171999
vt 0.043826 0.168089
vt 0.261134 0.154418
vt 0.371620 0.157312
vt 0.517254 0.309640
vt 0.202302 0.154199
vt 0.021432 0.166524
vt 0.470622 0.311001
vt 0.128115 0.163253
vt 0.094309 0.166205
vt 0.024623 0.170206
vt 0.002406 0.167666
vt 0.102949 0.163646
vt 0.393690 0.151633
vt 0.217253 0.160749
vt 0.423767 0.333307
vt 0.174264 0.164636
vt 0.451539 0.317106
vt 0.069642 0.168776
vt 0.367092 0.155715
vt 0.100291 0.169442
vt 0.008044 0.150863
vt 0.373976 0.150488
vt 0.038972 0.162981
vt 0.192851 0.161806
vt 0.300169 0.154587
vt 0.915681 0.276445
vt 0.746110 0.300849
vt 0.058417 0.166216
vt 0.050052 0.164248
vt 0.300314 0.146844
vt 0.375796 0.144670
vt 0.159242 0.157048
vt 0.070595 0.158447
vt 0.029454 0.163302
vt 0.389281 0.145877
vt 0.279029 0.145030
vt 0.354929 0.139347
vt 0.036057 0.164769
vt 0.022683 0.158850
vt 0.015101 0.147866
vt 0.060780 0.160906
vt 0.424600 0.322557
vt 0.093238 0.158298
vt 0.387619 0.141679
vt 0.392995 0.141060
vt 0.141038 0.156981
vt 0.086136 0.154248
vt 0.176652 0.153280
vt 0.032357 0.156263
vt 0.001953 0.152820
vt 0.160175 0.148934
vt 0.107759 0.155169
vt 0.252355 0.149826
vt 0.305742 0.145426
vt 0.039857 0.154529
vt 0.077012 0.146729
vt 0.230267 0.144697
vt 0.432840 0.311282
vt 0.963302 0.324892
vt 0.067273 0.149720
vt 0.045723 0.155043
vt 0.113055 0.153743
vt 0.381369 0.137566
vt 0.065136 0.154286
vt 0.239322 0.142980
vt 0.388361 0.132913
vt 0.151077 0.140527
vt 0.294092 0.144523
vt 0.373643 0.129733
vt 0.879681 0.276229
vt 0.041226 0.144131
vt 0.918158 0.277353
vt 0.189126 0.136886
vt 0.314193 0.131758
vt 0.259679 0.138790
vt 0.425920 0.313269
vt 0.133892 0.149297
vt 0.021019 0.146451
vt 0.386133 0.130479
vt 0.105780 0.146116
vt 0.098278 0.141638
vt 0.124775 0.138708
vt 0.171722 0.131361
vt 0.294005 0.136780
vt 0.031396 0.140108
vt 0.003461 0.131677
vt 0.064516 0.140792
vt 0.016588 0.141748
vt 0.625851 0.275493
vt 0.057790 0.140214
vt 0.337306 0.124529
vt 0.423847 0.310306
vt 0.085702 0.140360
vt 0.436929 0.301654
vt 0.139530 0.137621
vt 0.272031 0.128297
vt 0.427759 0.308075
vt 0.158572 0.138699
vt 0.051311 0.133772
vt 0.015463 0.135939
vt 0.231747 0.128012
vt 0.462553 0.287508
vt 0.965067 0.305544
vt 0.214815 0.122245
vt 0.021508 0.136782
vt 0.385975 0.121366
vt 0.043342 0.137748
vt 0.367229 0.117447
vt 0.424918 0.301001
vt 0.010299 0.113909
vt 0.069034 0.132203
vt 0.250500 0.128855
vt 0.258440 0.127995
vt 0.290707 0.124458
vt 0.389824 0.127930
vt 0.132644 0.129687
vt 0.107690 0.129002
vt 0.101504 0.124678
vt 0.386700 0.114190
vt 0.346095 0.117101
vt 0.241552 0.121738
vt 0.431007 0.295887
vt 0.150181 0.125190
vt 0.118340 0.122742
vt 0.425823 0.293777
vt 0.044314 0.132423
vt 0.037790 0.128809
vt 0.229477 0.115334
vt 0.436941 0.294289
vt 0.086149 0.125149
vt 0.005409 0.122827
vt 0.032055 0.131165
vt 0.486930 0.260970
vt 0.046997 0.127303
vt 0.024704 0.121732
vt 0.264706 0.111972
vt 0.328298 0.111060
vt 0.831462 0.275783
vt 0.038144 0.124087
vt 0.053266 0.119581
vt 0.249903 0.105686
vt 0.366947 0.112162
vt 0.069118 0.124578
vt 0.018757 0.112894
vt 0.070287 0.120963
vt 0.446058 0.280117
vt 0.192327 0.109262
vt 0.370083 0.107717
vt 0.045651 0.123471
vt 0.130974 0.114640
vt 0.437134 0.279657
vt 0.579010 0.277343
vt 0.389934 0.095124
vt 0.088179 0.111275
vt 0.426784 0.274277
vt 0.035460 0.121283
vt 0.279983 0.100814
vt 0.350100 0.083782
vt 0.044000 0.116099
vt 0.038647 0.117632
vt 0.964970 0.286006
vt 0.965425 0.298380
vt 0.456786 0.255731
vt 0.033527 0.115615
vt 0.007448 0.107607
vt 0.062787 0.112522
vt 0.048579 0.114497
vt 0.387750 0.081813
vt 0.961063 0.276315
vt 0.781904 0.277223
vt 0.761432 0.279669
vt 0.056970 0.110981
vt 0.472295 0.258467
vt 0.678119 0.274867
vt 0.707029 0.275499
vt 0.318884 0.085602
vt 0.503964 0.260623
vt 0.039096 0.111738
vt 0.015039 0.093587
vt 0.031478 0.111604
vt 0.145027 0.094641
vt 0.063038 0.100296
vt 0.073434 0.104579
vt 0.023586 0.098662
vt 0.518396 0.271528
vt 0.572611 0.272535
vt 0.434754 0.259865
vt 0.511985 0.270921
vt 0.649682 0.272526
vt 0.750810 0.273291
vt 0.792951 0.274243
vt 0.037378 0.106223
vt 0.044426 0.101102
vt 0.100102 0.097172
vt 0.886991 0.275106
vt 0.619334 0.269926
vt 0.723144 0.270824
vt 0.218776 0.089312
vt 0.965263 0.276534
vt 0.044562 0.072558
vt 0.017727 0.063069
vt 0.016183 0.039743
vt 0.879494 0.272898
vt 0.878398 0.273408
vt 0.570040 0.268798
vt 0.427675 0.259827
vt 0.020482 0.094116
vt 0.032200 0.077805
vt 0.017530 0.085954
vt 0.054864 0.043487
vt 0.015948 0.037190
vt 0.054916 0.039478
vt 0.520868 0.270509
vt 0.797082 0.271427
vt 0.615305 0.251645
vt 0.520698 0.235840
vt 0.578846 0.237317
vt 0.662951 0.239719
vt 0.691768 0.239275
vt 0.672751 0.244811
vt 0.638649 0.221850
vt 0.720799 0.241540
vt 0.715493 0.231135
vt 0.750752 0.235263
vt 0.574095 0.226641
vt 0.564061 0.217141
vt 0.521713 0.196634
vt 0.559384 0.204812
vt 0.570182 0.192180
vt 0.521866 0.191777
vt 0.521322 0.174800
vt 0.752453 0.193633
vt 0.679275 0.177372
vt 0.693408 0.160678
vt 0.604989 0.181357
vt 0.588208 0.159778
vt 0.059031 0.073974
vt 0.045037 0.081945
vt 0.028900 0.082945
vt 0.068873 0.073026
vt 0.059810 0.063762
vt 0.067653 0.066754
vt 0.081346 0.069813
vt 0.068842 0.064039
vt 0.057035 0.040595
vt 0.061203 0.061734
vt 0.049082 0.020933
vt 0.033919 0.024941
vt 0.013731 0.013155
vt 0.027182 0.012528
vt 0.020201 0.011989
vt 0.013492 0.915649
vt 0.016681 0.919192
vt 0.005851 0.916500
vt 0.434623 0.932448
vt 0.437515 0.928936
vt 0.443953 0.931996
vt 0.880674 0.269170
vt 0.443224 0.927430
vt 0.447309 0.926958
vt 0.448049 0.929584
vt 0.520857 0.252322
vt 0.712003 0.257638
vt 0.806304 0.237892
vt 0.837086 0.222735
vt 0.702030 0.198113
vt 0.993360 0.162093
vt 0.937681 0.161697
vt 0.941621 0.159576
vt 0.828443 0.199179
vt 0.878475 0.217648
vt 0.880171 0.198663
vt 0.918634 0.161186
vt 0.878528 0.196512
vt 0.519982 0.194017
vt 0.878835 0.194211
vt 0.879818 0.161758
vt 0.521841 0.158469
vt 0.625159 0.157979
vt 0.094900 0.073351
vt 0.093195 0.079501
vt 0.084526 0.075155
vt 0.077326 0.077825
vt 0.040385 0.083693
vt 0.054779 0.079806
vt 0.114276 0.057282
vt 0.133054 0.037890
vt 0.038009 0.010203
vt 0.024477 0.009511
vt 0.023033 0.911011
vt 0.020501 0.921682
vt 0.994699 0.160595
vt 0.993009 0.159795
vt 0.427550 0.160616
vt 0.409227 0.158377
vt 0.444128 0.160059
vt 0.913696 0.161580
vt 0.912621 0.159354
vt 0.915998 0.160247
vt 0.771308 0.159360
vt 0.880065 0.159692
vt 0.424548 0.260762
vt 0.085269 0.078251
vt 0.130475 0.075911
vt 0.106058 0.078009
vt 0.065229 0.080962
vt 0.132196 0.039311
vt 0.050327 0.006210
vt 0.043689 0.005375
vt 0.057355 0.006904
vt 0.045831 0.921954
vt 0.034290 0.921751
vt 0.037625 0.917775
vt 0.026923 0.920367
vt 0.054573 0.002512
vt 0.049983 0.004336
vt 0.409291 0.160819
vt 0.483544 0.159816
vt 0.485896 0.158030
vt 0.504829 0.159146
vt 0.519827 0.156156
vt 0.126886 0.081694
vt 0.023870 0.091811
vt 0.149632 0.075156
vt 0.141604 0.076924
vt 0.181900 0.057637
vt 0.093616 0.012648
vt 0.080120 0.008517
vt 0.079738 0.922350
vt 0.092971 0.924510
vt 0.069823 0.924418
vt 0.039863 0.007557
vt 0.048233 0.919169
vt 0.265594 0.087653
vt 0.135788 0.079229
vt 0.065130 0.085785
vt 0.046846 0.088371
vt 0.032223 0.088791
vt 0.166425 0.070385
vt 0.108143 0.012707
vt 0.099330 0.010214
vt 0.088321 0.009218
vt 0.084522 0.919921
vt 0.031611 0.917975
vt 0.074061 0.920125
vt 0.424116 0.924239
vt 0.429898 0.920204
vt 0.034886 0.101749
vt 0.165053 0.075606
vt 0.195743 0.071743
vt 0.075364 0.083329
vt 0.206353 0.037452
vt 0.142637 0.921743
vt 0.124674 0.925823
vt 0.131242 0.921163
vt 0.084599 0.005707
vt 0.037345 0.913629
vt 0.058851 0.922928
vt 0.053008 0.918754
vt 0.058370 0.920498
vt 0.952325 0.101286
vt 0.481479 0.128442
vt 0.704847 0.123596
vt 0.085694 0.082958
vt 0.190004 0.075046
vt 0.242844 0.054967
vt 0.217501 0.039149
vt 0.181861 0.013461
vt 0.161153 0.014530
vt 0.139968 0.013333
vt 0.125967 0.011677
vt 0.125277 0.921957
vt 0.115348 0.922407
vt 0.123720 0.917677
vt 0.066457 0.917502
vt 0.064011 0.922420
vt 0.820450 0.120503
vt 0.196833 0.093240
vt 0.081442 0.096236
vt 0.069499 0.095882
vt 0.119360 0.085750
vt 0.223240 0.073050
vt 0.163493 0.011675
vt 0.154027 0.013026
vt 0.163106 0.917097
vt 0.169797 0.921856
vt 0.156312 0.921966
vt 0.151355 0.917319
vt 0.087481 0.003625
vt 0.096250 0.919218
vt 0.099212 0.921756
vt 0.089390 0.919154
vt 0.059771 0.094850
vt 0.150505 0.084250
vt 0.202197 0.075663
vt 0.273607 0.074109
vt 0.206616 0.026654
vt 0.248351 0.038954
vt 0.188613 0.012286
vt 0.174093 0.913436
vt 0.179390 0.920919
vt 0.176569 0.923116
vt 0.203317 0.920545
vt 0.196962 0.921519
vt 0.196721 0.915725
vt 0.137176 0.915093
vt 0.115074 0.916181
vt 0.187263 0.082331
vt 0.238894 0.075090
vt 0.245708 0.017810
vt 0.226815 0.018361
vt 0.209986 0.012753
vt 0.217219 0.013791
vt 0.230515 0.921724
vt 0.239596 0.921618
vt 0.240803 0.924808
vt 0.092337 0.005164
vt 0.046213 0.908763
vt 0.062191 0.914653
vt 0.878753 0.107776
vt 0.298756 0.084768
vt 0.037400 0.096252
vt 0.233710 0.078924
vt 0.216735 0.079560
vt 0.085885 0.086909
vt 0.309930 0.066130
vt 0.279376 0.040243
vt 0.306260 0.050441
vt 0.280561 0.016992
vt 0.263317 0.016692
vt 0.241411 0.016002
vt 0.255574 0.923559
vt 0.248886 0.922079
vt 0.248983 0.915716
vt 0.211853 0.910372
vt 0.223587 0.920790
vt 0.097210 0.004258
vt 0.109599 0.913607
vt 0.108315 0.918611
vt 0.080604 0.913841
vt 0.040634 0.908742
vt 0.056177 0.911667
vt 0.426798 0.870771
vt 0.180945 0.092648
vt 0.389437 0.079543
vt 0.356173 0.080814
vt 0.435572 0.255491
vt 0.313187 0.038224
vt 0.313730 0.037133
vt 0.292771 0.014836
vt 0.297261 0.925407
vt 0.278597 0.924797
vt 0.291571 0.922133
vt 0.090439 0.914048
vt 0.358629 0.080193
vt 0.355166 0.074225
vt 0.389225 0.072530
vt 0.312878 0.075022
vt 0.168534 0.083145
vt 0.264001 0.078109
vt 0.319158 0.020496
vt 0.304929 0.013112
vt 0.237004 0.913787
vt 0.496070 0.259888
vt 0.431150 0.911062
vt 0.070326 0.910933
vt 0.010688 0.864054
vt 0.443061 0.912234
vt 0.102373 0.094213
vt 0.388783 0.068231
vt 0.073770 0.091756
vt 0.339751 0.034658
vt 0.322643 0.024953
vt 0.329022 0.019140
vt 0.314821 0.011392
vt 0.324620 0.013406
vt 0.268358 0.916667
vt 0.260068 0.924684
vt 0.304093 0.916617
vt 0.310516 0.924041
vt 0.343668 0.923738
vt 0.333574 0.924304
vt 0.336729 0.921216
vt 0.322861 0.922826
vt 0.330004 0.921241
vt 0.180810 0.911689
vt 0.156622 0.913168
vt 0.129778 0.913468
vt 0.265062 0.085144
vt 0.357267 0.079677
vt 0.200706 0.081318
vt 0.357412 0.055280
vt 0.384194 0.032999
vt 0.328319 0.025919
vt 0.356547 0.017699
vt 0.379030 0.928982
vt 0.389464 0.931770
vt 0.376489 0.931050
vt 0.340495 0.015079
vt 0.359977 0.928140
vt 0.365617 0.927009
vt 0.332050 0.013582
vt 0.286139 0.917468
vt 0.334125 0.922732
vt 0.245673 0.905223
vt 0.151946 0.907936
vt 0.121102 0.907080
vt 0.080237 0.910169
vt 0.168630 0.091218
vt 0.232231 0.085352
vt 0.342006 0.062590
vt 0.384637 0.030575
vt 0.368233 0.017844
vt 0.378457 0.925249
vt 0.329469 0.012149
vt 0.275850 0.916904
vt 0.021431 0.901259
vt 0.376840 0.021234
vt 0.482546 0.257523
vt 0.381718 0.020523
vt 0.399670 0.930609
vt 0.390531 0.927559
vt 0.414286 0.919314
vt 0.417441 0.925928
vt 0.409512 0.929930
vt 0.351349 0.927156
vt 0.350687 0.923044
vt 0.224786 0.911854
vt 0.163824 0.906725
vt 0.148618 0.913270
vt 0.031583 0.903782
vt 0.087673 0.908208
vt 0.386964 0.047172
vt 0.471249 0.256175
vt 0.372954 0.924597
vt 0.346646 0.921243
vt 0.112598 0.908027
vt 0.099136 0.908701
vt 0.104276 0.908876
vt 0.102517 0.920210
vt 0.023700 0.904242
vt 0.062184 0.908078
vt 0.200089 0.085865
vt 0.396126 0.924363
vt 0.359054 0.922415
vt 0.279036 0.915416
vt 0.314836 0.912224
vt 0.334681 0.911623
vt 0.189230 0.906159
vt 0.174934 0.905345
vt 0.036281 0.903477
vt 0.093669 0.909382
vt 0.052205 0.905246
vt 0.403964 0.929012
vt 0.296507 0.913973
vt 0.230781 0.909425
vt 0.521887 0.098297
vt 0.367379 0.917632
vt 0.145561 0.901293
vt 0.426888 0.912682
vt 0.348146 0.911724
vt 0.283263 0.911213
vt 0.133859 0.904233
vt 0.103544 0.901290
vt 0.408021 0.145033
vt 0.409356 0.099626
vt 0.378414 0.918047
vt 0.342483 0.909664
vt 0.268185 0.911389
vt 0.149443 0.902069
vt 0.077133 0.904454
vt 0.082213 0.905237
vt 0.066651 0.904540
vt 0.373818 0.919774
vt 0.354060 0.914706
vt 0.165878 0.904637
vt 0.157167 0.902536
vt 0.035118 0.897565
vt 0.041837 0.897709
vt 0.045084 0.899046
vt 0.392611 0.918699
vt 0.305551 0.910654
vt 0.072599 0.899751
vt 0.060754 0.897098
vt 0.257458 0.904035
vt 0.207941 0.894508
vt 0.115327 0.904313
vt 0.092113 0.900200
vt 0.065061 0.901150
vt 0.412817 0.910339
vt 0.269516 0.904300
vt 0.288360 0.903186
vt 0.032031 0.895808
vt 0.078480 0.900730
vt 0.299826 0.902189
vt 0.088582 0.896125
vt 0.917028 0.082004
vt 0.400358 0.913394
vt 0.361998 0.909314
vt 0.115538 0.900730
vt 0.106831 0.893833
vt 0.052162 0.893472
vt 0.348804 0.905596
vt 0.179250 0.896803
vt 0.117612 0.894011
vt 0.098693 0.898072
vt 0.055704 0.896071
vt 0.014961 0.885299
vt 0.407684 0.122734
vt 0.416672 0.905525
vt 0.237320 0.900119
vt 0.321843 0.896562
vt 0.138757 0.897592
vt 0.129543 0.895730
vt 0.022862 0.889987
vt 0.029898 0.888955
vt 0.044498 0.893494
vt 0.068074 0.897758
vt 0.378434 0.912486
vt 0.374477 0.911810
vt 0.367519 0.911115
vt 0.164988 0.895044
vt 0.144471 0.894796
vt 0.066127 0.893602
vt 0.074261 0.894780
vt 0.279794 0.902864
vt 0.033842 0.890788
vt 0.083684 0.894202
vt 0.396110 0.908544
vt 0.390066 0.909161
vt 0.222616 0.888563
vt 0.191320 0.892939
vt 0.037492 0.889427
vt 0.437060 0.890070
vt 0.367864 0.903739
vt 0.254410 0.893888
vt 0.152341 0.891259
vt 0.044189 0.887237
vt 0.416558 0.820287
vt 0.363790 0.902388
vt 0.359642 0.902260
vt 0.226539 0.894919
vt 0.316676 0.894212
vt 0.143578 0.884264
vt 0.064297 0.887687
vt 0.072326 0.884845
vt 0.375528 0.905119
vt 0.344035 0.897010
vt 0.342249 0.892888
vt 0.329444 0.894151
vt 0.099535 0.886342
vt 0.050789 0.887234
vt 0.407131 0.906506
vt 0.289220 0.898249
vt 0.264267 0.894840
vt 0.272560 0.896157
vt 0.391799 0.895746
vt 0.301383 0.894183
vt 0.202623 0.882868
vt 0.285171 0.895348
vt 0.026298 0.884156
vt 0.094007 0.887043
vt 0.078083 0.884696
vt 0.061813 0.885809
vt 0.922179 0.095365
vt 0.235332 0.891914
vt 0.135173 0.889254
vt 0.031397 0.882630
vt 0.125496 0.888234
vt 0.068826 0.881716
vt 0.424722 0.896863
vt 0.017505 0.863686
vt 0.247367 0.886400
vt 0.284350 0.890558
vt 0.082178 0.887041
vt 0.293786 0.891645
vt 0.881410 0.078215
vt 0.324276 0.894047
vt 0.175432 0.882458
vt 0.114989 0.885896
vt 0.270515 0.889731
vt 0.275696 0.890255
vt 0.280617 0.888684
vt 0.041679 0.879750
vt 0.393252 0.897966
vt 0.377548 0.898605
vt 0.364648 0.895290
vt 0.237139 0.883699
vt 0.166089 0.888720
vt 0.413811 0.891539
vt 0.151578 0.884133
vt 0.118314 0.881168
vt 0.109285 0.881139
vt 0.057045 0.883335
vt 0.422818 0.887880
vt 0.051913 0.879883
vt 0.017847 0.875656
vt 0.192650 0.876929
vt 0.243039 0.883283
vt 0.085667 0.879224
vt 0.377788 0.893940
vt 0.264574 0.886087
vt 0.027538 0.876859
vt 0.403027 0.894381
vt 0.355264 0.886151
vt 0.347222 0.888509
vt 0.281504 0.883927
vt 0.132797 0.876383
vt 0.074417 0.873903
vt 0.056483 0.879634
vt 0.035145 0.876506
vt 0.324642 0.884584
vt 0.308386 0.884497
vt 0.272924 0.884996
vt 0.100899 0.879904
vt 0.166878 0.876159
vt 0.562049 0.066564
vt 0.363924 0.888006
vt 0.292388 0.878912
vt 0.295245 0.884426
vt 0.063939 0.876972
vt 0.379324 0.886893
vt 0.043981 0.869469
vt 0.319065 0.878281
vt 0.149923 0.876565
vt 0.300778 0.884421
vt 0.053398 0.871940
vt 0.992269 0.104542
vt 0.390291 0.889438
vt 0.027390 0.869910
vt 0.091031 0.873059
vt 0.285360 0.873925
vt 0.109707 0.874619
vt 0.790339 0.061687
vt 0.396684 0.890236
vt 0.273529 0.877976
vt 0.244857 0.876203
vt 0.182184 0.874935
vt 0.216025 0.874504
vt 0.037004 0.871036
vt 0.307278 0.881300
vt 0.119314 0.871319
vt 0.371176 0.878237
vt 0.253214 0.870869
vt 0.343976 0.870099
vt 0.135497 0.873728
vt 0.061566 0.871852
vt 0.001575 0.916176
vt 0.923531 0.012892
vt 0.034444 0.865627
vt 0.413851 0.881284
vt 0.376132 0.879317
vt 0.164366 0.868557
vt 0.146444 0.871608
vt 0.006652 0.862892
vt 0.406462 0.882625
vt 0.383121 0.881961
vt 0.098236 0.868472
vt 0.076479 0.870284
vt 0.994605 0.111110
vt 0.520072 0.061383
vt 0.393363 0.881867
vt 0.111982 0.869690
vt 0.422256 0.875802
vt 0.364750 0.876044
vt 0.142419 0.865690
vt 0.355622 0.870745
vt 0.045894 0.860771
vt 0.072932 0.866727
vt 0.066945 0.864007
vt 0.289551 0.875027
vt 0.329650 0.868254
vt 0.058076 0.863706
vt 0.086106 0.865118
vt 0.011926 0.859788
vt 0.304244 0.867131
vt 0.310801 0.869542
vt 0.157849 0.867818
vt 0.040969 0.859263
vt 0.274212 0.867655
vt 0.291651 0.870302
vt 0.148499 0.862256
vt 0.025220 0.858007
vt 0.005552 0.855465
vt 0.428263 0.854748
vt 0.410987 0.876099
vt 0.209064 0.862160
vt 0.188375 0.857450
vt 0.166180 0.865357
vt 0.116834 0.866704
vt 0.032907 0.856264
vt 0.008422 0.856808
vt 0.400833 0.876875
vt 0.051418 0.857063
vt 0.972575 0.057853
vt 0.378718 0.871812
vt 0.361688 0.867464
vt 0.133268 0.858276
vt 0.011656 0.854236
vt 0.406974 0.087149
vt 0.321032 0.870784
vt 0.236937 0.865415
vt 0.111327 0.861990
vt 0.228829 0.860667
vt 0.396097 0.875603
vt 0.388592 0.875981
vt 0.079384 0.856106
vt 0.068298 0.853123
vt 0.879408 0.059603
vt 0.408743 0.862391
vt 0.084034 0.860762
vt 0.333583 0.864064
vt 0.074719 0.857618
vt 0.020156 0.847244
vt 0.660073 0.045488
vt 0.393377 0.870086
vt 0.198689 0.856842
vt 0.387524 0.871607
vt 0.317157 0.865882
vt 0.284174 0.859968
vt 0.240426 0.859065
vt 0.117760 0.855309
vt 0.089794 0.851821
vt 0.063590 0.850806
vt 0.257345 0.859178
vt 0.266973 0.857011
vt 0.382004 0.869044
vt 0.219630 0.852883
vt 0.103478 0.855068
vt 0.369381 0.865032
vt 0.251373 0.858936
vt 0.289320 0.859707
vt 0.399124 0.866619
vt 0.391623 0.865338
vt 0.412364 0.867030
vt 0.386871 0.868964
vt 0.994733 0.091657
vt 0.995061 0.105591
vt 0.281024 0.855123
vt 0.170539 0.854883
vt 0.162917 0.850922
vt 0.145921 0.850600
vt 0.051058 0.849894
vt 0.414697 0.857283
vt 0.039078 0.848606
vt 0.384619 0.865411
vt 0.301905 0.855620
vt 0.109038 0.852465
vt 0.009066 0.841638
vt 0.380667 0.861546
vt 0.025762 0.843258
vt 0.245337 0.857149
vt 0.340233 0.859273
vt 0.317181 0.860754
vt 0.392193 0.861727
vt 0.348936 0.849933
vt 0.128287 0.847266
vt 0.074112 0.850362
vt 0.993252 0.013811
vt 0.360706 0.855978
vt 0.210561 0.847727
vt 0.246161 0.849470
vt 0.400340 0.860277
vt 0.326001 0.854803
vt 0.366487 0.855243
vt 0.138700 0.849501
vt 0.180249 0.845332
vt 0.159496 0.846259
vt 0.047019 0.843990
vt 0.263841 0.851088
vt 0.252311 0.848894
vt 0.277461 0.850537
vt 0.114388 0.846826
vt 0.079427 0.844561
vt 0.391077 0.855521
vt 0.393674 0.857418
vt 0.257943 0.849545
vt 0.162612 0.841799
vt 0.297655 0.842930
vt 0.312891 0.846543
vt 0.064005 0.844569
vt 0.037777 0.842512
vt 0.086063 0.845325
vt 0.222854 0.846054
vt 0.094660 0.841177
vt 0.960116 0.068161
vt 0.342885 0.845205
vt 0.399114 0.852720
vt 0.048515 0.836330
vt 0.268260 0.844543
vt 0.195321 0.839397
vt 0.153105 0.841579
vt 0.023403 0.825844
vt 0.239112 0.842164
vt 0.136089 0.842773
vt 0.101122 0.841276
vt 0.033915 0.832294
vt 0.074009 0.832874
vt 0.435608 0.057427
vt 0.385896 0.848556
vt 0.256908 0.844913
vt 0.409931 0.852267
vt 0.168658 0.834441
vt 0.083026 0.840596
vt 0.063922 0.833780
vt 0.379725 0.841194
vt 0.368501 0.842872
vt 0.157888 0.843117
vt 0.021897 0.800845
vt 0.390202 0.851067
vt 0.140388 0.835315
vt 0.411050 0.843895
vt 0.069085 0.836121
vt 0.405352 0.849024
vt 0.330297 0.838473
vt 0.111470 0.832315
vt 0.093698 0.834911
vt 0.081355 0.834861
vt 0.223514 0.837493
vt 0.250083 0.835343
vt 0.207567 0.826780
vt 0.102394 0.829832
vt 0.045268 0.829825
vt 0.388663 0.841280
vt 0.287334 0.831471
vt 0.054263 0.828353
vt 0.405453 0.841319
vt 0.087217 0.832593
vt 0.065839 0.829858
vt 0.034838 0.819672
vt 0.026813 0.815661
vt 0.265225 0.835758
vt 0.152668 0.828029
vt 0.039480 0.822241
vt 0.282227 0.829132
vt 0.133108 0.824231
vt 0.187606 0.826900
vt 0.081419 0.830007
vt 0.413768 0.840663
vt 0.059087 0.817216
vt 0.995150 0.055175
vt 0.316285 0.819477
vt 0.161339 0.821624
vt 0.303075 0.828122
vt 0.074424 0.824067
vt 0.015736 0.803406
vt 0.380063 0.824128
vt 0.355119 0.822232
vt 0.107687 0.826319
vt 0.082044 0.820525
vt 0.046807 0.821078
vt 0.069671 0.822097
vt 0.032792 0.756051
vt 0.239654 0.815878
vt 0.213410 0.822504
vt 0.403965 0.823143
vt 0.140196 0.815761
vt 0.114024 0.820026
vt 0.253930 0.823605
vt 0.173605 0.821774
vt 0.093963 0.813538
vt 0.034185 0.813833
vt 0.407075 0.053114
vt 0.144971 0.815320
vt 0.134713 0.815536
vt 0.102547 0.821736
vt 0.041656 0.815216
vt 0.283415 0.819278
vt 0.207556 0.812770
vt 0.190599 0.824021
vt 0.408084 0.822014
vt 0.085257 0.811176
vt 0.939178 0.041128
vt 0.073749 0.811074
vt 0.051730 0.812108
vt 0.422245 0.820464
vt 0.168246 0.811354
vt 0.126430 0.806373
vt 0.047001 0.805718
vt 0.182449 0.803938
vt 0.415880 0.817847
vt 0.115952 0.807055
vt 0.060631 0.809662
vt 0.040184 0.806769
vt 0.880782 0.012795
vt 0.054848 0.806033
vt 0.925699 0.026467
vt 0.421877 0.819469
vt 0.306328 0.802691
vt 0.407879 0.807193
vt 0.099477 0.804278
vt 0.071680 0.802253
vt 0.034085 0.798405
vt 0.420508 0.045096
vt 0.130161 0.802758
vt 0.085153 0.806151
vt 0.143601 0.799277
vt 0.062577 0.800324
vt 0.031478 0.788485
vt 0.405378 0.051912
vt 0.080076 0.800996
vt 0.055728 0.800830
vt 0.489228 0.036444
vt 0.521420 0.015739
vt 0.094989 0.802822
vt 0.241796 0.798968
vt 0.417641 0.804189
vt 0.428841 0.020934
vt 0.094710 0.799553
vt 0.086201 0.800758
vt 0.046190 0.792813
vt 0.511796 0.036234
vt 0.371275 0.805303
vt 0.403720 0.034946
vt 0.116196 0.792471
vt 0.960943 0.027044
vt 0.404596 0.803729
vt 0.084790 0.795604
vt 0.075410 0.794464
vt 0.101705 0.789503
vt 0.425440 0.021093
vt 0.962790 0.026033
vt 0.284283 0.788927
vt 0.057577 0.789481
vt 0.358938 0.788153
vt 0.207898 0.786168
vt 0.421682 0.803040
vt 0.376779 0.803606
vt 0.156485 0.765007
vt 0.064374 0.787902
vt 0.095583 0.783880
vt 0.079525 0.790448
vt 0.085121 0.791914
vt 0.405063 0.021364
vt 0.464413 0.024177
vt 0.511550 0.029221
vt 0.880508 0.021342
vt 0.706860 0.015700
vt 0.488472 0.026386
vt 0.408710 0.798449
vt 0.248401 0.785181
vt 0.077748 0.783332
vt 0.046168 0.784026
vt 0.029438 0.758159
vt 0.071346 0.785161
vt 0.558514 0.015460
vt 0.027086 0.758523
vt 0.489670 0.023897
vt 0.125219 0.777358
vt 0.035926 0.777030
vt 0.920001 0.008059
vt 0.811444 0.014018
vt 0.100893 0.776641
vt 0.949697 0.004015
vt 0.512197 0.024365
vt 0.615975 0.015212
vt 0.635813 0.014519
vt 0.319146 0.786654
vt 0.066638 0.776382
vt 0.047593 0.776650
vt 0.486573 0.023018
vt 0.393000 0.656116
vt 0.373240 0.657162
vt 0.390690 0.653808
vt 0.372643 0.655007
vt 0.423256 0.789542
vt 0.335565 0.659960
vt 0.324588 0.657813
vt 0.337902 0.658213
vt 0.482872 0.013516
vt 0.486527 0.018244
vt 0.516788 0.014519
vt 0.586794 0.014588
vt 0.095355 0.777093
vt 0.037459 0.761597
vt 0.445831 0.021042
vt 0.325062 0.661112
vt 0.397895 0.649256
vt 0.367725 0.649377
vt 0.198732 0.762122
vt 0.339672 0.663476
vt 0.074968 0.772103
vt 0.443958 0.017959
vt 0.204755 0.667636
vt 0.223699 0.668118
vt 0.206704 0.670382
vt 0.300162 0.661487
vt 0.298588 0.662794
vt 0.297755 0.653843
vt 0.398015 0.658720
vt 0.361419 0.655676
vt 0.358394 0.654167
vt 0.364668 0.656785
vt 0.427761 0.018397
vt 0.366817 0.707693
vt 0.373524 0.705552
vt 0.392235 0.705415
vt 0.393140 0.704566
vt 0.223304 0.672401
vt 0.355738 0.660631
vt 0.368422 0.660762
vt 0.676176 0.014267
vt 0.311369 0.768397
vt 0.065714 0.773687
vt 0.404403 0.019311
vt 0.352026 0.716305
vt 0.229128 0.670043
vt 0.233887 0.668978
vt 0.236087 0.671660
vt 0.176718 0.669471
vt 0.291317 0.670641
vt 0.295879 0.662440
vt 0.240088 0.669650
vt 0.424938 0.788279
vt 0.963218 0.002066
vt 0.337638 0.709157
vt 0.342507 0.707954
vt 0.164003 0.672284
vt 0.241824 0.672976
vt 0.345068 0.653112
vt 0.492401 0.014241
vt 0.092783 0.769723
vt 0.363365 0.706202
vt 0.463733 0.014383
vt 0.291150 0.662408
vt 0.509327 0.015274
vt 0.365321 0.698686
vt 0.448468 0.013208
vt 0.158375 0.669349
vt 0.117715 0.671499
vt 0.142464 0.671531
vt 0.123760 0.672061
vt 0.172227 0.661986
vt 0.488880 0.013778
vt 0.856680 0.013241
vt 0.437452 0.009255
vt 0.293657 0.710992
vt 0.333245 0.707335
vt 0.143909 0.673987
vt 0.144662 0.670120
vt 0.258488 0.672912
vt 0.246138 0.676081
vt 0.248010 0.670069
vt 0.228079 0.676341
vt 0.286703 0.663779
vt 0.285638 0.665934
vt 0.282395 0.661816
vt 0.216685 0.662659
vt 0.402564 0.650889
vt 0.426032 0.781595
vt 0.421145 0.770815
vt 0.404379 0.012863
vt 0.416702 0.010513
vt 0.335733 0.700514
vt 0.376226 0.664655
vt 0.363445 0.651105
vt 0.041944 0.767104
vt 0.990460 0.012209
vt 0.960906 0.003053
vt 0.401689 0.699587
vt 0.168403 0.678644
vt 0.114558 0.676070
vt 0.254270 0.666816
vt 0.245420 0.665966
vt 0.403253 0.659268
vt 0.405555 0.646721
vt 0.355541 0.632094
vt 0.377614 0.617473
vt 0.403613 0.621002
vt 0.405582 0.628451
vt 0.402504 0.615991
vt 0.363834 0.616348
vt 0.334365 0.617372
vt 0.322891 0.620347
vt 0.302601 0.618576
vt 0.400643 0.705400
vt 0.447990 0.010527
vt 0.442964 0.012087
vt 0.926330 0.007293
vt 0.282546 0.669623
vt 0.330257 0.668852
vt 0.347630 0.664232
vt 0.344446 0.660666
vt 0.329068 0.640314
vt 0.282213 0.622552
vt 0.266732 0.635497
vt 0.244673 0.626890
vt 0.281140 0.713810
vt 0.391238 0.688248
vt 0.207382 0.678223
vt 0.259182 0.666939
vt 0.299886 0.638126
vt 0.272290 0.645225
vt 0.305097 0.631434
vt 0.299942 0.630884
vt 0.730138 0.014050
vt 0.051147 0.765603
vt 0.404700 0.681210
vt 0.349079 0.682651
vt 0.098398 0.672530
vt 0.098503 0.669474
vt 0.108508 0.671255
vt 0.262742 0.668930
vt 0.114470 0.666050
vt 0.252540 0.641770
vt 0.244190 0.642404
vt 0.211993 0.643052
vt 0.240912 0.637138
vt 0.190402 0.621975
vt 0.247974 0.765142
vt 0.061519 0.765876
vt 0.442430 0.007724
vt 0.283016 0.707396
vt 0.399692 0.714455
vt 0.279077 0.666697
vt 0.153073 0.643996
vt 0.105905 0.625632
vt 0.084873 0.757369
vt 0.245651 0.693325
vt 0.200157 0.681212
vt 0.188674 0.656919
vt 0.061062 0.627224
vt 0.873473 0.012135
vt 0.410355 0.771949
vt 0.123381 0.761731
vt 0.308880 0.702001
vt 0.367965 0.770113
vt 0.412125 0.768832
vt 0.055618 0.746452
vt 0.043092 0.749001
vt 0.045055 0.747609
vt 0.405090 0.738169
vt 0.405852 0.750627
vt 0.398438 0.751409
vt 0.033746 0.749544
vt 0.384140 0.738463
vt 0.403644 0.716308
vt 0.183730 0.697674
vt 0.134575 0.680246
vt 0.062060 0.669071
vt 0.044003 0.628134
vt 0.053341 0.760133
vt 0.998047 0.010581
vt 0.370209 0.752159
vt 0.330754 0.735405
vt 0.246423 0.712249
vt 0.102961 0.678478
vt 0.923469 0.007849
vt 0.410400 0.760778
vt 0.252203 0.708696
vt 0.073639 0.671777
vt 0.036578 0.667973
vt 0.036385 0.627728
vt 0.330995 0.751997
vt 0.258075 0.715444
vt 0.205053 0.718057
vt 0.207420 0.714456
vt 0.210035 0.708849
vt 0.067450 0.675588
vt 0.041677 0.671262
vt 0.322594 0.754119
vt 0.993275 0.007703
vt 0.175061 0.715427
vt 0.036696 0.673564
vt 0.047890 0.753954
vt 0.065036 0.746665
vt 0.067803 0.743498
vt 0.076041 0.745566
vt 0.028822 0.746951
vt 0.299466 0.750922
vt 0.266107 0.733907
vt 0.163640 0.717185
vt 0.148186 0.711967
vt 0.284426 0.750439
vt 0.251240 0.750147
vt 0.247892 0.744726
vt 0.264228 0.750459
vt 0.146688 0.714211
vt 0.082768 0.708907
vt 0.246508 0.754611
vt 0.216531 0.751012
vt 0.201917 0.736956
vt 0.092931 0.711882
vt 0.368083 0.757282
vt 0.332081 0.756710
vt 0.076502 0.748455
vt 0.296686 0.756791
vt 0.078592 0.745148
vt 0.067771 0.742052
vt 0.993649 0.001953
vt 0.131322 0.749095
vt 0.061736 0.751255
vt 0.029619 0.740627
vt 0.048001 0.740535
vt 0.168518 0.750597
vt 0.156602 0.759809
vt 0.376741 0.759823
vt 0.179320 0.753994
vt 0.150776 0.750354
vt 0.058453 0.708273
vt 0.336081 0.767048
vt 0.244602 0.762755
vt 0.087611 0.749645
vt 0.094488 0.744511
vt 0.086199 0.733841
vt 0.035165 0.697193
vt 0.034240 0.709956
vt 0.034998 0.708061
s 1
usemtl MatID_1
f 15/1/1 45/2/2 11/3/3
f 19/4/4 20/5/5 17/6/6
f 17/6/6 20/5/5 1/7/7
f 14/8/8 18/9/9 21/10/10
f 17/6/6 2/11/11 18/9/9
f 21/10/10 18/9/9 22/12/12
f 22/12/12 18/9/9 2/11/11
f 2/11/11 17/6/6 24/13/13
f 24/13/13 1/7/7 4/14/14
f 2/11/11 24/13/13 3/15/15
f 2/11/11 3/15/15 27/16/16
f 25/17/17 27/16/16 28/18/18
f 24/13/13 4/14/14 31/19/19
f 27/16/16 29/20/20 32/21/21
f 40/22/22 39/23/23 9/24/24
f 6/25/25 41/26/26 5/27/27
f 37/28/28 6/25/25 7/29/29
f 37/28/28 7/29/29 8/30/30
f 38/31/31 8/32/30 9/24/24
f 39/23/23 38/31/31 9/24/24
f 42/33/32 40/22/22 9/24/24
f 10/34/33 42/33/32 9/24/24
f 41/26/26 44/35/34 12/36/35
f 41/26/26 12/36/35 5/27/27
f 10/34/33 9/24/24 14/8/8
f 5/37/27 12/38/35 19/4/4
f 9/24/24 8/32/30 13/39/36
f 8/32/30 7/40/29 13/39/36
f 11/3/3 10/34/33 14/8/8
f 44/41/34 16/42/37 20/5/5
f 44/41/34 19/4/4 12/38/35
f 7/40/29 6/43/25 13/39/36
f 11/3/3 14/8/8 15/1/1
f 6/43/25 5/37/27 19/4/4
f 14/8/8 9/24/24 13/39/36
f 16/42/37 46/44/38 20/5/5
f 13/39/36 6/43/25 17/6/6
f 19/4/4 44/41/34 20/5/5
f 6/43/25 19/4/4 17/6/6
f 15/45/1 14/46/8 47/47/39
f 13/39/36 18/9/9 14/8/8
f 18/9/9 13/39/36 17/6/6
f 20/5/5 48/48/40 49/49/41
f 1/7/7 20/5/5 23/50/42
f 47/47/39 14/46/8 21/51/10
f 17/6/6 1/7/7 24/13/13
f 23/50/42 26/52/43 1/7/7
f 23/50/42 50/53/44 26/52/43
f 21/10/10 22/12/12 25/17/17
f 26/52/43 50/53/44 51/54/45
f 22/12/12 2/11/11 27/16/16
f 1/7/7 26/52/43 4/14/14
f 25/17/17 22/12/12 27/16/16
f 26/52/43 51/54/45 52/55/46
f 4/14/14 26/52/43 30/56/47
f 26/52/43 52/55/46 30/56/47
f 27/16/16 3/15/15 29/20/20
f 24/13/13 31/19/19 3/15/15
f 27/16/16 32/21/21 28/18/18
f 30/57/47 56/58/48 53/59/49
f 30/56/47 53/59/49 33/60/50
f 30/56/47 33/60/50 34/61/51
f 30/56/47 34/61/51 4/14/14
f 34/61/51 31/19/19 4/14/14
f 33/60/50 53/59/49 34/61/51
f 31/19/19 34/61/51 36/62/52
f 31/19/19 36/62/52 54/63/53
f 3/15/15 31/19/19 54/63/53
f 29/20/20 3/15/15 35/64/54
f 29/20/20 35/64/54 32/21/21
f 34/61/51 53/59/49 36/62/52
f 37/28/28 41/26/26 6/25/25
f 11/65/3 43/66/55 10/67/33
f 50/53/44 23/50/42 49/49/41
f 21/51/10 55/68/56 47/47/39
f 21/51/10 25/69/17 55/68/56
f 52/70/46 56/58/48 30/57/47
f 28/18/18 32/21/21 57/71/57
f 32/21/21 35/64/54 57/71/57
f 58/72/58 8/30/30 38/73/31
f 46/44/38 60/74/59 20/5/5
f 20/5/5 60/74/59 48/48/40
f 55/68/56 28/75/18 57/71/57
f 54/63/53 35/64/54 3/15/15
f 39/76/23 58/72/58 38/73/31
f 59/77/60 44/35/34 41/26/26
f 55/68/56 25/69/17 28/75/18
f 64/78/61 39/76/23 40/79/22
f 51/80/45 65/81/62 52/70/46
f 56/58/48 66/82/63 53/59/49
f 36/62/52 67/83/64 54/63/53
f 35/64/54 71/84/65 57/71/57
f 61/85/66 50/86/44 49/87/41
f 51/80/45 50/86/44 70/88/67
f 64/78/61 58/72/58 39/76/23
f 67/83/64 63/89/68 54/63/53
f 68/90/69 35/64/54 54/63/53
f 56/58/48 52/70/46 65/81/62
f 63/89/68 68/90/69 54/63/53
f 72/91/70 37/28/28 8/30/30
f 58/72/58 72/91/70 8/30/30
f 69/92/71 16/93/37 44/35/34
f 74/94/72 42/95/32 10/67/33
f 75/96/73 47/47/39 55/68/56
f 61/85/66 70/88/67 50/86/44
f 53/59/49 62/97/74 36/62/52
f 42/95/32 64/78/61 40/79/22
f 10/67/33 43/66/55 77/98/75
f 69/92/71 44/35/34 59/77/60
f 68/90/69 71/84/65 35/64/54
f 72/91/70 58/72/58 64/78/61
f 65/81/62 78/99/76 56/58/48
f 51/80/45 70/88/67 65/81/62
f 76/100/77 37/28/28 72/91/70
f 62/97/74 67/83/64 36/62/52
f 81/101/78 73/102/79 41/26/26
f 79/103/80 60/104/59 46/105/38
f 69/92/71 83/106/81 16/93/37
f 73/102/79 84/107/82 41/26/26
f 70/88/67 61/85/66 82/108/83
f 84/107/82 59/77/60 41/26/26
f 63/89/68 85/109/84 68/90/69
f 77/98/75 74/94/72 10/67/33
f 70/88/67 78/99/76 65/81/62
f 53/59/49 66/82/63 62/97/74
f 16/93/37 86/110/85 46/105/38
f 73/102/79 81/101/78 87/111/86
f 48/112/40 61/85/66 49/87/41
f 80/113/87 37/28/28 76/100/77
f 48/112/40 88/114/88 61/85/66
f 66/82/63 91/115/89 62/97/74
f 74/94/72 90/116/90 42/95/32
f 64/78/61 76/100/77 72/91/70
f 79/103/80 94/117/91 60/104/59
f 89/118/92 63/89/68 67/83/64
f 59/77/60 83/106/81 69/92/71
f 60/119/59 94/120/91 48/112/40
f 85/109/84 71/84/65 68/90/69
f 96/121/93 84/107/82 73/102/79
f 86/110/85 79/103/80 46/105/38
f 97/122/94 63/89/68 89/118/92
f 56/58/48 95/123/95 98/124/96
f 56/58/48 98/124/96 66/82/63
f 91/115/89 67/83/64 62/97/74
f 87/111/86 81/101/78 96/121/93
f 42/95/32 76/100/77 64/78/61
f 96/121/93 73/102/79 87/111/86
f 97/122/94 85/109/84 63/89/68
f 100/125/97 96/121/93 81/101/78
f 80/113/87 41/26/26 37/28/28
f 56/58/48 78/99/76 95/123/95
f 101/126/98 83/106/81 59/77/60
f 93/127/99 77/98/75 43/66/55
f 103/128/100 71/84/65 85/109/84
f 104/129/101 45/130/2 15/131/1
f 88/114/88 48/112/40 102/132/102
f 41/26/26 100/125/97 81/101/78
f 47/47/39 104/133/101 15/45/1
f 61/85/66 88/114/88 82/108/83
f 55/68/56 57/71/57 92/134/103
f 100/125/97 41/26/26 80/113/87
f 106/135/104 90/116/90 74/94/72
f 77/98/75 106/135/104 74/94/72
f 75/96/73 55/68/56 92/134/103
f 91/115/89 89/118/92 67/83/64
f 84/107/82 101/126/98 59/77/60
f 98/124/96 99/136/105 66/82/63
f 70/88/67 82/108/83 78/99/76
f 76/100/77 109/137/106 80/113/87
f 99/136/105 91/115/89 66/82/63
f 108/138/107 89/118/92 91/115/89
f 96/121/93 105/139/108 84/107/82
f 105/139/108 101/126/98 84/107/82
f 42/95/32 110/140/109 76/100/77
f 112/141/110 90/116/90 106/135/104
f 111/142/111 83/106/81 101/126/98
f 76/100/77 110/140/109 109/137/106
f 16/93/37 83/106/81 113/143/112
f 96/121/93 100/125/97 105/139/108
f 107/144/113 101/126/98 105/139/108
f 114/145/114 78/99/76 82/108/83
f 108/138/107 97/122/94 89/118/92
f 90/116/90 110/140/109 42/95/32
f 113/143/112 83/106/81 111/142/111
f 107/144/113 115/146/115 101/126/98
f 11/65/3 45/130/2 116/147/116
f 100/125/97 80/113/87 109/137/106
f 107/144/113 105/139/108 100/125/97
f 101/126/98 115/146/115 111/142/111
f 118/148/117 117/149/118 100/125/97
f 109/137/106 118/148/117 100/125/97
f 110/140/109 119/150/119 109/137/106
f 117/149/118 107/144/113 100/125/97
f 97/122/94 103/128/100 85/109/84
f 121/151/120 126/152/121 110/140/109
f 90/116/90 123/153/122 110/140/109
f 122/154/123 113/143/112 111/142/111
f 126/152/121 119/150/119 110/140/109
f 129/155/124 16/93/37 113/143/112
f 16/93/37 129/155/124 86/110/85
f 118/148/117 109/137/106 125/156/125
f 123/153/122 90/116/90 112/141/110
f 123/153/122 112/141/110 106/135/104
f 116/147/116 45/130/2 104/129/101
f 120/157/126 106/135/104 77/98/75
f 124/158/127 108/138/107 91/115/89
f 121/151/120 110/140/109 123/153/122
f 118/148/117 127/159/128 117/149/118
f 11/65/3 93/127/99 43/66/55
f 92/134/103 57/71/57 71/84/65
f 117/149/118 128/160/129 107/144/113
f 128/160/129 115/146/115 107/144/113
f 94/120/91 102/132/102 48/112/40
f 123/153/122 106/135/104 120/157/126
f 119/150/119 125/156/125 109/137/106
f 128/160/129 117/149/118 127/159/128
f 77/98/75 93/127/99 120/157/126
f 128/160/129 130/161/130 115/146/115
f 131/162/131 122/154/123 111/142/111
f 127/159/128 118/148/117 125/156/125
f 121/151/120 119/150/119 126/152/121
f 122/154/123 129/155/124 113/143/112
f 132/163/132 123/153/122 120/157/126
f 131/162/131 111/142/111 115/146/115
f 136/164/133 122/154/123 131/162/131
f 124/158/127 97/122/94 108/138/107
f 133/165/134 131/162/131 115/146/115
f 127/159/128 137/166/135 128/160/129
f 47/47/39 75/96/73 134/167/136
f 135/168/137 75/96/73 92/134/103
f 130/161/130 133/165/134 115/146/115
f 127/159/128 125/156/125 119/150/119
f 138/169/138 131/162/131 133/165/134
f 131/162/131 138/169/138 136/164/133
f 82/108/83 88/114/88 114/145/114
f 137/166/135 130/161/130 128/160/129
f 119/150/119 139/170/139 127/159/128
f 11/65/3 141/171/140 93/127/99
f 78/99/76 142/172/141 95/123/95
f 140/173/142 121/151/120 123/153/122
f 103/128/100 143/174/143 71/84/65
f 78/99/76 114/145/114 142/172/141
f 139/170/139 119/150/119 121/151/120
f 136/164/133 129/155/124 122/154/123
f 144/175/144 136/164/133 138/169/138
f 99/136/105 124/158/127 91/115/89
f 144/175/144 138/169/138 133/165/134
f 130/161/130 144/175/144 133/165/134
f 136/164/133 146/176/145 129/155/124
f 129/155/124 147/177/146 86/110/85
f 143/174/143 92/134/103 71/84/65
f 137/166/135 151/178/147 130/161/130
f 114/145/114 88/114/88 142/172/141
f 124/158/127 103/128/100 97/122/94
f 151/178/147 137/166/135 127/159/128
f 152/179/148 116/147/116 104/129/101
f 132/163/132 145/180/149 123/153/122
f 139/170/139 121/151/120 140/173/142
f 98/124/96 95/123/95 153/181/150
f 151/178/147 148/182/151 130/161/130
f 88/114/88 149/183/152 142/172/141
f 146/176/145 136/164/133 144/175/144
f 47/47/39 152/184/148 104/133/101
f 142/172/141 153/181/150 95/123/95
f 145/180/149 140/173/142 123/153/122
f 134/167/136 75/96/73 135/168/137
f 98/124/96 154/185/153 99/136/105
f 130/161/130 155/186/154 144/175/144
f 146/176/145 147/177/146 129/155/124
f 102/132/102 149/183/152 88/114/88
f 103/128/100 150/187/155 143/174/143
f 155/186/154 146/176/145 144/175/144
f 124/158/127 158/188/156 103/128/100
f 151/178/147 127/159/128 157/189/157
f 161/190/158 145/180/149 132/163/132
f 157/189/157 127/159/128 139/170/139
f 140/173/142 157/189/157 139/170/139
f 162/191/159 158/188/156 124/158/127
f 161/190/158 132/163/132 120/157/126
f 148/182/151 155/186/154 130/161/130
f 93/127/99 141/171/140 164/192/160
f 158/188/156 163/193/161 103/128/100
f 98/124/96 153/181/150 156/194/162
f 154/185/153 124/158/127 99/136/105
f 150/187/155 103/128/100 163/193/161
f 164/192/160 120/157/126 93/127/99
f 165/195/163 154/185/153 98/124/96
f 124/158/127 167/196/164 162/191/159
f 168/197/165 94/117/91 79/103/80
f 167/196/164 124/158/127 154/185/153
f 166/198/166 163/193/161 158/188/156
f 143/174/143 160/199/167 92/134/103
f 157/189/157 140/173/142 145/180/149
f 156/194/162 165/195/163 98/124/96
f 172/200/168 166/198/166 162/191/159
f 166/198/166 158/188/156 162/191/159
f 171/201/169 150/187/155 163/193/161
f 171/201/169 143/174/143 150/187/155
f 161/190/158 120/157/126 164/192/160
f 159/202/170 145/180/149 161/190/158
f 173/203/171 163/193/161 166/198/166
f 174/204/172 157/189/157 145/180/149
f 147/177/146 146/176/145 175/205/173
f 173/203/171 171/201/169 163/193/161
f 167/196/164 172/200/168 162/191/159
f 159/202/170 174/204/172 145/180/149
f 94/120/91 168/206/165 102/132/102
f 142/172/141 177/207/174 153/181/150
f 148/182/151 179/208/175 155/186/154
f 155/186/154 178/209/176 146/176/145
f 176/210/177 173/203/171 166/198/166
f 181/211/178 143/174/143 171/201/169
f 180/212/179 159/202/170 161/190/158
f 154/185/153 182/213/180 167/196/164
f 176/210/177 166/198/166 172/200/168
f 181/211/178 170/214/181 143/174/143
f 170/214/181 183/215/182 143/174/143
f 178/209/176 175/205/173 146/176/145
f 178/209/176 155/186/154 179/208/175
f 185/216/183 47/47/39 134/167/136
f 187/217/184 161/190/158 164/192/160
f 47/47/39 185/216/183 152/184/148
f 182/213/180 172/200/168 167/196/164
f 184/218/185 176/210/177 172/200/168
f 86/110/85 188/219/186 79/103/80
f 149/183/152 177/207/174 142/172/141
f 160/199/167 143/174/143 183/215/182
f 170/214/181 181/211/178 171/201/169
f 165/195/163 190/220/187 154/185/153
f 186/221/188 180/212/179 161/190/158
f 174/204/172 189/222/189 157/189/157
f 147/177/146 188/219/186 86/110/85
f 189/222/189 151/178/147 157/189/157
f 102/132/102 169/223/190 149/183/152
f 187/217/184 186/221/188 161/190/158
f 154/185/153 190/220/187 182/213/180
f 184/218/185 172/200/168 182/213/180
f 176/210/177 171/201/169 173/203/171
f 190/220/187 192/224/191 182/213/180
f 185/225/183 116/147/116 152/179/148
f 151/178/147 179/208/175 148/182/151
f 189/222/189 191/226/192 151/178/147
f 192/224/191 184/218/185 182/213/180
f 159/202/170 180/212/179 174/204/172
f 149/183/152 194/227/193 177/207/174
f 141/171/140 195/228/194 164/192/160
f 193/229/195 188/219/186 147/177/146
f 197/230/196 174/204/172 180/212/179
f 179/208/175 151/178/147 191/226/192
f 177/207/174 196/231/197 153/181/150
f 193/229/195 147/177/146 175/205/173
f 11/65/3 116/147/116 200/232/198
f 168/206/165 169/223/190 102/132/102
f 201/233/199 192/224/191 190/220/187
f 197/230/196 180/212/179 186/221/188
f 198/234/200 176/210/177 184/218/185
f 192/224/191 201/233/199 184/218/185
f 194/227/193 203/235/201 177/207/174
f 149/183/152 169/223/190 194/227/193
f 191/226/192 205/236/202 179/208/175
f 190/220/187 202/237/203 201/233/199
f 201/233/199 202/237/203 184/218/185
f 197/230/196 186/221/188 187/217/184
f 195/228/194 187/217/184 164/192/160
f 206/238/204 189/222/189 174/204/172
f 204/239/205 183/215/182 170/214/181
f 135/168/137 92/134/103 160/199/167
f 202/237/203 198/234/200 184/218/185
f 171/201/169 204/239/205 170/214/181
f 185/225/183 200/232/198 116/147/116
f 208/240/206 185/216/183 134/167/136
f 207/241/207 197/230/196 187/217/184
f 153/181/150 196/231/197 156/194/162
f 176/210/177 199/242/208 171/201/169
f 177/207/174 203/235/201 196/231/197
f 205/236/202 178/209/176 179/208/175
f 210/243/209 202/237/203 190/220/187
f 206/238/204 205/236/202 191/226/192
f 207/241/207 174/204/172 197/230/196
f 210/243/209 190/220/187 165/195/163
f 209/244/210 183/215/182 204/239/205
f 211/245/211 175/205/173 178/209/176
f 156/194/162 210/243/209 165/195/163
f 212/246/212 205/236/202 206/238/204
f 189/222/189 206/238/204 191/226/192
f 214/247/213 141/171/140 11/65/3
f 206/238/204 174/204/172 207/241/207
f 193/229/195 175/205/173 211/245/211
f 214/247/213 11/65/3 200/232/198
f 212/246/212 215/248/214 205/236/202
f 204/239/205 171/201/169 199/242/208
f 213/249/215 206/238/204 207/241/207
f 185/225/183 208/250/206 200/232/198
f 135/168/137 160/199/167 217/251/216
f 215/248/214 178/209/176 205/236/202
f 216/252/217 134/167/136 135/168/137
f 215/248/214 211/245/211 178/209/176
f 194/227/193 169/223/190 218/253/218
f 208/240/206 134/167/136 219/254/219
f 219/254/219 134/167/136 216/252/217
f 221/255/220 213/249/215 207/241/207
f 222/256/221 187/217/184 195/228/194
f 196/231/197 227/257/222 156/194/162
f 220/258/223 215/248/214 212/246/212
f 141/171/140 222/256/221 195/228/194
f 228/259/224 224/260/225 226/261/226
f 230/262/227 223/263/228 234/264/229
f 222/256/221 207/241/207 187/217/184
f 79/103/80 231/265/230 168/197/165
f 194/227/193 233/266/231 203/235/201
f 235/267/232 228/259/224 226/261/226
f 203/235/201 233/266/231 227/257/222
f 224/260/225 236/268/233 226/261/226
f 218/253/218 233/266/231 194/227/193
f 235/267/232 223/263/228 228/259/224
f 230/262/227 228/259/224 223/263/228
f 232/269/234 229/270/235 234/264/229
f 203/235/201 227/257/222 196/231/197
f 188/219/186 231/265/230 79/103/80
f 235/267/232 234/264/229 223/263/228
f 230/262/227 229/270/235 238/271/236
f 229/270/235 230/262/227 234/264/229
f 230/262/227 244/272/237 228/259/224
f 217/251/216 216/252/217 135/168/137
f 198/234/200 199/242/208 176/210/177
f 225/273/238 208/240/206 219/254/219
f 232/269/234 248/274/239 229/270/235
f 237/275/240 250/276/241 246/277/242
f 250/276/241 245/278/243 246/277/242
f 219/254/219 216/252/217 254/279/244
f 241/280/245 212/246/212 206/238/204
f 238/271/236 229/270/235 239/281/246
f 237/275/240 264/282/247 243/283/248
f 245/278/243 254/284/244 246/277/242
f 244/272/237 224/260/225 228/259/224
f 217/251/216 160/199/167 266/285/249
f 168/206/165 231/286/230 169/223/190
f 243/283/248 250/276/241 237/275/240
f 235/267/232 226/261/226 236/268/233
f 264/282/247 251/287/250 240/288/251
f 245/289/243 219/254/219 254/279/244
f 265/290/252 216/252/217 217/251/216
f 198/234/200 202/237/203 268/291/253
f 183/215/182 209/244/210 271/292/254
f 240/288/251 273/293/255 242/294/256
f 256/295/257 234/264/229 235/267/232
f 248/274/239 239/281/246 229/270/235
f 274/296/258 240/288/251 251/287/250
f 260/297/259 238/271/236 239/281/246
f 243/283/248 240/288/251 242/294/256
f 243/283/248 242/294/256 259/298/260
f 264/282/247 237/275/240 246/277/242
f 254/284/244 264/282/247 246/277/242
f 265/290/252 254/279/244 216/252/217
f 156/194/162 227/257/222 278/299/261
f 283/300/262 266/285/249 160/199/167
f 156/301/162 284/302/263 285/303/264
f 286/304/265 283/305/262 160/306/167
f 156/301/162 285/303/264 287/307/266
f 156/194/162 287/308/266 210/243/209
f 160/199/167 183/215/182 271/292/254
f 271/292/254 288/309/267 160/199/167
f 210/243/209 287/308/266 202/237/203
f 198/234/200 268/291/253 269/310/268
f 199/242/208 198/234/200 269/310/268
f 204/239/205 199/242/208 270/311/269
f 209/244/210 204/239/205 270/311/269
f 209/244/210 270/311/269 271/292/254
f 287/308/266 268/291/253 202/237/203
f 270/311/269 289/312/270 271/292/254
f 270/311/269 269/310/268 289/312/270
f 268/291/253 287/308/266 290/313/271
f 268/291/253 289/312/270 269/310/268
f 271/292/254 289/312/270 291/314/272
f 271/292/254 291/314/272 293/315/273
f 268/291/253 292/316/274 295/317/275
f 268/291/253 290/313/271 292/316/274
f 295/317/275 289/312/270 268/291/253
f 289/312/270 295/317/275 294/318/276
f 289/312/270 294/318/276 296/319/277
f 291/314/272 289/312/270 296/319/277
f 297/320/278 298/321/279 299/322/280
f 297/320/278 301/323/281 300/324/282
f 296/319/277 300/324/282 302/325/283
f 301/323/281 297/320/278 299/322/280
f 303/326/284 296/319/277 302/325/283
f 302/325/283 300/324/282 301/323/281
f 303/326/284 302/325/283 304/327/285
f 305/328/286 302/325/283 301/323/281
f 301/323/281 299/322/280 306/329/287
f 302/325/283 305/328/286 304/327/285
f 218/330/218 169/331/190 307/332/288
f 218/330/218 307/332/288 233/333/231
f 234/264/229 248/274/239 232/269/234
f 274/296/258 273/293/255 240/288/251
f 275/334/289 252/335/290 263/336/291
f 264/282/247 276/337/292 253/338/293
f 264/282/247 253/338/293 251/287/250
f 245/289/243 313/339/294 219/254/219
f 316/340/295 263/336/291 252/335/290
f 316/340/295 252/335/290 236/268/233
f 316/340/295 236/268/233 224/260/225
f 244/272/237 316/340/295 224/260/225
f 217/341/216 266/342/249 282/343/296
f 281/344/297 217/341/216 282/343/296
f 286/304/265 160/306/167 334/345/298
f 334/345/298 160/306/167 288/346/267
f 290/313/271 287/308/266 292/316/274
f 292/347/274 287/307/266 336/348/299
f 271/292/254 293/315/273 335/349/300
f 292/316/274 298/321/279 297/320/278
f 295/317/275 292/316/274 297/320/278
f 294/318/276 295/317/275 300/324/282
f 300/324/282 295/317/275 297/320/278
f 291/314/272 296/319/277 303/326/284
f 293/315/273 291/314/272 303/326/284
f 296/319/277 294/318/276 300/324/282
f 303/326/284 304/327/285 337/350/301
f 306/329/287 338/351/302 339/352/303
f 301/323/281 306/329/287 339/352/303
f 305/328/286 301/323/281 340/353/304
f 305/328/286 340/353/304 341/354/305
f 304/327/285 305/328/286 341/354/305
f 342/355/306 215/248/214 220/258/223
f 169/331/190 343/356/307 307/332/288
f 308/357/308 309/358/309 307/332/288
f 272/359/310 225/273/238 219/254/219
f 307/332/288 275/334/289 233/333/231
f 239/281/246 248/274/239 260/297/259
f 267/360/311 349/361/312 347/362/313
f 348/363/314 249/364/315 262/365/316
f 259/298/260 250/276/241 243/283/248
f 233/333/231 275/334/289 263/336/291
f 252/335/290 235/267/232 236/268/233
f 315/366/317 262/365/316 249/364/315
f 244/272/237 230/262/227 238/271/236
f 264/282/247 240/288/251 243/283/248
f 265/367/252 264/282/247 254/284/244
f 233/333/231 263/336/291 227/368/222
f 263/336/291 316/340/295 277/369/318
f 277/369/318 244/272/237 317/370/319
f 263/336/291 318/371/320 227/368/222
f 263/336/291 277/369/318 318/371/320
f 277/369/318 317/370/319 279/372/321
f 319/373/322 320/374/323 321/375/324
f 319/373/322 217/341/216 320/374/323
f 319/373/322 321/375/324 322/376/325
f 279/372/321 317/370/319 324/377/326
f 320/374/323 217/341/216 281/344/297
f 279/378/321 324/379/326 280/380/327
f 317/370/319 327/381/328 325/382/329
f 317/370/319 326/383/330 324/377/326
f 317/370/319 329/384/331 326/383/330
f 317/370/319 325/382/329 329/384/331
f 325/385/329 327/386/328 331/387/332
f 328/388/333 323/389/334 332/390/335
f 271/292/254 335/349/300 288/309/267
f 372/391/336 303/392/284 337/350/301
f 340/353/304 301/323/281 339/352/303
f 255/393/337 241/280/245 206/238/204
f 255/393/337 206/238/204 213/249/215
f 225/273/238 374/394/338 208/240/206
f 308/357/308 343/356/307 375/395/339
f 343/356/307 308/357/308 307/332/288
f 307/332/288 235/267/232 275/334/289
f 235/267/232 307/332/288 309/358/309
f 347/362/313 262/365/316 267/360/311
f 253/338/293 274/296/258 251/287/250
f 275/334/289 235/267/232 252/335/290
f 256/295/257 248/274/239 234/264/229
f 261/396/340 311/397/341 312/398/342
f 242/294/256 377/399/343 259/298/260
f 259/298/260 352/400/344 250/276/241
f 260/297/259 261/396/340 314/401/345
f 276/337/292 315/366/317 249/364/315
f 253/338/293 276/337/292 249/364/315
f 352/400/344 245/278/243 250/276/241
f 353/402/346 238/271/236 260/297/259
f 316/340/295 244/272/237 277/369/318
f 264/282/247 265/367/252 319/373/322
f 265/367/252 217/341/216 319/373/322
f 227/368/222 318/371/320 278/403/261
f 279/378/321 379/404/347 277/405/318
f 354/406/348 356/407/349 317/370/319
f 330/408/350 359/409/351 357/410/352
f 318/371/320 277/369/318 355/411/353
f 319/373/322 322/376/325 323/389/334
f 319/373/322 323/389/334 328/388/333
f 354/406/348 358/412/354 361/413/355
f 362/414/356 358/412/354 354/406/348
f 319/373/322 328/388/333 330/408/350
f 359/409/351 330/408/350 363/415/357
f 317/370/319 356/407/349 327/381/328
f 360/416/358 357/410/352 365/417/359
f 367/418/360 322/376/325 321/375/324
f 356/407/349 354/406/348 364/419/361
f 330/408/350 366/420/362 363/415/357
f 393/421/363 323/389/334 322/376/325
f 359/422/351 363/423/357 369/424/364
f 354/406/348 361/413/355 364/419/361
f 366/420/362 330/408/350 370/425/365
f 330/408/350 328/388/333 370/425/365
f 371/426/366 365/427/359 357/428/352
f 366/429/362 370/430/365 395/431/367
f 361/432/355 408/433/368 364/434/361
f 356/435/349 364/434/361 396/436/369
f 298/437/279 306/329/287 299/438/280
f 208/250/206 374/439/338 200/232/198
f 231/265/230 343/356/307 169/331/190
f 376/440/370 308/357/308 375/395/339
f 308/357/308 376/440/370 309/358/309
f 235/267/232 309/358/309 256/295/257
f 345/441/371 261/396/340 260/297/259
f 345/441/371 311/397/341 261/396/340
f 257/442/372 346/443/373 350/444/374
f 346/443/373 258/445/375 350/444/374
f 349/361/312 310/446/376 347/362/313
f 310/446/376 351/447/377 258/445/375
f 351/447/377 310/446/376 349/361/312
f 315/366/317 349/361/312 262/365/316
f 353/402/346 244/272/237 238/271/236
f 353/402/346 354/406/348 244/272/237
f 244/272/237 354/406/348 317/370/319
f 378/448/378 330/408/350 360/416/358
f 330/408/350 357/410/352 360/416/358
f 379/404/347 355/449/353 277/405/318
f 354/406/348 382/450/379 381/451/380
f 354/406/348 378/448/378 382/450/379
f 354/406/348 383/452/381 380/453/382
f 383/452/381 354/406/348 381/451/380
f 378/448/378 360/416/358 384/454/383
f 385/455/384 378/448/378 384/454/383
f 381/456/380 390/457/385 383/458/381
f 382/450/379 378/448/378 388/459/386
f 321/460/324 387/461/387 367/462/360
f 388/459/386 378/448/378 392/463/388
f 378/448/378 385/455/384 392/463/388
f 384/454/383 360/416/358 386/464/389
f 354/406/348 380/453/382 362/414/356
f 357/428/352 359/422/351 368/465/390
f 367/418/360 393/421/363 322/376/325
f 365/417/359 406/466/391 360/416/358
f 403/467/392 401/468/393 362/469/356
f 403/467/392 362/469/356 380/470/382
f 382/471/379 405/472/394 381/456/380
f 331/387/332 327/386/328 356/435/349
f 393/473/363 407/474/395 323/475/334
f 333/476/396 409/477/397 386/464/389
f 326/478/330 329/479/331 410/480/398
f 328/388/333 413/481/399 370/425/365
f 416/482/400 325/385/329 331/387/332
f 214/247/213 222/256/221 141/171/140
f 343/356/307 418/483/401 375/395/339
f 272/359/310 219/254/219 313/339/294
f 312/398/342 397/484/402 257/442/372
f 397/484/402 346/443/373 257/442/372
f 397/484/402 258/445/375 346/443/373
f 258/445/375 347/362/313 310/446/376
f 347/362/313 348/363/314 262/365/316
f 348/363/314 274/296/258 249/364/315
f 274/296/258 253/338/293 249/364/315
f 248/274/239 345/441/371 260/297/259
f 377/399/343 352/400/344 259/298/260
f 398/485/403 312/398/342 257/442/372
f 351/447/377 350/444/374 258/445/375
f 349/361/312 267/360/311 262/365/316
f 314/401/345 261/396/340 312/398/342
f 398/485/403 314/401/345 312/398/342
f 314/401/345 353/402/346 260/297/259
f 276/337/292 319/373/322 330/408/350
f 276/337/292 264/282/247 319/373/322
f 353/402/346 314/401/345 354/406/348
f 354/406/348 351/447/377 378/448/378
f 314/401/345 398/485/403 354/406/348
f 351/447/377 330/408/350 378/448/378
f 394/486/404 318/487/320 355/449/353
f 399/488/405 387/461/387 321/460/324
f 279/378/321 280/380/327 379/404/347
f 383/458/381 390/457/385 380/470/382
f 422/489/406 318/487/320 394/486/404
f 386/464/389 360/416/358 406/466/391
f 393/473/363 367/462/360 402/490/407
f 388/491/386 423/492/408 382/471/379
f 403/467/392 380/470/382 404/493/409
f 371/426/366 357/428/352 368/465/390
f 422/489/406 278/494/261 318/487/320
f 329/479/331 325/385/329 411/495/410
f 356/435/349 396/436/369 331/387/332
f 412/496/411 409/477/397 333/476/396
f 408/433/368 396/436/369 364/434/361
f 414/497/412 361/413/355 358/412/354
f 282/498/296 266/499/249 415/500/413
f 266/499/249 283/305/262 415/500/413
f 334/345/298 426/501/414 286/304/265
f 287/307/266 417/502/415 336/348/299
f 429/503/416 339/352/303 338/351/302
f 373/504/417 211/245/211 215/248/214
f 241/280/245 247/505/418 212/246/212
f 376/440/370 256/295/257 309/358/309
f 419/506/419 345/441/371 248/274/239
f 397/484/402 312/398/342 311/397/341
f 273/293/255 377/399/343 242/294/256
f 313/507/294 245/278/243 352/400/344
f 398/485/403 257/442/372 350/444/374
f 398/485/403 350/444/374 354/406/348
f 349/361/312 330/408/350 351/447/377
f 350/444/374 351/447/377 354/406/348
f 349/361/312 315/366/317 330/408/350
f 315/366/317 276/337/292 330/408/350
f 434/508/420 355/449/353 379/404/347
f 320/509/323 399/488/405 321/460/324
f 320/509/323 420/510/421 399/488/405
f 421/511/422 379/404/347 280/380/327
f 384/454/383 389/512/423 385/455/384
f 400/513/424 280/380/327 435/514/425
f 409/477/397 384/454/383 386/464/389
f 366/429/362 438/515/426 363/423/357
f 324/379/326 410/480/398 435/514/425
f 436/516/427 390/457/385 381/456/380
f 391/517/428 281/518/297 282/498/296
f 405/472/394 382/471/379 423/492/408
f 439/519/429 388/491/386 392/520/388
f 359/422/351 437/521/430 368/465/390
f 358/412/354 362/414/356 401/522/393
f 411/495/410 325/385/329 424/523/431
f 326/478/330 410/480/398 324/379/326
f 358/524/354 441/525/432 414/526/412
f 365/427/359 442/527/433 406/528/391
f 371/426/366 442/527/433 365/427/359
f 413/481/399 328/388/333 332/390/335
f 284/529/263 156/530/162 278/494/261
f 298/437/279 444/531/434 306/329/287
f 342/355/306 373/504/417 215/248/214
f 225/273/238 272/359/310 344/532/435
f 419/506/419 248/274/239 256/295/257
f 311/397/341 345/441/371 419/506/419
f 313/507/294 352/400/344 377/399/343
f 394/486/404 355/449/353 434/508/420
f 435/514/425 280/380/327 324/379/326
f 449/533/436 380/470/382 390/457/385
f 405/472/394 436/516/427 381/456/380
f 407/474/395 393/473/363 402/490/407
f 325/385/329 440/534/437 424/523/431
f 416/482/400 440/534/437 325/385/329
f 443/535/438 371/426/366 368/465/390
f 425/536/439 441/525/432 358/524/354
f 454/537/440 283/305/262 286/304/265
f 288/538/267 335/539/300 427/540/441
f 306/329/287 444/531/434 428/541/442
f 455/542/443 207/241/207 222/256/221
f 221/255/220 255/393/337 213/249/215
f 418/483/401 343/356/307 231/265/230
f 344/532/435 457/543/444 225/273/238
f 376/440/370 375/395/339 418/483/401
f 432/544/445 256/295/257 376/440/370
f 432/544/445 419/506/419 256/295/257
f 446/545/446 447/546/447 433/547/448
f 311/397/341 433/547/448 397/484/402
f 313/507/294 273/293/255 448/548/449
f 397/484/402 448/548/449 347/362/313
f 448/548/449 273/293/255 274/296/258
f 273/293/255 313/507/294 377/399/343
f 448/548/449 348/363/314 347/362/313
f 448/548/449 274/296/258 348/363/314
f 460/549/450 394/486/404 434/508/420
f 384/454/383 409/477/397 412/496/411
f 400/513/424 421/511/422 280/380/327
f 462/550/451 389/512/423 384/454/383
f 369/424/364 437/521/430 359/422/351
f 449/533/436 404/493/409 380/470/382
f 438/515/426 366/429/362 395/431/367
f 463/551/452 278/494/261 422/489/406
f 464/552/453 358/524/354 401/468/393
f 465/553/454 407/474/395 402/490/407
f 368/465/390 466/554/455 443/535/438
f 413/555/399 332/556/335 467/557/456
f 332/556/335 453/558/457 467/557/456
f 188/219/186 418/483/401 231/265/230
f 418/483/401 432/544/445 376/440/370
f 432/544/445 445/559/458 419/506/419
f 446/545/446 459/560/459 447/546/447
f 445/559/458 311/397/341 419/506/419
f 311/397/341 446/545/446 433/547/448
f 447/546/447 448/548/449 433/547/448
f 397/484/402 433/547/448 448/548/449
f 461/561/460 394/486/404 460/549/450
f 462/550/451 385/455/384 389/512/423
f 412/496/411 462/550/451 384/454/383
f 282/498/296 451/562/461 391/517/428
f 437/521/430 466/554/455 368/465/390
f 453/558/457 323/475/334 407/474/395
f 464/552/453 425/536/439 358/524/354
f 470/563/462 412/564/411 333/565/396
f 386/566/389 470/563/462 333/565/396
f 471/567/463 465/553/454 402/490/407
f 284/529/263 278/494/261 463/551/452
f 467/557/456 452/568/464 413/555/399
f 441/525/432 361/432/355 414/526/412
f 332/556/335 323/475/334 453/558/457
f 284/302/263 472/569/465 285/303/264
f 458/570/466 445/559/458 432/544/445
f 445/559/458 446/545/446 311/397/341
f 457/571/444 272/572/310 313/507/294
f 379/404/347 421/511/422 434/508/420
f 462/573/451 392/520/388 385/574/384
f 476/575/467 320/509/323 281/518/297
f 439/519/429 392/520/388 486/576/468
f 449/533/436 390/457/385 436/516/427
f 477/577/469 363/423/357 438/515/426
f 410/480/398 478/578/470 435/514/425
f 331/387/332 479/579/471 416/482/400
f 403/467/392 404/493/409 449/533/436
f 454/537/440 415/500/413 283/305/262
f 473/580/472 334/345/298 288/346/267
f 340/353/304 431/581/473 341/354/305
f 220/258/223 212/246/212 247/505/418
f 374/394/338 225/273/238 457/543/444
f 457/571/444 344/582/435 272/572/310
f 313/507/294 469/583/474 475/584/475
f 475/584/475 457/571/444 313/507/294
f 469/583/474 313/507/294 448/548/449
f 478/578/470 400/513/424 435/514/425
f 412/564/411 487/585/476 462/573/451
f 401/468/393 403/467/392 450/586/477
f 395/431/367 452/568/464 438/515/426
f 452/568/464 395/431/367 370/430/365
f 361/432/355 441/525/432 408/433/368
f 292/347/274 336/348/299 480/587/478
f 474/588/479 456/589/480 482/590/481
f 494/591/482 482/590/481 456/589/480
f 188/219/186 481/592/483 418/483/401
f 481/592/483 458/570/466 418/483/401
f 418/483/401 458/570/466 432/544/445
f 458/570/466 482/590/481 445/559/458
f 247/505/418 446/545/446 483/593/484
f 483/593/484 446/545/446 445/559/458
f 394/486/404 498/594/485 422/489/406
f 392/520/388 462/573/451 486/576/468
f 497/595/486 367/462/360 387/461/387
f 367/462/360 497/595/486 402/490/407
f 369/424/364 499/596/487 437/521/430
f 410/480/398 329/479/331 411/495/410
f 479/579/471 331/387/332 396/436/369
f 441/525/432 425/536/439 464/552/453
f 470/563/462 487/585/476 412/564/411
f 500/597/488 438/515/426 452/568/464
f 403/467/392 449/533/436 450/586/477
f 430/598/489 340/353/304 339/352/303
f 207/241/207 455/542/443 221/255/220
f 459/560/459 446/545/446 247/505/418
f 459/560/459 241/280/245 447/546/447
f 447/546/447 241/280/245 495/599/490
f 495/599/490 485/600/491 447/546/447
f 485/600/491 468/601/492 448/548/449
f 468/601/492 492/602/493 469/583/474
f 468/601/492 469/583/474 448/548/449
f 485/600/491 448/548/449 447/546/447
f 387/461/387 399/488/405 496/603/494
f 496/603/494 399/488/405 420/510/421
f 439/519/429 423/492/408 388/491/386
f 386/566/389 406/528/391 501/604/495
f 386/566/389 501/604/495 470/563/462
f 466/554/455 437/521/430 499/596/487
f 443/535/438 502/605/496 371/426/366
f 292/347/274 480/587/478 298/437/279
f 503/606/497 220/258/223 247/505/418
f 493/607/498 485/600/491 255/393/337
f 492/602/493 255/393/337 221/255/220
f 481/592/483 211/245/211 373/504/417
f 481/592/483 188/219/186 211/245/211
f 342/355/306 482/590/481 481/592/483
f 474/588/479 494/591/482 456/589/480
f 482/590/481 458/570/466 481/592/483
f 483/593/484 503/606/497 247/505/418
f 482/590/481 494/591/482 445/559/458
f 494/591/482 483/593/484 445/559/458
f 475/584/475 374/608/338 457/571/444
f 485/600/491 484/609/499 468/601/492
f 507/610/500 420/510/421 320/509/323
f 476/575/467 507/610/500 320/509/323
f 508/611/501 421/511/422 400/513/424
f 391/517/428 476/575/467 281/518/297
f 451/562/461 476/575/467 391/517/428
f 363/423/357 499/596/487 369/424/364
f 500/597/488 477/577/469 438/515/426
f 402/490/407 497/595/486 471/567/463
f 406/528/391 442/527/433 501/604/495
f 510/612/502 488/613/503 396/436/369
f 443/535/438 466/554/455 502/605/496
f 416/482/400 479/579/471 440/534/437
f 341/354/305 491/614/504 304/327/285
f 373/504/417 342/355/306 481/592/483
f 474/588/479 342/355/306 220/258/223
f 485/600/491 241/280/245 255/393/337
f 505/615/505 492/602/493 221/255/220
f 247/505/418 241/280/245 459/560/459
f 193/229/195 211/245/211 188/219/186
f 474/588/479 503/606/497 494/591/482
f 342/355/306 474/588/479 482/590/481
f 494/591/482 503/606/497 483/593/484
f 506/616/506 475/584/475 469/583/474
f 461/561/460 498/594/485 394/486/404
f 512/617/507 434/508/420 421/511/422
f 504/618/508 497/595/486 387/461/387
f 508/611/501 400/513/424 478/578/470
f 487/585/476 486/576/468 462/573/451
f 513/619/509 423/492/408 439/519/429
f 489/620/510 284/529/263 463/551/452
f 410/480/398 411/495/410 509/621/511
f 510/612/502 396/436/369 408/433/368
f 441/525/432 515/622/512 408/433/368
f 488/613/503 479/579/471 396/436/369
f 220/258/223 503/606/497 474/588/479
f 221/255/220 455/542/443 505/615/505
f 214/247/213 455/542/443 222/256/221
f 485/600/491 495/599/490 241/280/245
f 493/607/498 255/393/337 492/602/493
f 505/615/505 455/542/443 374/608/338
f 214/247/213 200/232/198 374/608/338
f 485/600/491 493/607/498 484/609/499
f 455/542/443 214/247/213 374/608/338
f 493/607/498 492/602/493 484/609/499
f 505/615/505 374/608/338 506/616/506
f 505/615/505 506/616/506 492/602/493
f 484/609/499 492/602/493 468/601/492
f 492/602/493 506/616/506 469/583/474
f 506/616/506 374/608/338 475/584/475
f 477/577/469 499/596/487 363/423/357
f 487/585/476 470/563/462 514/623/513
f 478/578/470 410/480/398 509/621/511
f 442/527/433 371/426/366 502/605/496
f 426/501/414 454/537/440 286/304/265
f 490/624/514 335/539/300 293/625/273
f 434/508/420 512/617/507 460/549/450
f 387/461/387 496/603/494 504/618/508
f 463/551/452 422/489/406 498/594/485
f 516/626/515 436/516/427 405/472/394
f 500/597/488 518/627/516 477/577/469
f 523/628/517 476/575/467 451/562/461
f 524/629/518 401/468/393 450/586/477
f 515/622/512 510/612/502 408/433/368
f 520/630/519 442/527/433 502/605/496
f 451/562/461 282/498/296 415/500/413
f 454/537/440 451/562/461 415/500/413
f 465/553/454 453/558/457 407/474/395
f 440/534/437 479/579/471 528/631/520
f 521/632/521 429/503/416 338/351/302
f 491/614/504 341/354/305 431/581/473
f 491/614/504 337/350/301 304/327/285
f 522/633/522 497/595/486 504/618/508
f 421/511/422 508/611/501 512/617/507
f 517/634/523 499/596/487 477/577/469
f 519/635/524 499/596/487 517/634/523
f 526/636/525 449/533/436 436/516/427
f 509/621/511 411/495/410 530/637/526
f 450/586/477 449/533/436 525/638/527
f 467/557/456 527/639/528 452/568/464
f 479/579/471 488/613/503 531/640/529
f 417/502/415 287/307/266 285/303/264
f 532/641/530 463/551/452 498/594/485
f 460/549/450 512/617/507 461/561/460
f 526/636/525 436/516/427 516/626/515
f 405/472/394 534/642/531 516/626/515
f 508/611/501 478/578/470 535/643/532
f 537/644/533 515/622/512 441/525/432
f 464/552/453 537/644/533 441/525/432
f 424/523/431 538/645/534 411/495/410
f 522/633/522 539/646/535 497/595/486
f 439/519/429 486/576/468 540/647/536
f 529/648/537 513/619/509 439/519/429
f 534/642/531 405/472/394 423/492/408
f 500/597/488 452/568/464 542/649/538
f 536/650/539 530/637/526 411/495/410
f 545/651/540 512/617/507 508/611/501
f 478/578/470 543/652/541 535/643/532
f 411/495/410 538/645/534 536/650/539
f 510/612/502 515/622/512 546/653/542
f 470/563/462 501/604/495 514/623/513
f 442/527/433 541/654/543 501/604/495
f 527/639/528 542/649/538 452/568/464
f 465/553/454 547/655/544 453/558/457
f 478/578/470 509/621/511 543/652/541
f 472/656/465 284/529/263 489/620/510
f 472/569/465 511/657/545 285/303/264
f 306/329/287 521/632/521 338/351/302
f 486/576/468 533/658/546 540/647/536
f 524/629/518 549/659/547 401/468/393
f 502/605/496 466/554/455 550/660/548
f 499/596/487 550/660/548 466/554/455
f 527/639/528 467/557/456 551/661/549
f 535/643/532 545/651/540 508/611/501
f 544/662/550 547/655/544 465/553/454
f 531/640/529 528/631/520 479/579/471
f 473/580/472 553/663/551 334/345/298
f 540/647/536 529/648/537 439/519/429
f 486/576/468 487/585/476 533/658/546
f 517/634/523 477/577/469 519/635/524
f 554/664/552 535/643/532 543/652/541
f 542/649/538 518/627/516 500/597/488
f 527/639/528 551/661/549 548/665/553
f 555/666/554 509/621/511 530/637/526
f 557/667/555 524/629/518 450/586/477
f 525/638/527 449/533/436 526/636/525
f 542/649/538 527/639/528 548/665/553
f 546/653/542 488/613/503 510/612/502
f 537/644/533 464/552/453 401/468/393
f 538/645/534 424/523/431 440/534/437
f 553/663/551 426/501/414 334/345/298
f 288/538/267 427/540/441 473/668/472
f 556/669/556 526/636/525 516/626/515
f 560/670/557 519/635/524 477/577/469
f 558/671/558 465/553/454 471/567/463
f 442/527/433 520/630/519 541/654/543
f 519/635/524 550/660/548 499/596/487
f 488/613/503 552/672/559 531/640/529
f 532/641/530 489/620/510 463/551/452
f 525/638/527 557/667/555 450/586/477
f 559/673/560 515/622/512 537/644/533
f 537/644/533 401/468/393 549/659/547
f 518/627/516 542/649/538 561/674/561
f 467/557/456 453/558/457 551/661/549
f 551/661/549 453/558/457 547/655/544
f 454/537/440 523/628/517 451/562/461
f 372/391/336 293/625/273 303/392/284
f 564/675/562 497/595/486 539/646/535
f 471/567/463 497/595/486 563/676/563
f 565/677/564 535/643/532 554/664/552
f 487/585/476 514/623/513 533/658/546
f 558/671/558 544/662/550 465/553/454
f 560/670/557 477/577/469 518/627/516
f 566/678/565 530/637/526 536/650/539
f 567/679/566 520/630/519 502/605/496
f 543/652/541 509/621/511 572/680/567
f 538/645/534 440/534/437 528/631/520
f 532/641/530 568/681/568 489/620/510
f 461/561/460 545/651/540 562/682/569
f 512/617/507 545/651/540 461/561/460
f 563/676/563 558/671/558 471/567/463
f 556/669/556 569/683/570 525/638/527
f 529/648/537 540/647/536 570/684/571
f 501/604/495 573/685/572 514/623/513
f 572/680/567 509/621/511 555/666/554
f 536/650/539 538/645/534 566/678/565
f 552/672/559 528/631/520 531/640/529
f 522/633/522 504/618/508 539/646/535
f 539/646/535 504/618/508 496/603/494
f 547/655/544 576/686/573 551/661/549
f 571/687/574 542/649/538 548/665/553
f 550/660/548 567/679/566 502/605/496
f 498/594/485 461/561/460 578/688/575
f 554/664/552 543/652/541 579/689/576
f 564/675/562 563/676/563 497/595/486
f 582/690/577 423/492/408 513/619/509
f 513/619/509 529/648/537 582/690/577
f 423/492/408 582/690/577 534/642/531
f 571/687/574 583/691/578 542/649/538
f 571/687/574 548/665/553 551/661/549
f 518/627/516 561/674/561 560/670/557
f 561/674/561 542/649/538 584/692/579
f 577/693/580 523/628/517 454/537/440
f 530/637/526 566/678/565 555/666/554
f 585/694/581 573/685/572 501/604/495
f 498/594/485 587/695/582 532/641/530
f 476/575/467 575/696/583 507/610/500
f 507/610/500 588/697/584 420/510/421
f 581/698/585 575/696/583 476/575/467
f 588/697/584 496/603/494 420/510/421
f 489/620/510 568/681/568 589/699/586
f 523/628/517 581/698/585 476/575/467
f 582/690/577 529/648/537 570/684/571
f 545/651/540 535/643/532 591/700/587
f 584/692/579 542/649/538 583/691/578
f 535/643/532 565/677/564 591/700/587
f 592/701/588 557/667/555 525/638/527
f 593/702/589 567/679/566 550/660/548
f 520/630/519 567/679/566 541/654/543
f 498/594/485 578/688/575 587/695/582
f 579/689/576 565/677/564 554/664/552
f 533/658/546 580/703/590 540/647/536
f 590/704/591 545/651/540 591/700/587
f 560/670/557 598/705/592 519/635/524
f 572/680/567 555/666/554 566/678/565
f 572/680/567 574/706/593 543/652/541
f 600/707/594 472/656/465 489/620/510
f 339/352/303 586/708/595 430/598/489
f 568/681/568 532/641/530 587/695/582
f 562/682/569 545/651/540 602/709/596
f 603/710/597 558/671/558 563/676/563
f 543/652/541 574/706/593 579/689/576
f 597/711/598 534/642/531 582/690/577
f 537/644/533 596/712/599 559/673/560
f 524/629/518 557/667/555 549/659/547
f 546/653/542 515/622/512 559/673/560
f 561/674/561 584/692/579 560/670/557
f 538/645/534 605/713/600 594/714/601
f 427/715/441 553/663/551 473/580/472
f 461/561/460 562/682/569 578/688/575
f 514/623/513 580/703/590 533/658/546
f 569/683/570 556/669/556 516/626/515
f 576/686/573 547/655/544 544/662/550
f 566/678/565 538/645/534 594/714/601
f 541/654/543 585/694/581 501/604/495
f 560/670/557 584/692/579 599/716/602
f 572/680/567 566/678/565 604/717/603
f 588/697/584 507/610/500 575/696/583
f 569/683/570 611/718/604 525/638/527
f 609/719/605 569/683/570 516/626/515
f 606/720/606 537/644/533 549/659/547
f 600/707/594 489/620/510 589/699/586
f 417/502/415 480/587/478 336/348/299
f 545/651/540 590/704/591 602/709/596
f 606/720/606 596/712/599 537/644/533
f 569/683/570 609/719/605 607/721/607
f 614/722/608 579/689/576 574/706/593
f 525/638/527 611/718/604 592/701/588
f 607/721/607 611/718/604 569/683/570
f 598/705/592 550/660/548 519/635/524
f 613/723/609 528/631/520 552/672/559
f 472/569/465 601/724/610 511/657/545
f 615/725/611 562/682/569 602/709/596
f 616/726/612 539/646/535 496/603/494
f 588/697/584 616/726/612 496/603/494
f 539/646/535 617/727/613 564/675/562
f 603/710/597 612/728/614 558/671/558
f 581/698/585 523/628/517 595/729/615
f 540/647/536 580/703/590 570/684/571
f 514/623/513 573/685/572 580/703/590
f 576/686/573 544/662/550 618/730/616
f 606/720/606 559/673/560 596/712/599
f 558/671/558 612/728/614 544/662/550
f 546/653/542 559/673/560 610/731/617
f 541/654/543 620/732/618 585/694/581
f 608/733/619 574/706/593 619/734/620
f 574/706/593 572/680/567 619/734/620
f 622/735/621 594/714/601 605/713/600
f 538/645/534 528/631/520 613/723/609
f 552/672/559 546/653/542 613/723/609
f 623/736/622 573/685/572 585/694/581
f 490/624/514 293/625/273 624/737/623
f 562/682/569 627/738/624 578/688/575
f 579/689/576 625/739/625 565/677/564
f 588/697/584 626/740/626 628/741/627
f 581/698/585 588/697/584 575/696/583
f 580/703/590 629/742/628 570/684/571
f 609/719/605 516/626/515 534/642/531
f 632/743/629 549/659/547 557/667/555
f 632/743/629 606/720/606 549/659/547
f 615/725/611 627/738/624 562/682/569
f 581/698/585 626/740/626 588/697/584
f 612/728/614 603/710/597 563/676/563
f 602/709/596 590/704/591 615/725/611
f 563/676/563 564/675/562 612/728/614
f 567/679/566 633/744/630 541/654/543
f 572/680/567 604/717/603 619/734/620
f 604/717/603 566/678/565 594/714/601
f 606/720/606 610/731/617 559/673/560
f 592/701/588 632/743/629 557/667/555
f 598/705/592 593/702/589 550/660/548
f 583/691/578 621/745/631 584/692/579
f 574/706/593 608/733/619 614/722/608
f 611/718/604 607/721/607 636/746/632
f 601/747/610 472/656/465 600/707/594
f 372/391/336 638/748/633 293/625/273
f 586/708/595 339/352/303 429/503/416
f 430/598/489 431/581/473 340/353/304
f 571/687/574 551/661/549 618/730/616
f 618/730/616 551/661/549 576/686/573
f 618/730/616 544/662/550 630/749/634
f 591/700/587 565/677/564 640/750/635
f 546/653/542 635/751/636 613/723/609
f 573/685/572 623/736/622 580/703/590
f 634/752/637 544/662/550 612/728/614
f 534/642/531 597/711/598 609/719/605
f 591/700/587 615/725/611 590/704/591
f 599/716/602 598/705/592 560/670/557
f 599/716/602 584/692/579 621/745/631
f 605/713/600 538/645/534 622/735/621
f 589/699/586 568/681/568 639/753/638
f 628/741/627 616/726/612 588/697/584
f 570/684/571 631/754/639 582/690/577
f 633/744/630 620/732/618 541/654/543
f 523/628/517 577/693/580 595/729/615
f 641/755/640 567/679/566 593/702/589
f 599/716/602 621/745/631 637/756/641
f 637/756/641 598/705/592 599/716/602
f 293/625/273 638/748/633 624/737/623
f 616/726/612 617/727/613 539/646/535
f 629/742/628 643/757/642 570/684/571
f 625/739/625 579/689/576 614/722/608
f 631/754/639 597/711/598 582/690/577
f 609/719/605 597/711/598 631/754/639
f 544/662/550 634/752/637 630/749/634
f 640/750/635 615/725/611 591/700/587
f 608/733/619 650/758/643 614/722/608
f 610/731/617 635/751/636 546/653/542
f 606/720/606 632/743/629 646/759/644
f 598/705/592 641/755/640 593/702/589
f 611/718/604 636/746/632 592/701/588
f 454/537/440 426/501/414 647/760/645
f 648/761/646 568/681/568 587/695/582
f 648/761/646 639/753/638 568/681/568
f 642/762/647 589/699/586 639/753/638
f 570/684/571 643/757/642 644/763/648
f 641/755/640 633/744/630 567/679/566
f 606/720/606 646/759/644 610/731/617
f 585/694/581 620/732/618 623/736/622
f 621/745/631 583/691/578 571/687/574
f 622/735/621 538/645/534 613/723/609
f 652/764/649 621/745/631 571/687/574
f 617/727/613 616/726/612 649/765/650
f 617/727/613 612/728/614 564/675/562
f 600/707/594 589/699/586 642/762/647
f 640/750/635 565/677/564 625/739/625
f 650/758/643 608/733/619 619/734/620
f 594/714/601 622/735/621 604/717/603
f 609/719/605 631/754/639 645/766/651
f 652/764/649 655/767/652 621/745/631
f 578/688/575 627/738/624 656/768/653
f 612/728/614 617/727/613 634/752/637
f 609/719/605 645/766/651 607/721/607
f 581/698/585 595/729/615 577/693/580
f 635/751/636 610/731/617 662/769/654
f 618/730/616 652/764/649 571/687/574
f 635/751/636 622/735/621 613/723/609
f 659/770/655 577/693/580 454/537/440
f 657/771/656 627/738/624 615/725/611
f 617/727/613 649/765/650 664/772/657
f 615/725/611 640/750/635 657/771/656
f 660/773/658 625/739/625 614/722/608
f 651/774/659 625/739/625 660/773/658
f 658/775/660 604/717/603 622/735/621
f 647/760/645 659/770/655 454/537/440
f 648/761/646 587/695/582 663/776/661
f 644/763/648 631/754/639 570/684/571
f 630/749/634 666/777/662 618/730/616
f 581/698/585 577/693/580 669/778/663
f 645/766/651 636/746/632 607/721/607
f 670/779/664 619/734/620 604/717/603
f 653/780/665 670/779/664 604/717/603
f 592/701/588 636/746/632 675/781/666
f 598/705/592 637/756/641 671/782/667
f 621/745/631 655/767/652 637/756/641
f 601/747/610 600/707/594 642/762/647
f 647/760/645 426/501/414 676/783/668
f 511/657/545 417/502/415 285/303/264
f 578/688/575 656/768/653 587/695/582
f 643/757/642 629/742/628 644/763/648
f 669/778/663 668/784/669 581/698/585
f 631/754/639 665/785/670 645/766/651
f 660/773/658 614/722/608 650/758/643
f 672/786/671 622/735/621 635/751/636
f 635/751/636 677/787/672 661/788/673
f 654/789/674 623/736/622 620/732/618
f 646/759/644 674/790/675 610/731/617
f 427/540/441 335/539/300 490/624/514
f 627/738/624 657/771/656 656/768/653
f 630/749/634 634/752/637 617/727/613
f 625/739/625 651/774/659 640/750/635
f 675/781/666 636/746/632 645/766/651
f 641/755/640 681/791/676 633/744/630
f 683/792/677 651/774/659 660/773/658
f 662/769/654 677/787/672 635/751/636
f 580/703/590 623/736/622 680/793/678
f 632/743/629 673/794/679 646/759/644
f 687/795/680 630/749/634 617/727/613
f 688/796/681 628/741/627 626/740/626
f 666/777/662 682/797/682 618/730/616
f 640/750/635 651/774/659 683/792/677
f 652/764/649 618/730/616 678/798/683
f 640/750/635 683/792/677 690/799/684
f 670/779/664 653/780/665 684/800/685
f 685/801/686 577/693/580 659/770/655
f 658/775/660 622/735/621 672/786/671
f 587/695/582 686/802/687 663/776/661
f 668/784/669 688/796/681 626/740/626
f 668/784/669 626/740/626 581/698/585
f 629/742/628 689/803/688 644/763/648
f 680/793/678 629/742/628 580/703/590
f 653/780/665 604/717/603 658/775/660
f 632/743/629 592/701/588 675/781/666
f 610/731/617 674/790/675 662/769/654
f 691/804/689 671/782/667 637/756/641
f 667/805/690 372/391/336 337/350/301
f 656/768/653 686/802/687 587/695/582
f 648/761/646 642/762/647 639/753/638
f 618/730/616 682/797/682 678/798/683
f 650/758/643 692/806/691 660/773/658
f 654/789/674 680/793/678 623/736/622
f 672/786/671 635/751/636 661/788/673
f 640/750/635 690/799/684 657/771/656
f 674/790/675 677/787/672 662/769/654
f 676/783/668 426/501/414 553/663/551
f 679/807/692 692/806/691 650/758/643
f 679/807/692 650/758/643 670/779/664
f 683/792/677 660/773/658 695/808/693
f 694/809/694 677/787/672 674/790/675
f 598/705/592 696/810/695 641/755/640
f 696/810/695 598/705/592 671/782/667
f 654/789/674 620/732/618 633/744/630
f 685/801/686 669/778/663 577/693/580
f 660/773/658 692/806/691 695/808/693
f 661/788/673 677/787/672 698/811/696
f 697/812/697 691/804/689 637/756/641
f 637/756/641 655/767/652 697/812/697
f 696/810/695 699/813/698 641/755/640
f 644/763/648 702/814/699 631/754/639
f 702/814/699 665/785/670 631/754/639
f 666/777/662 630/749/634 701/815/700
f 685/801/686 659/770/655 647/760/645
f 656/768/653 657/771/656 704/816/701
f 694/809/694 674/790/675 693/817/702
f 679/807/692 695/808/693 692/806/691
f 705/818/703 679/807/692 670/779/664
f 630/749/634 687/795/680 706/819/704
f 671/782/667 691/804/689 696/810/695
f 661/788/673 698/811/696 707/820/705
f 708/821/706 642/762/647 648/761/646
f 628/741/627 710/822/707 616/726/612
f 688/796/681 710/822/707 628/741/627
f 664/772/657 649/765/650 712/823/708
f 670/779/664 700/824/709 705/818/703
f 713/825/710 633/744/630 681/791/676
f 679/807/692 705/818/703 695/808/693
f 675/781/666 645/766/651 665/785/670
f 689/803/688 702/814/699 644/763/648
f 653/780/665 714/826/711 684/800/685
f 707/820/705 672/786/671 661/788/673
f 658/775/660 714/826/711 653/780/665
f 714/826/711 658/775/660 672/786/671
f 709/827/712 601/747/610 642/762/647
f 444/531/434 298/437/279 480/587/478
f 656/768/653 704/816/701 686/802/687
f 642/762/647 708/821/706 709/827/712
f 649/765/650 616/726/612 710/822/707
f 704/816/701 657/771/656 690/799/684
f 712/823/708 687/795/680 617/727/613
f 712/823/708 617/727/613 664/772/657
f 700/824/709 670/779/664 684/800/685
f 718/828/713 673/794/679 632/743/629
f 681/791/676 641/755/640 699/813/698
f 601/724/610 719/829/714 511/657/545
f 712/823/708 711/830/715 687/795/680
f 701/815/700 630/749/634 706/819/704
f 695/808/693 690/799/684 683/792/677
f 705/818/703 717/831/716 695/808/693
f 720/832/717 693/817/702 646/759/644
f 697/812/697 655/767/652 652/764/649
f 703/833/718 714/826/711 672/786/671
f 663/776/661 686/802/687 715/834/719
f 680/793/678 721/835/720 629/742/628
f 722/836/721 682/797/682 666/777/662
f 668/784/669 723/837/722 688/796/681
f 719/838/714 601/747/610 709/827/712
f 429/503/416 726/839/723 586/708/595
f 721/835/720 689/803/688 629/742/628
f 724/840/724 675/781/666 665/785/670
f 711/830/715 706/819/704 687/795/680
f 720/832/717 646/759/644 673/794/679
f 632/743/629 724/840/724 729/841/725
f 707/820/705 703/833/718 672/786/671
f 698/811/696 677/787/672 694/809/694
f 725/842/726 647/760/645 676/783/668
f 723/837/722 668/784/669 669/778/663
f 685/801/686 723/837/722 669/778/663
f 727/843/727 684/800/685 714/826/711
f 728/844/728 701/815/700 706/819/704
f 720/832/717 694/809/694 693/817/702
f 730/845/729 648/761/646 663/776/661
f 730/845/729 663/776/661 715/834/719
f 648/761/646 731/846/730 708/821/706
f 702/814/699 716/847/731 665/785/670
f 706/819/704 711/830/715 732/848/732
f 666/777/662 701/815/700 722/836/721
f 729/841/725 718/828/713 632/743/629
f 695/808/693 717/831/716 733/849/733
f 632/743/629 675/781/666 724/840/724
f 713/825/710 680/793/678 654/789/674
f 633/744/630 713/825/710 654/789/674
f 696/810/695 691/804/689 697/812/697
f 725/842/726 685/801/686 647/760/645
f 730/845/729 731/846/730 648/761/646
f 697/812/697 652/764/649 678/798/683
f 709/827/712 737/850/734 719/838/714
f 719/829/714 737/851/734 511/657/545
f 732/848/732 728/844/728 706/819/704
f 704/816/701 690/799/684 734/852/735
f 716/847/731 724/840/724 665/785/670
f 711/830/715 712/823/708 740/853/736
f 739/854/737 680/793/678 713/825/710
f 721/835/720 702/814/699 689/803/688
f 740/853/736 732/848/732 711/830/715
f 734/852/735 690/799/684 741/855/738
f 690/799/684 695/808/693 741/855/738
f 718/828/713 720/832/717 673/794/679
f 699/813/698 736/856/739 681/791/676
f 712/823/708 735/857/740 740/853/736
f 695/808/693 733/849/733 741/855/738
f 417/502/415 511/657/545 738/858/741
f 745/859/742 723/837/722 685/801/686
f 725/842/726 745/859/742 685/801/686
f 739/854/737 721/835/720 680/793/678
f 748/860/743 735/857/740 712/823/708
f 709/827/712 708/821/706 747/861/744
f 735/857/740 748/860/743 740/853/736
f 703/833/718 707/820/705 749/862/745
f 707/820/705 698/811/696 749/862/745
f 749/862/745 698/811/696 694/809/694
f 750/863/746 749/862/745 694/809/694
f 742/864/747 715/834/719 686/802/687
f 710/822/707 688/796/681 743/865/748
f 746/866/749 716/847/731 702/814/699
f 754/867/750 722/836/721 701/815/700
f 728/844/728 754/867/750 701/815/700
f 755/868/751 696/810/695 697/812/697
f 686/802/687 704/816/701 742/864/747
f 681/791/676 756/869/752 713/825/710
f 712/823/708 649/765/650 743/865/748
f 743/865/748 649/765/650 710/822/707
f 722/836/721 678/798/683 682/797/682
f 717/831/716 758/870/753 733/849/733
f 755/868/751 699/813/698 696/810/695
f 751/871/754 553/663/551 427/715/441
f 708/821/706 731/846/730 747/861/744
f 743/865/748 748/860/743 712/823/708
f 758/870/753 705/818/703 759/872/755
f 705/818/703 700/824/709 759/872/755
f 727/843/727 760/873/756 684/800/685
f 705/818/703 758/870/753 717/831/716
f 741/855/738 757/874/757 734/852/735
f 733/849/733 758/870/753 741/855/738
f 714/826/711 703/833/718 749/862/745
f 306/329/287 762/875/758 521/632/521
f 723/837/722 763/876/759 688/796/681
f 764/877/760 729/841/725 724/840/724
f 765/878/761 697/812/697 678/798/683
f 732/848/732 754/867/750 728/844/728
f 750/863/746 720/832/717 766/879/762
f 750/863/746 694/809/694 720/832/717
f 751/871/754 767/880/763 553/663/551
f 768/881/764 731/846/730 730/845/729
f 715/834/719 768/881/764 730/845/729
f 747/861/744 731/846/730 768/881/764
f 768/881/764 715/834/719 742/864/747
f 760/873/756 700/824/709 684/800/685
f 763/876/759 723/837/722 752/882/765
f 769/883/766 716/847/731 746/866/749
f 736/856/739 761/884/767 681/791/676
f 754/867/750 744/885/768 722/836/721
f 764/877/760 724/840/724 716/847/731
f 755/868/751 771/886/769 699/813/698
f 753/887/770 755/868/751 697/812/697
f 772/888/771 740/853/736 748/860/743
f 742/864/747 704/816/701 757/874/757
f 704/816/701 734/852/735 757/874/757
f 739/854/737 770/889/772 721/835/720
f 761/884/767 756/869/752 681/791/676
f 732/848/732 780/890/773 754/867/750
f 737/850/734 709/827/712 747/861/744
f 773/891/774 768/881/764 742/864/747
f 743/865/748 774/892/775 748/860/743
f 763/876/759 743/865/748 688/796/681
f 777/893/776 757/874/757 741/855/738
f 775/894/777 746/866/749 702/814/699
f 781/895/778 714/826/711 749/862/745
f 744/885/768 678/798/683 722/836/721
f 430/598/489 491/614/504 431/581/473
f 775/894/777 702/814/699 721/835/720
f 753/887/770 778/896/779 755/868/751
f 781/895/778 727/843/727 714/826/711
f 783/897/780 773/891/774 742/864/747
f 776/898/781 759/872/755 700/824/709
f 760/873/756 776/898/781 700/824/709
f 756/869/752 761/884/767 779/899/782
f 745/859/742 752/882/765 723/837/722
f 732/848/732 740/853/736 780/890/773
f 720/832/717 718/828/713 766/879/762
f 778/896/779 753/887/770 765/878/761
f 756/869/752 739/854/737 713/825/710
f 753/887/770 697/812/697 765/878/761
f 780/890/773 786/900/783 754/867/750
f 721/835/720 770/889/772 775/894/777
f 782/901/784 770/889/772 739/854/737
f 771/886/769 736/856/739 699/813/698
f 784/902/785 745/859/742 725/842/726
f 676/783/668 787/903/786 725/842/726
f 428/541/442 762/875/758 306/329/287
f 769/883/766 764/877/760 716/847/731
f 765/878/761 678/798/683 744/885/768
f 777/893/776 758/870/753 759/872/755
f 741/855/738 758/870/753 777/893/776
f 743/865/748 763/876/759 789/904/787
f 766/879/762 718/828/713 790/905/788
f 761/884/767 736/856/739 779/899/782
f 754/867/750 786/900/783 744/885/768
f 740/853/736 772/888/771 780/890/773
f 772/888/771 748/860/743 774/892/775
f 791/906/789 742/864/747 757/874/757
f 729/841/725 790/905/788 718/828/713
f 767/880/763 676/783/668 553/663/551
f 757/874/757 788/907/790 791/906/789
f 776/898/781 777/893/776 759/872/755
f 760/873/756 727/843/727 781/895/778
f 771/886/769 779/899/782 736/856/739
f 791/906/789 783/897/780 742/864/747
f 778/896/779 765/878/761 755/868/751
f 743/865/748 793/908/791 774/892/775
f 795/909/792 765/878/761 744/885/768
f 780/890/773 772/888/771 799/910/793
f 787/903/786 676/783/668 792/911/794
f 773/891/774 797/912/795 768/881/764
f 777/893/776 801/913/796 757/874/757
f 750/863/746 766/879/762 803/914/797
f 796/915/798 430/598/489 586/708/595
f 805/916/799 747/861/744 768/881/764
f 768/881/764 797/912/795 805/916/799
f 777/893/776 776/898/781 798/917/800
f 783/897/780 797/912/795 773/891/774
f 798/917/800 801/913/796 777/893/776
f 793/908/791 743/865/748 789/904/787
f 769/883/766 794/918/801 764/877/760
f 772/888/771 774/892/775 799/910/793
f 800/919/802 781/895/778 749/862/745
f 787/903/786 784/902/785 725/842/726
f 427/540/441 809/920/803 751/921/754
f 811/922/804 798/917/800 776/898/781
f 756/869/752 802/923/805 739/854/737
f 795/909/792 744/885/768 786/900/783
f 808/924/806 737/850/734 747/861/744
f 788/907/790 757/874/757 801/913/796
f 780/890/773 815/925/807 786/900/783
f 781/895/778 813/926/808 760/873/756
f 804/927/809 749/862/745 750/863/746
f 737/851/734 816/928/810 511/657/545
f 809/920/803 427/540/441 490/624/514
f 785/929/811 491/614/504 430/598/489
f 783/897/780 791/906/789 814/930/812
f 810/931/813 791/906/789 788/907/790
f 815/925/807 780/890/773 799/910/793
f 763/876/759 818/932/814 789/904/787
f 817/933/815 752/882/765 745/859/742
f 807/934/816 799/910/793 774/892/775
f 812/935/817 783/897/780 814/930/812
f 792/911/794 676/783/668 767/880/763
f 805/916/799 797/912/795 819/936/818
f 805/916/799 808/924/806 747/861/744
f 821/937/819 797/912/795 783/897/780
f 806/938/820 802/923/805 756/869/752
f 818/932/814 793/908/791 789/904/787
f 776/898/781 813/926/808 811/922/804
f 822/939/821 800/919/802 749/862/745
f 764/877/760 790/905/788 729/841/725
f 804/927/809 822/939/821 749/862/745
f 823/940/822 372/391/336 667/805/690
f 820/941/823 788/907/790 801/913/796
f 793/908/791 807/934/816 774/892/775
f 779/899/782 771/886/769 806/938/820
f 763/876/759 752/882/765 818/932/814
f 784/902/785 817/933/815 745/859/742
f 816/942/810 737/850/734 808/924/806
f 810/931/813 814/930/812 791/906/789
f 775/894/777 770/889/772 824/943/824
f 824/943/824 770/889/772 782/901/784
f 825/944/825 755/868/751 765/878/761
f 827/945/826 790/905/788 764/877/760
f 792/911/794 828/946/827 787/903/786
f 823/940/822 638/748/633 372/391/336
f 797/912/795 821/937/819 819/936/818
f 807/934/816 815/925/807 799/910/793
f 830/947/828 818/932/814 752/882/765
f 817/933/815 830/947/828 752/882/765
f 803/914/797 804/927/809 750/863/746
f 824/943/824 746/866/749 775/894/777
f 796/915/798 785/929/811 430/598/489
f 819/936/818 832/948/829 805/916/799
f 808/924/806 805/916/799 826/949/830
f 811/922/804 829/950/831 798/917/800
f 812/935/817 821/937/819 783/897/780
f 766/879/762 831/951/832 803/914/797
f 802/923/805 782/901/784 739/854/737
f 814/930/812 834/952/833 812/935/817
f 795/909/792 825/944/825 765/878/761
f 828/946/827 784/902/785 787/903/786
f 826/949/830 805/916/799 832/948/829
f 820/941/823 810/931/813 788/907/790
f 798/917/800 829/950/831 801/913/796
f 825/944/825 771/886/769 755/868/751
f 816/942/810 808/924/806 826/949/830
f 809/953/803 767/880/763 751/871/754
f 838/954/180 429/503/416 521/632/521
f 821/937/819 833/955/834 819/936/818
f 821/937/819 812/935/817 834/952/833
f 813/926/808 841/956/835 811/922/804
f 840/957/836 782/901/784 802/923/805
f 829/950/831 820/941/823 801/913/796
f 835/958/837 804/927/809 803/914/797
f 803/914/797 831/951/832 835/958/837
f 781/895/778 841/956/835 813/926/808
f 417/502/415 836/959/838 480/587/478
f 833/955/834 846/960/839 819/936/818
f 833/955/834 821/937/819 834/952/833
f 806/938/820 771/886/769 825/944/825
f 844/961/840 843/962/841 786/900/783
f 831/951/832 766/879/762 790/905/788
f 848/963/842 794/918/801 769/883/766
f 814/930/812 810/931/813 834/952/833
f 850/964/843 809/920/803 490/624/514
f 832/948/829 819/936/818 846/960/839
f 851/965/844 834/952/833 810/931/813
f 849/966/845 784/902/785 828/946/827
f 832/948/829 854/967/846 826/949/830
f 820/941/823 855/968/847 810/931/813
f 842/969/848 782/901/784 840/957/836
f 852/970/849 840/957/836 802/923/805
f 802/923/805 806/938/820 852/970/849
f 815/925/807 844/961/840 786/900/783
f 817/933/815 853/971/850 830/947/828
f 853/971/850 817/933/815 784/902/785
f 824/943/824 845/972/851 746/866/749
f 800/919/802 841/956/835 781/895/778
f 845/972/851 769/883/766 746/866/749
f 337/350/301 491/614/504 837/973/852
f 829/950/831 811/922/804 839/974/853
f 784/902/785 849/966/845 853/971/850
f 810/931/813 859/975/854 851/965/844
f 858/976/855 491/614/504 785/929/811
f 854/967/846 832/948/829 861/977/856
f 832/948/829 846/960/839 861/977/856
f 834/952/833 846/960/839 833/955/834
f 847/978/857 807/934/816 793/908/791
f 795/909/792 786/900/783 843/962/841
f 864/979/858 816/942/810 826/949/830
f 820/941/823 860/980/859 855/968/847
f 738/858/741 836/959/838 417/502/415
f 846/960/839 866/981/860 861/977/856
f 846/960/839 834/952/833 866/981/860
f 839/974/853 867/982/861 829/950/831
f 844/961/840 815/925/807 863/983/862
f 826/949/830 854/967/846 864/979/858
f 820/941/823 829/950/831 860/980/859
f 848/963/842 857/984/863 794/918/801
f 870/985/864 849/966/845 828/946/827
f 855/968/847 859/975/854 810/931/813
f 841/956/835 839/974/853 811/922/804
f 767/880/763 809/953/803 865/986/865
f 865/987/865 809/920/803 850/964/843
f 480/587/478 871/988/866 444/531/434
f 853/971/850 862/989/867 830/947/828
f 829/950/831 867/982/861 872/990/868
f 807/934/816 847/978/857 873/991/869
f 856/992/870 793/908/791 818/932/814
f 842/969/848 824/943/824 782/901/784
f 869/993/871 825/944/825 795/909/792
f 874/994/872 822/939/821 804/927/809
f 827/945/826 764/877/760 794/918/801
f 857/984/863 827/945/826 794/918/801
f 834/952/833 876/995/873 866/981/860
f 822/939/821 878/996/874 800/919/802
f 444/531/434 871/988/866 428/541/442
f 863/983/862 815/925/807 873/991/869
f 873/991/869 815/925/807 807/934/816
f 825/944/825 868/997/875 806/938/820
f 860/980/859 829/950/831 872/990/868
f 835/958/837 879/998/876 804/927/809
f 836/959/838 871/988/866 480/587/478
f 877/999/877 793/908/791 856/992/870
f 881/1000/878 834/952/833 851/965/844
f 804/927/809 879/998/876 874/994/872
f 790/905/788 882/1001/879 831/951/832
f 875/1002/880 490/624/514 624/737/623
f 726/839/723 796/915/798 586/708/595
f 862/989/867 856/992/870 818/932/814
f 830/947/828 862/989/867 818/932/814
f 834/952/833 881/1000/878 876/995/873
f 855/968/847 860/980/859 859/975/854
f 843/962/841 869/993/871 795/909/792
f 800/919/802 878/996/874 883/1003/881
f 822/939/821 874/994/872 878/996/874
f 827/945/826 882/1001/879 790/905/788
f 885/1004/882 854/967/846 861/977/856
f 793/908/791 877/999/877 847/978/857
f 851/965/844 859/975/854 881/1000/878
f 888/1005/883 824/943/824 842/969/848
f 889/1006/884 888/1005/883 842/969/848
f 840/957/836 889/1006/884 842/969/848
f 880/1007/885 882/1001/879 827/945/826
f 845/972/851 848/963/842 769/883/766
f 856/992/870 862/989/867 884/1008/886
f 868/997/875 852/970/849 806/938/820
f 883/1003/881 878/996/874 874/994/872
f 872/990/868 886/1009/887 860/980/859
f 859/975/854 860/980/859 886/1009/887
f 870/985/864 853/971/850 849/966/845
f 828/946/827 792/911/794 870/985/864
f 858/976/855 837/973/852 491/614/504
f 876/995/873 861/977/856 866/981/860
f 881/1000/878 859/975/854 886/1009/887
f 884/1008/886 877/999/877 856/992/870
f 847/978/857 891/1010/888 873/991/869
f 831/951/832 882/1001/879 835/958/837
f 841/956/835 867/982/861 839/974/853
f 841/956/835 800/919/802 883/1003/881
f 852/970/849 895/1011/889 840/957/836
f 895/1011/889 852/970/849 868/997/875
f 844/961/840 887/1012/890 843/962/841
f 887/1012/890 844/961/840 863/983/862
f 890/1013/891 824/943/824 888/1005/883
f 428/541/442 896/1014/892 762/875/758
f 876/995/873 893/1015/893 861/977/856
f 881/1000/878 894/1016/894 876/995/873
f 873/991/869 887/1012/890 863/983/862
f 890/1013/891 897/1017/895 824/943/824
f 897/1017/895 845/972/851 824/943/824
f 892/1018/896 838/954/180 521/632/521
f 762/875/758 892/1018/896 521/632/521
f 893/1015/893 876/995/873 898/1019/897
f 885/1004/882 861/977/856 893/1015/893
f 894/1016/894 881/1000/878 886/1009/887
f 877/999/877 891/1010/888 847/978/857
f 792/911/794 900/1020/898 870/985/864
f 767/880/763 865/986/865 902/1021/899
f 895/1011/889 899/1022/900 840/957/836
f 904/1023/901 895/1011/889 868/997/875
f 869/993/871 843/962/841 887/1012/890
f 864/979/858 854/967/846 885/1004/882
f 905/1024/902 835/958/837 882/1001/879
f 870/985/864 906/1025/903 853/971/850
f 886/1009/887 903/1026/904 908/1027/905
f 873/991/869 909/1028/906 887/1012/890
f 886/1009/887 908/1027/905 894/1016/894
f 857/984/863 880/1007/885 827/945/826
f 906/1025/903 870/985/864 900/1020/898
f 874/994/872 907/1029/907 883/1003/881
f 792/911/794 767/880/763 902/1021/899
f 899/1022/900 889/1006/884 840/957/836
f 912/1030/908 869/993/871 887/1012/890
f 857/984/863 848/963/842 910/1031/909
f 906/1025/903 913/1032/910 853/971/850
f 885/1004/882 816/942/810 864/979/858
f 898/1019/897 876/995/873 914/1033/911
f 886/1009/887 872/990/868 903/1026/904
f 877/999/877 884/1008/886 911/1034/912
f 862/989/867 915/1035/913 884/1008/886
f 909/1028/906 873/991/869 891/1010/888
f 912/1030/908 887/1012/890 909/1028/906
f 917/1036/914 872/990/868 867/982/861
f 919/1037/915 867/982/861 841/956/835
f 916/1038/916 893/1015/893 898/1019/897
f 884/1008/886 915/1035/913 911/1034/912
f 915/1035/913 862/989/867 853/971/850
f 876/995/873 894/1016/894 918/1039/917
f 905/1024/902 879/998/876 835/958/837
f 857/984/863 901/1040/918 880/1007/885
f 879/998/876 907/1029/907 874/994/872
f 920/1041/919 841/956/835 883/1003/881
f 907/1029/907 920/1041/919 883/1003/881
f 792/911/794 921/1042/920 900/1020/898
f 872/990/868 917/1036/914 903/1026/904
f 909/1028/906 891/1010/888 923/1043/921
f 913/1032/910 925/1044/922 853/971/850
f 906/1025/903 900/1020/898 913/1032/910
f 816/928/810 927/1045/923 511/657/545
f 916/1038/916 885/1004/882 893/1015/893
f 922/1046/924 914/1033/911 876/995/873
f 918/1039/917 922/1046/924 876/995/873
f 911/1034/912 924/1047/925 877/999/877
f 889/1006/884 899/1022/900 888/1005/883
f 910/1031/909 848/963/842 845/972/851
f 927/1048/923 816/942/810 885/1004/882
f 871/988/866 932/1049/926 428/541/442
f 885/1004/882 916/1038/916 927/1048/923
f 930/1050/927 913/1032/910 900/1020/898
f 841/956/835 920/1041/919 919/1037/915
f 918/1039/917 894/1016/894 908/1027/905
f 911/1034/912 915/1035/913 935/1051/928
f 936/1052/929 895/1011/889 904/1023/901
f 867/982/861 919/1037/915 917/1036/914
f 901/1040/918 857/984/863 910/1031/909
f 929/1053/930 901/1040/918 910/1031/909
f 913/1032/910 930/1050/927 925/1044/922
f 937/1054/931 902/1021/899 865/986/865
f 925/1044/922 915/1035/913 853/971/850
f 903/1026/904 917/1036/914 934/1055/932
f 897/1017/895 890/1013/891 933/1056/933
f 926/1057/934 905/1024/902 882/1001/879
f 921/1042/920 930/1050/927 900/1020/898
f 937/1054/931 931/1058/935 902/1021/899
f 865/987/865 850/964/843 937/1059/931
f 928/1060/936 825/944/825 869/993/871
f 933/1056/933 890/1013/891 888/1005/883
f 926/1057/934 882/1001/879 901/1040/918
f 938/1061/937 940/1062/938 912/1030/908
f 939/1063/939 868/997/875 825/944/825
f 928/1060/936 869/993/871 912/1030/908
f 912/1030/908 909/1028/906 938/1061/937
f 898/1019/897 943/1064/940 916/1038/916
f 944/1065/941 927/1048/923 916/1038/916
f 891/1010/888 877/999/877 923/1043/921
f 908/1027/905 903/1026/904 934/1055/932
f 945/1066/942 925/1044/922 930/1050/927
f 947/1067/943 905/1024/902 926/1057/934
f 875/1002/880 850/964/843 490/624/514
f 940/1062/938 928/1060/936 912/1030/908
f 922/1046/924 918/1039/917 948/1068/944
f 905/1024/902 946/1069/945 879/998/876
f 943/1064/940 898/1019/897 914/1033/911
f 928/1060/936 939/1063/939 825/944/825
f 945/1066/942 930/1050/927 921/1042/920
f 908/1027/905 951/1070/946 918/1039/917
f 914/1033/911 922/1046/924 943/1064/940
f 888/1005/883 899/1022/900 949/1071/947
f 952/1072/948 907/1029/907 941/1073/949
f 875/1002/880 937/1059/931 850/964/843
f 923/1043/921 877/999/877 924/1047/925
f 951/1070/946 948/1068/944 918/1039/917
f 949/1071/947 933/1056/933 888/1005/883
f 950/1074/950 926/1057/934 901/1040/918
f 929/1053/930 950/1074/950 901/1040/918
f 951/1070/946 908/1027/905 934/1055/932
f 941/1073/949 907/1029/907 879/998/876
f 946/1069/945 941/1073/949 879/998/876
f 667/805/690 337/350/301 837/973/852
f 943/1064/940 944/1065/941 916/1038/916
f 923/1043/921 942/1075/951 909/1028/906
f 952/1072/948 920/1041/919 907/1029/907
f 429/503/416 838/954/180 726/839/723
f 943/1064/940 922/1046/924 954/1076/952
f 955/1077/953 948/1068/944 951/1070/946
f 924/1047/925 942/1075/951 923/1043/921
f 953/1078/954 938/1061/937 909/1028/906
f 953/1078/954 909/1028/906 942/1075/951
f 915/1035/913 925/1044/922 957/1079/955
f 958/1080/956 927/1048/923 944/1065/941
f 945/1066/942 957/1079/955 925/1044/922
f 934/1055/932 917/1036/914 919/1037/915
f 921/1042/920 792/911/794 959/1081/957
f 922/1046/924 948/1068/944 954/1076/952
f 955/1077/953 951/1070/946 934/1055/932
f 935/1051/928 924/1047/925 911/1034/912
f 926/1057/934 963/1082/958 947/1067/943
f 958/1080/956 944/1065/941 965/1083/959
f 940/1062/938 961/1084/960 928/1060/936
f 910/1031/909 845/972/851 897/1017/895
f 947/1067/943 946/1069/945 905/1024/902
f 959/1081/957 792/911/794 902/1021/899
f 943/1064/940 965/1083/959 944/1065/941
f 948/1068/944 955/1077/953 960/1085/961
f 936/1052/929 966/1086/962 895/1011/889
f 940/1062/938 938/1061/937 961/1084/960
f 924/1047/925 968/1087/963 942/1075/951
f 904/1023/901 868/997/875 967/1088/964
f 868/997/875 939/1063/939 967/1088/964
f 956/1089/965 924/1047/925 935/1051/928
f 969/1090/966 910/1031/909 897/1017/895
f 624/737/623 638/748/633 971/1091/967
f 971/1091/967 638/748/633 823/940/822
f 428/541/442 932/1049/926 896/1014/892
f 949/1071/947 899/1022/900 966/1086/962
f 966/1086/962 899/1022/900 895/1011/889
f 956/1089/965 968/1087/963 924/1047/925
f 974/1092/968 928/1060/936 961/1084/960
f 975/1093/969 929/1053/930 910/1031/909
f 959/1081/957 970/1094/970 921/1042/920
f 960/1085/961 954/1076/952 948/1068/944
f 972/1095/971 966/1086/962 936/1052/929
f 939/1063/939 928/1060/936 974/1092/968
f 950/1074/950 963/1082/958 926/1057/934
f 977/1096/972 919/1037/915 920/1041/919
f 959/1081/957 902/1021/899 931/1058/935
f 957/1079/955 935/1051/928 915/1035/913
f 945/1066/942 921/1042/920 976/1097/973
f 978/1098/974 954/1076/952 960/1085/961
f 980/1099/975 976/1097/973 921/1042/920
f 943/1064/940 954/1076/952 978/1098/974
f 981/1100/976 955/1077/953 934/1055/932
f 961/1084/960 938/1061/937 953/1078/954
f 957/1079/955 945/1066/942 976/1097/973
f 921/1042/920 970/1094/970 980/1099/975
f 977/1096/972 920/1041/919 952/1072/948
f 943/1064/940 982/1101/977 965/1083/959
f 978/1098/974 982/1101/977 943/1064/940
f 934/1055/932 962/1102/978 981/1100/976
f 949/1071/947 983/1103/979 933/1056/933
f 934/1055/932 919/1037/915 984/1104/980
f 958/1080/956 985/1105/981 927/1048/923
f 935/1051/928 979/1106/982 956/1089/965
f 967/1088/964 939/1063/939 973/1107/983
f 973/1107/983 939/1063/939 974/1092/968
f 986/1108/984 953/1078/954 942/1075/951
f 968/1087/963 986/1108/984 942/1075/951
f 956/1089/965 979/1106/982 968/1087/963
f 929/1053/930 987/1109/985 950/1074/950
f 984/1104/980 962/1102/978 934/1055/932
f 969/1090/966 975/1093/969 910/1031/909
f 927/1045/923 985/1110/981 988/1111/986
f 927/1045/923 988/1111/986 511/657/545
f 964/1112/987 858/976/855 785/929/811
f 929/1053/930 975/1093/969 987/1109/985
f 935/1051/928 957/1079/955 979/1106/982
f 904/1023/901 972/1095/971 936/1052/929
f 989/1113/988 963/1082/958 950/1074/950
f 977/1096/972 984/1104/980 919/1037/915
f 988/1111/986 738/858/741 511/657/545
f 957/1079/955 976/1097/973 991/1114/989
f 981/1100/976 992/1115/990 955/1077/953
f 933/1056/933 993/1116/991 897/1017/895
f 978/1098/974 994/1117/992 982/1101/977
f 980/1099/975 991/1114/989 976/1097/973
f 996/1118/993 981/1100/976 962/1102/978
f 995/1119/994 973/1107/983 974/1092/968
f 986/1108/984 961/1084/960 953/1078/954
f 999/1120/995 968/1087/963 979/1106/982
f 974/1092/968 961/1084/960 986/1108/984
f 992/1115/990 960/1085/961 955/1077/953
f 984/1104/980 996/1118/993 962/1102/978
f 947/1067/943 941/1073/949 946/1069/945
f 960/1085/961 994/1117/992 978/1098/974
f 992/1115/990 994/1117/992 960/1085/961
f 983/1103/979 993/1116/991 933/1056/933
f 1000/1121/996 969/1090/966 897/1017/895
f 947/1067/943 963/1082/958 989/1113/988
f 937/1054/931 998/1122/997 931/1058/935
f 995/1119/994 974/1092/968 986/1108/984
f 957/1079/955 1002/1123/998 979/1106/982
f 991/1114/989 1002/1123/998 957/1079/955
f 1001/1124/999 991/1114/989 980/1099/975
f 985/1105/981 958/1080/956 965/1083/959
f 1005/1125/1000 949/1071/947 966/1086/962
f 949/1071/947 1005/1125/1000 983/1103/979
f 993/1116/991 1000/1121/996 897/1017/895
f 952/1072/948 941/1073/949 997/1126/1001
f 998/1122/997 1007/1127/1002 931/1058/935
f 667/805/690 837/973/852 990/1128/1003
f 965/1083/959 982/1101/977 1004/1129/1004
f 1008/1130/1005 982/1101/977 994/1117/992
f 992/1115/990 1008/1130/1005 994/1117/992
f 995/1119/994 1003/1131/1006 973/1107/983
f 1006/1132/1007 1009/1133/1008 981/1100/976
f 998/1134/997 937/1059/931 875/1002/880
f 972/1095/971 1005/1125/1000 966/1086/962
f 967/1088/964 972/1095/971 904/1023/901
f 1010/1135/1009 995/1119/994 986/1108/984
f 1001/1124/999 1012/1136/1010 991/1114/989
f 996/1118/993 1006/1132/1007 981/1100/976
f 992/1115/990 981/1100/976 1009/1133/1008
f 987/1109/985 989/1113/988 950/1074/950
f 980/1099/975 970/1094/970 959/1081/957
f 977/1096/972 1011/1137/1011 984/1104/980
f 1013/1138/1012 959/1081/957 931/1058/935
f 967/1088/964 973/1107/983 1015/1139/1013
f 1002/1123/998 991/1114/989 1012/1136/1010
f 985/1105/981 965/1083/959 1004/1129/1004
f 1009/1133/1008 1008/1130/1005 992/1115/990
f 836/959/838 738/858/741 1014/1140/1014
f 1017/1141/1015 1004/1129/1004 982/1101/977
f 968/1087/963 1019/1142/1016 986/1108/984
f 1018/1143/1017 1005/1125/1000 972/1095/971
f 1015/1139/1013 972/1095/971 967/1088/964
f 1010/1135/1009 1003/1131/1006 995/1119/994
f 1002/1123/998 999/1120/995 979/1106/982
f 1004/1129/1004 1021/1144/1018 985/1105/981
f 947/1067/943 1024/1145/1019 941/1073/949
f 1014/1140/1014 738/858/741 988/1111/986
f 982/1101/977 1008/1130/1005 1017/1141/1015
f 1023/1146/1020 1022/1147/1021 1001/1124/999
f 997/1126/1001 977/1096/972 952/1072/948
f 959/1081/957 1023/1146/1020 980/1099/975
f 983/1103/979 1025/1148/1022 993/1116/991
f 989/1113/988 1024/1145/1019 947/1067/943
f 1023/1146/1020 1001/1124/999 980/1099/975
f 1013/1138/1012 1023/1146/1020 959/1081/957
f 985/1110/981 1021/1149/1018 988/1111/986
f 1027/1150/1023 968/1087/963 999/1120/995
f 1003/1131/1006 1015/1139/1013 973/1107/983
f 1027/1150/1023 1016/1151/1024 968/1087/963
f 984/1104/980 1006/1132/1007 996/1118/993
f 931/1058/935 1007/1127/1002 1013/1138/1012
f 1005/1125/1000 1025/1148/1022 983/1103/979
f 1012/1136/1010 1001/1124/999 1022/1147/1021
f 1024/1145/1019 1020/1152/1025 941/1073/949
f 1029/1153/1026 1021/1144/1018 1004/1129/1004
f 1030/1154/1027 977/1096/972 997/1126/1001
f 1020/1152/1025 997/1126/1001 941/1073/949
f 1026/1155/1028 1015/1139/1013 1003/1131/1006
f 1031/1156/1029 999/1120/995 1002/1123/998
f 1006/1132/1007 984/1104/980 1011/1137/1011
f 1033/1157/1030 998/1134/997 875/1002/880
f 1034/1158/1031 1003/1131/1006 1010/1135/1009
f 1029/1153/1026 1004/1129/1004 1017/1141/1015
f 1024/1145/1019 989/1113/988 1028/1159/1032
f 1037/1160/1033 1011/1137/1011 977/1096/972
f 1032/1161/1034 1007/1127/1002 998/1122/997
f 1034/1158/1031 1026/1155/1028 1003/1131/1006
f 1036/1162/1035 1029/1153/1026 1017/1141/1015
f 1017/1141/1015 1008/1130/1005 1040/1163/1036
f 1043/1164/1037 1027/1150/1023 999/1120/995
f 1031/1156/1029 1043/1164/1037 999/1120/995
f 1015/1139/1013 1026/1155/1028 1042/1165/1038
f 1002/1123/998 1012/1136/1010 1035/1166/1039
f 1038/1167/1040 989/1113/988 987/1109/985
f 1045/1168/1041 1009/1133/1008 1006/1132/1007
f 1046/1169/1042 1008/1130/1005 1009/1133/1008
f 1038/1167/1040 987/1109/985 975/1093/969
f 1050/1170/1043 975/1093/969 969/1090/966
f 1049/1171/1044 1036/1162/1035 1017/1141/1015
f 1021/1144/1018 1029/1153/1026 1052/1172/1045
f 1040/1163/1036 1049/1171/1044 1017/1141/1015
f 1046/1169/1042 1040/1163/1036 1008/1130/1005
f 1047/1173/1046 1018/1143/1017 972/1095/971
f 1018/1143/1017 1025/1148/1022 1005/1125/1000
f 1044/1174/1047 1012/1136/1010 1022/1147/1021
f 1000/1121/996 993/1116/991 1039/1175/1048
f 1048/1176/1049 993/1116/991 1025/1148/1022
f 1036/1162/1035 1052/1172/1045 1029/1153/1026
f 1053/1177/1050 1043/1164/1037 1031/1156/1029
f 1047/1173/1046 972/1095/971 1015/1139/1013
f 1035/1166/1039 1055/1178/1051 1002/1123/998
f 1038/1167/1040 1057/1179/1052 989/1113/988
f 1022/1147/1021 1023/1146/1020 1044/1174/1047
f 1046/1169/1042 1056/1180/1053 1040/1163/1036
f 896/1014/892 1041/1181/1054 762/875/758
f 1002/1123/998 1053/1177/1050 1031/1156/1029
f 1060/1182/1055 1000/1121/996 1039/1175/1048
f 1023/1146/1020 1013/1138/1012 1061/1183/1056
f 1030/1154/1027 1037/1160/1033 977/1096/972
f 871/988/866 1063/1184/1057 932/1049/926
f 1059/1185/1058 1047/1173/1046 1015/1139/1013
f 1064/1186/1059 1010/1135/1009 1019/1142/1016
f 1060/1182/1055 969/1090/966 1000/1121/996
f 993/1116/991 1048/1176/1049 1039/1175/1048
f 1023/1146/1020 1065/1187/1060 1044/1174/1047
f 1045/1168/1041 1046/1169/1042 1009/1133/1008
f 1032/1161/1034 998/1122/997 1033/1188/1030
f 1026/1155/1028 1034/1158/1031 1066/1189/1061
f 1062/1190/1062 1021/1144/1018 1052/1172/1045
f 1060/1182/1055 1051/1191/1063 969/1090/966
f 1062/1192/1062 988/1111/986 1021/1149/1018
f 796/915/798 964/1112/987 785/929/811
f 1067/1193/1064 1025/1148/1022 1018/1143/1017
f 1050/1170/1043 1038/1167/1040 975/1093/969
f 1051/1191/1063 1050/1170/1043 969/1090/966
f 1012/1136/1010 1044/1174/1047 1035/1166/1039
f 1014/1140/1014 1069/1194/1065 836/959/838
f 1043/1164/1037 1054/1195/1066 1027/1150/1023
f 1002/1123/998 1055/1178/1051 1053/1177/1050
f 1064/1186/1059 1034/1158/1031 1010/1135/1009
f 1049/1171/1044 1040/1163/1036 1056/1180/1053
f 1058/1196/1067 1056/1180/1053 1046/1169/1042
f 1058/1196/1067 1046/1169/1042 1045/1168/1041
f 1071/1197/1068 1066/1189/1061 1034/1158/1031
f 1016/1151/1024 1064/1186/1059 1019/1142/1016
f 1057/1179/1052 1028/1159/1032 989/1113/988
f 1065/1187/1060 1023/1146/1020 1061/1183/1056
f 1032/1161/1034 1068/1198/1069 1007/1127/1002
f 1036/1162/1035 1049/1171/1044 1072/1199/1070
f 1035/1166/1039 1074/1200/1071 1055/1178/1051
f 1048/1176/1049 1025/1148/1022 1075/1201/1072
f 1049/1171/1044 1056/1180/1053 1072/1199/1070
f 1014/1140/1014 988/1111/986 1062/1192/1062
f 1013/1138/1012 1007/1127/1002 1068/1198/1069
f 1071/1197/1068 1034/1158/1031 1064/1186/1059
f 1020/1152/1025 1077/1202/1073 997/1126/1001
f 1045/1168/1041 1006/1132/1007 1011/1137/1011
f 1058/1196/1067 1072/1199/1070 1056/1180/1053
f 667/805/690 1078/1203/1074 823/940/822
f 1070/1204/1075 796/915/798 726/839/723
f 1054/1195/1066 1043/1164/1037 1079/1205/1076
f 1066/1189/1061 1042/1165/1038 1026/1155/1028
f 1080/1206/1077 1053/1177/1050 1055/1178/1051
f 1077/1202/1073 1076/1207/1078 997/1126/1001
f 1081/1208/1079 1036/1162/1035 1072/1199/1070
f 1043/1164/1037 1053/1177/1050 1079/1205/1076
f 1047/1173/1046 1082/1209/1080 1018/1143/1017
f 1016/1151/1024 1054/1195/1066 1073/1210/1081
f 1083/1211/1082 1035/1166/1039 1044/1174/1047
f 1044/1174/1047 1065/1187/1060 1083/1211/1082
f 667/805/690 990/1128/1003 1078/1203/1074
f 1071/1197/1068 1064/1186/1059 1066/1189/1061
f 1042/1165/1038 1059/1185/1058 1015/1139/1013
f 1082/1209/1080 1067/1193/1064 1018/1143/1017
f 1085/1212/1083 1062/1190/1062 1052/1172/1045
f 1084/1213/1084 1028/1159/1032 1057/1179/1052
f 1083/1211/1082 1065/1187/1060 1061/1183/1056
f 1076/1207/1078 1030/1154/1027 997/1126/1001
f 1087/1214/1085 1072/1199/1070 1058/1196/1067
f 1087/1214/1085 1058/1196/1067 1045/1168/1041
f 1080/1206/1077 1079/1205/1076 1053/1177/1050
f 1074/1200/1071 1035/1166/1039 1088/1215/1086
f 1013/1138/1012 1086/1216/1087 1061/1183/1056
f 1036/1162/1035 1085/1212/1083 1052/1172/1045
f 836/959/838 1063/1184/1057 871/988/866
f 1081/1208/1079 1085/1212/1083 1036/1162/1035
f 1011/1137/1011 1087/1214/1085 1045/1168/1041
f 1091/1217/1088 1013/1138/1012 1068/1198/1069
f 1089/1218/1089 1054/1195/1066 1079/1205/1076
f 1035/1166/1039 1083/1211/1082 1088/1215/1086
f 1028/1159/1032 1020/1152/1025 1024/1145/1019
f 1062/1192/1062 1090/1219/1090 1014/1140/1014
f 1088/1215/1086 1083/1211/1082 1074/1200/1071
f 1016/1151/1024 1092/1220/1091 1064/1186/1059
f 1080/1206/1077 1089/1218/1089 1079/1205/1076
f 1048/1176/1049 1060/1182/1055 1039/1175/1048
f 1094/1221/1092 1085/1212/1083 1081/1208/1079
f 1054/1195/1066 1089/1218/1089 1073/1210/1081
f 1085/1212/1083 1090/1222/1090 1062/1190/1062
f 1096/1223/1093 1047/1173/1046 1059/1185/1058
f 1074/1200/1071 1080/1206/1077 1055/1178/1051
f 1016/1151/1024 1097/1224/1094 1092/1220/1091
f 1075/1201/1072 1025/1148/1022 1098/1225/1095
f 1025/1148/1022 1067/1193/1064 1098/1225/1095
f 1083/1211/1082 1099/1226/1096 1074/1200/1071
f 1075/1201/1072 1060/1182/1055 1048/1176/1049
f 1086/1216/1087 1083/1211/1082 1061/1183/1056
f 1033/1188/1030 1095/1227/1097 1032/1161/1034
f 1103/1228/1098 1098/1225/1095 1067/1193/1064
f 1103/1228/1098 1067/1193/1064 1082/1209/1080
f 1104/1229/1099 1042/1165/1038 1066/1189/1061
f 1100/1230/1100 1057/1179/1052 1038/1167/1040
f 1076/1207/1078 1101/1231/1101 1030/1154/1027
f 1047/1173/1046 1096/1223/1093 1082/1209/1080
f 1094/1221/1092 1090/1222/1090 1085/1212/1083
f 1080/1206/1077 1074/1200/1071 1106/1232/1102
f 1066/1189/1061 1064/1186/1059 1092/1220/1091
f 1093/1233/1103 1097/1224/1094 1016/1151/1024
f 1106/1232/1102 1074/1200/1071 1099/1226/1096
f 1051/1191/1063 1108/1234/1104 1050/1170/1043
f 1084/1213/1084 1020/1152/1025 1028/1159/1032
f 1087/1214/1085 1081/1208/1079 1072/1199/1070
f 1090/1219/1090 1105/1235/1105 1014/1140/1014
f 1095/1236/1097 1033/1157/1030 875/1002/880
f 1110/1237/1106 1016/1151/1024 1073/1210/1081
f 1106/1232/1102 1107/1238/1107 1080/1206/1077
f 1102/1239/1108 1059/1185/1058 1042/1165/1038
f 1042/1165/1038 1104/1229/1099 1102/1239/1108
f 1081/1208/1079 1111/1240/1109 1094/1221/1092
f 1109/1241/1110 1073/1210/1081 1089/1218/1089
f 1092/1220/1091 1104/1229/1099 1066/1189/1061
f 1020/1152/1025 1076/1207/1078 1077/1202/1073
f 1086/1216/1087 1013/1138/1012 1091/1217/1088
f 1098/1225/1095 1060/1182/1055 1075/1201/1072
f 1113/1242/1111 1100/1230/1100 1038/1167/1040
f 1115/1243/1112 1090/1222/1090 1094/1221/1092
f 1105/1235/1105 1069/1194/1065 1014/1140/1014
f 1096/1223/1093 1117/1244/1113 1082/1209/1080
f 1102/1239/1108 1096/1223/1093 1059/1185/1058
f 1093/1233/1103 1016/1151/1024 1110/1237/1106
f 1084/1213/1084 1114/1245/1114 1020/1152/1025
f 1114/1245/1114 1076/1207/1078 1020/1152/1025
f 1118/1246/1115 1081/1208/1079 1087/1214/1085
f 796/915/798 1070/1204/1075 964/1112/987
f 1112/1247/1116 837/973/852 858/976/855
f 1080/1206/1077 1107/1238/1107 1089/1218/1089
f 1107/1238/1107 1106/1232/1102 1120/1248/1117
f 1116/1249/1118 875/1002/880 624/737/623
f 1098/1225/1095 1125/1250/1119 1060/1182/1055
f 1108/1234/1104 1038/1167/1040 1050/1170/1043
f 1060/1182/1055 1108/1234/1104 1051/1191/1063
f 1101/1231/1101 1123/1251/1120 1030/1154/1027
f 1037/1160/1033 1030/1154/1027 1123/1251/1120
f 1122/1252/1121 1057/1179/1052 1100/1230/1100
f 1090/1219/1090 1115/1253/1112 1105/1235/1105
f 1102/1239/1108 1119/1254/1122 1096/1223/1093
f 1110/1237/1106 1073/1210/1081 1109/1241/1110
f 1089/1218/1089 1107/1238/1107 1109/1241/1110
f 1083/1211/1082 1086/1216/1087 1127/1255/1123
f 1087/1214/1085 1011/1137/1011 1037/1160/1033
f 1128/1256/1124 1094/1221/1092 1111/1240/1109
f 1111/1240/1109 1081/1208/1079 1118/1246/1115
f 1092/1220/1091 1124/1257/1125 1104/1229/1099
f 1083/1211/1082 1127/1255/1123 1099/1226/1096
f 1091/1217/1088 1127/1255/1123 1086/1216/1087
f 1131/1258/1126 1124/1257/1125 1092/1220/1091
f 1038/1167/1040 1108/1234/1104 1113/1242/1111
f 1130/1259/1127 1119/1254/1122 1102/1239/1108
f 1117/1244/1113 1103/1228/1098 1082/1209/1080
f 1121/1260/1128 1125/1250/1119 1098/1225/1095
f 1084/1213/1084 1132/1261/1129 1114/1245/1114
f 1115/1243/1112 1094/1221/1092 1128/1256/1124
f 1133/1262/1130 1106/1232/1102 1099/1226/1096
f 1134/1263/1131 1068/1198/1069 1032/1161/1034
f 1070/1204/1075 858/976/855 964/1112/987
f 1119/1254/1122 1117/1244/1113 1096/1223/1093
f 1124/1257/1125 1102/1239/1108 1104/1229/1099
f 1127/1255/1123 1133/1262/1130 1099/1226/1096
f 1136/1264/1132 1110/1237/1106 1109/1241/1110
f 1121/1260/1128 1098/1225/1095 1103/1228/1098
f 1123/1251/1120 1101/1231/1101 1076/1207/1078
f 1091/1217/1088 1068/1198/1069 1137/1265/1133
f 1032/1161/1034 1095/1227/1097 1134/1263/1131
f 838/954/180 1126/1266/1134 726/839/723
f 1133/1262/1130 1120/1248/1117 1106/1232/1102
f 1138/1267/1135 1109/1241/1110 1107/1238/1107
f 1076/1207/1078 1114/1245/1114 1132/1261/1129
f 1037/1160/1033 1139/1268/1136 1087/1214/1085
f 1115/1253/1112 1128/1269/1124 1105/1235/1105
f 1126/1266/1134 1070/1204/1075 726/839/723
f 1140/1270/1137 1097/1224/1094 1093/1233/1103
f 1113/1242/1111 1122/1252/1121 1100/1230/1100
f 1123/1251/1120 1139/1268/1136 1037/1160/1033
f 1127/1255/1123 1091/1217/1088 1137/1265/1133
f 1069/1194/1065 1105/1235/1105 1135/1271/1138
f 1119/1254/1122 1141/1272/1139 1117/1244/1113
f 1124/1257/1125 1130/1259/1127 1102/1239/1108
f 1142/1273/1140 1084/1213/1084 1057/1179/1052
f 1105/1235/1105 1128/1269/1124 1143/1274/1141
f 1129/1275/1142 1121/1260/1128 1103/1228/1098
f 1131/1258/1126 1092/1220/1091 1140/1270/1137
f 1146/1276/1143 1138/1267/1135 1107/1238/1107
f 1122/1252/1121 1142/1273/1140 1057/1179/1052
f 1118/1246/1115 1128/1256/1124 1111/1240/1109
f 1130/1259/1127 1141/1272/1139 1119/1254/1122
f 1107/1238/1107 1120/1248/1117 1146/1276/1143
f 1147/1277/1144 1137/1265/1133 1068/1198/1069
f 1117/1244/1113 1129/1275/1142 1103/1228/1098
f 1148/1278/1145 1113/1242/1111 1108/1234/1104
f 1145/1279/1146 836/959/838 1069/1194/1065
f 1109/1241/1110 1138/1267/1135 1136/1264/1132
f 1134/1280/1131 1095/1236/1097 875/1002/880
f 1142/1273/1140 1132/1261/1129 1084/1213/1084
f 1150/1281/1147 1148/1278/1145 1108/1234/1104
f 1133/1262/1130 1127/1255/1123 1151/1282/1148
f 1123/1251/1120 1076/1207/1078 1132/1261/1129
f 1151/1282/1148 1127/1255/1123 1137/1265/1133
f 1128/1256/1124 1118/1246/1115 1152/1283/1149
f 1120/1248/1117 1133/1262/1130 1149/1284/1150
f 1146/1276/1143 1120/1248/1117 1149/1284/1150
f 1087/1214/1085 1156/1285/1151 1118/1246/1115
f 1147/1277/1144 1151/1282/1148 1137/1265/1133
f 1143/1274/1141 1152/1286/1149 1105/1235/1105
f 1147/1277/1144 1068/1198/1069 1157/1287/1152
f 1105/1235/1105 1152/1286/1149 1135/1271/1138
f 1158/1288/1153 1093/1233/1103 1110/1237/1106
f 1154/1289/1154 1155/1290/1155 1122/1252/1121
f 1142/1273/1140 1144/1291/1156 1132/1261/1129
f 1128/1256/1124 1152/1283/1149 1143/1292/1141
f 1130/1259/1127 1159/1293/1157 1141/1272/1139
f 1093/1233/1103 1158/1288/1153 1140/1270/1137
f 1124/1257/1125 1131/1258/1126 1160/1294/1158
f 1140/1270/1137 1153/1295/1159 1131/1258/1126
f 1118/1246/1115 1161/1296/1160 1152/1283/1149
f 1134/1263/1131 1157/1287/1152 1068/1198/1069
f 1116/1249/1118 624/737/623 971/1091/967
f 1123/1251/1120 1166/1297/1161 1139/1268/1136
f 836/959/838 1145/1279/1146 1063/1184/1057
f 1165/1298/1162 1122/1252/1121 1113/1242/1111
f 1144/1291/1156 1123/1251/1120 1132/1261/1129
f 1152/1286/1149 1162/1299/1163 1135/1271/1138
f 1158/1288/1153 1136/1264/1132 1138/1267/1135
f 1169/1300/1164 1117/1244/1113 1141/1272/1139
f 1124/1257/1125 1168/1301/1165 1130/1259/1127
f 1160/1294/1158 1131/1258/1126 1153/1295/1159
f 1136/1264/1132 1158/1288/1153 1110/1237/1106
f 1148/1278/1145 1165/1298/1162 1113/1242/1111
f 1139/1268/1136 1156/1285/1151 1087/1214/1085
f 1156/1285/1151 1161/1296/1160 1118/1246/1115
f 1161/1302/1160 1162/1299/1163 1152/1286/1149
f 1164/1303/1166 1149/1284/1150 1172/1304/1167
f 1122/1252/1121 1165/1298/1162 1154/1289/1154
f 1142/1273/1140 1122/1252/1121 1155/1290/1155
f 1148/1278/1145 1150/1281/1147 1173/1305/1168
f 1135/1271/1138 1162/1299/1163 1163/1306/1169
f 1149/1284/1150 1133/1262/1130 1172/1304/1167
f 1150/1281/1147 1108/1234/1104 1060/1182/1055
f 1169/1300/1164 1129/1275/1142 1117/1244/1113
f 1168/1301/1165 1124/1257/1125 1160/1294/1158
f 1138/1267/1135 1146/1276/1143 1158/1288/1153
f 1164/1303/1166 1146/1276/1143 1149/1284/1150
f 1170/1307/1170 1153/1295/1159 1140/1270/1137
f 1167/1308/1171 1157/1287/1152 1134/1263/1131
f 1069/1194/1065 1135/1271/1138 1145/1279/1146
f 1172/1304/1167 1133/1262/1130 1171/1309/1172
f 1171/1309/1172 1133/1262/1130 1151/1282/1148
f 1063/1184/1057 1175/1310/1173 932/1049/926
f 1159/1293/1157 1169/1300/1164 1141/1272/1139
f 1146/1276/1143 1176/1311/1174 1158/1288/1153
f 1151/1282/1148 1177/1312/1175 1171/1309/1172
f 1158/1288/1153 1170/1307/1170 1140/1270/1137
f 1150/1281/1147 1060/1182/1055 1125/1250/1119
f 1168/1301/1165 1159/1293/1157 1130/1259/1127
f 1146/1276/1143 1164/1303/1166 1176/1311/1174
f 1154/1289/1154 1180/1313/1176 1155/1290/1155
f 1144/1291/1156 1174/1314/1177 1123/1251/1120
f 1181/1315/1178 1112/1247/1116 858/976/855
f 1164/1303/1166 1172/1304/1167 1176/1311/1174
f 1166/1297/1161 1156/1285/1151 1139/1268/1136
f 932/1049/926 1175/1310/1173 896/1014/892
f 1070/1204/1075 1181/1315/1178 858/976/855
f 1172/1304/1167 1171/1309/1172 1182/1316/1179
f 1176/1311/1174 1183/1317/1180 1158/1288/1153
f 1165/1298/1162 1178/1318/1181 1154/1289/1154
f 1178/1318/1181 1180/1313/1176 1154/1289/1154
f 1166/1297/1161 1179/1319/1182 1156/1285/1151
f 1123/1251/1120 1174/1314/1177 1166/1297/1161
f 1177/1312/1175 1151/1282/1148 1147/1277/1144
f 1158/1288/1153 1183/1317/1180 1185/1320/1183
f 1186/1321/1184 1147/1277/1144 1157/1287/1152
f 1148/1278/1145 1173/1305/1168 1165/1298/1162
f 1188/1322/1185 1170/1307/1170 1158/1288/1153
f 1180/1313/1176 1142/1273/1140 1155/1290/1155
f 1135/1271/1138 1163/1306/1169 1187/1323/1186
f 1185/1320/1183 1188/1322/1185 1158/1288/1153
f 1190/1324/1187 1150/1281/1147 1125/1250/1119
f 1169/1300/1164 1121/1260/1128 1129/1275/1142
f 1156/1285/1151 1189/1325/1188 1161/1296/1160
f 1153/1295/1159 1168/1301/1165 1160/1294/1158
f 1180/1313/1176 1144/1291/1156 1142/1273/1140
f 1179/1319/1182 1189/1325/1188 1156/1285/1151
f 1172/1304/1167 1182/1316/1179 1176/1311/1174
f 1176/1311/1174 1182/1316/1179 1191/1326/1189
f 1168/1301/1165 1193/1327/1190 1159/1293/1157
f 1171/1309/1172 1177/1312/1175 1182/1316/1179
f 1162/1299/1163 1192/1328/1191 1163/1306/1169
f 1187/1323/1186 1145/1279/1146 1135/1271/1138
f 1194/1329/1192 838/954/180 892/1018/896
f 1189/1325/1188 1195/1330/1193 1161/1296/1160
f 1159/1293/1157 1193/1327/1190 1169/1300/1164
f 1166/1297/1161 1189/1325/1188 1179/1319/1182
f 1147/1277/1144 1186/1321/1184 1177/1312/1175
f 990/1128/1003 837/973/852 1112/1247/1116
f 1198/1331/1194 1153/1295/1159 1170/1307/1170
f 1121/1260/1128 1190/1324/1187 1125/1250/1119
f 1161/1302/1160 1195/1332/1193 1162/1299/1163
f 1163/1306/1169 1192/1328/1191 1187/1323/1186
f 823/940/822 1116/1249/1118 971/1091/967
f 1177/1312/1175 1196/1333/1195 1182/1316/1179
f 1197/1334/1196 1174/1314/1177 1144/1291/1156
f 1174/1314/1177 1200/1335/1197 1189/1325/1188
f 1194/1329/1192 1126/1266/1134 838/954/180
f 1202/1336/1198 1191/1326/1189 1182/1316/1179
f 1078/1203/1074 1116/1249/1118 823/940/822
f 1183/1317/1180 1188/1322/1185 1185/1320/1183
f 1180/1313/1176 1197/1334/1196 1144/1291/1156
f 1203/1337/1199 1182/1316/1179 1196/1333/1195
f 1199/1338/1200 1167/1339/1171 1134/1280/1131
f 1187/1323/1186 1204/1340/1201 1145/1279/1146
f 1202/1336/1198 1182/1316/1179 1203/1337/1199
f 1168/1301/1165 1153/1295/1159 1193/1327/1190
f 1177/1312/1175 1205/1341/1202 1196/1333/1195
f 1190/1324/1187 1121/1260/1128 1169/1300/1164
f 762/875/758 1041/1181/1054 892/1018/896
f 1162/1299/1163 1195/1332/1193 1192/1328/1191
f 1167/1308/1171 1199/1342/1200 1157/1287/1152
f 1203/1337/1199 1196/1333/1195 1205/1341/1202
f 1188/1322/1185 1183/1317/1180 1209/1343/1203
f 1176/1311/1174 1207/1344/1204 1183/1317/1180
f 1191/1326/1189 1207/1344/1204 1176/1311/1174
f 1189/1325/1188 1210/1345/1205 1195/1330/1193
f 1134/1280/1131 875/1002/880 1206/1346/1206
f 1211/1347/1207 1070/1204/1075 1201/1348/1208
f 1202/1336/1198 1207/1344/1204 1191/1326/1189
f 1193/1327/1190 1190/1324/1187 1169/1300/1164
f 1199/1338/1200 1134/1280/1131 1206/1346/1206
f 1212/1349/1209 1183/1317/1180 1207/1344/1204
f 1063/1184/1057 1215/1350/1210 1175/1310/1173
f 1211/1347/1207 1181/1315/1178 1070/1204/1075
f 1070/1204/1075 1218/1351/1211 1184/1352/1212
f 1201/1348/1208 1070/1204/1075 1184/1352/1212
f 1173/1305/1168 1150/1281/1147 1190/1324/1187
f 1212/1349/1209 1209/1343/1203 1183/1317/1180
f 1200/1335/1197 1174/1314/1177 1208/1353/1213
f 1186/1321/1184 1205/1341/1202 1177/1312/1175
f 1041/1181/1054 896/1014/892 1216/1354/1214
f 1202/1336/1198 1203/1337/1199 1219/1355/1215
f 1205/1341/1202 1219/1355/1215 1203/1337/1199
f 1188/1322/1185 1198/1331/1194 1170/1307/1170
f 1208/1353/1213 1174/1314/1177 1197/1334/1196
f 1217/1356/1216 1157/1287/1152 1199/1342/1200
f 1218/1351/1211 1070/1204/1075 1126/1266/1134
f 1186/1321/1184 1214/1357/1217 1205/1341/1202
f 1200/1335/1197 1210/1345/1205 1189/1325/1188
f 1213/1358/1218 1190/1324/1187 1193/1327/1190
f 1188/1322/1185 1222/1359/1219 1221/1360/1220
f 1209/1343/1203 1222/1359/1219 1188/1322/1185
f 1223/1361/1221 1186/1321/1184 1157/1287/1152
f 1063/1184/1057 1145/1279/1146 1215/1350/1210
f 1219/1355/1215 1205/1341/1202 1214/1357/1217
f 1178/1318/1181 1165/1298/1162 1173/1305/1168
f 1221/1360/1220 1198/1331/1194 1188/1322/1185
f 1041/1181/1054 1220/1362/1222 892/1018/896
f 1227/1363/1223 1126/1266/1134 1194/1329/1192
f 1192/1328/1191 1230/1364/1224 1187/1323/1186
f 896/1014/892 1175/1310/1173 1216/1354/1214
f 1216/1354/1214 1231/1365/1225 1041/1181/1054
f 1041/1181/1054 1231/1365/1225 1220/1362/1222
f 1194/1329/1192 892/1018/896 1227/1363/1223
f 1126/1266/1134 1224/1366/1226 1218/1351/1211
f 1201/1348/1208 1228/1367/1227 1211/1347/1207
f 1229/1368/1228 1181/1315/1178 1211/1347/1207
f 1232/1369/1229 1219/1355/1215 1214/1357/1217
f 1233/1370/1230 1207/1344/1204 1202/1336/1198
f 1201/1348/1208 1184/1352/1212 1228/1367/1227
f 1229/1368/1228 1211/1347/1207 1228/1367/1227
f 1219/1355/1215 1232/1369/1229 1202/1336/1198
f 1237/1371/1231 1153/1295/1159 1198/1331/1194
f 1186/1321/1184 1223/1361/1221 1214/1357/1217
f 1230/1364/1224 1204/1340/1201 1187/1323/1186
f 1235/1372/1232 990/1128/1003 1112/1247/1116
f 1126/1266/1134 1227/1363/1223 1236/1373/1233
f 1184/1352/1212 1239/1374/1234 1228/1367/1227
f 1232/1369/1229 1233/1370/1230 1202/1336/1198
f 1225/1375/1235 1173/1305/1168 1190/1324/1187
f 1212/1349/1209 1207/1344/1204 1233/1370/1230
f 1214/1357/1217 1223/1361/1221 1232/1369/1229
f 1217/1376/1216 1199/1338/1200 1206/1346/1206
f 1238/1377/1236 875/1378/880 1116/1379/1118
f 1235/1372/1232 1112/1247/1116 1243/1380/1237
f 1112/1247/1116 1181/1315/1178 1245/1381/1238
f 1227/1363/1223 892/1018/896 1246/1382/1239
f 1126/1266/1134 1236/1373/1233 1224/1366/1226
f 1237/1371/1231 1193/1327/1190 1153/1295/1159
f 1212/1349/1209 1222/1359/1219 1209/1343/1203
f 1195/1332/1193 1249/1383/1240 1192/1328/1191
f 1223/1361/1221 1157/1287/1152 1226/1384/1241
f 1241/1385/1242 1206/1386/1206 875/1378/880
f 1241/1385/1242 875/1378/880 1238/1377/1236
f 1242/1387/1243 1238/1377/1236 1116/1379/1118
f 1078/1388/1074 1261/1389/1244 1116/1379/1118
f 892/1018/896 1220/1362/1222 1244/1390/1245
f 1245/1381/1238 1181/1315/1178 1247/1391/1246
f 1112/1247/1116 1245/1381/1238 1243/1380/1237
f 892/1018/896 1244/1390/1245 1246/1382/1239
f 1184/1352/1212 1218/1351/1211 1239/1374/1234
f 1181/1315/1178 1229/1368/1228 1247/1391/1246
f 1218/1351/1211 1224/1366/1226 1236/1373/1233
f 1229/1368/1228 1228/1367/1227 1247/1391/1246
f 1236/1373/1233 1227/1363/1223 1246/1382/1239
f 1239/1374/1234 1218/1351/1211 1236/1373/1233
f 1228/1367/1227 1239/1374/1234 1247/1391/1246
f 1266/1392/1247 1268/1393/1248 1270/1394/1249
f 1266/1392/1247 1270/1394/1249 1273/1395/1250
f 1272/1396/1251 1271/1397/1252 1273/1395/1250
f 1273/1395/1250 1270/1394/1249 1276/1398/1253
f 1248/1399/1254 1272/1396/1251 1275/1400/1255
f 1274/1401/1256 1248/1399/1254 1275/1400/1255
f 1273/1395/1250 1276/1398/1253 1272/1396/1251
f 1270/1394/1249 1277/1402/1257 1276/1398/1253
f 1280/1403/1258 1282/1404/1259 1284/1405/1260
f 1286/1406/1261 1289/1407/1262 1292/1408/1263
f 1287/1409/1264 1291/1410/1265 1293/1411/1266
f 1290/1412/1267 1292/1408/1263 1294/1413/1268
f 1290/1412/1267 1294/1413/1268 1291/1410/1265
f 1178/1318/1181 1197/1334/1196 1180/1313/1176
f 1233/1370/1230 1222/1359/1219 1212/1349/1209
f 1254/1414/1269 1252/1415/1270 1238/1377/1236
f 1241/1385/1242 1251/1416/1271 1206/1386/1206
f 1255/1417/1272 1254/1414/1269 1256/1418/1273
f 1255/1417/1272 1256/1418/1273 1299/1419/1274
f 1254/1414/1269 1238/1377/1236 1256/1418/1273
f 1258/1420/1275 1257/1421/1276 1259/1422/1277
f 1259/1422/1277 1257/1421/1276 1299/1419/1274
f 1256/1418/1273 1238/1377/1236 1260/1423/1278
f 1238/1377/1236 1242/1387/1243 1260/1423/1278
f 1260/1423/1278 1242/1387/1243 1261/1389/1244
f 1261/1389/1244 1242/1387/1243 1116/1379/1118
f 1262/1424/1279 1261/1389/1244 1078/1388/1074
f 1262/1424/1279 1078/1388/1074 1234/1425/1280
f 1234/1425/1280 1078/1388/1074 990/1426/1003
f 1234/1425/1280 990/1426/1003 1263/1427/1281
f 990/1426/1003 1264/1428/1282 1263/1427/1281
f 1304/1429/1283 1235/1430/1232 1305/1431/1284
f 1231/1432/1225 1303/1433/1285 1220/1434/1222
f 1235/1372/1232 1243/1380/1237 1305/1435/1284
f 1220/1434/1222 1303/1433/1285 1306/1436/1286
f 1306/1436/1286 1307/1437/1287 1220/1434/1222
f 1220/1434/1222 1307/1437/1287 1244/1438/1245
f 1239/1374/1234 1236/1373/1233 1266/1392/1247
f 1246/1382/1239 1244/1390/1245 1267/1439/1288
f 1236/1373/1233 1246/1382/1239 1266/1392/1247
f 1239/1374/1234 1266/1392/1247 1265/1440/1289
f 1267/1439/1288 1268/1393/1248 1246/1382/1239
f 1266/1392/1247 1246/1382/1239 1268/1393/1248
f 1239/1374/1234 1265/1440/1289 1248/1399/1254
f 1245/1381/1238 1247/1391/1246 1269/1441/1290
f 1239/1374/1234 1274/1401/1256 1247/1391/1246
f 1265/1440/1289 1266/1392/1247 1271/1397/1252
f 1247/1391/1246 1274/1401/1256 1269/1441/1290
f 1239/1374/1234 1248/1399/1254 1274/1401/1256
f 1265/1440/1289 1271/1397/1252 1272/1396/1251
f 1272/1396/1251 1248/1399/1254 1265/1440/1289
f 1271/1397/1252 1266/1392/1247 1273/1395/1250
f 1269/1441/1290 1281/1442/1291 1245/1381/1238
f 1275/1400/1255 1272/1396/1251 1278/1443/1292
f 1245/1444/1238 1279/1445/1293 1308/1446/1294
f 1270/1394/1249 1268/1393/1248 1277/1402/1257
f 1274/1401/1256 1275/1400/1255 1278/1443/1292
f 1283/1447/1295 1269/1441/1290 1274/1401/1256
f 1277/1402/1257 1280/1403/1258 1276/1398/1253
f 1279/1448/1293 1245/1381/1238 1281/1442/1291
f 1268/1393/1248 1282/1404/1259 1280/1403/1258
f 1268/1393/1248 1280/1403/1258 1277/1402/1257
f 1272/1396/1251 1276/1398/1253 1278/1443/1292
f 1279/1448/1293 1281/1442/1291 1283/1447/1295
f 1281/1442/1291 1269/1441/1290 1283/1447/1295
f 1283/1447/1295 1274/1401/1256 1278/1443/1292
f 1284/1405/1260 1276/1398/1253 1280/1403/1258
f 1276/1398/1253 1284/1405/1260 1282/1404/1259
f 1279/1448/1293 1283/1447/1295 1285/1449/1296
f 1276/1398/1253 1282/1404/1259 1278/1443/1292
f 1308/1446/1294 1279/1445/1293 1285/1450/1296
f 1283/1447/1295 1278/1443/1292 1310/1451/1297
f 1285/1449/1296 1283/1447/1295 1310/1451/1297
f 1278/1443/1292 1282/1404/1259 1309/1452/1298
f 1278/1443/1292 1309/1452/1298 1310/1451/1297
f 1309/1452/1298 1289/1407/1262 1286/1406/1261
f 1287/1409/1264 1309/1452/1298 1286/1406/1261
f 1287/1409/1264 1310/1451/1297 1309/1452/1298
f 1288/1453/1299 1310/1451/1297 1287/1409/1264
f 1287/1409/1264 1286/1406/1261 1290/1412/1267
f 1290/1412/1267 1286/1406/1261 1292/1408/1263
f 1291/1410/1265 1287/1409/1264 1290/1412/1267
f 1288/1453/1299 1287/1409/1264 1295/1454/1300
f 1287/1409/1264 1293/1411/1266 1295/1454/1300
f 1292/1408/1263 1311/1455/1301 1294/1413/1268
f 1294/1413/1268 1293/1411/1266 1291/1410/1265
f 1293/1411/1266 1294/1413/1268 1312/1456/1302
f 1217/1356/1216 1226/1384/1241 1157/1287/1152
f 1296/1457/1303 1315/1458/1304 1240/1459/1305
f 1250/1460/1306 1258/1420/1275 1240/1459/1305
f 1252/1415/1270 1297/1461/1307 1238/1377/1236
f 1297/1461/1307 1241/1385/1242 1238/1377/1236
f 1253/1462/1308 1252/1415/1270 1254/1414/1269
f 1296/1457/1303 1240/1459/1305 1298/1463/1309
f 1257/1421/1276 1258/1420/1275 1299/1419/1274
f 1240/1459/1305 1258/1420/1275 1298/1463/1309
f 1256/1418/1273 1260/1423/1278 1299/1419/1274
f 1298/1463/1309 1258/1420/1275 1259/1422/1277
f 1299/1419/1274 1260/1423/1278 1261/1389/1244
f 1299/1419/1274 1261/1389/1244 1259/1422/1277
f 1261/1389/1244 1301/1464/1310 1259/1422/1277
f 1262/1424/1279 1234/1425/1280 1302/1465/1311
f 1302/1465/1311 1234/1425/1280 1263/1427/1281
f 1320/1466/1312 1263/1427/1281 1264/1428/1282
f 1322/1467/1313 990/1468/1003 1235/1430/1232
f 1243/1469/1237 1245/1444/1238 1324/1470/1314
f 1245/1444/1238 1308/1446/1294 1324/1470/1314
f 1267/1471/1288 1307/1472/1287 1268/1473/1248
f 1288/1474/1299 1325/1475/1315 1310/1476/1297
f 1289/1407/1262 1309/1452/1298 1292/1408/1263
f 1288/1474/1299 1295/1454/1300 1325/1475/1315
f 1294/1413/1268 1311/1455/1301 1312/1456/1302
f 1293/1411/1266 1312/1456/1302 1313/1477/1316
f 1295/1454/1300 1293/1411/1266 1313/1477/1316
f 1295/1454/1300 1313/1477/1316 1326/1478/1317
f 1249/1383/1240 1195/1332/1193 1210/1479/1205
f 1315/1458/1304 1316/1480/1318 1240/1459/1305
f 1317/1481/1319 1296/1457/1303 1298/1463/1309
f 1317/1481/1319 1314/1482/1320 1296/1457/1303
f 1314/1482/1320 1315/1458/1304 1296/1457/1303
f 1332/1483/1321 1254/1414/1269 1255/1417/1272
f 1298/1463/1309 1259/1422/1277 1300/1484/1322
f 1259/1422/1277 1301/1464/1310 1300/1484/1322
f 1261/1389/1244 1262/1424/1279 1318/1485/1323
f 1318/1485/1323 1262/1424/1279 1319/1486/1324
f 1302/1465/1311 1319/1486/1324 1262/1424/1279
f 1336/1487/1325 1261/1389/1244 1318/1485/1323
f 1302/1488/1311 1263/1489/1281 1337/1490/1326
f 1322/1467/1313 1264/1491/1282 990/1468/1003
f 1318/1485/1323 1323/1492/1327 1336/1487/1325
f 1323/1492/1327 1318/1485/1323 1338/1493/1328
f 1267/1471/1288 1244/1494/1245 1307/1472/1287
f 1268/1473/1248 1307/1472/1287 1282/1495/1259
f 1307/1472/1287 1309/1496/1298 1282/1495/1259
f 1292/1497/1263 1309/1496/1298 1339/1498/1329
f 1325/1475/1315 1295/1454/1300 1326/1478/1317
f 1292/1497/1263 1339/1498/1329 1311/1455/1301
f 1314/1482/1320 1317/1481/1319 1329/1499/1330
f 1316/1480/1318 1250/1460/1306 1240/1459/1305
f 1217/1356/1216 1206/1386/1206 1344/1500/1331
f 1241/1385/1242 1297/1461/1307 1251/1416/1271
f 1330/1501/1332 1328/1502/1333 1317/1481/1319
f 1332/1483/1321 1253/1462/1308 1254/1414/1269
f 1250/1460/1306 1255/1417/1272 1299/1419/1274
f 1317/1481/1319 1298/1463/1309 1330/1501/1332
f 1250/1460/1306 1299/1419/1274 1258/1420/1275
f 1300/1484/1322 1333/1503/1334 1298/1463/1309
f 1301/1464/1310 1261/1389/1244 1334/1504/1335
f 1335/1505/1336 1261/1389/1244 1336/1487/1325
f 1348/1506/1337 1335/1507/1336 1336/1508/1325
f 1319/1486/1324 1302/1465/1311 1321/1509/1338
f 1337/1490/1326 1321/1510/1338 1302/1488/1311
f 1304/1429/1283 1322/1467/1313 1235/1430/1232
f 1327/1511/1339 1208/1353/1213 1197/1334/1196
f 1192/1328/1191 1249/1383/1240 1230/1364/1224
f 1317/1481/1319 1328/1502/1333 1343/1512/1340
f 1355/1513/1341 1352/1514/1342 1253/1462/1308
f 1352/1514/1342 1252/1415/1270 1253/1462/1308
f 1252/1415/1270 1352/1514/1342 1297/1461/1307
f 1331/1515/1343 1344/1500/1331 1251/1416/1271
f 1344/1500/1331 1206/1386/1206 1251/1416/1271
f 1342/1516/1344 1298/1463/1309 1333/1503/1334
f 1342/1516/1344 1330/1501/1332 1298/1463/1309
f 1301/1464/1310 1334/1504/1335 1345/1517/1345
f 1345/1517/1345 1334/1504/1335 1346/1518/1346
f 1334/1504/1335 1335/1505/1336 1347/1519/1347
f 1334/1504/1335 1261/1389/1244 1335/1505/1336
f 1335/1507/1336 1348/1506/1337 1360/1520/1348
f 1337/1490/1326 1263/1489/1281 1320/1521/1312
f 1361/1522/1349 1348/1506/1337 1336/1508/1325
f 1216/1523/1214 1349/1524/1350 1231/1432/1225
f 1178/1318/1181 1327/1511/1339 1197/1334/1196
f 1225/1375/1235 1178/1318/1181 1173/1305/1168
f 1232/1369/1229 1223/1361/1221 1341/1525/1351
f 1351/1526/1352 1330/1501/1332 1342/1516/1344
f 1353/1527/1353 1351/1526/1352 1342/1516/1344
f 1316/1480/1318 1354/1528/1354 1250/1460/1306
f 1332/1483/1321 1355/1513/1341 1253/1462/1308
f 1354/1528/1354 1255/1417/1272 1250/1460/1306
f 1353/1527/1353 1342/1516/1344 1333/1503/1334
f 1333/1503/1334 1300/1484/1322 1357/1529/1355
f 1358/1530/1356 1345/1531/1345 1359/1532/1357
f 1370/1533/1358 1347/1519/1347 1335/1505/1336
f 1320/1521/1312 1373/1534/1359 1337/1490/1326
f 1318/1535/1323 1319/1536/1324 1338/1537/1328
f 1324/1470/1314 1308/1446/1294 1375/1538/1360
f 1309/1496/1298 1376/1539/1361 1339/1498/1329
f 1363/1540/1362 1313/1477/1316 1312/1456/1302
f 1233/1370/1230 1232/1369/1229 1341/1525/1351
f 1380/1541/1363 1316/1480/1318 1315/1458/1304
f 1365/1542/1364 1351/1526/1352 1353/1527/1353
f 1356/1543/1365 1333/1503/1334 1366/1544/1366
f 1333/1503/1334 1357/1529/1355 1366/1544/1366
f 1357/1529/1355 1300/1484/1322 1301/1464/1310
f 1367/1545/1367 1357/1529/1355 1301/1464/1310
f 1367/1545/1367 1301/1464/1310 1368/1546/1368
f 1368/1546/1368 1301/1464/1310 1345/1517/1345
f 1345/1517/1345 1369/1547/1369 1368/1546/1368
f 1369/1547/1369 1345/1517/1345 1358/1548/1356
f 1345/1531/1345 1383/1549/1370 1359/1532/1357
f 1346/1550/1346 1384/1551/1371 1345/1531/1345
f 1374/1552/1372 1336/1508/1325 1323/1553/1327
f 1377/1554/1373 1326/1478/1317 1313/1477/1316
f 1190/1324/1187 1340/1555/1374 1225/1375/1235
f 1350/1556/1375 1237/1371/1231 1198/1331/1194
f 1387/1557/1376 1350/1556/1375 1221/1360/1220
f 1343/1512/1340 1329/1499/1330 1317/1481/1319
f 1329/1499/1330 1388/1558/1377 1314/1482/1320
f 1352/1514/1342 1251/1416/1271 1297/1461/1307
f 1353/1527/1353 1333/1503/1334 1379/1559/1378
f 1356/1543/1365 1379/1559/1378 1333/1503/1334
f 1367/1545/1367 1368/1546/1368 1381/1560/1379
f 1368/1546/1368 1369/1547/1369 1382/1561/1380
f 1394/1562/1381 1382/1563/1380 1369/1564/1369
f 1395/1565/1382 1369/1564/1369 1358/1530/1356
f 1345/1531/1345 1384/1551/1371 1383/1549/1370
f 1371/1566/1383 1347/1519/1347 1370/1533/1358
f 1335/1507/1336 1372/1567/1384 1370/1568/1358
f 1372/1567/1384 1335/1507/1336 1385/1569/1385
f 1374/1552/1372 1361/1522/1349 1336/1508/1325
f 1237/1371/1231 1213/1358/1218 1193/1327/1190
f 1233/1370/1230 1399/1570/1386 1222/1359/1219
f 1351/1526/1352 1402/1571/1387 1330/1501/1332
f 1379/1559/1378 1378/1572/1388 1353/1527/1353
f 1378/1572/1388 1365/1542/1364 1353/1527/1353
f 1344/1500/1331 1226/1384/1241 1217/1356/1216
f 1380/1541/1363 1354/1528/1354 1316/1480/1318
f 1352/1514/1342 1331/1515/1343 1251/1416/1271
f 1379/1559/1378 1356/1543/1365 1390/1573/1389
f 1392/1574/1390 1391/1575/1391 1357/1529/1355
f 1357/1529/1355 1367/1545/1367 1392/1574/1390
f 1393/1576/1392 1392/1574/1390 1367/1545/1367
f 1408/1577/1393 1381/1578/1379 1368/1579/1368
f 1393/1580/1392 1367/1581/1367 1409/1582/1394
f 1408/1577/1393 1368/1579/1368 1382/1563/1380
f 1410/1583/1395 1358/1530/1356 1359/1532/1357
f 1346/1550/1346 1396/1584/1396 1384/1551/1371
f 1335/1507/1336 1360/1520/1348 1385/1569/1385
f 1321/1510/1338 1337/1490/1326 1373/1534/1359
f 1264/1491/1282 1373/1534/1359 1320/1521/1312
f 1222/1359/1219 1387/1557/1376 1221/1360/1220
f 1402/1571/1387 1328/1502/1333 1330/1501/1332
f 1378/1572/1388 1412/1585/1397 1365/1542/1364
f 1389/1586/1398 1379/1559/1378 1390/1573/1389
f 1391/1575/1391 1356/1543/1365 1366/1544/1366
f 1403/1587/1399 1391/1575/1391 1404/1588/1400
f 1391/1575/1391 1392/1574/1390 1404/1588/1400
f 1404/1588/1400 1405/1589/1401 1406/1590/1402
f 1405/1589/1401 1404/1588/1400 1392/1574/1390
f 1406/1591/1402 1407/1592/1403 1404/1593/1400
f 1405/1589/1401 1392/1574/1390 1393/1576/1392
f 1334/1504/1335 1347/1519/1347 1397/1594/1404
f 1373/1534/1359 1423/1595/1405 1321/1510/1338
f 1411/1596/1406 1374/1552/1372 1323/1553/1327
f 1377/1554/1373 1364/1597/1407 1326/1478/1317
f 1327/1511/1339 1425/1598/1408 1208/1353/1213
f 1233/1370/1230 1400/1599/1409 1399/1570/1386
f 1223/1361/1221 1400/1599/1409 1341/1525/1351
f 1427/1600/1410 1428/1601/1411 1389/1586/1398
f 1428/1601/1411 1379/1559/1378 1389/1586/1398
f 1388/1558/1377 1315/1458/1304 1314/1482/1320
f 1388/1558/1377 1429/1602/1412 1315/1458/1304
f 1354/1528/1354 1332/1483/1321 1255/1417/1272
f 1413/1603/1413 1390/1573/1389 1356/1543/1365
f 1356/1543/1365 1415/1604/1414 1414/1605/1415
f 1415/1604/1414 1356/1543/1365 1391/1575/1391
f 1415/1604/1414 1391/1575/1391 1416/1606/1416
f 1391/1575/1391 1417/1607/1417 1416/1606/1416
f 1391/1575/1391 1403/1587/1399 1417/1607/1417
f 1403/1587/1399 1404/1588/1400 1418/1608/1418
f 1418/1609/1418 1404/1593/1400 1419/1610/1419
f 1419/1610/1419 1404/1593/1400 1449/1611/1420
f 1434/1612/1421 1405/1613/1401 1393/1580/1392
f 1381/1578/1379 1409/1582/1394 1367/1581/1367
f 1384/1551/1371 1359/1532/1357 1383/1549/1370
f 1334/1504/1335 1396/1614/1396 1346/1518/1346
f 1396/1614/1396 1334/1504/1335 1397/1594/1404
f 1422/1615/1422 1396/1584/1396 1397/1616/1404
f 1371/1566/1383 1397/1594/1404 1347/1519/1347
f 1361/1522/1349 1436/1617/1423 1348/1506/1337
f 1437/1618/1424 1423/1595/1405 1373/1534/1359
f 1338/1537/1328 1424/1619/1425 1411/1596/1406
f 1411/1596/1406 1323/1553/1327 1338/1537/1328
f 1303/1433/1285 1398/1620/1426 1306/1436/1286
f 1438/1621/1427 1340/1555/1374 1190/1324/1187
f 1225/1375/1235 1327/1511/1339 1178/1318/1181
f 1210/1345/1205 1200/1335/1197 1249/1622/1240
f 1200/1335/1197 1426/1623/1428 1249/1622/1240
f 1233/1370/1230 1341/1525/1351 1400/1599/1409
f 1328/1502/1333 1402/1571/1387 1343/1512/1340
f 1400/1599/1409 1344/1500/1331 1331/1515/1343
f 1429/1602/1412 1380/1541/1363 1315/1458/1304
f 1230/1364/1224 1442/1624/1429 1204/1340/1201
f 1413/1603/1413 1356/1543/1365 1414/1605/1415
f 1414/1605/1415 1415/1604/1414 1431/1625/1430
f 1432/1626/1431 1431/1625/1430 1415/1604/1414
f 1432/1626/1431 1415/1604/1414 1416/1606/1416
f 1416/1606/1416 1446/1627/1432 1432/1626/1431
f 1416/1628/1416 1417/1629/1417 1433/1630/1433
f 1449/1611/1420 1404/1593/1400 1407/1592/1403
f 1372/1567/1384 1385/1569/1385 1435/1631/1434
f 1385/1569/1385 1360/1520/1348 1435/1631/1434
f 1423/1595/1405 1319/1536/1324 1321/1510/1338
f 1200/1335/1197 1208/1353/1213 1426/1623/1428
f 1222/1359/1219 1399/1570/1386 1387/1557/1376
f 1439/1632/1435 1249/1622/1240 1426/1623/1428
f 1400/1599/1409 1223/1361/1221 1344/1500/1331
f 1249/1622/1240 1440/1633/1436 1230/1634/1224
f 1249/1622/1240 1439/1632/1435 1440/1633/1436
f 1399/1570/1386 1400/1599/1409 1352/1514/1342
f 1352/1514/1342 1400/1599/1409 1331/1515/1343
f 1223/1361/1221 1226/1384/1241 1344/1500/1331
f 1440/1633/1436 1426/1623/1428 1441/1635/1437
f 1428/1601/1411 1378/1572/1388 1379/1559/1378
f 1412/1585/1397 1401/1636/1438 1351/1526/1352
f 1402/1571/1387 1329/1499/1330 1343/1512/1340
f 1430/1637/1439 1389/1586/1398 1390/1573/1389
f 1430/1637/1439 1427/1600/1410 1389/1586/1398
f 1355/1513/1341 1399/1570/1386 1352/1514/1342
f 1441/1635/1437 1390/1573/1389 1413/1603/1413
f 1380/1541/1363 1429/1602/1412 1354/1528/1354
f 1332/1483/1321 1354/1528/1354 1355/1513/1341
f 1445/1638/1440 1432/1626/1431 1447/1639/1441
f 1432/1626/1431 1446/1627/1432 1447/1639/1441
f 1406/1591/1402 1450/1640/1442 1407/1592/1403
f 1393/1580/1392 1409/1582/1394 1434/1612/1421
f 1175/1310/1173 1420/1641/1443 1216/1354/1214
f 1338/1537/1328 1319/1536/1324 1424/1619/1425
f 1322/1467/1313 1373/1534/1359 1264/1491/1282
f 1464/1642/1444 1303/1433/1285 1231/1432/1225
f 1349/1524/1350 1464/1642/1444 1231/1432/1225
f 1361/1522/1349 1374/1552/1372 1463/1643/1445
f 1304/1429/1283 1305/1431/1284 1362/1644/1446
f 1386/1645/1447 1307/1437/1287 1306/1436/1286
f 1451/1646/1448 1213/1358/1218 1237/1371/1231
f 1426/1623/1428 1208/1353/1213 1425/1598/1408
f 1451/1646/1448 1237/1371/1231 1350/1556/1375
f 1387/1557/1376 1399/1570/1386 1355/1513/1341
f 1441/1635/1437 1425/1598/1408 1390/1573/1389
f 1425/1598/1408 1430/1637/1439 1390/1573/1389
f 1351/1526/1352 1401/1636/1438 1402/1571/1387
f 1442/1647/1429 1440/1633/1436 1441/1635/1437
f 1452/1648/1449 1354/1528/1354 1429/1602/1412
f 1354/1528/1354 1452/1648/1449 1355/1513/1341
f 1453/1649/1450 1432/1626/1431 1444/1650/1451
f 1444/1650/1451 1432/1626/1431 1445/1638/1440
f 1454/1651/1452 1444/1650/1451 1445/1638/1440
f 1445/1638/1440 1447/1639/1441 1458/1652/1453
f 1454/1651/1452 1458/1652/1453 1457/1653/1454
f 1454/1651/1452 1445/1638/1440 1458/1652/1453
f 1448/1654/1455 1417/1629/1417 1403/1655/1399
f 1416/1628/1416 1473/1656/1456 1446/1657/1432
f 1418/1609/1418 1448/1654/1455 1403/1655/1399
f 1419/1610/1419 1448/1654/1455 1418/1609/1418
f 1457/1658/1454 1458/1659/1453 1459/1660/1457
f 1458/1659/1453 1447/1661/1441 1460/1662/1458
f 1473/1656/1456 1447/1661/1441 1446/1657/1432
f 1461/1663/1459 1409/1582/1394 1381/1578/1379
f 1394/1562/1381 1408/1577/1393 1382/1563/1380
f 1395/1565/1382 1477/1664/1460 1369/1564/1369
f 1358/1530/1356 1410/1583/1395 1395/1565/1382
f 1421/1665/1461 1359/1532/1357 1384/1551/1371
f 1421/1665/1461 1410/1583/1395 1359/1532/1357
f 1463/1643/1445 1436/1617/1423 1361/1522/1349
f 1374/1552/1372 1411/1596/1406 1463/1643/1445
f 1213/1358/1218 1438/1621/1427 1190/1324/1187
f 1465/1666/1462 1425/1598/1408 1327/1511/1339
f 1425/1598/1408 1441/1635/1437 1426/1623/1428
f 1451/1646/1448 1350/1556/1375 1429/1602/1412
f 1480/1667/1463 1439/1632/1435 1426/1623/1428
f 1425/1598/1408 1465/1666/1462 1430/1637/1439
f 1387/1557/1376 1355/1513/1341 1452/1648/1449
f 1426/1623/1428 1440/1633/1436 1480/1667/1463
f 1480/1667/1463 1440/1633/1436 1439/1632/1435
f 1428/1601/1411 1466/1668/1464 1378/1572/1388
f 1442/1647/1429 1230/1634/1224 1440/1633/1436
f 1441/1635/1437 1413/1603/1413 1442/1647/1429
f 1467/1669/1465 1413/1603/1413 1414/1605/1415
f 1467/1669/1465 1414/1605/1415 1431/1625/1430
f 1204/1340/1201 1215/1350/1210 1145/1279/1146
f 1468/1670/1466 1431/1625/1430 1432/1626/1431
f 1468/1670/1466 1432/1626/1431 1453/1649/1450
f 1444/1650/1451 1469/1671/1467 1453/1649/1450
f 1454/1651/1452 1469/1671/1467 1444/1650/1451
f 1453/1649/1450 1454/1651/1452 1455/1672/1468
f 1481/1673/1469 1470/1674/1470 1455/1675/1468
f 1455/1672/1468 1454/1651/1452 1472/1676/1471
f 1455/1675/1468 1472/1677/1471 1471/1678/1472
f 1454/1651/1452 1456/1679/1473 1472/1676/1471
f 1433/1630/1433 1473/1656/1456 1416/1628/1416
f 1483/1680/1474 1433/1630/1433 1417/1629/1417
f 1459/1660/1457 1458/1659/1453 1484/1681/1475
f 1485/1682/1476 1449/1611/1420 1407/1592/1403
f 1484/1681/1475 1458/1659/1453 1460/1662/1458
f 1381/1578/1379 1408/1577/1393 1461/1663/1459
f 1395/1565/1382 1486/1683/1477 1477/1664/1460
f 1396/1584/1396 1487/1684/1478 1384/1551/1371
f 1360/1520/1348 1436/1617/1423 1435/1631/1434
f 1348/1506/1337 1436/1617/1423 1360/1520/1348
f 1322/1467/1313 1437/1618/1424 1373/1534/1359
f 1463/1643/1445 1488/1685/1479 1436/1617/1423
f 1309/1496/1298 1307/1472/1287 1376/1539/1361
f 1213/1358/1218 1451/1646/1448 1478/1686/1480
f 1465/1666/1462 1327/1511/1339 1479/1687/1481
f 1427/1600/1410 1465/1666/1462 1479/1687/1481
f 1465/1666/1462 1427/1600/1410 1430/1637/1439
f 1478/1686/1480 1451/1646/1448 1388/1558/1377
f 1350/1556/1375 1452/1648/1449 1429/1602/1412
f 1451/1646/1448 1429/1602/1412 1388/1558/1377
f 1402/1571/1387 1388/1558/1377 1329/1499/1330
f 1466/1668/1464 1412/1585/1397 1378/1572/1388
f 1443/1688/1482 1442/1647/1429 1413/1603/1413
f 1443/1688/1482 1413/1603/1413 1467/1669/1465
f 1467/1669/1465 1431/1625/1430 1468/1670/1466
f 1468/1670/1466 1453/1649/1450 1215/1689/1210
f 1215/1689/1210 1453/1649/1450 1470/1690/1470
f 1453/1649/1450 1469/1671/1467 1454/1651/1452
f 1453/1649/1450 1455/1672/1468 1470/1690/1470
f 1481/1673/1469 1492/1691/1483 1470/1674/1470
f 1454/1651/1452 1493/1692/1484 1456/1679/1473
f 1457/1653/1454 1493/1692/1484 1454/1651/1452
f 1482/1693/1485 1483/1680/1474 1417/1629/1417
f 1424/1619/1425 1319/1536/1324 1423/1595/1405
f 1322/1467/1313 1304/1429/1283 1489/1694/1486
f 1340/1555/1374 1438/1621/1427 1478/1686/1480
f 1452/1648/1449 1350/1556/1375 1387/1557/1376
f 1402/1571/1387 1478/1686/1480 1388/1558/1377
f 1442/1647/1429 1443/1688/1482 1467/1669/1465
f 1215/1689/1210 1470/1690/1470 1490/1695/1487
f 1215/1350/1210 1491/1696/1488 1175/1310/1173
f 1215/1689/1210 1490/1695/1487 1491/1697/1488
f 1490/1698/1487 1470/1674/1470 1496/1699/1489
f 1498/1700/1490 1420/1701/1443 1175/1702/1173
f 1472/1677/1471 1456/1703/1473 1493/1704/1484
f 1406/1591/1402 1405/1613/1401 1450/1640/1442
f 1459/1660/1457 1484/1681/1475 1460/1662/1458
f 1475/1705/1491 1405/1613/1401 1434/1612/1421
f 1502/1706/1492 1394/1562/1381 1369/1564/1369
f 1486/1683/1477 1395/1565/1382 1476/1707/1493
f 1506/1708/1494 1437/1618/1424 1322/1467/1313
f 1435/1631/1434 1436/1617/1423 1507/1709/1495
f 1438/1621/1427 1213/1358/1218 1478/1686/1480
f 1225/1375/1235 1479/1687/1481 1327/1511/1339
f 1401/1636/1438 1478/1686/1480 1402/1571/1387
f 1428/1601/1411 1427/1600/1410 1479/1687/1481
f 1467/1669/1465 1468/1670/1466 1204/1710/1201
f 1468/1711/1466 1215/1350/1210 1204/1340/1201
f 1455/1675/1468 1471/1678/1472 1497/1712/1496
f 1474/1713/1497 1493/1704/1484 1457/1658/1454
f 1477/1664/1460 1502/1706/1492 1369/1564/1369
f 1395/1565/1382 1410/1583/1395 1476/1707/1493
f 1487/1684/1478 1421/1665/1461 1384/1551/1371
f 1503/1714/1498 1487/1684/1478 1396/1584/1396
f 1372/1567/1384 1505/1715/1499 1370/1568/1358
f 1397/1616/1404 1504/1716/1500 1422/1615/1422
f 1370/1568/1358 1505/1715/1499 1371/1717/1383
f 1462/1718/1501 1506/1708/1494 1322/1467/1313
f 1435/1631/1434 1505/1715/1499 1372/1567/1384
f 1411/1596/1406 1424/1619/1425 1511/1719/1502
f 1340/1555/1374 1495/1720/1503 1225/1375/1235
f 1340/1555/1374 1478/1686/1480 1495/1720/1503
f 1495/1720/1503 1466/1668/1464 1428/1601/1411
f 1478/1686/1480 1401/1636/1438 1412/1585/1397
f 1442/1647/1429 1467/1669/1465 1204/1710/1201
f 1490/1698/1487 1496/1699/1489 1512/1721/1504
f 1470/1674/1470 1492/1691/1483 1496/1699/1489
f 1493/1704/1484 1510/1722/1505 1472/1677/1471
f 1417/1629/1417 1448/1654/1455 1482/1693/1485
f 1483/1680/1474 1482/1693/1485 1501/1723/1506
f 1450/1640/1442 1485/1682/1476 1407/1592/1403
f 1419/1610/1419 1449/1611/1420 1448/1654/1455
f 1447/1661/1441 1473/1656/1456 1499/1724/1507
f 1460/1662/1458 1513/1725/1508 1459/1660/1457
f 1461/1663/1459 1514/1726/1509 1409/1582/1394
f 1515/1727/1510 1408/1577/1393 1394/1562/1381
f 1397/1616/1404 1371/1717/1383 1504/1716/1500
f 1516/1728/1511 1437/1618/1424 1506/1708/1494
f 1435/1631/1434 1517/1729/1512 1505/1715/1499
f 1423/1595/1405 1508/1730/1513 1424/1619/1425
f 1411/1596/1406 1511/1719/1502 1463/1643/1445
f 1479/1687/1481 1225/1375/1235 1495/1720/1503
f 1479/1687/1481 1495/1720/1503 1428/1601/1411
f 1495/1720/1503 1478/1686/1480 1412/1585/1397
f 1495/1720/1503 1412/1585/1397 1466/1668/1464
f 1512/1721/1504 1491/1731/1488 1490/1698/1487
f 1497/1712/1496 1492/1691/1483 1455/1675/1468
f 1481/1673/1469 1455/1675/1468 1492/1691/1483
f 1483/1680/1474 1500/1732/1514 1433/1630/1433
f 1405/1613/1401 1519/1733/1515 1450/1640/1442
f 1505/1715/1499 1504/1716/1500 1371/1717/1383
f 1488/1685/1479 1507/1709/1495 1436/1617/1423
f 1522/1734/1516 1311/1455/1301 1339/1498/1329
f 1518/1735/1517 1471/1678/1472 1472/1677/1471
f 1498/1700/1490 1175/1702/1173 1491/1731/1488
f 1513/1725/1508 1457/1658/1454 1459/1660/1457
f 1513/1725/1508 1460/1662/1458 1447/1661/1441
f 1475/1705/1491 1519/1733/1515 1405/1613/1401
f 1410/1583/1395 1520/1736/1518 1476/1707/1493
f 1517/1729/1512 1435/1631/1434 1507/1709/1495
f 1521/1737/1519 1349/1524/1350 1216/1523/1214
f 1375/1538/1360 1308/1446/1294 1285/1450/1296
f 1457/1658/1454 1523/1738/1520 1474/1713/1497
f 1216/1523/1214 1420/1701/1443 1498/1700/1490
f 1501/1723/1506 1524/1739/1521 1483/1680/1474
f 1408/1577/1393 1515/1727/1510 1461/1663/1459
f 1515/1727/1510 1394/1562/1381 1502/1706/1492
f 1421/1665/1461 1494/1740/1522 1410/1583/1395
f 1396/1584/1396 1525/1741/1523 1503/1714/1498
f 1464/1642/1444 1349/1524/1350 1521/1737/1519
f 1307/1472/1287 1386/1742/1447 1509/1743/1524
f 1527/1744/1525 1496/1699/1489 1492/1691/1483
f 1471/1678/1472 1518/1735/1517 1497/1712/1496
f 1457/1658/1454 1528/1745/1526 1523/1738/1520
f 1448/1654/1455 1529/1746/1527 1482/1693/1485
f 1500/1732/1514 1473/1656/1456 1433/1630/1433
f 1476/1707/1493 1520/1736/1518 1531/1747/1528
f 1410/1583/1395 1494/1740/1522 1520/1736/1518
f 1463/1643/1445 1532/1748/1529 1488/1685/1479
f 1488/1685/1479 1533/1749/1530 1507/1709/1495
f 1463/1643/1445 1511/1719/1502 1534/1750/1531
f 1497/1712/1496 1535/1751/1532 1492/1691/1483
f 1510/1722/1505 1518/1735/1517 1472/1677/1471
f 1493/1704/1484 1536/1752/1533 1510/1722/1505
f 1537/1753/1534 1515/1727/1510 1502/1706/1492
f 1530/1754/1535 1502/1706/1492 1477/1664/1460
f 1462/1718/1501 1539/1755/1536 1506/1708/1494
f 1422/1615/1422 1525/1741/1523 1396/1584/1396
f 1516/1728/1511 1538/1756/1537 1437/1618/1424
f 1505/1715/1499 1517/1729/1512 1507/1709/1495
f 1488/1685/1479 1532/1748/1529 1533/1749/1530
f 1423/1595/1405 1540/1757/1538 1508/1730/1513
f 1511/1719/1502 1424/1619/1425 1508/1730/1513
f 1496/1699/1489 1526/1758/1539 1512/1721/1504
f 1527/1744/1525 1492/1691/1483 1535/1751/1532
f 1536/1752/1533 1518/1735/1517 1510/1722/1505
f 1536/1752/1533 1493/1704/1484 1474/1713/1497
f 1513/1725/1508 1528/1745/1526 1457/1658/1454
f 1473/1656/1456 1500/1732/1514 1542/1759/1540
f 1501/1723/1506 1482/1693/1485 1529/1746/1527
f 1216/1523/1214 1498/1700/1490 1521/1737/1519
f 1487/1684/1478 1494/1740/1522 1421/1665/1461
f 1489/1694/1486 1539/1755/1536 1462/1718/1501
f 1422/1615/1422 1504/1716/1500 1525/1741/1523
f 1534/1750/1531 1541/1760/1541 1463/1643/1445
f 1496/1699/1489 1527/1744/1525 1526/1758/1539
f 1483/1680/1474 1524/1739/1521 1500/1732/1514
f 1519/1733/1515 1475/1705/1491 1434/1612/1421
f 1486/1683/1477 1530/1754/1535 1477/1664/1460
f 1463/1643/1445 1541/1760/1541 1532/1748/1529
f 1545/1761/1542 1511/1719/1502 1508/1730/1513
f 1464/1642/1444 1398/1620/1426 1303/1433/1285
f 1522/1734/1516 1312/1456/1302 1311/1455/1301
f 1535/1751/1532 1497/1712/1496 1518/1735/1517
f 1499/1724/1507 1473/1656/1456 1542/1759/1540
f 1546/1762/1543 1529/1746/1527 1448/1654/1455
f 1547/1763/1544 1434/1612/1421 1409/1582/1394
f 1487/1684/1478 1503/1714/1498 1543/1764/1545
f 1539/1755/1536 1538/1756/1537 1516/1728/1511
f 1539/1755/1536 1516/1728/1511 1506/1708/1494
f 1525/1741/1523 1504/1716/1500 1505/1715/1499
f 1423/1595/1405 1437/1618/1424 1540/1757/1538
f 1507/1709/1495 1549/1765/1546 1505/1715/1499
f 1511/1719/1502 1548/1766/1547 1534/1750/1531
f 1498/1700/1490 1491/1731/1488 1544/1767/1548
f 1551/1768/1549 1524/1739/1521 1501/1723/1506
f 1529/1746/1527 1551/1768/1549 1501/1723/1506
f 1553/1769/1550 1500/1732/1514 1524/1739/1521
f 1514/1726/1509 1547/1763/1544 1409/1582/1394
f 1515/1727/1510 1514/1726/1509 1461/1663/1459
f 1554/1770/1551 1539/1755/1536 1489/1694/1486
f 1437/1618/1424 1538/1756/1537 1540/1757/1538
f 1532/1748/1529 1555/1771/1552 1533/1749/1530
f 1533/1749/1530 1549/1765/1546 1507/1709/1495
f 1523/1738/1520 1536/1752/1533 1474/1713/1497
f 1500/1732/1514 1552/1772/1553 1542/1759/1540
f 1486/1683/1477 1531/1747/1528 1530/1754/1535
f 1558/1773/1554 1533/1749/1530 1555/1771/1552
f 1549/1765/1546 1533/1749/1530 1558/1773/1554
f 1560/1774/1555 1325/1475/1315 1326/1478/1317
f 1512/1721/1504 1561/1775/1556 1491/1731/1488
f 1536/1752/1533 1562/1776/1557 1518/1735/1517
f 1513/1725/1508 1447/1661/1441 1499/1724/1507
f 1557/1777/1558 1487/1684/1478 1543/1764/1545
f 1564/1778/1559 1503/1714/1498 1525/1741/1523
f 1559/1779/1560 1508/1730/1513 1540/1757/1538
f 1548/1766/1547 1511/1719/1502 1545/1761/1542
f 1535/1751/1532 1518/1735/1517 1527/1744/1525
f 1553/1769/1550 1552/1772/1553 1500/1732/1514
f 1546/1762/1543 1449/1611/1420 1485/1682/1476
f 1503/1714/1498 1557/1777/1558 1543/1764/1545
f 1541/1760/1541 1555/1771/1552 1532/1748/1529
f 1534/1750/1531 1548/1766/1547 1541/1760/1541
f 1523/1738/1520 1569/1780/1561 1536/1752/1533
f 1570/1781/1562 1514/1726/1509 1515/1727/1510
f 1487/1684/1478 1571/1782/1563 1494/1740/1522
f 1557/1777/1558 1571/1782/1563 1487/1684/1478
f 1503/1714/1498 1564/1778/1559 1557/1777/1558
f 1572/1783/1564 1505/1715/1499 1549/1765/1546
f 1573/1784/1565 1545/1761/1542 1508/1730/1513
f 1574/1785/1566 1304/1429/1283 1362/1644/1446
f 1386/1742/1447 1575/1786/1567 1509/1743/1524
f 1561/1775/1556 1512/1721/1504 1526/1758/1539
f 1523/1738/1520 1528/1745/1526 1569/1780/1561
f 1544/1767/1548 1577/1787/1568 1498/1700/1490
f 1576/1788/1569 1485/1682/1476 1450/1640/1442
f 1513/1725/1508 1499/1724/1507 1578/1789/1570
f 1537/1753/1534 1570/1781/1562 1515/1727/1510
f 1577/1787/1568 1521/1737/1519 1498/1700/1490
f 1494/1740/1522 1563/1790/1571 1520/1736/1518
f 1494/1740/1522 1580/1791/1572 1563/1790/1571
f 1580/1791/1572 1494/1740/1522 1571/1782/1563
f 1566/1792/1573 1565/1793/1574 1554/1770/1551
f 1525/1741/1523 1505/1715/1499 1572/1783/1564
f 1566/1792/1573 1554/1770/1551 1489/1694/1486
f 1581/1794/1575 1540/1757/1538 1538/1756/1537
f 1582/1795/1576 1541/1760/1541 1548/1766/1547
f 1521/1737/1519 1577/1787/1568 1464/1642/1444
f 1508/1730/1513 1559/1779/1560 1573/1784/1565
f 1568/1796/1577 1526/1758/1539 1527/1744/1525
f 1567/1797/1578 1527/1744/1525 1518/1735/1517
f 1567/1797/1578 1568/1796/1577 1527/1744/1525
f 1567/1797/1578 1518/1735/1517 1556/1798/1579
f 1556/1798/1579 1518/1735/1517 1562/1776/1557
f 1552/1772/1553 1499/1724/1507 1542/1759/1540
f 1576/1788/1569 1450/1640/1442 1519/1733/1515
f 1584/1799/1580 1537/1753/1534 1502/1706/1492
f 1563/1790/1571 1579/1800/1581 1520/1736/1518
f 1587/1801/1582 1582/1795/1576 1548/1766/1547
f 1588/1802/1583 1555/1771/1552 1541/1760/1541
f 1587/1801/1582 1548/1766/1547 1545/1761/1542
f 1489/1694/1486 1574/1785/1566 1566/1792/1573
f 1304/1429/1283 1574/1785/1566 1489/1694/1486
f 1569/1780/1561 1562/1776/1557 1536/1752/1533
f 1551/1768/1549 1583/1803/1584 1524/1739/1521
f 1546/1762/1543 1551/1768/1549 1529/1746/1527
f 1584/1799/1580 1502/1706/1492 1530/1754/1535
f 1585/1804/1585 1539/1755/1536 1554/1770/1551
f 1555/1771/1552 1586/1805/1586 1558/1773/1554
f 1559/1779/1560 1540/1757/1538 1581/1794/1575
f 1307/1472/1287 1509/1743/1524 1376/1539/1361
f 1589/1806/1587 1561/1775/1556 1526/1758/1539
f 1526/1758/1539 1568/1796/1577 1591/1807/1588
f 1593/1808/1589 1519/1733/1515 1434/1612/1421
f 1590/1809/1590 1547/1763/1544 1514/1726/1509
f 1585/1804/1585 1594/1810/1591 1539/1755/1536
f 1558/1773/1554 1572/1783/1564 1549/1765/1546
f 1306/1436/1286 1575/1811/1567 1386/1645/1447
f 1591/1807/1588 1589/1806/1587 1526/1758/1539
f 1491/1731/1488 1561/1775/1556 1544/1767/1548
f 1595/1812/1592 1556/1798/1579 1562/1776/1557
f 1485/1682/1476 1597/1813/1593 1546/1762/1543
f 1599/1814/1594 1530/1754/1535 1531/1747/1528
f 1538/1756/1537 1539/1755/1536 1594/1810/1591
f 1525/1741/1523 1572/1783/1564 1564/1778/1559
f 1583/1803/1584 1553/1769/1550 1524/1739/1521
f 1599/1814/1594 1531/1747/1528 1520/1736/1518
f 1538/1756/1537 1603/1815/1595 1581/1794/1575
f 1594/1810/1591 1603/1815/1595 1538/1756/1537
f 1588/1802/1583 1586/1805/1586 1555/1771/1552
f 1541/1760/1541 1582/1795/1576 1587/1801/1582
f 1604/1816/1596 1575/1811/1567 1306/1436/1286
f 1605/1817/1597 1595/1812/1592 1562/1776/1557
f 1601/1818/1598 1562/1776/1557 1569/1780/1561
f 1485/1682/1476 1576/1788/1569 1597/1813/1593
f 1592/1819/1599 1576/1788/1569 1519/1733/1515
f 1552/1772/1553 1596/1820/1600 1499/1724/1507
f 1608/1821/1601 1579/1800/1581 1563/1790/1571
f 1565/1793/1574 1585/1804/1585 1554/1770/1551
f 1545/1761/1542 1609/1822/1602 1587/1801/1582
f 1587/1801/1582 1588/1802/1583 1541/1760/1541
f 1588/1802/1583 1587/1801/1582 1615/1823/1603
f 1567/1797/1578 1610/1824/1604 1568/1796/1577
f 1556/1798/1579 1610/1824/1604 1567/1797/1578
f 1606/1825/1605 1528/1745/1526 1513/1725/1508
f 1606/1825/1605 1513/1725/1508 1602/1826/1606
f 1593/1808/1589 1592/1819/1599 1519/1733/1515
f 1598/1827/1607 1513/1725/1508 1578/1789/1570
f 1579/1800/1581 1599/1814/1594 1520/1736/1518
f 1564/1778/1559 1571/1782/1563 1557/1777/1558
f 1572/1783/1564 1613/1828/1608 1564/1778/1559
f 1581/1794/1575 1614/1829/1609 1559/1779/1560
f 1600/1830/1610 1544/1767/1548 1561/1775/1556
f 1595/1812/1592 1610/1824/1604 1556/1798/1579
f 1611/1831/1611 1553/1769/1550 1583/1803/1584
f 1552/1772/1553 1553/1769/1550 1611/1831/1611
f 1551/1768/1549 1546/1762/1543 1616/1832/1612
f 1606/1825/1605 1569/1780/1561 1528/1745/1526
f 1551/1768/1549 1607/1833/1613 1583/1803/1584
f 1584/1799/1580 1570/1781/1562 1537/1753/1534
f 1621/1834/1614 1591/1807/1588 1568/1796/1577
f 1544/1767/1548 1600/1830/1610 1577/1787/1568
f 1617/1835/1615 1596/1820/1600 1552/1772/1553
f 1597/1813/1593 1616/1832/1612 1546/1762/1543
f 1590/1809/1590 1612/1836/1616 1547/1763/1544
f 1583/1803/1584 1607/1833/1613 1618/1837/1617
f 1599/1814/1594 1584/1799/1580 1530/1754/1535
f 1565/1793/1574 1566/1792/1573 1623/1838/1618
f 1558/1773/1554 1613/1828/1608 1572/1783/1564
f 1586/1805/1586 1624/1839/1619 1558/1773/1554
f 1588/1802/1583 1619/1840/1620 1586/1805/1586
f 1615/1823/1603 1619/1840/1620 1588/1802/1583
f 1625/1841/1621 1545/1761/1542 1573/1784/1565
f 1375/1538/1360 1285/1450/1296 1550/1842/1622
f 1605/1817/1597 1562/1776/1557 1601/1818/1598
f 1622/1843/1623 1576/1788/1569 1592/1819/1599
f 1611/1831/1611 1583/1803/1584 1618/1837/1617
f 1598/1827/1607 1602/1826/1606 1513/1725/1508
f 1626/1844/1624 1563/1790/1571 1580/1791/1572
f 1585/1804/1585 1627/1845/1625 1594/1810/1591
f 1580/1791/1572 1571/1782/1563 1628/1846/1626
f 1545/1761/1542 1625/1841/1621 1609/1822/1602
f 1615/1823/1603 1587/1801/1582 1620/1847/1627
f 1577/1787/1568 1629/1848/1628 1464/1642/1444
f 1631/1849/1629 1574/1785/1566 1362/1644/1446
f 1569/1780/1561 1606/1825/1605 1601/1818/1598
f 1576/1788/1569 1633/1850/1630 1597/1813/1593
f 1547/1763/1544 1593/1808/1589 1434/1612/1421
f 1608/1821/1601 1563/1790/1571 1626/1844/1624
f 1607/1833/1613 1635/1851/1631 1618/1837/1617
f 1624/1839/1619 1613/1828/1608 1558/1773/1554
f 1630/1852/1632 1624/1839/1619 1586/1805/1586
f 1609/1822/1602 1620/1847/1627 1587/1801/1582
f 1614/1829/1609 1573/1784/1565 1559/1779/1560
f 1552/1772/1553 1611/1831/1611 1636/1853/1633
f 1514/1726/1509 1570/1781/1562 1590/1809/1590
f 1627/1845/1625 1585/1804/1585 1565/1793/1574
f 1626/1844/1624 1580/1791/1572 1628/1846/1626
f 1581/1794/1575 1603/1815/1595 1614/1829/1609
f 1306/1436/1286 1398/1620/1426 1604/1816/1596
f 1637/1854/1634 1326/1478/1317 1364/1597/1407
f 1598/1827/1607 1578/1789/1570 1632/1855/1635
f 1607/1833/1613 1551/1768/1549 1616/1832/1612
f 1584/1799/1580 1638/1856/1636 1570/1781/1562
f 1623/1838/1618 1627/1845/1625 1565/1793/1574
f 1639/1857/1637 1628/1846/1626 1571/1782/1563
f 1574/1785/1566 1623/1838/1618 1566/1792/1573
f 1610/1824/1604 1621/1834/1614 1568/1796/1577
f 1636/1853/1633 1611/1831/1611 1618/1837/1617
f 1636/1853/1633 1617/1835/1615 1552/1772/1553
f 1596/1820/1600 1578/1789/1570 1499/1724/1507
f 1616/1832/1612 1642/1858/1638 1607/1833/1613
f 1638/1856/1636 1590/1809/1590 1570/1781/1562
f 1635/1851/1631 1645/1859/1639 1644/1860/1640
f 1635/1851/1631 1607/1833/1613 1645/1859/1639
f 1603/1815/1595 1594/1810/1591 1646/1861/1641
f 1619/1840/1620 1630/1852/1632 1586/1805/1586
f 1573/1784/1565 1614/1829/1609 1625/1841/1621
f 1589/1806/1587 1648/1862/1642 1561/1775/1556
f 1610/1824/1604 1595/1812/1592 1640/1863/1643
f 1641/1864/1644 1605/1817/1597 1601/1818/1598
f 1622/1843/1623 1633/1850/1630 1576/1788/1569
f 1592/1819/1599 1649/1865/1645 1622/1843/1623
f 1634/1866/1646 1638/1856/1636 1584/1799/1580
f 1643/1867/1647 1629/1848/1628 1577/1787/1568
f 1621/1834/1614 1648/1862/1642 1591/1807/1588
f 1610/1824/1604 1640/1863/1643 1621/1834/1614
f 1595/1812/1592 1605/1817/1597 1641/1864/1644
f 1599/1814/1594 1634/1866/1646 1584/1799/1580
f 1579/1800/1581 1608/1821/1601 1653/1868/1648
f 1645/1859/1639 1607/1833/1613 1642/1858/1638
f 1654/1869/1649 1628/1846/1626 1639/1857/1637
f 1647/1870/1650 1571/1782/1563 1564/1778/1559
f 1614/1829/1609 1651/1871/1651 1625/1841/1621
f 1464/1642/1444 1652/1872/1652 1398/1620/1426
f 1589/1806/1587 1591/1807/1588 1648/1862/1642
f 1641/1864/1644 1640/1863/1643 1595/1812/1592
f 1606/1825/1605 1641/1864/1644 1601/1818/1598
f 1653/1868/1648 1634/1866/1646 1599/1814/1594
f 1656/1873/1653 1603/1815/1595 1646/1861/1641
f 1571/1782/1563 1647/1870/1650 1639/1857/1637
f 1614/1829/1609 1603/1815/1595 1656/1873/1653
f 1609/1822/1602 1625/1841/1621 1620/1847/1627
f 1574/1785/1566 1657/1874/1654 1623/1838/1618
f 1631/1849/1629 1657/1874/1654 1574/1785/1566
f 1652/1872/1652 1464/1642/1444 1629/1848/1628
f 1638/1856/1636 1650/1875/1655 1590/1809/1590
f 1622/1843/1623 1655/1876/1656 1633/1850/1630
f 1649/1865/1645 1655/1876/1656 1622/1843/1623
f 1649/1865/1645 1592/1819/1599 1593/1808/1589
f 1635/1851/1631 1636/1853/1633 1618/1837/1617
f 1579/1800/1581 1653/1868/1648 1599/1814/1594
f 1663/1877/1657 1624/1839/1619 1630/1852/1632
f 1600/1830/1610 1643/1867/1647 1577/1787/1568
f 1641/1864/1644 1658/1878/1658 1640/1863/1643
f 1660/1879/1659 1642/1858/1638 1616/1832/1612
f 1627/1845/1625 1623/1838/1618 1662/1880/1660
f 1325/1475/1315 1560/1774/1555 1310/1476/1297
f 1560/1774/1555 1326/1478/1317 1637/1854/1634
f 1665/1881/1661 1561/1775/1556 1648/1862/1642
f 1665/1881/1661 1600/1830/1610 1561/1775/1556
f 1606/1825/1605 1666/1882/1662 1641/1864/1644
f 1664/1883/1663 1666/1882/1662 1606/1825/1605
f 1594/1810/1591 1627/1845/1625 1646/1861/1641
f 1602/1826/1606 1664/1883/1663 1606/1825/1605
f 1644/1860/1640 1667/1884/1664 1635/1851/1631
f 1668/1885/1665 1608/1821/1601 1626/1844/1624
f 1615/1823/1603 1670/1886/1666 1619/1840/1620
f 1651/1871/1651 1669/1887/1667 1625/1841/1621
f 1614/1829/1609 1669/1887/1667 1651/1871/1651
f 1656/1873/1653 1669/1887/1667 1614/1829/1609
f 1285/1450/1296 1310/1476/1297 1550/1842/1622
f 1600/1830/1610 1665/1881/1661 1643/1867/1647
f 1650/1875/1655 1612/1836/1616 1590/1809/1590
f 1627/1845/1625 1661/1888/1668 1646/1861/1641
f 1598/1827/1607 1632/1855/1635 1677/1889/1669
f 1659/1890/1670 1596/1820/1600 1617/1835/1615
f 1642/1858/1638 1673/1891/1671 1645/1859/1639
f 1613/1828/1608 1674/1892/1672 1647/1870/1650
f 1662/1880/1660 1623/1838/1618 1657/1874/1654
f 1629/1848/1628 1643/1867/1647 1652/1872/1652
f 1660/1879/1659 1616/1832/1612 1597/1813/1593
f 1645/1859/1639 1667/1884/1664 1644/1860/1640
f 1668/1885/1665 1626/1844/1624 1628/1846/1626
f 1659/1890/1670 1578/1789/1570 1596/1820/1600
f 1662/1880/1660 1661/1888/1668 1627/1845/1625
f 1653/1868/1648 1678/1893/1673 1634/1866/1646
f 1645/1859/1639 1673/1891/1671 1667/1884/1664
f 1522/1734/1516 1675/1894/1674 1312/1456/1302
f 1641/1864/1644 1676/1895/1675 1658/1878/1658
f 1676/1895/1675 1641/1864/1644 1666/1882/1662
f 1677/1889/1669 1632/1855/1635 1578/1789/1570
f 1636/1853/1633 1659/1890/1670 1617/1835/1615
f 1681/1896/1676 1680/1897/1677 1636/1853/1633
f 1673/1891/1671 1642/1858/1638 1660/1879/1659
f 1625/1841/1621 1679/1898/1678 1620/1847/1627
f 1676/1895/1675 1688/1899/1679 1658/1878/1658
f 1661/1888/1668 1684/1900/1680 1646/1861/1641
f 1578/1789/1570 1659/1890/1670 1672/1901/1681
f 1636/1853/1633 1635/1851/1631 1681/1896/1676
f 1608/1821/1601 1685/1902/1682 1653/1868/1648
f 1636/1853/1633 1680/1897/1677 1686/1903/1683
f 1654/1869/1649 1668/1885/1665 1628/1846/1626
f 1647/1870/1650 1654/1869/1649 1639/1857/1637
f 1687/1904/1684 1625/1841/1621 1669/1887/1667
f 1671/1905/1685 1324/1470/1314 1375/1538/1360
f 1640/1863/1643 1682/1906/1686 1621/1834/1614
f 1682/1906/1686 1640/1863/1643 1658/1878/1658
f 1633/1850/1630 1660/1879/1659 1597/1813/1593
f 1672/1901/1681 1677/1889/1669 1578/1789/1570
f 1634/1866/1646 1678/1893/1673 1638/1856/1636
f 1657/1874/1654 1689/1907/1687 1662/1880/1660
f 1624/1839/1619 1691/1908/1688 1613/1828/1608
f 1663/1877/1657 1691/1908/1688 1624/1839/1619
f 1619/1840/1620 1663/1877/1657 1630/1852/1632
f 1662/1880/1660 1689/1907/1687 1661/1888/1668
f 1695/1909/1689 1635/1851/1631 1667/1884/1664
f 1659/1890/1670 1636/1853/1633 1686/1903/1683
f 1684/1900/1680 1656/1873/1653 1646/1861/1641
f 1654/1869/1649 1647/1870/1650 1696/1910/1690
f 1670/1886/1666 1615/1823/1603 1620/1847/1627
f 1625/1841/1621 1687/1904/1684 1679/1898/1678
f 1363/1540/1362 1692/1911/1362 1313/1477/1316
f 1693/1912/1691 1648/1862/1642 1621/1834/1614
f 1693/1912/1691 1621/1834/1614 1682/1906/1686
f 1688/1899/1679 1682/1906/1686 1658/1878/1658
f 1667/1884/1664 1673/1891/1671 1690/1913/1692
f 1691/1908/1688 1674/1892/1672 1613/1828/1608
f 1669/1887/1667 1656/1873/1653 1687/1904/1684
f 1692/1911/1362 1377/1554/1373 1313/1477/1316
f 1665/1881/1661 1648/1862/1642 1693/1912/1691
f 1655/1876/1656 1699/1914/1693 1633/1850/1630
f 1638/1856/1636 1698/1915/1694 1650/1875/1655
f 1683/1916/1695 1593/1808/1589 1547/1763/1544
f 1664/1883/1663 1602/1826/1606 1598/1827/1607
f 1673/1891/1671 1660/1879/1659 1690/1913/1692
f 1689/1907/1687 1697/1917/1696 1661/1888/1668
f 1612/1836/1616 1683/1916/1695 1547/1763/1544
f 1659/1890/1670 1694/1918/1697 1672/1901/1681
f 1681/1896/1676 1635/1851/1631 1695/1909/1689
f 1700/1919/1698 1654/1869/1649 1696/1910/1690
f 1689/1907/1687 1657/1874/1654 1631/1849/1629
f 1702/1920/1699 1676/1895/1675 1666/1882/1662
f 1697/1917/1696 1684/1900/1680 1661/1888/1668
f 1703/1921/1700 1660/1879/1659 1633/1850/1630
f 1653/1868/1648 1685/1902/1682 1678/1893/1673
f 1686/1903/1683 1680/1897/1677 1681/1896/1676
f 1677/1889/1669 1704/1922/1701 1598/1827/1607
f 1705/1923/1702 1608/1821/1601 1668/1885/1665
f 1684/1900/1680 1687/1904/1684 1656/1873/1653
f 1679/1898/1678 1687/1904/1684 1706/1924/1703
f 1679/1898/1678 1670/1886/1666 1620/1847/1627
f 1362/1644/1446 1305/1431/1284 1243/1925/1237
f 1707/1926/1704 1310/1476/1297 1560/1774/1555
f 1708/1927/1705 1697/1917/1696 1689/1907/1687
f 1701/1928/1706 1652/1872/1652 1643/1867/1647
f 1670/1886/1666 1663/1877/1657 1619/1840/1620
f 1676/1895/1675 1709/1929/1707 1688/1899/1679
f 1699/1914/1693 1703/1921/1700 1633/1850/1630
f 1608/1821/1601 1705/1923/1702 1685/1902/1682
f 1700/1919/1698 1668/1885/1665 1654/1869/1649
f 1685/1902/1682 1710/1930/1708 1678/1893/1673
f 1686/1903/1683 1694/1918/1697 1659/1890/1670
f 1685/1902/1682 1705/1923/1702 1711/1931/1709
f 1670/1886/1666 1691/1908/1688 1663/1877/1657
f 1713/1932/1710 1362/1644/1446 1243/1925/1237
f 1715/1933/1711 1643/1867/1647 1665/1881/1661
f 1693/1912/1691 1715/1933/1711 1665/1881/1661
f 1688/1899/1679 1716/1934/1712 1682/1906/1686
f 1702/1920/1699 1709/1929/1707 1676/1895/1675
f 1674/1892/1672 1691/1908/1688 1712/1935/1713
f 1670/1886/1666 1718/1936/1714 1691/1908/1688
f 1324/1470/1314 1713/1937/1710 1243/1469/1237
f 1310/1476/1297 1707/1926/1704 1550/1842/1622
f 1376/1539/1361 1714/1938/1715 1339/1498/1329
f 1682/1906/1686 1719/1939/1716 1693/1912/1691
f 1649/1865/1645 1699/1914/1693 1655/1876/1656
f 1700/1919/1698 1705/1923/1702 1668/1885/1665
f 1700/1919/1698 1696/1910/1690 1717/1940/1717
f 1652/1872/1652 1701/1928/1706 1723/1941/1718
f 1688/1899/1679 1709/1929/1707 1716/1934/1712
f 1701/1928/1706 1643/1867/1647 1715/1933/1711
f 1667/1884/1664 1690/1913/1692 1695/1909/1689
f 1720/1942/1719 1702/1920/1699 1666/1882/1662
f 1598/1827/1607 1704/1922/1701 1664/1883/1663
f 1705/1923/1702 1726/1943/1720 1711/1931/1709
f 1703/1921/1700 1690/1913/1692 1660/1879/1659
f 1664/1883/1663 1725/1944/1721 1666/1882/1662
f 1699/1914/1693 1649/1865/1645 1593/1808/1589
f 1687/1904/1684 1684/1900/1680 1727/1945/1722
f 1674/1892/1672 1696/1910/1690 1647/1870/1650
f 1722/1946/1723 1718/1936/1714 1670/1886/1666
f 1670/1886/1666 1679/1898/1678 1728/1947/1724
f 1675/1894/1674 1363/1540/1362 1312/1456/1302
f 1716/1934/1712 1719/1939/1716 1682/1906/1686
f 1695/1909/1689 1724/1948/1725 1681/1896/1676
f 1683/1916/1695 1699/1914/1693 1593/1808/1589
f 1730/1949/1726 1704/1922/1701 1677/1889/1669
f 1687/1904/1684 1731/1950/1727 1706/1924/1703
f 1718/1936/1714 1733/1951/1728 1691/1908/1688
f 1728/1947/1724 1722/1946/1723 1670/1886/1666
f 1728/1947/1724 1679/1898/1678 1706/1924/1703
f 1362/1644/1446 1734/1952/1729 1631/1849/1629
f 1713/1932/1710 1734/1952/1729 1362/1644/1446
f 1324/1470/1314 1671/1905/1685 1713/1937/1710
f 1725/1944/1721 1720/1942/1719 1666/1882/1662
f 1694/1918/1697 1736/1953/1730 1721/1954/1731
f 1737/1955/1732 1710/1930/1708 1685/1902/1682
f 1737/1955/1732 1685/1902/1682 1711/1931/1709
f 1736/1953/1730 1686/1903/1683 1681/1896/1676
f 1712/1935/1713 1696/1910/1690 1674/1892/1672
f 1739/1956/1733 1697/1917/1696 1708/1927/1705
f 1729/1957/1734 1695/1909/1689 1690/1913/1692
f 1741/1958/1735 1681/1896/1676 1724/1948/1725
f 1721/1954/1731 1672/1901/1681 1694/1918/1697
f 1742/1959/1736 1737/1955/1732 1711/1931/1709
f 1704/1922/1701 1725/1944/1721 1664/1883/1663
f 1736/1953/1730 1694/1918/1697 1686/1903/1683
f 1691/1908/1688 1733/1951/1728 1712/1935/1713
f 1731/1950/1727 1728/1947/1724 1706/1924/1703
f 1689/1907/1687 1631/1849/1629 1732/1960/1737
f 1723/1941/1718 1398/1620/1426 1652/1872/1652
f 1713/1932/1710 1671/1961/1685 1734/1952/1729
f 1604/1816/1596 1735/1962/1738 1575/1811/1567
f 1701/1928/1706 1715/1933/1711 1743/1963/1739
f 1740/1964/1740 1683/1916/1695 1612/1836/1616
f 1698/1915/1694 1747/1965/1741 1650/1875/1655
f 1748/1966/1742 1638/1856/1636 1678/1893/1673
f 1681/1896/1676 1741/1958/1735 1736/1953/1730
f 1711/1931/1709 1726/1943/1720 1742/1959/1736
f 1672/1901/1681 1730/1949/1726 1677/1889/1669
f 1700/1919/1698 1717/1940/1717 1738/1967/1743
f 1743/1963/1739 1723/1941/1718 1701/1928/1706
f 1689/1907/1687 1749/1968/1744 1708/1927/1705
f 1749/1968/1744 1739/1956/1733 1708/1927/1705
f 1734/1952/1729 1671/1961/1685 1750/1969/1745
f 1746/1970/1746 1715/1933/1711 1693/1912/1691
f 1612/1836/1616 1650/1875/1655 1740/1964/1740
f 1724/1948/1725 1695/1909/1689 1741/1958/1735
f 1678/1893/1673 1710/1930/1708 1748/1966/1742
f 1687/1904/1684 1752/1971/1747 1731/1950/1727
f 1749/1968/1744 1689/1907/1687 1732/1960/1737
f 1671/1905/1685 1375/1538/1360 1751/1972/1748
f 1746/1970/1746 1693/1912/1691 1719/1939/1716
f 1716/1934/1712 1709/1929/1707 1754/1973/1749
f 1720/1942/1719 1755/1974/1750 1702/1920/1699
f 1748/1966/1742 1698/1915/1694 1638/1856/1636
f 1697/1917/1696 1727/1945/1722 1684/1900/1680
f 1705/1923/1702 1700/1919/1698 1758/1975/1751
f 1697/1917/1696 1739/1956/1733 1727/1945/1722
f 1727/1945/1722 1752/1971/1747 1687/1904/1684
f 1750/1969/1745 1753/1976/1752 1734/1952/1729
f 1575/1786/1567 1735/1977/1738 1509/1743/1524
f 1756/1978/1753 1672/1901/1681 1721/1954/1731
f 1703/1921/1700 1699/1914/1693 1757/1979/1754
f 1737/1955/1732 1748/1966/1742 1710/1930/1708
f 1760/1980/1755 1717/1940/1717 1696/1910/1690
f 1712/1935/1713 1760/1980/1755 1696/1910/1690
f 1755/1974/1750 1709/1929/1707 1702/1920/1699
f 1699/1914/1693 1683/1916/1695 1759/1981/1756
f 1722/1946/1723 1733/1951/1728 1718/1936/1714
f 1764/1982/1757 1746/1970/1746 1719/1939/1716
f 1716/1934/1712 1745/1983/1758 1719/1939/1716
f 1705/1923/1702 1758/1975/1751 1726/1943/1720
f 1738/1967/1743 1717/1940/1717 1760/1980/1755
f 1768/1984/1759 1733/1951/1728 1722/1946/1723
f 1762/1985/1760 1728/1947/1724 1731/1950/1727
f 1377/1554/1373 1744/1986/1761 1364/1597/1407
f 1745/1983/1758 1764/1982/1757 1719/1939/1716
f 1770/1987/1762 1715/1933/1711 1746/1970/1746
f 1754/1973/1749 1745/1983/1758 1716/1934/1712
f 1743/1963/1739 1715/1933/1711 1770/1987/1762
f 1740/1964/1740 1759/1981/1756 1683/1916/1695
f 1768/1984/1759 1761/1988/1763 1733/1951/1728
f 1729/1957/1734 1690/1913/1692 1703/1921/1700
f 1740/1964/1740 1650/1875/1655 1747/1965/1741
f 1672/1901/1681 1756/1978/1753 1730/1949/1726
f 1730/1949/1726 1767/1989/1764 1704/1922/1701
f 1728/1947/1724 1769/1990/1765 1722/1946/1723
f 1734/1952/1729 1775/1991/1766 1631/1849/1629
f 1763/1992/1767 1692/1911/1362 1363/1540/1362
f 1771/1993/1768 1764/1982/1757 1745/1983/1758
f 1772/1994/1769 1740/1964/1740 1747/1965/1741
f 1745/1983/1758 1773/1995/1770 1771/1993/1768
f 1755/1974/1750 1720/1942/1719 1725/1944/1721
f 1721/1954/1731 1765/1996/1771 1756/1978/1753
f 1695/1909/1689 1778/1997/1772 1741/1958/1735
f 1759/1981/1756 1757/1979/1754 1699/1914/1693
f 1766/1998/1773 1703/1921/1700 1757/1979/1754
f 1774/1999/1774 1700/1919/1698 1738/1967/1743
f 1712/1935/1713 1733/1951/1728 1781/2000/1775
f 1752/1971/1747 1782/2001/1776 1731/1950/1727
f 1762/1985/1760 1769/1990/1765 1728/1947/1724
f 1777/2002/1777 1784/2003/1778 1703/1921/1700
f 1773/1995/1770 1745/1983/1758 1785/2004/1779
f 1779/2005/1780 1759/1981/1756 1740/1964/1740
f 1698/1915/1694 1748/1966/1742 1747/1965/1741
f 1765/1996/1771 1730/1949/1726 1756/1978/1753
f 1774/1999/1774 1758/1975/1751 1700/1919/1698
f 1712/1935/1713 1786/2006/1781 1760/1980/1755
f 1769/1990/1765 1768/1984/1759 1722/1946/1723
f 1782/2001/1776 1762/1985/1760 1731/1950/1727
f 1745/1983/1758 1754/1973/1749 1785/2004/1779
f 1784/2003/1778 1729/1957/1734 1703/1921/1700
f 1755/1974/1750 1783/2007/1782 1709/1929/1707
f 1778/1997/1772 1695/1909/1689 1729/1957/1734
f 1787/2008/1783 1703/1921/1700 1766/1998/1773
f 1778/1997/1772 1788/2009/1784 1741/1958/1735
f 1748/1966/1742 1737/1955/1732 1742/1959/1736
f 1734/1952/1729 1753/1976/1752 1775/1991/1766
f 1771/1993/1768 1791/2010/1785 1764/1982/1757
f 1721/1954/1731 1736/1953/1730 1765/1996/1771
f 1771/1993/1768 1773/1995/1770 1790/2011/1786
f 1723/1941/1718 1743/1963/1739 1780/2012/1787
f 1631/1849/1629 1775/1991/1766 1732/1960/1737
f 1783/2007/1782 1754/1973/1749 1709/1929/1707
f 1790/2011/1786 1773/1995/1770 1789/2013/1788
f 1789/2013/1788 1773/1995/1770 1785/2004/1779
f 1788/2009/1784 1736/1953/1730 1741/1958/1735
f 1761/1988/1763 1781/2000/1775 1733/1951/1728
f 1671/1905/1685 1796/2014/1789 1750/2015/1745
f 1714/1938/1715 1522/1734/1516 1339/1498/1329
f 1780/2012/1787 1743/1963/1739 1770/1987/1762
f 1797/2016/1790 1778/1997/1772 1729/1957/1734
f 1777/2002/1777 1703/1921/1700 1787/2008/1783
f 1791/2010/1785 1746/1970/1746 1764/1982/1757
f 1798/2017/1791 1747/1965/1741 1748/1966/1742
f 1792/2018/1792 1798/2017/1791 1748/1966/1742
f 1726/1943/1720 1793/2019/1793 1742/1959/1736
f 1765/1996/1771 1767/1989/1764 1730/1949/1726
f 1760/1980/1755 1774/1999/1774 1738/1967/1743
f 1712/1935/1713 1781/2000/1775 1786/2006/1781
f 1752/1971/1747 1727/1945/1722 1800/2020/1794
f 1780/2012/1787 1801/2021/1795 1723/1941/1718
f 1749/1968/1744 1802/2022/1796 1739/1956/1733
f 1790/2011/1786 1789/2013/1788 1799/2023/1797
f 1789/2013/1788 1785/2004/1779 1799/2023/1797
f 1759/1981/1756 1766/1998/1773 1757/1979/1754
f 1792/2018/1792 1748/1966/1742 1742/1959/1736
f 1704/1922/1701 1755/1974/1750 1725/1944/1721
f 1788/2009/1784 1795/2024/1798 1736/1953/1730
f 1793/2019/1793 1726/1943/1720 1758/1975/1751
f 1804/2025/1799 1774/1999/1774 1760/1980/1755
f 1781/2000/1775 1761/1988/1763 1768/1984/1759
f 1739/1956/1733 1802/2022/1796 1727/1945/1722
f 1796/2026/1789 1753/1976/1752 1750/1969/1745
f 1754/1973/1749 1805/2027/1800 1785/2004/1779
f 1771/1993/1768 1790/2011/1786 1791/2010/1785
f 1782/2001/1776 1752/1971/1747 1800/2020/1794
f 1807/2028/1801 1802/2022/1796 1749/1968/1744
f 1807/2028/1801 1749/1968/1744 1732/1960/1737
f 1791/2010/1785 1770/1987/1762 1746/1970/1746
f 1784/2003/1778 1797/2016/1790 1729/1957/1734
f 1787/2008/1783 1766/1998/1773 1794/2029/1802
f 1785/2004/1779 1805/2027/1800 1799/2023/1797
f 1767/1989/1764 1806/2030/1803 1704/1922/1701
f 1767/1989/1764 1765/1996/1771 1803/2031/1804
f 1760/1980/1755 1786/2006/1781 1804/2025/1799
f 1802/2022/1796 1800/2020/1794 1727/1945/1722
f 1783/2007/1782 1805/2027/1800 1754/1973/1749
f 1791/2010/1785 1790/2011/1786 1809/2032/1805
f 1806/2030/1803 1811/2033/1806 1704/1922/1701
f 1774/1999/1774 1808/2034/1807 1758/1975/1751
f 1769/1990/1765 1812/2035/1808 1768/1984/1759
f 1769/1990/1765 1762/1985/1760 1812/2035/1808
f 1776/2036/1809 1796/2014/1789 1671/1905/1685
f 1776/2036/1809 1671/1905/1685 1751/1972/1748
f 1755/1974/1750 1704/1922/1701 1810/2037/1810
f 1813/2038/1811 1779/2005/1780 1740/1964/1740
f 1772/1994/1769 1813/2038/1811 1740/1964/1740
f 1799/2023/1797 1805/2027/1800 1809/2032/1805
f 1755/1974/1750 1810/2037/1810 1783/2007/1782
f 1795/2024/1798 1765/1996/1771 1736/1953/1730
f 1809/2032/1805 1790/2011/1786 1799/2023/1797
f 1816/2039/1812 1787/2008/1783 1794/2029/1802
f 1817/2040/1813 1791/2010/1785 1809/2032/1805
f 1803/2031/1804 1820/2041/1814 1767/1989/1764
f 1783/2007/1782 1810/2037/1810 1819/2042/1815
f 1814/2043/1816 1793/2019/1793 1758/1975/1751
f 1775/1991/1766 1807/2028/1801 1732/1960/1737
f 1763/1992/1767 1363/1540/1362 1675/1894/1674
f 1818/2044/1817 1747/1965/1741 1798/2017/1791
f 1742/1959/1736 1821/2045/1818 1792/2018/1792
f 1762/1985/1760 1782/2001/1776 1812/2035/1808
f 1802/2022/1796 1822/2046/1819 1800/2020/1794
f 1823/2047/1820 1784/2003/1778 1777/2002/1777
f 1819/2042/1815 1805/2027/1800 1783/2007/1782
f 1824/2048/1821 1777/2002/1777 1787/2008/1783
f 1793/2019/1793 1821/2045/1818 1742/1959/1736
f 1784/2003/1778 1828/2049/1822 1797/2016/1790
f 1778/1997/1772 1797/2016/1790 1788/2009/1784
f 1795/2024/1798 1803/2031/1804 1765/1996/1771
f 1801/2021/1795 1780/2012/1787 1770/1987/1762
f 1786/2006/1781 1827/2050/1823 1804/2025/1799
f 1768/1984/1759 1837/2051/1824 1781/2000/1775
f 1787/2008/1783 1816/2039/1812 1824/2048/1821
f 1779/2005/1780 1766/1998/1773 1759/1981/1756
f 1809/2032/1805 1826/2052/1825 1825/2053/1826
f 1777/2002/1777 1824/2048/1821 1831/2054/1827
f 1792/2018/1792 1832/2055/1828 1798/2017/1791
f 1791/2010/1785 1817/2040/1813 1770/1987/1762
f 1820/2041/1814 1806/2030/1803 1767/1989/1764
f 1834/2056/1829 1803/2031/1804 1795/2024/1798
f 1817/2040/1813 1809/2032/1805 1825/2053/1826
f 1833/2057/1830 1820/2041/1814 1803/2031/1804
f 1808/2034/1807 1814/2043/1816 1758/1975/1751
f 1827/2050/1823 1774/1999/1774 1804/2025/1799
f 1800/2020/1794 1829/2058/1831 1782/2001/1776
f 1807/2028/1801 1830/2059/1832 1802/2022/1796
f 1777/2002/1777 1831/2054/1827 1823/2047/1820
f 1837/2051/1824 1835/2060/1833 1781/2000/1775
f 1837/2051/1824 1812/2035/1808 1782/2001/1776
f 1805/2027/1800 1826/2052/1825 1809/2032/1805
f 1779/2005/1780 1838/2061/1834 1766/1998/1773
f 1838/2061/1834 1779/2005/1780 1813/2038/1811
f 1834/2056/1829 1833/2057/1830 1803/2031/1804
f 1840/2062/1835 1786/2006/1781 1781/2000/1775
f 1837/2051/1824 1768/1984/1759 1812/2035/1808
f 1815/2063/1836 1751/1972/1748 1375/1538/1360
f 1820/2041/1814 1841/2064/1837 1806/2030/1803
f 1839/2065/1838 1801/2021/1795 1770/1987/1762
f 1827/2050/1823 1808/2034/1807 1774/1999/1774
f 1835/2060/1833 1840/2062/1835 1781/2000/1775
f 1829/2058/1831 1837/2051/1824 1782/2001/1776
f 1822/2046/1819 1802/2022/1796 1844/2066/1839
f 1784/2003/1778 1845/2067/1840 1828/2049/1822
f 1797/2016/1790 1795/2024/1798 1788/2009/1784
f 1838/2061/1834 1816/2039/1812 1766/1998/1773
f 1846/2068/1841 1747/1965/1741 1818/2044/1817
f 1836/2069/1842 1821/2045/1818 1793/2019/1793
f 1839/2065/1838 1817/2040/1813 1825/2053/1826
f 1802/2022/1796 1830/2059/1832 1844/2066/1839
f 1775/1991/1766 1843/2070/1843 1807/2028/1801
f 1770/1987/1762 1817/2040/1813 1839/2065/1838
f 1816/2039/1812 1838/2061/1834 1850/2071/1844
f 1846/2068/1841 1772/1994/1769 1747/1965/1741
f 1793/2019/1793 1814/2043/1816 1842/2072/1845
f 1851/2073/1846 1786/2006/1781 1840/2062/1835
f 1807/2028/1801 1854/2074/1847 1830/2059/1832
f 1837/2051/1824 1829/2058/1831 1852/2075/1848
f 1822/2046/1819 1829/2058/1831 1800/2020/1794
f 1376/1539/1361 1509/1743/1524 1849/2076/1361
f 1847/2077/1849 1826/2052/1825 1805/2027/1800
f 1823/2047/1820 1831/2054/1827 1855/2078/1850
f 1834/2056/1829 1795/2024/1798 1797/2016/1790
f 1845/2067/1840 1784/2003/1778 1823/2047/1820
f 1723/1941/1718 1801/2021/1795 1398/1620/1426
f 1845/2067/1840 1823/2047/1820 1855/2078/1850
f 1831/2054/1827 1824/2048/1821 1855/2078/1850
f 1801/2021/1795 1839/2065/1838 1856/2079/1851
f 1858/2080/1852 1818/2044/1817 1798/2017/1791
f 1858/2080/1852 1798/2017/1791 1832/2055/1828
f 1832/2055/1828 1792/2018/1792 1821/2045/1818
f 1826/2052/1825 1839/2065/1838 1825/2053/1826
f 1808/2034/1807 1842/2072/1845 1814/2043/1816
f 1837/2051/1824 1862/2081/1853 1835/2060/1833
f 1853/2082/1854 1829/2058/1831 1844/2066/1839
f 1822/2046/1819 1844/2066/1839 1829/2058/1831
f 1805/2027/1800 1863/2083/1855 1847/2077/1849
f 1805/2027/1800 1864/2084/1856 1863/2083/1855
f 1805/2027/1800 1819/2042/1815 1864/2084/1856
f 1859/2085/1857 1821/2045/1818 1836/2069/1842
f 1857/2086/1858 1775/1991/1766 1753/1976/1752
f 1860/2087/1859 1826/2052/1825 1847/2077/1849
f 1832/2055/1828 1821/2045/1818 1859/2085/1857
f 1811/2033/1806 1810/2037/1810 1704/1922/1701
f 1841/2064/1837 1811/2033/1806 1806/2030/1803
f 1866/2088/1860 1793/2019/1793 1842/2072/1845
f 1851/2073/1846 1827/2050/1823 1786/2006/1781
f 1837/2051/1824 1852/2075/1848 1862/2081/1853
f 1856/2079/1851 1867/2089/1861 1801/2021/1795
f 1843/2070/1843 1775/1991/1766 1857/2086/1858
f 1801/2021/1795 1867/2089/1861 1398/1620/1426
f 1836/2069/1842 1793/2019/1793 1866/2088/1860
f 1848/2090/1862 1829/2058/1831 1853/2082/1854
f 1843/2070/1843 1854/2074/1847 1807/2028/1801
f 1868/2091/1863 1856/2079/1851 1839/2065/1838
f 1816/2039/1812 1855/2078/1850 1824/2048/1821
f 1852/2075/1848 1829/2058/1831 1848/2090/1862
f 1692/1911/1362 1744/1986/1761 1377/1554/1373
f 1841/2064/1837 1820/2041/1814 1869/2092/1864
f 1832/2055/1828 1859/2085/1857 1836/2069/1842
f 1861/2093/1865 1827/2050/1823 1851/2073/1846
f 1376/1539/1361 1849/2076/1361 1714/1938/1715
f 1828/2049/1822 1834/2056/1829 1797/2016/1790
f 1827/2050/1823 1842/2072/1845 1808/2034/1807
f 1872/2094/1866 1840/2062/1835 1835/2060/1833
f 1862/2081/1853 1873/2095/1867 1835/2060/1833
f 1813/2038/1811 1871/2096/1868 1838/2061/1834
f 1865/2097/1869 1855/2078/1850 1816/2039/1812
f 1850/2071/1844 1865/2097/1869 1816/2039/1812
f 1870/2098/1870 1813/2038/1811 1772/1994/1769
f 1868/2091/1863 1867/2089/1861 1856/2079/1851
f 1860/2087/1859 1839/2065/1838 1826/2052/1825
f 1876/2099/1871 1851/2073/1846 1840/2062/1835
f 1840/2062/1835 1872/2094/1866 1876/2099/1871
f 1873/2095/1867 1872/2094/1866 1835/2060/1833
f 1830/2059/1832 1875/2100/1872 1844/2066/1839
f 1830/2059/1832 1854/2074/1847 1875/2100/1872
f 1860/2087/1859 1847/2077/1849 1878/2101/1873
f 1838/2061/1834 1871/2096/1868 1850/2071/1844
f 1879/2102/1874 1834/2056/1829 1828/2049/1822
f 1819/2042/1815 1810/2037/1810 1864/2084/1856
f 1841/2064/1837 1810/2037/1810 1811/2033/1806
f 1876/2099/1871 1861/2093/1865 1851/2073/1846
f 1874/2103/1875 1853/2082/1854 1844/2066/1839
f 1868/2091/1863 1839/2065/1838 1881/2104/1876
f 1878/2101/1873 1839/2065/1838 1860/2087/1859
f 1873/2095/1867 1882/2105/1877 1872/2094/1866
f 1873/2095/1867 1862/2081/1853 1852/2075/1848
f 1853/2082/1854 1884/2106/1878 1848/2090/1862
f 1875/2100/1872 1874/2103/1875 1844/2066/1839
f 1885/2107/1879 1854/2074/1847 1843/2070/1843
f 1877/2108/1880 1885/2107/1879 1843/2070/1843
f 1855/2078/1850 1880/2109/1881 1845/2067/1840
f 1871/2096/1868 1813/2038/1811 1870/2098/1870
f 1870/2098/1870 1772/1994/1769 1846/2068/1841
f 1832/2055/1828 1836/2069/1842 1886/2110/1882
f 1881/2104/1876 1839/2065/1838 1878/2101/1873
f 1858/2080/1852 1846/2068/1841 1818/2044/1817
f 1861/2093/1865 1842/2072/1845 1827/2050/1823
f 1883/2111/1883 1875/2100/1872 1854/2074/1847
f 1744/1986/1761 1637/1854/1634 1364/1597/1407
f 1889/2112/1884 1879/2102/1874 1828/2049/1822
f 1845/2067/1840 1889/2112/1884 1828/2049/1822
f 1833/2057/1830 1869/2092/1864 1820/2041/1814
f 1886/2110/1882 1858/2080/1852 1832/2055/1828
f 1878/2101/1873 1847/2077/1849 1863/2083/1855
f 1866/2088/1860 1842/2072/1845 1888/2113/1885
f 1887/2114/1886 1846/2068/1841 1858/2080/1852
f 1881/2104/1876 1867/2089/1861 1868/2091/1863
f 1888/2113/1885 1842/2072/1845 1861/2093/1865
f 1882/2105/1877 1873/2095/1867 1892/2115/1887
f 1852/2075/1848 1892/2115/1887 1873/2095/1867
f 1867/2089/1861 1890/2116/1888 1398/1620/1426
f 1841/2064/1837 1864/2084/1856 1810/2037/1810
f 1884/2106/1878 1852/2075/1848 1848/2090/1862
f 1894/2117/1889 1853/2082/1854 1874/2103/1875
f 1883/2111/1883 1854/2074/1847 1885/2107/1879
f 1880/2109/1881 1889/2112/1884 1845/2067/1840
f 1865/2097/1869 1880/2109/1881 1855/2078/1850
f 1866/2088/1860 1886/2110/1882 1836/2069/1842
f 1776/2036/1809 1896/2118/1890 1796/2014/1789
f 1897/2119/1891 1869/2092/1864 1833/2057/1830
f 1886/2110/1882 1893/2120/1892 1858/2080/1852
f 1894/2117/1889 1884/2106/1878 1853/2082/1854
f 1834/2056/1829 1891/2121/1893 1833/2057/1830
f 1899/2122/1894 1852/2075/1848 1884/2106/1878
f 1896/2123/1890 1753/1976/1752 1796/2026/1789
f 1879/2102/1874 1891/2121/1893 1834/2056/1829
f 1901/2124/1895 1863/2083/1855 1864/2084/1856
f 1902/2125/1896 1864/2084/1856 1841/2064/1837
f 1861/2093/1865 1876/2099/1871 1898/2126/1897
f 1882/2105/1877 1903/2127/1898 1872/2094/1866
f 1875/2100/1872 1883/2111/1883 1900/2128/1899
f 1897/2119/1891 1833/2057/1830 1891/2121/1893
f 1872/2094/1866 1903/2127/1898 1876/2099/1871
f 1899/2122/1894 1884/2106/1878 1907/2129/1900
f 1904/2130/1901 1857/2086/1858 1753/1976/1752
f 1903/2127/1898 1882/2105/1877 1892/2115/1887
f 1896/2123/1890 1904/2130/1901 1753/1976/1752
f 1909/2131/1902 1871/2096/1868 1895/2132/1903
f 1906/2133/1904 1878/2101/1873 1863/2083/1855
f 1866/2088/1860 1910/2134/1905 1886/2110/1882
f 1888/2113/1885 1910/2134/1905 1866/2088/1860
f 1892/2115/1887 1852/2075/1848 1899/2122/1894
f 1908/2135/1906 1888/2113/1885 1861/2093/1865
f 1900/2128/1899 1894/2117/1889 1874/2103/1875
f 1890/2116/1888 1604/1816/1596 1398/1620/1426
f 1850/2071/1844 1905/2136/1907 1865/2097/1869
f 1869/2092/1864 1902/2125/1896 1841/2064/1837
f 1865/2097/1869 1905/2136/1907 1880/2109/1881
f 1899/2122/1894 1903/2127/1898 1892/2115/1887
f 1871/2096/1868 1905/2136/1907 1850/2071/1844
f 1870/2098/1870 1895/2132/1903 1871/2096/1868
f 1918/2137/1908 1887/2114/1886 1858/2080/1852
f 1908/2135/1906 1861/2093/1865 1898/2126/1897
f 1919/2138/1909 1876/2099/1871 1903/2127/1898
f 1913/2139/1910 1885/2107/1879 1877/2108/1880
f 1509/1743/1524 1914/2140/1911 1849/2076/1361
f 1906/2133/1904 1881/2104/1876 1878/2101/1873
f 1886/2110/1882 1910/2134/1905 1920/2141/1912
f 1922/2142/1913 1888/2113/1885 1908/2135/1906
f 1911/2143/1914 1898/2126/1897 1876/2099/1871
f 1907/2129/1900 1884/2106/1878 1894/2117/1889
f 1883/2111/1883 1923/2144/1915 1900/2128/1899
f 1735/1977/1738 1914/2140/1911 1509/1743/1524
f 1880/2109/1881 1916/2145/1916 1889/2112/1884
f 1916/2145/1916 1879/2102/1874 1889/2112/1884
f 1846/2068/1841 1925/2146/1917 1870/2098/1870
f 1917/2147/1918 1846/2068/1841 1887/2114/1886
f 1921/2148/1919 1867/2089/1861 1881/2104/1876
f 1919/2138/1909 1903/2127/1898 1912/2149/1920
f 1913/2139/1910 1883/2111/1883 1885/2107/1879
f 1924/2150/1921 1375/1538/1360 1550/1842/1622
f 1905/2136/1907 1916/2145/1916 1880/2109/1881
f 1919/2138/1909 1911/2143/1914 1876/2099/1871
f 1894/2117/1889 1926/2151/1922 1907/2129/1900
f 1867/2089/1861 1921/2148/1919 1890/2116/1888
f 1913/2139/1910 1923/2144/1915 1883/2111/1883
f 1863/2083/1855 1901/2124/1895 1906/2133/1904
f 1917/2147/1918 1925/2146/1917 1846/2068/1841
f 1906/2133/1904 1921/2148/1919 1881/2104/1876
f 1908/2135/1906 1898/2126/1897 1911/2143/1914
f 1909/2131/1902 1905/2136/1907 1871/2096/1868
f 1923/2144/1915 1927/2152/1923 1900/2128/1899
f 1604/1816/1596 1914/2153/1911 1735/1962/1738
f 1864/2084/1856 1902/2125/1896 1901/2124/1895
f 1895/2132/1903 1870/2098/1870 1925/2146/1917
f 1887/2114/1886 1918/2137/1908 1917/2147/1918
f 1858/2080/1852 1928/2154/1924 1918/2137/1908
f 1910/2134/1905 1888/2113/1885 1922/2142/1913
f 1908/2135/1906 1930/2155/1925 1922/2142/1913
f 1926/2151/1922 1899/2122/1894 1907/2129/1900
f 1900/2128/1899 1927/2152/1923 1894/2117/1889
f 1931/2156/1926 1927/2152/1923 1923/2144/1915
f 1932/2157/1927 1925/2146/1917 1917/2147/1918
f 1604/1816/1596 1890/2116/1888 1929/2158/1928
f 1897/2119/1891 1902/2125/1896 1869/2092/1864
f 1925/2146/1917 1909/2131/1902 1895/2132/1903
f 1928/2154/1924 1917/2147/1918 1918/2137/1908
f 1921/2148/1919 1929/2158/1928 1890/2116/1888
f 1916/2145/1916 1891/2121/1893 1879/2102/1874
f 1919/2138/1909 1908/2135/1906 1911/2143/1914
f 1903/2127/1898 1926/2151/1922 1912/2149/1920
f 1893/2120/1892 1928/2154/1924 1858/2080/1852
f 1920/2141/1912 1893/2120/1892 1886/2110/1882
f 1919/2138/1909 1934/2159/1929 1908/2135/1906
f 1933/2160/1930 1926/2151/1922 1894/2117/1889
f 1894/2117/1889 1927/2152/1923 1933/2160/1930
f 1931/2156/1926 1923/2144/1915 1935/2161/1931
f 1935/2161/1931 1923/2144/1915 1913/2139/1910
f 1932/2157/1927 1917/2147/1918 1928/2154/1924
f 1920/2141/1912 1928/2154/1924 1893/2120/1892
f 1926/2151/1922 1903/2127/1898 1899/2122/1894
f 1915/2162/1932 1560/1774/1555 1637/1854/1634
f 1909/2131/1902 1916/2145/1916 1905/2136/1907
f 1934/2159/1929 1930/2155/1925 1908/2135/1906
f 1933/2160/1930 1927/2152/1923 1937/2163/1933
f 1707/1926/1704 1936/2164/1934 1550/1842/1622
f 1604/1816/1596 1938/2165/1935 1914/2153/1911
f 1924/2150/1921 1550/1842/1622 1936/2164/1934
f 1941/2166/1936 1902/2125/1896 1897/2119/1891
f 1943/2167/1937 1921/2148/1919 1906/2133/1904
f 1916/2145/1916 1897/2119/1891 1891/2121/1893
f 1929/2158/1928 1938/2165/1935 1604/1816/1596
f 1946/2168/1938 1919/2138/1909 1912/2149/1920
f 1945/2169/1939 1912/2149/1920 1926/2151/1922
f 1945/2169/1939 1926/2151/1922 1933/2160/1930
f 1948/2170/1940 1935/2161/1931 1913/2139/1910
f 1937/2163/1933 1927/2152/1923 1931/2156/1926
f 1914/2140/1911 1949/2171/1941 1849/2076/1361
f 1946/2168/1938 1934/2159/1929 1919/2138/1909
f 1910/2134/1905 1922/2142/1913 1944/2172/1942
f 1944/2172/1942 1922/2142/1913 1930/2155/1925
f 1948/2170/1940 1913/2139/1910 1877/2108/1880
f 1947/2173/1943 1912/2149/1920 1945/2169/1939
f 1910/2134/1905 1953/2174/1944 1920/2141/1912
f 1937/2163/1933 1952/2175/1945 1933/2160/1930
f 1921/2148/1919 1943/2167/1937 1929/2158/1928
f 1843/2070/1843 1942/2176/1946 1877/2108/1880
f 1942/2176/1946 1843/2070/1843 1857/2086/1858
f 1938/2177/1935 1949/2171/1941 1914/2140/1911
f 1815/2063/1836 1375/1538/1360 1924/2150/1921
f 1912/2149/1920 1947/2173/1943 1946/2168/1938
f 1945/2169/1939 1955/2178/1947 1947/2173/1943
f 1937/2163/1933 1931/2156/1926 1957/2179/1948
f 1849/2076/1361 1939/2180/1949 1714/1938/1715
f 1940/2181/1950 1522/1734/1516 1714/1938/1715
f 1941/2166/1936 1916/2145/1916 1909/2131/1902
f 1947/2173/1943 1954/2182/1951 1946/2168/1938
f 1950/2183/1952 1909/2131/1902 1925/2146/1917
f 1943/2167/1937 1958/2184/1953 1929/2158/1928
f 1949/2171/1941 1959/2185/1954 1849/2076/1361
f 1910/2134/1905 1944/2172/1942 1953/2174/1944
f 1946/2168/1938 1954/2182/1951 1961/2186/1955
f 1954/2182/1951 1947/2173/1943 1956/2187/1956
f 1955/2178/1947 1956/2187/1956 1947/2173/1943
f 1933/2160/1930 1952/2175/1945 1945/2169/1939
f 1952/2175/1945 1937/2163/1933 1957/2179/1948
f 1954/2182/1951 1956/2187/1956 1961/2186/1955
f 1935/2161/1931 1963/2188/1957 1931/2156/1926
f 1939/2180/1949 1964/2189/1958 1714/1938/1715
f 1916/2145/1916 1941/2166/1936 1897/2119/1891
f 1901/2124/1895 1943/2167/1937 1906/2133/1904
f 1902/2125/1896 1951/2190/1959 1901/2124/1895
f 1953/2174/1944 1928/2154/1924 1920/2141/1912
f 1963/2188/1957 1957/2179/1948 1931/2156/1926
f 1942/2176/1946 1935/2161/1931 1948/2170/1940
f 1958/2184/1953 1938/2165/1935 1929/2158/1928
f 1949/2171/1941 1938/2177/1935 1962/2191/1960
f 1946/2168/1938 1965/2192/1916 1934/2159/1929
f 1934/2159/1929 1965/2192/1916 1930/2155/1925
f 1960/2193/1961 1815/2063/1836 1924/2150/1921
f 1942/2176/1946 1948/2170/1940 1877/2108/1880
f 1967/2194/1962 1943/2167/1937 1901/2124/1895
f 1968/2195/1963 1956/2187/1956 1955/2178/1947
f 1963/2188/1957 1935/2161/1931 1942/2176/1946
f 1950/2183/1952 1941/2166/1936 1909/2131/1902
f 1969/2196/1964 1955/2178/1947 1945/2169/1939
f 1930/2155/1925 1965/2192/1916 1944/2172/1942
f 1970/2197/1965 1965/2192/1916 1946/2168/1938
f 1959/2185/1954 1949/2171/1941 1971/2198/1966
f 1968/2195/1963 1961/2186/1955 1956/2187/1956
f 1962/2191/1960 1971/2198/1966 1949/2171/1941
f 1751/1972/1748 1815/2063/1836 1972/2199/1967
f 1815/2063/1836 1960/2193/1961 1972/2199/1967
f 1941/2166/1936 1951/2190/1959 1902/2125/1896
f 1950/2183/1952 1975/2200/1968 1941/2166/1936
f 1970/2197/1965 1946/2168/1938 1961/2186/1955
f 1952/2175/1945 1957/2179/1948 1976/2201/1969
f 1951/2190/1959 1967/2194/1962 1901/2124/1895
f 1969/2196/1964 1968/2195/1963 1955/2178/1947
f 1974/2202/1970 1951/2190/1959 1941/2166/1936
f 1977/2203/1971 1950/2183/1952 1925/2146/1917
f 1958/2184/1953 1962/2204/1960 1938/2165/1935
f 1940/2181/1950 1675/1894/1674 1522/1734/1516
f 1951/2190/1959 1978/2205/1972 1967/2194/1962
f 1979/2206/1973 1932/2157/1927 1928/2154/1924
f 1983/2207/1974 1969/2196/1964 1945/2169/1939
f 1970/2197/1965 1961/2186/1955 1984/2208/1975
f 1952/2175/1945 1983/2207/1974 1945/2169/1939
f 1963/2188/1957 1976/2201/1969 1957/2179/1948
f 1932/2157/1927 1977/2203/1971 1925/2146/1917
f 1969/2196/1964 1988/2209/1976 1968/2195/1963
f 1968/2195/1963 1988/2209/1976 1982/2210/1977
f 1943/2167/1937 1967/2194/1962 1958/2184/1953
f 1962/2191/1960 1985/2211/1978 1971/2198/1966
f 1959/2185/1954 1980/2212/1979 1849/2076/1361
f 1849/2076/1361 1980/2212/1979 1939/2180/1949
f 1939/2180/1949 1989/2213/1980 1964/2189/1958
f 1953/2174/1944 1979/2206/1973 1928/2154/1924
f 1968/2195/1963 1982/2210/1977 1961/2186/1955
f 1990/2214/1981 1637/1854/1634 1744/1986/1761
f 1763/1992/1767 1986/2215/1982 1692/1911/1362
f 1961/2186/1955 1982/2210/1977 1984/2208/1975
f 1952/2175/1945 1976/2201/1969 1983/2207/1974
f 1939/2180/1949 1980/2212/1979 1981/2216/1983
f 1965/2192/1916 1953/2174/1944 1944/2172/1942
f 1996/2217/1984 1967/2194/1962 1978/2205/1972
f 1987/2218/1985 1975/2200/1968 1950/2183/1952
f 1991/2219/1986 1988/2209/1976 1969/2196/1964
f 1958/2184/1953 1967/2194/1962 1996/2217/1984
f 1964/2189/1958 1989/2213/1980 1714/1938/1715
f 1977/2203/1971 1987/2218/1985 1950/2183/1952
f 1942/2176/1946 1992/2220/1987 1963/2188/1957
f 1896/2123/1890 1997/2221/1988 1904/2130/1901
f 1998/2222/1989 1969/2196/1964 1983/2207/1974
f 1939/2180/1949 1981/2216/1983 1989/2213/1980
f 1990/2214/1981 1915/2162/1932 1637/1854/1634
f 1940/2181/1950 1994/2223/1990 1675/1894/1674
f 1951/2190/1959 1974/2202/1970 1978/2205/1972
f 1991/2219/1986 1969/2196/1964 1998/2222/1989
f 1988/2209/1976 1984/2208/1975 1982/2210/1977
f 1776/2224/1809 1997/2221/1988 1896/2123/1890
f 1989/2213/1980 1981/2216/1983 2002/2225/1991
f 1974/2202/1970 1996/2217/1984 1978/2205/1972
f 2001/2226/1992 1979/2206/1973 1953/2174/1944
f 1984/2208/1975 1988/2209/1976 1991/2219/1986
f 1992/2220/1987 1942/2176/1946 1993/2227/1993
f 2004/2228/1994 1560/1774/1555 1915/2162/1932
f 1966/2229/1995 1744/1986/1761 1692/1911/1362
f 2005/2230/1996 1965/2192/1916 1970/2197/1965
f 2005/2230/1996 2001/2226/1992 1965/2192/1916
f 1992/2220/1987 1976/2201/1969 1963/2188/1957
f 1960/2193/1961 1924/2150/1921 2006/2231/1997
f 1560/1774/1555 2004/2228/1994 1707/1926/1704
f 2003/2232/1998 1989/2213/1980 2002/2225/1991
f 1999/2233/1999 1995/2234/2000 1763/1992/1767
f 1973/2235/2001 1974/2202/1970 1941/2166/1936
f 1998/2222/1989 1983/2207/1974 2008/2236/2002
f 1992/2220/1987 1983/2207/1974 1976/2201/1969
f 1992/2220/1987 1993/2227/1993 2009/2237/2003
f 2001/2226/1992 1953/2174/1944 1965/2192/1916
f 1984/2208/1975 2005/2230/1996 1970/2197/1965
f 2010/2238/2004 1981/2216/1983 1980/2212/1979
f 1992/2220/1987 2008/2236/2002 1983/2207/1974
f 2014/2239/2005 2012/2240/2006 2015/2241/2007
f 2012/2240/2006 2013/2242/2008 2015/2241/2007
f 1962/2204/1960 1958/2184/1953 1985/2243/1978
f 2011/2244/2009 2022/2245/2010 2021/2246/2011
f 2010/2238/2004 2024/2247/2012 2028/2248/2013
f 2010/2238/2004 2002/2225/1991 1981/2216/1983
f 2003/2232/1998 2029/2249/2014 1989/2213/1980
f 1989/2213/1980 2029/2249/2014 1714/1938/1715
f 2017/2250/2015 1763/1992/1767 1675/1894/1674
f 1991/2219/1986 2007/2251/2016 1984/2208/1975
f 2031/2252/2017 1942/2176/1946 1857/2086/1858
f 2018/2253/2018 2024/2247/2012 2010/2238/2004
f 2019/2254/2019 2022/2245/2010 2011/2244/2009
f 2015/2241/2007 2033/2255/2020 2014/2239/2005
f 2013/2242/2008 2034/2256/2021 2015/2241/2007
f 2035/2257/2022 1977/2203/1971 1932/2157/1927
f 1993/2227/1993 1942/2176/1946 2031/2252/2017
f 1980/2212/1979 1959/2185/1954 2018/2253/2018
f 2040/2258/2023 2019/2254/2019 2011/2244/2009
f 1979/2206/1973 2035/2257/2022 1932/2157/1927
f 2008/2236/2002 2030/2259/2024 1998/2222/1989
f 1959/2185/1954 2037/2260/2025 2018/2253/2018
f 2050/2261/2026 2049/2262/2027 2025/2263/2028
f 2026/2264/2029 2032/2265/2030 2051/2266/2031
f 2014/2239/2005 2052/2267/2032 2012/2240/2006
f 2016/2268/2033 2053/2269/2034 2020/2270/2035
f 1984/2208/1975 2007/2251/2016 2005/2230/1996
f 2030/2259/2024 1991/2219/1986 1998/2222/1989
f 1959/2185/1954 2042/2271/2036 2037/2260/2025
f 2055/2272/2037 2043/2273/2038 2038/2274/2039
f 2038/2274/2039 2043/2273/2038 2044/2275/2040
f 2039/2276/2041 2025/2263/2028 2049/2262/2027
f 2019/2254/2019 2032/2265/2030 2026/2264/2029
f 2019/2254/2019 2026/2264/2029 2022/2245/2010
f 2058/2277/2042 2016/2268/2033 2020/2270/2035
f 2040/2258/2023 2011/2244/2009 2021/2246/2011
f 2012/2240/2006 2041/2278/2043 2013/2242/2008
f 2060/2279/2044 1763/1992/1767 1995/2234/2000
f 2061/2280/2045 1974/2202/1970 1973/2235/2001
f 2008/2236/2002 1992/2220/1987 2062/2281/2046
f 2054/2282/2047 1971/2198/1966 1985/2211/1978
f 2042/2271/2036 1959/2185/1954 1971/2198/1966
f 2063/2283/2048 2055/2272/2037 2038/2274/2039
f 2045/2284/2049 2048/2285/2050 2046/2286/2051
f 2047/2287/2052 2050/2261/2026 2025/2263/2028
f 2032/2265/2030 2069/2288/2053 2027/2289/2054
f 2048/2285/2050 2057/2290/2055 2046/2286/2051
f 2049/2262/2027 2048/2285/2050 2045/2284/2049
f 2051/2266/2031 2032/2265/2030 2027/2289/2054
f 2051/2266/2031 2022/2245/2010 2026/2264/2029
f 2028/2248/2013 2002/2225/1991 2010/2238/2004
f 1986/2215/1982 1966/2229/1995 1692/1911/1362
f 1958/2184/1953 2054/2291/2047 1985/2243/1978
f 1971/2198/1966 2054/2282/2047 2042/2271/2036
f 1751/1972/1748 1972/2199/1967 2036/2292/2056
f 2064/2293/2057 2067/2294/2058 2055/2272/2037
f 2068/2295/2059 2047/2287/2052 2025/2263/2028
f 2075/2296/2060 2046/2286/2051 2057/2290/2055
f 2045/2284/2049 2039/2276/2041 2049/2262/2027
f 2041/2278/2043 2058/2277/2042 2020/2270/2035
f 2014/2239/2005 2033/2255/2020 2052/2267/2032
f 2016/2268/2033 2058/2277/2042 2053/2269/2034
f 2079/2297/2061 2040/2258/2023 2021/2246/2011
f 2053/2269/2034 2034/2256/2021 2020/2270/2035
f 2023/2298/2062 2003/2232/1998 2002/2225/1991
f 1941/2166/1936 1975/2200/1968 1973/2235/2001
f 1977/2203/1971 2035/2257/2022 1987/2218/1985
f 2007/2251/2016 2073/2299/2063 2005/2230/1996
f 2073/2299/2063 2007/2251/2016 1991/2219/1986
f 2067/2294/2058 2066/2300/2064 2055/2272/2037
f 2006/2231/1997 1924/2150/1921 1936/2164/1934
f 2024/2247/2012 2018/2253/2018 2074/2301/2065
f 2027/2289/2054 2069/2288/2053 2072/2302/2066
f 2032/2265/2030 2019/2254/2019 2069/2288/2053
f 2072/2302/2066 2051/2266/2031 2027/2289/2054
f 2052/2267/2032 2041/2278/2043 2012/2240/2006
f 2041/2278/2043 2034/2256/2021 2013/2242/2008
f 2034/2256/2021 2033/2255/2020 2015/2241/2007
f 2003/2232/1998 2023/2298/2062 2059/2303/2067
f 2029/2249/2014 1940/2181/1950 1714/1938/1715
f 2082/2304/2068 2043/2273/2038 2055/2272/2037
f 2037/2260/2025 2090/2305/2069 2018/2253/2018
f 2045/2284/2049 2046/2286/2051 2039/2276/2041
f 2047/2287/2052 2068/2295/2059 2076/2306/2070
f 2093/2307/2071 2077/2308/2072 2085/2309/2073
f 2047/2287/2052 2097/2310/2074 2050/2261/2026
f 2051/2266/2031 2021/2246/2011 2022/2245/2010
f 2028/2248/2013 2024/2247/2012 2099/2311/2075
f 2099/2311/2075 2023/2298/2062 2002/2225/1991
f 2099/2311/2075 2002/2225/1991 2028/2248/2013
f 1994/2223/1990 2017/2250/2015 1675/1894/1674
f 2086/2312/2076 1990/2214/1981 1744/1986/1761
f 2037/2260/2025 2042/2271/2036 2089/2313/2077
f 2080/2314/2078 2065/2315/2079 2064/2293/2057
f 2082/2304/2068 2044/2275/2040 2043/2273/2038
f 2068/2295/2059 2092/2316/2080 2078/2317/2081
f 2094/2318/2082 2103/2319/2083 2084/2320/2084
f 2104/2321/2085 2039/2276/2041 2046/2286/2051
f 2097/2310/2074 2047/2287/2052 2076/2306/2070
f 2093/2307/2071 2078/2317/2081 2077/2308/2072
f 2040/2258/2023 2069/2288/2053 2019/2254/2019
f 2071/2322/2086 2070/2323/2087 2107/2324/2088
f 2096/2325/2089 2048/2285/2050 2049/2262/2027
f 2041/2278/2043 2020/2270/2035 2034/2256/2021
f 2099/2326/2075 2052/2267/2032 2033/2255/2020
f 2059/2303/2067 2029/2249/2014 2003/2232/1998
f 2017/2250/2015 1999/2233/1999 1763/1992/1767
f 2030/2259/2024 2073/2299/2063 1991/2219/1986
f 2009/2237/2003 2062/2281/2046 1992/2220/1987
f 2102/2327/2090 1958/2184/1953 2088/2328/2091
f 2054/2282/2047 2102/2329/2090 2109/2330/2092
f 2064/2293/2057 2081/2331/2093 2067/2294/2058
f 2065/2315/2079 2081/2331/2093 2064/2293/2057
f 2090/2305/2069 2074/2301/2065 2018/2253/2018
f 2078/2317/2081 2076/2306/2070 2068/2295/2059
f 2092/2316/2080 2077/2308/2072 2078/2317/2081
f 2108/2332/2094 2058/2277/2042 2041/2278/2043
f 2071/2322/2086 2051/2266/2031 2072/2302/2066
f 2051/2266/2031 2079/2297/2061 2021/2246/2011
f 2034/2256/2021 2053/2269/2034 2098/2333/2095
f 2060/2279/2044 1986/2215/1982 1763/1992/1767
f 1993/2227/1993 2101/2334/2096 2009/2237/2003
f 2102/2327/2090 2054/2291/2047 1958/2184/1953
f 2115/2335/2097 1776/2036/1809 1751/1972/1748
f 1960/2193/1961 2116/2336/2098 1972/2199/1967
f 2063/2283/2048 2064/2293/2057 2055/2272/2037
f 2082/2304/2068 2055/2272/2037 2066/2300/2064
f 2081/2331/2093 2066/2300/2064 2067/2294/2058
f 2119/2337/2099 2038/2274/2039 2044/2275/2040
f 2091/2338/2100 2092/2316/2080 2068/2295/2059
f 2120/2339/2101 2093/2307/2071 2085/2309/2073
f 2094/2318/2082 2084/2320/2084 2121/2340/2102
f 2070/2323/2087 2071/2322/2086 2072/2302/2066
f 2048/2285/2050 2111/2341/2103 2057/2290/2055
f 2052/2267/2032 2108/2332/2094 2041/2278/2043
f 2108/2332/2094 2052/2267/2032 2024/2342/2012
f 2079/2297/2061 2098/2333/2095 2053/2269/2034
f 2023/2343/2062 2113/2344/2104 2114/2345/2105
f 2023/2343/2062 2114/2345/2105 2029/2346/2014
f 2023/2343/2062 2029/2346/2014 2059/2347/2067
f 2029/2346/2014 2114/2345/2105 1940/2348/1950
f 2114/2345/2105 1994/2349/1990 1940/2348/1950
f 2086/2312/2076 1915/2162/1932 1990/2214/1981
f 2114/2345/2105 2017/2350/2015 1994/2349/1990
f 2123/2351/2106 1999/2352/1999 2017/2350/2015
f 1966/2229/1995 2086/2312/2076 1744/1986/1761
f 1904/2130/1901 2031/2252/2017 1857/2086/1858
f 2119/2337/2099 2056/2353/2107 2038/2274/2039
f 2081/2331/2093 2082/2304/2068 2066/2300/2064
f 2119/2354/2099 2037/2260/2025 2056/2355/2107
f 1707/1926/1704 2126/2356/2108 1936/2164/1934
f 2103/2319/2083 2111/2341/2103 2084/2320/2084
f 2069/2288/2053 2070/2323/2087 2072/2302/2066
f 2070/2323/2087 2127/2357/2109 2107/2324/2088
f 2084/2320/2084 2111/2341/2103 2121/2340/2102
f 2106/2358/2110 2040/2258/2023 2112/2359/2111
f 2050/2261/2026 2096/2325/2089 2049/2262/2027
f 2040/2258/2023 2128/2360/2112 2112/2359/2111
f 2107/2324/2088 2051/2266/2031 2071/2322/2086
f 2058/2277/2042 2128/2360/2112 2053/2269/2034
f 2128/2360/2112 2079/2297/2061 2053/2269/2034
f 2099/2326/2075 2033/2255/2020 2023/2343/2062
f 2098/2333/2095 2079/2297/2061 2122/2361/2113
f 2033/2255/2020 2034/2256/2021 2023/2343/2062
f 2023/2343/2062 2034/2256/2021 2113/2344/2104
f 2034/2256/2021 2098/2333/2095 2113/2344/2104
f 2098/2333/2095 2122/2361/2113 2113/2344/2104
f 2113/2344/2104 2122/2361/2113 2017/2350/2015
f 2017/2350/2015 2122/2361/2113 2123/2351/2106
f 2113/2344/2104 2017/2350/2015 2114/2345/2105
f 2123/2351/2106 1995/2362/2000 1999/2352/1999
f 2132/2363/2114 2060/2364/2044 1995/2362/2000
f 2062/2281/2046 2030/2259/2024 2008/2236/2002
f 2037/2260/2025 2089/2313/2077 2056/2355/2107
f 2064/2293/2057 2117/2365/2115 2080/2314/2078
f 2080/2314/2078 2081/2331/2093 2065/2315/2079
f 2082/2304/2068 2119/2337/2099 2044/2275/2040
f 2119/2354/2099 2090/2305/2069 2037/2260/2025
f 2074/2301/2065 2090/2305/2069 2119/2354/2099
f 2110/2366/2116 2108/2332/2094 2024/2342/2012
f 2075/2296/2060 2104/2321/2085 2046/2286/2051
f 2091/2338/2100 2068/2295/2059 2025/2263/2028
f 2092/2316/2080 2120/2339/2101 2077/2308/2072
f 2083/2367/2117 2025/2263/2028 2039/2276/2041
f 2111/2341/2103 2075/2296/2060 2057/2290/2055
f 2097/2310/2074 2076/2306/2070 2078/2317/2081
f 2106/2358/2110 2069/2288/2053 2040/2258/2023
f 2069/2288/2053 2127/2357/2109 2070/2323/2087
f 2108/2332/2094 2112/2359/2111 2058/2277/2042
f 2094/2318/2082 2121/2340/2102 2095/2368/2118
f 2128/2360/2112 2040/2258/2023 2079/2297/2061
f 2024/2342/2012 2052/2267/2032 2099/2326/2075
f 2079/2297/2061 2051/2266/2031 2122/2361/2113
f 2129/2369/2119 2130/2370/2120 1995/2362/2000
f 2122/2361/2113 2051/2266/2031 2124/2371/2121
f 2051/2266/2031 2129/2369/2119 2124/2371/2121
f 2122/2361/2113 2124/2371/2121 2123/2351/2106
f 2129/2369/2119 1995/2362/2000 2131/2372/2122
f 2132/2363/2114 1995/2362/2000 2130/2370/2120
f 2124/2371/2121 2131/2372/2122 1995/2362/2000
f 2123/2351/2106 2124/2371/2121 1995/2362/2000
f 2060/2279/2044 2135/2373/2123 1986/2215/1982
f 2135/2373/2123 1966/2229/1995 1986/2215/1982
f 2073/2299/2063 2001/2226/1992 2005/2230/1996
f 2142/2374/2124 2062/2281/2046 2009/2237/2003
f 2031/2252/2017 2101/2334/2096 1993/2227/1993
f 2054/2282/2047 2109/2330/2092 2042/2271/2036
f 2063/2283/2048 2117/2365/2115 2064/2293/2057
f 2074/2375/2065 2119/2337/2099 2024/2342/2012
f 2119/2337/2099 2110/2366/2116 2024/2342/2012
f 2137/2376/2125 2108/2332/2094 2110/2366/2116
f 2137/2376/2125 2112/2359/2111 2108/2332/2094
f 2075/2296/2060 2103/2319/2083 2104/2321/2085
f 2083/2367/2117 2091/2338/2100 2025/2263/2028
f 2111/2341/2103 2103/2319/2083 2075/2296/2060
f 2144/2377/2126 2145/2378/2127 2105/2379/2128
f 2138/2380/2129 2094/2318/2082 2095/2368/2118
f 2104/2321/2085 2083/2367/2117 2039/2276/2041
f 2093/2307/2071 2120/2339/2101 2146/2381/2130
f 2120/2339/2101 2105/2379/2128 2146/2381/2130
f 2096/2325/2089 2050/2261/2026 2097/2310/2074
f 2051/2266/2031 2107/2324/2088 2130/2370/2120
f 2107/2324/2088 2138/2380/2129 2130/2370/2120
f 2051/2266/2031 2130/2370/2120 2129/2369/2119
f 2130/2370/2120 2121/2340/2102 2133/2382/2131
f 2133/2382/2131 2111/2341/2103 2140/2383/2132
f 2140/2383/2132 2141/2384/2133 2134/2385/2134
f 2130/2370/2120 2060/2364/2044 2132/2363/2114
f 2130/2370/2120 2133/2382/2131 2060/2364/2044
f 2133/2382/2131 2134/2385/2134 2060/2364/2044
f 2134/2385/2134 2141/2384/2133 2135/2386/2123
f 2134/2385/2134 2135/2386/2123 2060/2364/2044
f 2087/2387/2135 1975/2200/1968 1987/2218/1985
f 2143/2388/2136 2030/2259/2024 2062/2281/2046
f 2142/2374/2124 2143/2388/2136 2062/2281/2046
f 2042/2271/2036 2109/2330/2092 2089/2313/2077
f 2089/2313/2077 2125/2389/2137 2056/2355/2107
f 2080/2314/2078 2117/2365/2115 2118/2390/2138
f 2056/2353/2107 2125/2391/2137 2038/2274/2039
f 2125/2391/2137 2063/2283/2048 2038/2274/2039
f 2110/2366/2116 2119/2337/2099 2082/2304/2068
f 2110/2366/2116 2082/2304/2068 2137/2376/2125
f 2137/2376/2125 2127/2357/2109 2069/2288/2053
f 2112/2359/2111 2137/2376/2125 2106/2358/2110
f 2137/2376/2125 2069/2288/2053 2106/2358/2110
f 2091/2338/2100 2120/2339/2101 2092/2316/2080
f 2120/2339/2101 2085/2309/2073 2077/2308/2072
f 2146/2381/2130 2097/2310/2074 2078/2317/2081
f 2146/2381/2130 2078/2317/2081 2093/2307/2071
f 2150/2392/2139 2107/2324/2088 2127/2357/2109
f 2128/2360/2112 2058/2277/2042 2112/2359/2111
f 2138/2380/2129 2095/2368/2118 2130/2370/2120
f 2095/2368/2118 2121/2340/2102 2130/2370/2120
f 2121/2340/2102 2111/2341/2103 2133/2382/2131
f 2141/2384/2133 2111/2341/2103 2096/2325/2089
f 2111/2341/2103 2141/2384/2133 2140/2383/2132
f 2141/2384/2133 2147/2393/2140 2135/2386/2123
f 2133/2382/2131 2140/2383/2132 2134/2385/2134
f 2147/2393/2140 1966/2394/1995 2135/2386/2123
f 2061/2280/2045 1973/2235/2001 1975/2200/1968
f 2073/2299/2063 2030/2259/2024 2152/2395/2141
f 2118/2390/2138 2081/2331/2093 2080/2314/2078
f 2082/2304/2068 2081/2331/2093 2137/2376/2125
f 2148/2396/2142 2138/2380/2129 2127/2357/2109
f 2138/2380/2129 2148/2396/2142 2094/2318/2082
f 2149/2397/2143 2083/2367/2117 2104/2321/2085
f 2120/2339/2101 2144/2377/2126 2105/2379/2128
f 2127/2357/2109 2138/2380/2129 2150/2392/2139
f 2107/2324/2088 2150/2392/2139 2138/2380/2129
f 2097/2310/2074 2139/2398/2144 2096/2325/2089
f 2096/2325/2089 2139/2398/2144 2141/2384/2133
f 2141/2384/2133 2139/2398/2144 2147/2393/2140
f 2124/2371/2121 2129/2369/2119 2131/2372/2122
f 1966/2394/1995 2145/2378/2127 2086/2399/2076
f 2151/2400/2145 1915/2162/1932 2086/2312/2076
f 2000/2401/2146 1996/2217/1984 1974/2202/1970
f 2001/2226/1992 2100/2402/2147 1979/2206/1973
f 2142/2374/2124 2009/2237/2003 2101/2334/2096
f 2116/2336/2098 2036/2292/2056 1972/2199/1967
f 2118/2390/2138 2154/2403/2148 2081/2331/2093
f 2154/2403/2148 2148/2396/2142 2137/2376/2125
f 2137/2376/2125 2148/2396/2142 2127/2357/2109
f 2103/2319/2083 2094/2318/2082 2148/2396/2142
f 2103/2319/2083 2149/2397/2143 2104/2321/2085
f 2149/2397/2143 2091/2338/2100 2083/2367/2117
f 2097/2310/2074 2146/2381/2130 2139/2398/2144
f 2146/2381/2130 2147/2393/2140 2139/2398/2144
f 2147/2393/2140 2145/2378/2127 1966/2394/1995
f 2061/2280/2045 2155/2404/2149 1974/2202/1970
f 2073/2299/2063 2100/2402/2147 2001/2226/1992
f 1996/2217/1984 2161/2405/2150 1958/2184/1953
f 2163/2406/2151 2153/2407/2152 2157/2408/2153
f 1776/2224/1809 2153/2407/2152 1997/2221/1988
f 2109/2409/2092 2102/2410/2090 2156/2411/2154
f 2153/2407/2152 1776/2224/1809 2157/2408/2153
f 2164/2412/2155 2157/2408/2153 1776/2224/1809
f 2109/2409/2092 2136/2413/2156 2125/2391/2137
f 2109/2409/2092 2125/2391/2137 2089/2414/2077
f 2081/2331/2093 2154/2403/2148 2137/2376/2125
f 2148/2396/2142 2149/2397/2143 2103/2319/2083
f 2148/2396/2142 2158/2415/2157 2149/2397/2143
f 2149/2397/2143 2168/2416/2158 2091/2338/2100
f 2168/2416/2158 2120/2339/2101 2091/2338/2100
f 2146/2381/2130 2105/2379/2128 2145/2378/2127
f 2160/2417/2159 2151/2418/2145 2086/2399/2076
f 2142/2374/2124 2171/2419/2160 2143/2388/2136
f 1958/2184/1953 2161/2405/2150 2088/2328/2091
f 2115/2335/2097 2164/2420/2155 1776/2036/1809
f 2162/2421/2161 2136/2413/2156 2156/2411/2154
f 2109/2409/2092 2156/2411/2154 2136/2413/2156
f 2136/2413/2156 2165/2422/2162 2125/2391/2137
f 2117/2365/2115 2166/2423/2163 2118/2390/2138
f 2154/2403/2148 2118/2390/2138 2148/2396/2142
f 2120/2339/2101 2159/2424/2164 2144/2377/2126
f 1707/1926/1704 2170/2425/2165 2126/2356/2108
f 2004/2228/1994 2170/2425/2165 1707/1926/1704
f 2146/2381/2130 2145/2378/2127 2147/2393/2140
f 2088/2426/2091 2156/2411/2154 2102/2410/2090
f 2162/2421/2161 2165/2422/2162 2136/2413/2156
f 2118/2390/2138 2166/2423/2163 2167/2427/2166
f 2118/2390/2138 2167/2427/2166 2148/2396/2142
f 2158/2415/2157 2168/2416/2158 2149/2397/2143
f 2169/2428/2167 2145/2378/2127 2144/2377/2126
f 2160/2417/2159 2086/2399/2076 2145/2378/2127
f 2151/2418/2145 2004/2429/1994 1915/2430/1932
f 2155/2404/2149 2000/2401/2146 1974/2202/1970
f 2000/2401/2146 2161/2405/2150 1996/2217/1984
f 2088/2426/2091 2162/2421/2161 2156/2411/2154
f 2165/2422/2162 2162/2421/2161 2174/2431/2168
f 2125/2391/2137 2175/2432/2169 2063/2283/2048
f 2175/2432/2169 2117/2365/2115 2063/2283/2048
f 2175/2432/2169 2166/2423/2163 2117/2365/2115
f 2166/2423/2163 2181/2433/2170 2172/2434/2171
f 2116/2336/2098 1960/2193/1961 2006/2231/1997
f 2166/2423/2163 2172/2434/2171 2173/2435/2172
f 2148/2396/2142 2173/2435/2172 2158/2415/2157
f 2168/2416/2158 2159/2424/2164 2120/2339/2101
f 2144/2377/2126 2176/2436/2173 2169/2428/2167
f 2176/2436/2173 2170/2437/2165 2169/2428/2167
f 2160/2417/2159 2169/2428/2167 2170/2437/2165
f 2169/2428/2167 2160/2417/2159 2145/2378/2127
f 2160/2417/2159 2004/2429/1994 2151/2418/2145
f 2143/2388/2136 2171/2419/2160 2030/2259/2024
f 2153/2407/2152 1904/2130/1901 1997/2221/1988
f 2162/2421/2161 2177/2438/2174 2174/2431/2168
f 2115/2335/2097 2180/2439/2175 2164/2420/2155
f 2165/2422/2162 2175/2432/2169 2125/2391/2137
f 2172/2434/2171 2182/2440/2176 2173/2435/2172
f 2166/2423/2163 2173/2435/2172 2167/2427/2166
f 2167/2427/2166 2173/2435/2172 2148/2396/2142
f 2159/2424/2164 2176/2436/2173 2144/2377/2126
f 2176/2436/2173 2126/2441/2108 2170/2437/2165
f 2087/2387/2135 1987/2218/1985 2035/2257/2022
f 2152/2395/2141 2100/2402/2147 2073/2299/2063
f 2189/2442/2177 1904/2130/1901 2153/2407/2152
f 2179/2443/2178 2194/2444/2179 2178/2445/2180
f 2180/2446/2175 2157/2408/2153 2164/2412/2155
f 2174/2431/2168 2183/2447/2181 2165/2422/2162
f 2165/2422/2162 2185/2448/2182 2175/2432/2169
f 2175/2432/2169 2181/2433/2170 2166/2423/2163
f 2172/2434/2171 2196/2449/2183 2182/2440/2176
f 2182/2440/2176 2158/2415/2157 2173/2435/2172
f 2187/2450/2184 2168/2416/2158 2158/2415/2157
f 2170/2437/2165 2004/2429/1994 2160/2417/2159
f 2163/2406/2151 2189/2442/2177 2153/2407/2152
f 2177/2438/2174 2183/2447/2181 2174/2431/2168
f 2177/2438/2174 2191/2451/2185 2183/2447/2181
f 2194/2444/2179 2179/2443/2178 2163/2406/2151
f 2190/2452/2186 2195/2453/2187 2192/2454/2188
f 2191/2451/2185 2165/2422/2162 2183/2447/2181
f 2191/2451/2185 2185/2448/2182 2165/2422/2162
f 2181/2433/2170 2196/2449/2183 2172/2434/2171
f 2182/2440/2176 2186/2455/2189 2187/2450/2184
f 2182/2440/2176 2187/2450/2184 2158/2415/2157
f 2197/2456/2190 2176/2436/2173 2159/2424/2164
f 2171/2419/2160 2152/2395/2141 2030/2259/2024
f 2190/2452/2186 2201/2457/2191 2193/2458/2192
f 2190/2452/2186 2193/2458/2192 2195/2453/2187
f 2192/2454/2188 2185/2448/2182 2191/2451/2185
f 2192/2454/2188 2195/2453/2187 2185/2448/2182
f 2195/2453/2187 2184/2459/2193 2185/2448/2182
f 2185/2448/2182 2184/2459/2193 2175/2432/2169
f 2184/2459/2193 2181/2433/2170 2175/2432/2169
f 2181/2433/2170 2184/2459/2193 2196/2449/2183
f 2182/2440/2176 2196/2449/2183 2186/2455/2189
f 2186/2455/2189 2199/2460/2194 2187/2450/2184
f 2168/2416/2158 2197/2456/2190 2159/2424/2164
f 2176/2436/2173 2197/2456/2190 2126/2441/2108
f 2188/2461/2195 2200/2462/2196 2162/2421/2161
f 2200/2462/2196 2177/2438/2174 2162/2421/2161
f 2192/2454/2188 2201/2457/2191 2190/2452/2186
f 2178/2445/2180 2198/2463/2197 2179/2443/2178
f 2205/2464/2198 2191/2451/2185 2177/2438/2174
f 2194/2444/2179 2202/2465/2199 2178/2445/2180
f 2163/2406/2151 2217/2466/2200 2194/2444/2179
f 2208/2467/2201 2180/2439/2175 2115/2335/2097
f 2208/2467/2201 2115/2335/2097 1751/1972/1748
f 2193/2458/2192 2184/2459/2193 2195/2453/2187
f 1751/1972/1748 2036/2292/2056 2208/2467/2201
f 2184/2459/2193 2203/2468/2202 2196/2449/2183
f 2196/2449/2183 2203/2468/2202 2199/2460/2194
f 2199/2460/2194 2186/2455/2189 2196/2449/2183
f 2006/2231/1997 1936/2164/1934 2126/2356/2108
f 2087/2387/2135 2061/2280/2045 1975/2200/1968
f 2207/2469/2203 2163/2406/2151 2179/2443/2178
f 2207/2469/2203 2189/2442/2177 2163/2406/2151
f 2208/2470/2201 2157/2408/2153 2180/2446/2175
f 2208/2470/2201 2209/2471/2204 2157/2408/2153
f 2163/2406/2151 2157/2408/2153 2209/2471/2204
f 2184/2459/2193 2210/2472/2205 2203/2468/2202
f 2199/2460/2194 2197/2456/2190 2187/2450/2184
f 2187/2450/2184 2197/2456/2190 2168/2416/2158
f 1979/2206/1973 2204/2473/2206 2035/2257/2022
f 2142/2374/2124 2031/2252/2017 2171/2419/2160
f 2162/2421/2161 2212/2474/2207 2188/2461/2195
f 2205/2464/2198 2192/2454/2188 2191/2451/2185
f 2201/2457/2191 2213/2475/2208 2193/2458/2192
f 2207/2469/2203 2179/2443/2178 2198/2463/2197
f 2198/2463/2197 2178/2445/2180 2202/2465/2199
f 2203/2468/2202 2210/2472/2205 2206/2476/2209
f 2209/2471/2204 2217/2466/2200 2163/2406/2151
f 2193/2458/2192 2210/2472/2205 2184/2459/2193
f 2197/2456/2190 2199/2460/2194 2214/2477/2210
f 2214/2477/2210 2126/2441/2108 2197/2456/2190
f 2161/2405/2150 2000/2401/2146 2155/2404/2149
f 2216/2478/2211 2155/2404/2149 2061/2280/2045
f 2215/2479/2212 2061/2280/2045 2087/2387/2135
f 2215/2479/2212 2087/2387/2135 2035/2257/2022
f 2152/2395/2141 2204/2473/2206 2100/2402/2147
f 2213/2475/2208 2210/2472/2205 2193/2458/2192
f 2213/2475/2208 2206/2476/2209 2210/2472/2205
f 2088/2426/2091 2212/2474/2207 2162/2421/2161
f 2212/2474/2207 2200/2462/2196 2188/2461/2195
f 2205/2464/2198 2177/2438/2174 2200/2462/2196
f 2203/2468/2202 2218/2480/2213 2202/2465/2199
f 2219/2481/2214 2203/2468/2202 2202/2465/2199
f 2217/2466/2200 2202/2465/2199 2194/2444/2179
f 2203/2468/2202 2211/2482/2215 2199/2460/2194
f 2211/2482/2215 2217/2466/2200 2199/2460/2194
f 2214/2477/2210 2199/2460/2194 2209/2471/2204
f 2216/2478/2211 2161/2405/2150 2155/2404/2149
f 2216/2478/2211 2061/2280/2045 2215/2479/2212
f 2215/2479/2212 2201/2457/2191 2205/2464/2198
f 2213/2475/2208 2201/2457/2191 2215/2479/2212
f 2201/2457/2191 2192/2454/2188 2205/2464/2198
f 2213/2475/2208 2218/2480/2213 2203/2468/2202
f 2206/2476/2209 2213/2475/2208 2203/2468/2202
f 2198/2463/2197 2202/2465/2199 2218/2480/2213
f 2203/2468/2202 2219/2481/2214 2211/2482/2215
f 2217/2466/2200 2209/2471/2204 2199/2460/2194
f 2214/2477/2210 2006/2483/1997 2126/2441/2108
f 2216/2478/2211 2215/2479/2212 2205/2464/2198
f 2215/2479/2212 2035/2257/2022 2213/2475/2208
f 2035/2257/2022 2204/2473/2206 2213/2475/2208
f 2204/2473/2206 2152/2395/2141 2213/2475/2208
f 2171/2419/2160 2031/2252/2017 2189/2442/2177
f 2216/2478/2211 2205/2464/2198 2212/2474/2207
f 2152/2395/2141 2218/2480/2213 2213/2475/2208
f 2031/2252/2017 1904/2130/1901 2189/2442/2177
f 2161/2405/2150 2212/2474/2207 2088/2426/2091
f 2212/2474/2207 2205/2464/2198 2200/2462/2196
f 2202/2465/2199 2217/2466/2200 2219/2481/2214
f 2219/2481/2214 2217/2466/2200 2211/2482/2215
f 2209/2471/2204 2036/2484/2056 2214/2477/2210
f 2214/2477/2210 2036/2484/2056 2116/2485/2098
f 2116/2485/2098 2006/2483/1997 2214/2477/2210
f 2161/2405/2150 2216/2478/2211 2212/2474/2207
f 2171/2419/2160 2207/2469/2203 2152/2395/2141
f 2207/2469/2203 2171/2419/2160 2189/2442/2177
f 2218/2480/2213 2152/2395/2141 2198/2463/2197
f 2198/2463/2197 2152/2395/2141 2207/2469/2203
f 2209/2471/2204 2208/2470/2201 2036/2484/2056
f 2101/2334/2096 2031/2252/2017 2142/2374/2124
f 2204/2473/2206 1979/2206/1973 2100/2402/2147
f 2096/2325/2089 2111/2341/2103 2048/2285/2050
f 1980/2212/1979 2018/2253/2018 2010/2238/2004
f 1900/2128/1899 1874/2103/1875 1875/2100/1872
f 1766/1998/1773 1816/2039/1812 1794/2029/1802
f 1647/1870/1650 1564/1778/1559 1613/1828/1608
f 1546/1762/1543 1448/1654/1455 1449/1611/1420
f 1476/1707/1493 1531/1747/1528 1486/1683/1477
f 1322/1467/1313 1489/1694/1486 1462/1718/1501
f 1412/1585/1397 1351/1526/1352 1365/1542/1364
f 1357/1529/1355 1391/1575/1391 1366/1544/1366
f 1350/1556/1375 1198/1331/1194 1221/1360/1220
f 1174/1314/1177 1189/1325/1188 1166/1297/1161
f 1097/1224/1094 1140/1270/1137 1092/1220/1091
f 1016/1151/1024 1027/1150/1023 1054/1195/1066
f 1019/1142/1016 1010/1135/1009 986/1108/984
f 1019/1142/1016 968/1087/963 1016/1151/1024
f 901/1040/918 882/1001/879 880/1007/885
f 806/938/820 756/869/752 779/899/782
f 813/926/808 776/898/781 760/873/756
f 674/790/675 646/759/644 693/817/702
f 670/779/664 650/758/643 619/734/620
f 546/653/542 552/672/559 488/613/503
f 525/638/527 526/636/525 556/669/556
f 413/555/399 452/568/464 370/430/365
f 397/484/402 347/362/313 258/445/375
f 199/242/208 269/310/268 270/311/269
f 20/5/5 49/49/41 23/50/42
