# 3ds Max Wavefront OBJ Exporter v0.97b - (c)2007 guruware
# File Created: 23.07.2018 23:12:07

mtllib Poca.mtl

#
# object Poca
#

v  26.6271 18.9660 28.0109
v  27.8928 18.9853 20.8508
v  28.1128 26.7439 20.7519
v  26.8147 26.2412 28.0014
v  7.5844 26.5004 60.2741
v  8.1243 28.5087 60.4385
v  4.0815 26.2503 60.7308
v  28.8024 33.1347 -69.1121
v  30.5051 42.6215 -70.6539
v  33.3294 30.9444 -61.5674
v  19.9499 74.2866 -48.0210
v  9.1733 76.6790 -47.6521
v  9.0540 77.5071 -40.4752
v  19.9095 74.8766 -40.4786
v  35.1784 19.2414 -12.2006
v  35.3054 19.2527 -13.2316
v  35.4647 22.2009 -13.4519
v  15.3545 71.6093 -10.5110
v  8.0278 73.0685 -10.4146
v  7.9449 71.2006 -1.7455
v  14.7142 69.7919 -2.0664
v  14.1060 52.9991 37.2159
v  7.3621 54.1505 38.2039
v  7.2257 47.9389 44.9955
v  13.4836 46.7655 43.4944
v  14.9140 58.5651 28.3656
v  7.6034 60.1010 28.8176
v  14.4912 26.7238 56.2599
v  14.0756 28.5597 57.0813
v  11.3965 28.5357 58.8510
v  11.1873 26.6121 58.4850
v  0.0000 75.5413 -14.6311
v  0.0000 75.1188 -12.1080
v  2.8856 74.2849 -12.1096
v  2.8686 74.6951 -14.6081
v  15.0398 18.9660 56.9919
v  16.2733 18.9670 54.1580
v  16.5598 25.7301 53.6746
v  15.4055 25.9614 56.7438
v  21.2041 53.6009 27.9883
v  22.3372 56.2775 20.7525
v  18.9245 59.6422 20.9769
v  18.1500 56.9448 28.1766
v  15.3933 61.3552 21.2016
v  7.6704 62.9906 21.5947
v  14.8769 53.1333 37.3290
v  16.8593 52.3082 36.9067
v  17.8651 57.5691 28.2088
v  15.7334 58.6364 28.3334
v  22.4776 39.6517 35.9006
v  22.3492 36.7408 35.9802
v  24.5393 37.3308 27.9522
v  24.1940 41.0399 28.0088
v  30.6801 68.2819 -40.5917
v  30.9677 68.1468 -47.6954
v  26.3642 71.7305 -47.8601
v  26.1852 72.1131 -40.5925
v  22.8316 25.6577 41.9246
v  20.2402 25.4305 46.9366
v  19.8374 18.9680 47.3336
v  22.4131 18.9660 42.0543
v  24.9581 25.9317 36.2625
v  24.7606 18.9660 36.0555
v  10.9932 76.8659 -38.1138
v  10.6791 76.6859 -30.5174
v  19.8433 74.5835 -30.9764
v  19.5416 74.7640 -38.1124
v  25.6320 72.3374 -31.0250
v  26.1574 72.1378 -40.0063
v  20.4542 74.7180 -39.9903
v  29.9880 41.0935 -1.3574
v  29.8700 42.4112 -1.5012
v  27.5959 39.2277 13.2605
v  27.7238 38.0710 13.2407
v  32.3881 24.5425 -52.2737
v  32.4811 24.7306 -37.2420
v  29.2352 21.4313 -37.1401
v  29.1881 21.2940 -52.1296
v  0.0000 60.5223 29.1568
v  0.0000 54.6786 38.6918
v  0.0000 18.9656 6.5546
v  30.3114 19.0562 6.5546
v  28.9774 19.0045 13.6907
v  0.0000 18.9659 14.1588
v  10.0140 41.7417 -80.5614
v  10.0140 38.2130 -80.1473
v  0.0000 38.2200 -81.0398
v  0.0000 41.7428 -81.4460
v  0.0000 18.9644 -13.3273
v  20.8948 19.1086 -13.2795
v  20.8595 19.0423 -1.1124
v  0.0000 18.9653 -1.1694
v  0.0000 27.9873 62.1646
v  2.9983 28.0913 61.8421
v  3.0616 31.1844 61.0255
v  0.0000 31.1433 61.3380
v  0.0000 63.2864 21.8528
v  10.0015 32.5849 -76.7297
v  9.7803 25.1924 -68.5661
v  0.0000 25.1924 -69.0082
v  0.0000 32.5994 -77.6070
v  0.0000 80.8791 -19.9611
v  7.5344 80.7394 -19.9608
v  7.6365 80.9967 -23.7392
v  0.0000 81.1277 -23.7616
v  27.6511 60.6300 -75.8988
v  29.0484 57.6314 -75.4918
v  24.7267 57.4189 -77.8894
v  9.0473 77.5659 -40.0340
v  9.0506 77.0895 -40.2546
v  8.3411 77.2096 -40.2539
v  8.3482 77.6962 -40.0306
v  7.7937 34.9389 58.5506
v  7.7696 33.2696 59.5169
v  11.5875 33.1818 57.4378
v  11.5472 34.6761 56.5154
v  7.1931 35.0054 54.7077
v  7.1927 36.3769 53.9047
v  0.0000 36.5470 54.7647
v  0.0000 35.0361 55.6255
v  21.2457 35.0483 40.8720
v  21.2966 36.1433 40.6934
v  19.3170 35.9771 44.3239
v  19.2850 34.9278 44.6089
v  23.1013 38.3768 -76.5091
v  20.6800 34.7164 -74.7209
v  20.6737 38.2010 -77.4510
v  25.2693 51.5767 -78.2955
v  20.3875 51.2230 -79.6575
v  20.3750 57.6506 -79.2540
v  21.1558 32.8484 -71.6692
v  29.8482 27.4501 -63.9779
v  20.5671 27.0067 -65.5991
v  31.1820 67.7322 -55.0488
v  30.7431 67.5536 -55.3796
v  26.1058 70.8073 -55.5282
v  26.5406 71.0112 -55.1230
v  33.1754 61.2901 -47.4339
v  33.4325 60.8929 -54.7145
v  33.6121 40.4498 -53.6267
v  33.4637 40.0643 -38.6830
v  33.7163 30.1729 -37.8977
v  33.3913 30.1860 -52.7448
v  33.6317 35.0738 -22.4191
v  7.1911 41.7008 50.1180
v  13.1844 41.0966 47.8187
v  0.0000 48.4658 45.7240
v  13.9132 40.9834 48.0068
v  15.8422 40.5465 46.8166
v  16.1898 46.1386 42.9862
v  14.2223 46.8189 43.7842
v  20.3558 41.6849 -78.1180
v  23.0065 35.3947 36.0135
v  22.9370 36.4639 35.9871
v  28.8306 47.6534 -2.0735
v  30.0438 44.8198 -6.0281
v  29.6234 50.6444 -9.0114
v  15.0018 34.4134 54.0442
v  15.1046 33.0957 54.9200
v  15.9231 32.4588 53.5764
v  15.8892 34.2724 52.2129
v  19.6437 34.2752 45.6736
v  20.0535 31.7484 46.0981
v  22.4659 31.9314 41.5117
v  22.0673 34.4205 41.2732
v  24.3958 32.2353 36.1975
v  24.0629 34.6691 36.1200
v  26.4484 32.7894 28.0267
v  25.9786 35.3458 28.0421
v  27.7470 33.6264 20.6943
v  27.2539 36.2060 20.6782
v  36.1400 28.1204 -16.8071
v  35.9766 34.0583 -19.9691
v  35.8762 34.3096 -19.2571
v  36.0373 28.1199 -15.9544
v  33.7675 30.2501 -19.5811
v  32.5057 24.9156 -17.1060
v  27.4696 56.5309 -2.7652
v  25.3145 52.5280 13.4540
v  26.4971 44.0125 13.3424
v  23.2896 48.0835 28.0186
v  21.9294 44.6659 35.7296
v  21.3767 42.1649 38.4062
v  19.6047 73.9117 -18.0083
v  8.2673 76.3060 -17.9931
v  8.2044 74.7406 -16.7237
v  19.0340 72.5111 -16.7346
v  0.0000 76.4600 -17.9773
v  0.0000 74.8920 -16.7114
v  0.0000 34.9389 59.5540
v  3.1385 34.9389 59.2445
v  0.0000 34.5491 55.2347
v  10.2215 34.4234 53.0521
v  7.1932 34.5545 54.3020
v  12.9508 34.2923 51.3663
v  20.6628 34.7647 40.9183
v  18.7070 34.6560 44.6828
v  22.4547 35.1178 36.0204
v  24.6626 35.7896 27.9320
v  26.0154 36.6619 20.5838
v  30.6013 40.2354 -1.3175
v  31.7483 43.2336 -7.5857
v  30.5773 43.5738 -7.7671
v  29.4488 40.7522 -1.3201
v  31.0992 50.8247 -11.2063
v  30.0412 50.7300 -11.1959
v  29.5577 67.7464 -17.9148
v  24.6994 71.6189 -18.0680
v  23.9113 70.4437 -16.7822
v  28.5524 66.7965 -16.6169
v  31.4118 28.1121 0.8953
v  29.2297 27.2466 13.5024
v  23.2891 58.3357 13.5168
v  25.2095 62.5814 -3.0095
v  21.2159 65.9206 -2.6896
v  19.6989 61.7212 13.7772
v  15.8725 63.5270 14.0376
v  16.9878 67.6814 -2.3696
v  7.7374 65.2618 14.3718
v  25.4361 42.5772 20.6756
v  25.8567 38.3104 20.6089
v  26.9930 39.5273 13.2656
v  0.0000 18.9659 21.1685
v  6.7631 67.6128 12.2017
v  7.5206 69.9125 3.2619
v  0.0000 68.3866 9.7276
v  0.0000 67.7355 12.3401
v  31.1067 36.8581 -0.7010
v  28.9436 34.0381 13.3743
v  24.3926 50.3058 20.7363
v  28.3481 37.3034 13.3143
v  27.1871 37.7714 13.2355
v  32.8024 51.0684 -54.4542
v  33.3345 40.7868 -64.1532
v  33.1285 50.3266 -65.3586
v  32.3344 50.8533 -39.8503
v  33.7093 51.3400 -13.5881
v  32.0472 60.8805 -16.4929
v  30.9144 60.2768 -15.2662
v  32.4042 51.0823 -12.3972
v  29.3179 59.3808 -13.5037
v  29.1390 58.9820 -12.0009
v  30.2644 50.6590 -9.3841
v  30.5397 50.7154 -10.8232
v  21.1308 32.5688 -73.4631
v  20.8945 25.2006 -67.0166
v  9.5466 19.0295 -55.3495
v  0.0000 19.0295 -55.3495
v  20.8007 21.2771 -53.6190
v  20.8983 19.0295 -54.1825
v  33.4870 51.3121 -67.9532
v  31.0771 44.7088 -72.7801
v  32.0782 51.2950 -71.8970
v  29.1416 51.0654 -75.2860
v  28.4758 43.6965 -74.2518
v  24.7723 42.9704 -76.1934
v  25.1105 50.7844 -77.8475
v  31.0359 37.5778 -0.8324
v  31.6639 39.4428 -5.4596
v  24.3560 62.1881 -76.5946
v  25.3569 65.7824 -73.1840
v  29.5904 63.6186 -72.3253
v  32.9948 60.8590 -55.0191
v  30.7798 65.6162 -67.5704
v  32.9895 59.2876 -66.9546
v  31.5709 58.2993 -71.8250
v  34.5336 39.5199 -7.8073
v  33.0919 39.1524 -6.4490
v  32.8484 28.1122 -0.2570
v  34.2850 28.1124 -1.4093
v  31.7442 19.0597 5.4292
v  33.1771 19.0633 4.3038
v  8.1416 73.1752 -15.4543
v  8.0159 72.4234 -15.2223
v  17.9691 70.4820 -15.2386
v  18.4632 71.1106 -15.4610
v  0.0000 73.3239 -15.4456
v  0.0000 72.5669 -15.2206
v  22.4033 68.8211 -15.2407
v  23.1233 69.2685 -15.4964
v  27.5471 65.8466 -15.3190
v  26.6012 65.5634 -15.0300
v  28.7945 59.4841 -13.8929
v  29.7815 59.6730 -14.0395
v  32.7726 46.2295 -10.0469
v  8.4407 76.8463 -22.2121
v  10.3434 75.9568 -18.7700
v  10.4535 76.3005 -21.4539
v  19.7268 74.3785 -22.2816
v  25.0964 71.9956 -22.2238
v  8.1088 80.9693 -30.2105
v  0.0000 81.0776 -30.2188
v  0.0000 81.1488 -24.5603
v  7.6567 81.0216 -24.5652
v  30.0108 68.1312 -22.1958
v  32.3963 61.0700 -20.5346
v  34.2419 51.4929 -17.5962
v  34.1214 45.4299 -10.6977
v  34.6641 45.6353 -14.7384
v  35.0862 39.7776 -11.8806
v  34.8259 28.1147 -5.8991
v  33.7530 19.1145 -0.5898
v  33.4080 19.1162 -1.0578
v  0.0000 76.7369 -20.4663
v  7.4265 76.6632 -20.4707
v  7.4907 79.9610 -20.5155
v  0.0000 80.0380 -20.5118
v  8.5078 80.1617 -23.4343
v  8.3426 79.8706 -19.5807
v  8.4752 76.9291 -23.0505
v  8.7827 77.4475 -30.5330
v  8.8992 80.1191 -30.2870
v  8.5472 80.0518 -24.2110
v  0.0000 77.7874 -40.0304
v  0.0000 79.9623 -36.0744
v  8.4016 79.8704 -36.0637
v  7.4477 76.7616 -18.1949
v  0.0000 76.8847 -18.1833
v  7.5097 80.2995 -19.7721
v  0.0000 80.4233 -19.7713
v  18.6770 70.4554 -14.7906
v  18.5794 70.1061 -13.0601
v  21.4774 69.0008 -13.0972
v  21.7088 69.4736 -14.7994
v  19.1288 62.3772 13.8216
v  16.6082 63.5667 13.9932
v  16.1708 61.4108 21.1633
v  18.4970 60.2823 21.0152
v  17.1153 51.7467 36.5748
v  19.9693 49.2852 35.8466
v  20.6400 73.2116 -55.2277
v  20.5950 74.0850 -48.0235
v  25.0895 69.8642 -24.1950
v  28.0321 67.5833 -24.1754
v  28.1501 67.7012 -29.6198
v  25.3593 70.1307 -29.6313
v  26.2051 68.2187 -68.2329
v  20.3940 70.5079 -68.8961
v  20.3582 72.2114 -62.0647
v  26.6486 69.9405 -61.7780
v  16.4703 45.7328 42.2831
v  19.1927 44.2102 40.5320
v  20.5773 66.5689 -2.6350
v  17.7920 67.7288 -2.4242
v  20.3822 62.6436 -77.4006
v  20.3925 67.4218 -73.7723
v  17.5648 34.1763 49.0735
v  15.8043 34.4531 48.7522
v  17.5413 18.9678 50.9637
v  17.9688 25.5168 50.4933
v  20.1328 31.1038 46.2146
v  17.8287 31.1821 49.7128
v  26.9076 65.7702 -14.6095
v  26.7197 65.3675 -12.9862
v  34.0857 57.0113 -54.7508
v  33.6543 56.9531 -55.0179
v  34.4882 52.9869 -66.3510
v  34.2304 52.1550 -67.5287
v  32.7689 52.1678 -71.5541
v  33.4960 39.8976 -25.8797
v  32.8713 45.9089 -31.9121
v  32.5377 54.2592 -54.7541
v  32.5635 54.1446 -55.2453
v  32.4361 53.4821 -47.3022
v  26.8915 38.0933 -71.8047
v  29.8374 19.1806 -13.2556
v  29.0709 19.0809 -1.0839
v  0.0000 18.9970 -37.4328
v  20.8965 19.0690 -37.2993
v  29.2086 21.4997 -16.2235
v  20.8761 21.4277 -16.2445
v  20.8854 21.3882 -37.3040
v  33.1409 41.3767 -7.6965
v  21.0140 33.3715 -73.3732
v  21.4269 33.6855 -73.8816
v  27.2050 38.5492 -73.9660
v  31.5657 43.7383 -72.4574
v  34.6871 52.1510 -66.2709
v  34.4559 54.8732 -60.8328
v  32.8331 52.9473 -60.3745
v  34.2249 56.1842 -54.7645
v  34.4325 55.1238 -47.0921
v  34.6404 52.1094 -39.4257
v  35.1419 46.9286 -31.2166
v  35.7657 40.3086 -24.4535
v  35.1538 40.3631 -24.9046
v  29.4623 51.9054 -75.5077
v  21.5875 42.8130 -77.4719
v  21.6297 50.5300 -78.7010
v  25.4734 38.4333 -75.1218
v  20.2100 73.0648 -55.2145
v  20.0416 72.8118 -55.4778
v  19.9906 73.4005 -55.2343
v  0.0000 42.1730 -81.2709
v  10.0140 42.1725 -80.3866
v  9.1733 75.6947 -55.2675
v  9.1733 75.0894 -55.5476
v  0.0000 75.4756 -55.5483
v  0.0000 76.0747 -55.2674
v  20.0637 51.1513 -79.3977
v  20.0516 57.5280 -79.0625
v  20.0536 42.1462 -77.9235
v  20.0757 70.0720 -68.8721
v  20.0587 71.7343 -62.1749
v  20.0545 62.2787 -77.1524
v  20.0687 66.9924 -73.7495
v  0.0000 15.2664 -37.2750
v  0.0000 15.2989 -48.0209
v  33.9916 15.2990 -47.9228
v  34.0030 15.3386 -37.2004
v  0.0000 18.6343 -47.9886
v  33.9916 18.6343 -47.9623
v  0.0000 18.6018 -37.2427
v  33.9899 18.6739 -37.2399
v  24.4956 41.8790 -76.4666
v  20.8421 42.2149 -78.0225
v  24.4996 42.3884 -76.5518
v  20.8668 50.7520 -79.3906
v  25.2679 51.0666 -78.2136
v  29.4520 51.3911 -75.4565
v  32.7532 51.6528 -71.5359
v  34.3055 51.6515 -67.1863
v  31.4919 44.2162 -72.7427
v  28.3803 42.5524 -74.3454
v  28.5470 43.0653 -74.4118
v  10.0140 33.5815 -77.4111
v  10.0140 34.6843 -77.8300
v  0.0000 33.5789 -78.2982
v  0.0000 34.6973 -78.7305
v  9.8844 38.2952 -79.2769
v  9.8601 35.1992 -77.0460
v  0.0000 35.2170 -77.9377
v  0.0000 38.3051 -80.1637
v  20.1778 38.3411 -76.6335
v  20.1548 35.2873 -73.9917
v  0.0000 76.3921 -52.3946
v  8.2588 76.1032 -52.3910
v  0.0000 77.4459 -42.9126
v  0.0000 77.7146 -40.4772
v  8.3341 77.6169 -40.4773
v  8.2588 77.3095 -42.9128
v  7.5157 72.1155 -51.6980
v  0.0000 72.3776 -51.7133
v  0.0000 72.8408 -47.5324
v  7.5246 72.6459 -47.5178
v  7.9063 77.0096 -43.2250
v  7.5335 73.1764 -43.3376
v  0.0000 73.3040 -43.3515
v  0.0000 77.1402 -43.2296
v  7.9027 75.8956 -52.0140
v  7.9045 76.4526 -47.6195
v  0.0000 76.1635 -52.0169
v  10.4458 76.2910 -24.8575
v  19.6628 74.2588 -24.8800
v  23.5788 72.5218 -24.8375
v  23.9168 72.7564 -30.6985
v  9.1250 79.1312 -35.7378
v  30.3541 68.2931 -31.0177
v  30.6557 68.2882 -40.0062
v  35.1818 46.5163 -30.6941
v  34.8719 46.6419 -31.0529
v  20.5470 74.6576 -40.5165
v  34.2803 55.8703 -47.1335
v  8.2588 76.7064 -47.6519
v  31.2273 66.9653 -61.4063
v  33.5056 60.1970 -60.9668
v  20.3270 73.1830 -56.1320
v  26.5537 70.8808 -55.9335
v  34.3116 55.6815 -60.8532
v  34.2445 56.0731 -55.2787
v  19.7592 71.2572 -62.2851
v  19.7609 72.2328 -56.1060
v  20.0433 72.7092 -56.1152
v  4.7630 27.7949 60.5113
v  7.7261 30.2739 59.2191
v  11.1918 30.3749 57.4014
v  3.0591 18.9660 63.1970
v  7.6631 18.9660 62.1197
v  7.6683 21.2789 61.9186
v  3.0091 21.2738 63.0057
v  7.6879 25.7798 61.3545
v  7.6846 24.4774 61.4819
v  11.6668 24.4794 59.3550
v  11.6962 25.8706 59.2671
v  14.6862 29.5794 54.7769
v  14.7533 28.1210 55.5602
v  7.7368 30.9972 60.0426
v  4.1977 28.0913 61.5972
v  4.3398 27.7053 61.4230
v  7.7487 30.5068 59.9351
v  2.9269 25.4539 62.3455
v  3.6038 25.9999 61.9421
v  7.5130 26.2853 61.1378
v  11.4939 26.3778 59.1394
v  16.0109 28.0924 55.5257
v  15.7216 28.0964 55.6032
v  15.1759 26.4703 56.7051
v  15.9667 29.9258 54.5385
v  15.6575 29.7019 54.7238
v  15.2511 31.2187 55.3776
v  15.1015 30.7306 55.3947
v  11.6434 31.1080 57.9281
v  11.5745 30.6187 57.8828
v  14.3585 30.4760 55.1479
v  0.0000 25.4523 62.6921
v  0.0000 24.4611 62.7987
v  2.9767 24.4672 62.4592
v  7.7604 32.6324 59.7513
v  15.1523 32.4849 55.1622
v  11.6041 32.5664 57.6735
v  11.5009 18.9660 59.7737
v  11.5534 21.2757 59.6474
v  16.2810 31.6083 52.8444
v  15.9334 31.8641 53.8777
v  9.1063 77.6263 -38.4066
v  0.0000 41.9615 51.0117
v  21.0218 39.1978 40.1950
v  18.8661 39.8821 43.2631
v  10.1415 36.3429 51.9278
v  13.4320 36.4507 50.8562
v  15.7398 35.9505 49.2150
v  16.1128 40.4333 46.0119
v  26.1949 71.8263 -30.2480
v  29.7175 68.7645 -30.2425
v  25.1579 72.0461 -23.0194
v  25.7729 71.5572 -23.3943
v  29.4885 68.6816 -23.3775
v  29.2780 68.3697 -29.8152
v  25.7409 71.4149 -29.8209
v  25.5836 70.8546 -28.4750
v  28.8825 68.0816 -28.4275
v  25.6208 71.2461 -29.9814
v  29.1580 68.2008 -29.9758
v  28.6851 67.8490 -28.5276
v  25.3861 70.6220 -28.5752
v  29.2780 68.3697 -28.4668
v  25.7409 71.4149 -28.4725
v  25.5578 70.8796 -27.1262
v  28.9115 68.0605 -27.0778
v  25.6208 71.2461 -28.6330
v  29.1580 68.2008 -28.6273
v  28.7108 67.8240 -27.1796
v  25.3571 70.6432 -27.2280
v  29.2780 68.3697 -27.0229
v  25.7409 71.4149 -27.0285
v  25.4289 71.0045 -25.6800
v  29.0568 67.9549 -25.6277
v  25.6208 71.2461 -27.1891
v  29.1580 68.2008 -27.1834
v  28.8397 67.6991 -25.7378
v  25.2118 70.7487 -25.7902
v  29.2780 68.3697 -25.4873
v  25.7409 71.4149 -25.4930
v  25.4289 71.0045 -24.1445
v  29.0568 67.9549 -24.0922
v  25.6208 71.2461 -25.6535
v  29.1580 68.2008 -25.6478
v  28.8397 67.6991 -24.2023
v  25.2118 70.7487 -24.2546
v  7.3097 24.4707 60.2364
v  7.2934 21.2724 60.6731
v  11.1785 21.2691 58.4018
v  11.2919 24.4727 58.1095
v  0.0000 24.4544 61.5528
v  0.0000 21.2635 61.9113
v  2.6342 21.2672 61.6964
v  2.6018 24.4605 61.2540
v  0.0000 21.2701 63.4400
v  0.0000 18.9660 63.5958
v  7.1926 36.6365 53.0830
v  29.2696 42.7525 -1.5385
v  2.0548 70.3970 -1.6339
v  0.0000 69.8516 0.2022
v  0.0000 70.3974 1.6598
v  2.9714 71.2604 -1.7146
v  22.1599 68.2130 -12.6677
v  26.3159 64.9521 -12.5658
v  25.2113 36.0526 27.9355
v  25.1301 37.0678 27.9488
v  0.0000 36.8427 53.9280
v  20.7399 36.4269 40.6471
v  18.7555 36.2490 44.2500
v  30.7046 44.6072 -6.3248
v  31.0561 43.7864 -7.4704
v  26.5581 36.9432 20.5881
v  26.4536 38.0291 20.6046
v  28.5229 58.8787 -11.6117
v  15.8913 36.1397 47.9794
v  10.1551 36.1111 52.7333
v  10.2078 34.8466 53.4740
v  12.9620 34.7124 51.8109
v  12.7004 36.6824 50.4823
v  22.5845 62.9177 -49.9715
v  32.7236 62.9177 -49.9715
v  32.7236 62.5193 -47.9685
v  22.5845 62.5193 -47.9685
v  22.5845 64.0524 -51.6697
v  32.7236 64.0524 -51.6697
v  22.5845 65.7505 -52.8043
v  32.7236 65.7505 -52.8043
v  22.5845 67.7536 -53.2027
v  32.7236 67.7536 -53.2027
v  22.5845 69.7567 -52.8043
v  32.7236 69.7567 -52.8043
v  22.5845 71.4548 -51.6697
v  32.7236 71.4548 -51.6697
v  22.5845 72.5894 -49.9715
v  32.7236 72.5894 -49.9715
v  22.5845 72.9879 -47.9685
v  32.7236 72.9879 -47.9685
v  22.5845 72.5894 -45.9654
v  32.7236 72.5894 -45.9654
v  22.5845 71.4548 -44.2673
v  32.7236 71.4548 -44.2673
v  22.5845 69.7567 -43.1326
v  32.7236 69.7567 -43.1326
v  22.5845 67.7536 -42.7342
v  32.7236 67.7536 -42.7342
v  22.5845 65.7505 -43.1326
v  32.7236 65.7505 -43.1326
v  22.5845 64.0524 -44.2673
v  32.7236 64.0524 -44.2673
v  22.5845 62.9177 -45.9654
v  32.7236 62.9177 -45.9654
v  34.7410 62.9177 -49.9715
v  36.2973 64.4957 -49.3179
v  36.2973 64.2273 -47.9685
v  34.7410 62.5193 -47.9685
v  34.7410 64.0524 -51.6697
v  36.2973 65.2601 -50.4620
v  34.7410 65.7505 -52.8043
v  36.2973 66.4041 -51.2264
v  34.7410 67.7536 -53.2027
v  36.2973 67.7536 -51.4948
v  34.7410 69.7567 -52.8043
v  36.2973 69.1030 -51.2264
v  34.7410 71.4548 -51.6697
v  36.2973 70.2471 -50.4619
v  34.7410 72.5894 -49.9715
v  36.2973 71.0115 -49.3179
v  34.7410 72.9879 -47.9685
v  36.2973 71.2799 -47.9685
v  34.7410 72.5894 -45.9654
v  36.2973 71.0115 -46.6190
v  34.7410 71.4548 -44.2673
v  36.2973 70.2471 -45.4750
v  34.7410 69.7567 -43.1326
v  36.2973 69.1030 -44.7106
v  34.7410 67.7536 -42.7342
v  36.2973 67.7536 -44.4422
v  34.7410 65.7505 -43.1326
v  36.2973 66.4041 -44.7106
v  34.7410 64.0524 -44.2673
v  36.2973 65.2601 -45.4750
v  34.7410 62.9177 -45.9654
v  36.2973 64.4957 -46.6190
v  36.2973 67.7536 -47.9685
v  32.0595 18.0800 -68.9844
v  33.3196 18.0800 -73.5199
v  33.3196 23.4432 -73.5199
v  32.0595 23.4432 -68.9844
v  33.5656 21.8127 -78.3031
v  28.4463 21.8127 -82.1284
v  28.4463 23.4277 -82.1284
v  33.5656 23.4277 -78.3031
v  0.0000 18.0800 -84.1607
v  10.3059 18.0800 -83.3332
v  10.3059 18.0800 -77.9758
v  0.0000 18.0800 -78.8033
v  10.3059 23.4432 -77.9758
v  0.0000 23.4432 -78.8033
v  19.9173 21.8127 -85.4399
v  10.4288 21.8127 -88.1151
v  10.4288 23.4277 -88.1151
v  19.9173 23.4277 -85.4399
v  19.6714 18.0800 -80.6676
v  28.2003 18.0800 -77.3457
v  27.4676 18.0800 -72.1450
v  19.6714 18.0800 -75.3102
v  27.4676 23.4432 -72.1450
v  19.6714 23.4432 -75.3102
v  16.7364 19.8554 -76.3184
v  19.6254 19.8554 -76.3184
v  19.6254 19.8554 -56.9722
v  16.7364 19.8554 -56.9722
v  19.6254 22.8373 -76.3184
v  19.6254 22.8373 -56.9722
v  16.7364 22.8373 -76.3184
v  16.7364 22.8373 -56.9722
v  27.9570 23.4354 -77.1367
v  10.3674 23.4354 -83.0455
v  0.0000 23.4354 -83.8736
v  19.7944 23.4354 -80.3751
v  0.0000 21.8127 -88.9439
v  0.0000 23.4277 -88.9439
v  36.1290 50.4217 44.5361
v  37.5650 49.5927 43.8106
v  37.7871 50.4217 43.8106
v  36.9581 48.9857 43.8106
v  36.1290 48.7636 43.8106
v  35.2999 48.9857 43.8106
v  34.6930 49.5927 43.8106
v  34.4709 50.4217 43.8106
v  34.6930 51.2508 43.8106
v  35.2999 51.8577 43.8106
v  36.1290 52.0798 43.8106
v  36.9581 51.8577 43.8106
v  37.5650 51.2508 43.8106
v  39.1534 48.6756 41.4858
v  39.7482 48.3321 37.4985
v  40.3081 50.4217 37.4985
v  39.6213 50.4217 41.4858
v  37.8752 47.3973 41.4858
v  38.2186 46.8025 37.4985
v  36.1290 46.9294 41.4858
v  36.1290 46.2426 37.4985
v  34.3828 47.3973 41.4858
v  34.0394 46.8025 37.4985
v  33.1046 48.6756 41.4858
v  32.5098 48.3321 37.4985
v  32.6367 50.4217 41.4858
v  31.9499 50.4217 37.4985
v  33.1046 52.1679 41.4858
v  32.5098 52.5113 37.4985
v  34.3828 53.4462 41.4858
v  34.0394 54.0410 37.4985
v  36.1290 53.9140 41.4858
v  36.1290 54.6009 37.4985
v  37.8752 53.4462 41.4858
v  38.2186 54.0410 37.4985
v  39.1534 52.1679 41.4858
v  39.7482 52.5113 37.4985
v  35.6894 44.6785 43.6742
v  36.5445 44.6785 43.6742
v  36.5445 47.0544 41.4740
v  35.6894 47.0544 41.4740
v  36.5445 44.6785 41.3813
v  36.5445 47.0544 39.1810
v  35.6894 44.6785 41.3813
v  35.6894 47.0544 39.1810
v  35.3108 64.9599 -47.9685
v  35.3108 65.7782 -49.9439
v  41.0122 65.7782 -49.9439
v  41.0122 64.9599 -47.9685
v  35.3108 67.7536 -50.7621
v  41.0122 67.7536 -50.7621
v  35.3108 69.7290 -49.9439
v  41.0122 69.7290 -49.9439
v  35.3108 70.5472 -47.9685
v  41.0122 70.5472 -47.9685
v  35.3108 69.7290 -45.9931
v  41.0122 69.7290 -45.9931
v  35.3108 67.7536 -45.1748
v  41.0122 67.7536 -45.1748
v  35.3108 65.7782 -45.9931
v  41.0122 65.7782 -45.9931
v  50.5956 64.5918 -47.9685
v  48.9488 64.5918 -51.9443
v  48.9488 68.0690 -51.9443
v  50.5956 68.0690 -47.9685
v  44.9729 64.5918 -53.5912
v  44.9729 68.0690 -53.5912
v  40.9970 64.5918 -51.9443
v  40.9970 68.0690 -51.9443
v  39.3502 64.5918 -47.9685
v  39.3502 68.0690 -47.9685
v  40.9970 64.5918 -43.9926
v  40.9970 68.0690 -43.9926
v  44.9729 64.5918 -42.3458
v  44.9729 68.0690 -42.3458
v  48.9488 64.5918 -43.9926
v  48.9488 68.0690 -43.9926
v  48.1095 63.4537 -44.8318
v  49.4087 63.4537 -47.9685
v  48.5164 71.5462 -51.5120
v  44.9729 71.5462 -47.9685
v  49.9841 71.5462 -47.9685
v  44.9729 71.5462 -52.9797
v  41.4294 71.5462 -51.5120
v  39.9616 71.5462 -47.9685
v  41.4294 71.5462 -44.4250
v  44.9729 71.5462 -42.9572
v  48.5164 71.5462 -44.4250
v  31.3518 65.2544 -30.7597
v  31.5869 65.4233 -40.0022
v  32.9089 61.3867 -39.8889
v  34.4971 52.8499 -39.2449
v  33.5983 56.2461 -28.4477
v  33.8749 55.2847 -32.4936
v  33.3521 57.9838 -35.2173
v  30.0681 68.1735 -23.0084
v  31.6561 65.2708 -40.5653
v  32.8646 61.3591 -38.3410
v  30.9783 63.6301 -37.8370
v  30.8074 63.5073 -31.7042
v  31.7199 60.6824 -30.9710
v  31.8617 60.9034 -36.3573
v  32.3831 57.4958 -30.0825
v  32.2859 58.6658 -34.6997
v  34.2471 51.8224 -18.5753
v  34.3978 53.4096 -28.7029
v  31.5953 64.3808 -31.2320
v  31.7983 64.5267 -38.7291
v  32.6528 61.2270 -29.7144
v  32.7020 60.9547 -30.3427
v  33.5064 57.0245 -29.2651
v  33.3347 58.4783 -34.7680
v  32.7704 61.4206 -37.6803
v  32.8317 61.2283 -36.7896
v  19.7610 72.2934 -55.7222
v  9.1733 74.4841 -55.8277
v  0.0000 42.6033 -81.0959
v  10.0140 42.6033 -80.2117
v  0.0000 74.8765 -55.8291
v  19.7399 51.0796 -79.1378
v  19.7281 57.4055 -78.8710
v  19.7514 42.6075 -77.7291
v  19.7575 69.6361 -68.8481
v  19.7267 61.9137 -76.9042
v  19.7450 66.5630 -73.7267
v  20.1176 72.8745 -55.6826
v  34.9363 28.1152 -6.8159
v  34.4230 28.1183 -6.4056
v  34.5784 25.1182 -5.0509
v  7.2270 80.6899 -24.1778
v  0.0000 80.6934 -24.1736
v  34.6910 39.7699 -12.3811
v  35.1646 39.5410 -12.6420
v  35.1446 40.1863 -12.9631
v  34.7680 45.2814 -15.4460
v  34.2688 45.5987 -15.2204
v  19.5944 73.9863 -22.7212
v  8.0980 76.6159 -22.6749
v  24.8975 71.6386 -22.6617
v  31.9900 60.9646 -20.9818
v  29.6810 67.8993 -22.6385
v  8.1861 79.7514 -23.8321
v  33.8461 51.4335 -18.0626
v  19.7495 74.4435 -23.0781
v  32.4425 61.0959 -21.3627
v  35.6732 40.8638 -23.8437
v  8.0114 72.6349 -14.7651
v  0.0000 72.7750 -14.7631
v  4.0057 72.7049 -14.7641
v  21.8186 68.6069 -12.8824
v  22.2561 68.4113 -12.8766
v  22.3524 68.6097 -13.0855
v  22.5071 69.1482 -14.8017
v  29.5698 42.5819 -1.5199
v  27.2944 39.3775 13.2630
v  7.1927 36.5067 53.4939
v  0.0000 36.6948 54.3463
v  21.0182 36.2851 40.6702
v  19.0362 36.1131 44.2870
v  22.6431 36.6024 35.9836
v  28.8309 58.9303 -11.8063
v  29.9439 50.6517 -9.1978
v  16.0577 34.8366 49.1047
v  26.5178 65.1598 -12.7760
v  24.8347 37.1993 27.9505
v  30.3742 44.7135 -6.1765
v  26.1551 38.1698 20.6068
v  10.1483 36.2270 52.3306
v  16.9873 52.0275 36.7407
v  18.0076 57.2569 28.1927
v  15.3237 58.6008 28.3495
v  14.4915 53.0662 37.2724
v  15.9775 40.4899 46.4143
v  16.3300 45.9357 42.6347
v  13.8529 46.7922 43.6393
v  13.5488 41.0400 47.9127
v  16.2403 63.5468 14.0154
v  15.7820 61.3830 21.1824
v  18.7107 59.9623 20.9961
v  17.3899 67.7051 -2.3969
v  19.4139 62.0492 13.7994
v  20.8966 66.2448 -2.6623
v  15.8156 36.0451 48.5972
v  13.0662 36.5666 50.6693
v  18.1737 70.0002 -12.8303
v  7.9942 72.2502 -13.0002
v  7.9920 72.0448 -12.7717
v  0.0000 65.4321 14.5487
v  7.1636 65.9358 13.6432
v  0.0000 66.0796 13.7925
v  15.8678 68.2579 -2.1210
v  17.7680 69.8943 -12.6004
v  16.5855 70.3060 -11.5404
v  7.9897 71.8394 -12.5431
v  8.0381 72.0063 -11.4902
v  3.9949 71.9012 -12.5410
v  4.0191 72.0631 -11.4883
v  35.0485 47.6307 -30.4954
v  33.7934 56.1287 -55.0216
v  33.5162 57.6386 -35.7733
v  35.7341 40.8119 -24.8841
v  35.1027 47.0089 -30.0441
v  35.6352 41.4728 -24.3654
v  34.5138 52.7146 -28.8439
v  34.4070 23.5881 -9.1834
v  34.8638 22.7690 -12.6780
v  35.0695 24.4938 -13.3720
v  33.8626 19.1243 -1.5209
v  31.1867 67.6524 -55.7105
v  33.4397 60.8251 -55.3236
v  34.1055 56.8949 -55.2850
v  19.7609 72.2631 -55.9141
v  0.0000 76.4227 -52.1182
v  8.0266 76.1424 -52.1152
v  8.0266 77.2756 -43.1886
v  0.0000 77.4154 -43.1890
v  8.0266 76.7090 -47.6519
v  9.5334 76.7614 -24.0941
v  9.7972 77.2075 -30.5022
v  19.7731 74.5042 -24.1191
v  24.2675 72.5108 -24.0704
v  24.6682 72.7671 -30.7332
v  20.1508 74.8405 -38.3374
v  19.8994 74.9114 -40.0420
v  10.1482 77.4074 -39.0004
v  19.7187 75.0388 -39.0648
v  10.2519 76.8924 -38.8470
v  9.9080 76.6948 -30.5067
v  19.7664 74.5995 -38.7585
v  9.6517 76.2595 -24.2631
v  19.7195 74.0411 -24.2867
v  24.0597 72.1149 -24.2390
v  24.4491 72.3659 -30.6954
v  3.9971 72.3137 -12.9983
v  4.1180 73.1157 -10.4010
v  3.9960 72.1075 -12.7696
v  0.0000 74.3373 -9.3018
v  0.0000 72.2010 -1.6304
v  1.8390 71.1989 -1.6335
v  2.7468 73.3618 -9.3947
v  3.1132 71.8082 -9.4240
v  20.1502 73.9202 -48.0164
v  19.9383 74.2937 -40.2515
v  8.2387 80.6048 -19.9738
v  8.4027 80.8798 -23.6723
v  8.4710 80.8904 -24.6442
v  8.8114 80.8409 -30.2043
v  9.1003 79.7531 -36.0262
v  8.0931 80.5671 -24.1848
v  34.2205 22.1213 -3.2859
v  35.7510 25.1604 -14.7031
v  35.4342 22.3956 -13.3992
v  34.2530 22.2980 -3.7526
v  34.5637 24.9691 -5.2579
v  35.6803 25.0313 -14.4397
v  34.0089 24.4325 -6.0849
v  33.7454 22.6828 -5.0431
v  25.9952 72.0084 -40.2596
v  30.3815 68.2656 -40.2598
v  31.2885 65.2919 -40.2585
v  34.1296 52.9865 -28.7332
v  33.6342 54.9875 -32.7245
v  32.3795 61.2036 -38.0952
v  33.1388 57.8125 -35.6488
v  34.0150 54.7646 -32.8421
v  34.3295 51.2152 -18.3375
v  0.0000 77.3041 -40.2538
v  7.8855 74.3375 -47.1771
v  7.8881 74.3434 -46.6680
v  0.0000 74.3498 -46.6807
v  0.0000 74.3439 -47.1898
v  7.9978 76.2085 -45.6308
v  0.0000 76.2148 -45.6435
v  7.9973 76.2023 -46.1660
v  0.0000 76.2087 -46.1787
v  7.8855 74.3375 -51.4496
v  7.8881 74.3434 -50.9405
v  0.0000 74.3498 -50.9531
v  0.0000 74.3439 -51.4622
v  7.9978 76.2085 -49.9033
v  0.0000 76.2148 -49.9159
v  7.9973 76.2023 -50.4385
v  0.0000 76.2087 -50.4512
v  7.8855 74.3375 -49.3188
v  7.8881 74.3434 -48.8097
v  0.0000 74.3498 -48.8224
v  0.0000 74.3439 -49.3315
v  7.9978 76.2085 -47.7725
v  0.0000 76.2148 -47.7852
v  7.9973 76.2023 -48.3078
v  0.0000 76.2087 -48.3204
v  7.8855 74.3375 -45.1233
v  7.8881 74.3434 -44.6142
v  0.0000 74.3498 -44.6269
v  0.0000 74.3439 -45.1360
v  7.9978 76.2085 -43.5770
v  0.0000 76.2148 -43.5897
v  7.9973 76.2023 -44.1122
v  0.0000 76.2087 -44.1249
v  34.7162 45.9820 -15.7874
v  34.4710 47.2273 -30.3657
v  34.8224 41.0938 -24.1096
v  48.9488 70.9812 -51.9443
v  50.5956 70.9812 -47.9685
v  44.9729 70.9812 -53.5912
v  40.9970 70.9812 -51.9443
v  39.3502 70.9812 -47.9685
v  40.9970 70.9812 -43.9926
v  44.9729 70.9812 -42.3458
v  48.9488 70.9812 -43.9926
v  34.0968 62.9177 -49.9715
v  34.0968 62.5193 -47.9685
v  34.0968 64.0524 -51.6697
v  34.0968 65.7505 -52.8043
v  34.0968 67.7536 -53.2027
v  34.0968 69.7567 -52.8043
v  34.0968 71.4548 -51.6697
v  34.0968 72.5894 -49.9715
v  34.0968 72.9879 -47.9685
v  34.0968 72.5894 -45.9654
v  34.0968 71.4548 -44.2673
v  34.0968 69.7567 -43.1326
v  34.0968 67.7536 -42.7342
v  34.0968 65.7505 -43.1326
v  34.0968 64.0524 -44.2673
v  34.0968 62.9177 -45.9654
v  3.0747 31.8235 60.7857
v  0.0000 31.7603 61.1088
v  22.5777 31.2865 41.5631
v  24.5222 31.5913 36.2105
v  26.5428 32.1370 28.0235
v  27.8338 32.9689 20.6989
v  28.8644 34.7009 13.3620
v  31.6437 38.5334 -4.9495
v  17.7519 31.8217 49.5813
v  16.2174 32.2545 52.7234
v  3.0302 31.4096 60.6555
v  0.0000 31.3574 60.9703
v  7.6698 32.8666 59.4211
v  11.4406 32.7945 57.3736
v  14.9036 32.7279 54.9185
v  15.6496 32.1193 53.6628
v  19.8697 31.3738 46.0210
v  22.2907 31.5597 41.4185
v  24.2114 31.8675 36.1166
v  26.2338 32.4235 27.9597
v  27.5238 33.2603 20.6367
v  30.7968 37.1879 -0.8224
v  28.6326 34.3345 13.3137
v  31.3563 38.9573 -5.2602
v  17.5580 31.4516 49.5256
v  15.9832 31.8863 52.6963
v  39.7962 48.3045 36.8424
v  39.7940 48.3057 35.7504
v  40.3610 50.4217 35.7504
v  40.3635 50.4217 36.8424
v  38.2462 46.7545 36.8424
v  38.2450 46.7567 35.7504
v  36.1290 46.1872 36.8424
v  36.1290 46.1898 35.7504
v  34.0118 46.7545 36.8424
v  34.0130 46.7567 35.7504
v  32.4618 48.3045 36.8424
v  32.4640 48.3057 35.7504
v  31.8945 50.4217 36.8424
v  31.8971 50.4217 35.7504
v  32.4618 52.5390 36.8424
v  32.4640 52.5377 35.7504
v  34.0118 54.0889 36.8424
v  34.0130 54.0867 35.7504
v  36.1290 54.6562 36.8424
v  36.1290 54.6537 35.7504
v  38.2462 54.0889 36.8424
v  38.2450 54.0867 35.7504
v  39.7962 52.5390 36.8424
v  39.7940 52.5377 35.7504
v  39.5311 48.4575 37.1468
v  40.0574 50.4217 37.1468
v  38.0932 47.0196 37.1468
v  36.1290 46.4933 37.1468
v  34.1648 47.0196 37.1468
v  32.7269 48.4575 37.1468
v  32.2006 50.4217 37.1468
v  32.7269 52.3859 37.1468
v  34.1648 53.8238 37.1468
v  36.1290 54.3501 37.1468
v  38.0932 53.8238 37.1468
v  39.5311 52.3859 37.1468
v  38.4061 49.1070 43.1042
v  38.9314 48.8037 42.4288
v  39.3650 50.4217 42.4288
v  38.7584 50.4217 43.1042
v  37.4437 48.1446 43.1042
v  37.7470 47.6193 42.4288
v  36.1290 47.7923 43.1042
v  36.1290 47.1858 42.4288
v  34.8143 48.1446 43.1042
v  34.5110 47.6193 42.4288
v  33.8519 49.1070 43.1042
v  33.3266 48.8037 42.4288
v  33.4996 50.4217 43.1042
v  32.8930 50.4217 42.4288
v  33.8519 51.7364 43.1042
v  33.3266 52.0397 42.4288
v  34.8143 52.6988 43.1042
v  34.5110 53.2241 42.4288
v  36.1290 53.0511 43.1042
v  36.1290 53.6577 42.4288
v  37.4437 52.6988 43.1042
v  37.7470 53.2241 42.4288
v  38.4061 51.7364 43.1042
v  38.9314 52.0397 42.4288
v  33.4102 63.4868 -49.7358
v  33.4102 63.1352 -47.9685
v  33.4102 64.4879 -51.2341
v  33.4102 65.9862 -52.2353
v  33.4102 67.7536 -52.5868
v  33.4102 69.5210 -52.2353
v  33.4102 71.0193 -51.2341
v  33.4102 72.0204 -49.7358
v  33.4102 72.3719 -47.9685
v  33.4102 72.0204 -46.2011
v  33.4102 71.0193 -44.7028
v  33.4102 69.5210 -43.7017
v  33.4102 67.7536 -43.3501
v  33.4102 65.9862 -43.7017
v  33.4102 64.4879 -44.7028
v  33.4102 63.4868 -46.2011
v  0.0000 33.3537 -77.5709
v  9.9277 33.3455 -76.6868
v  17.5477 74.4357 -18.7826
v  17.6253 74.7320 -21.4952
v  13.7280 74.5660 -20.2723
v  16.6675 74.0719 -21.3750
v  10.8926 75.3347 -21.3403
v  10.8039 75.0581 -19.1807
v  16.6051 73.8331 -19.1893
v  31.8402 19.8720 17.1610
v  31.8402 26.3268 18.0113
v  35.9076 26.3268 18.0113
v  35.9076 19.8720 17.1610
v  31.8402 32.3457 20.5044
v  35.9076 32.3457 20.5044
v  31.8402 37.5141 24.4703
v  35.9076 37.5141 24.4703
v  31.8402 41.4800 29.6388
v  35.9046 41.7029 30.1768
v  31.8402 43.9731 35.6575
v  36.5943 43.9731 35.6576
v  31.8402 44.8234 42.1165
v  36.5943 44.8234 42.1165
v  31.8402 43.9731 48.5755
v  36.5943 43.9731 48.5755
v  31.8402 41.4800 54.5943
v  36.0109 41.7029 54.0563
v  31.8402 37.5141 59.7628
v  35.9076 37.5141 59.7628
v  31.8402 32.3457 63.7287
v  35.9076 32.3457 63.7287
v  31.8402 26.3269 66.2218
v  35.9076 26.3269 66.2218
v  31.8402 19.8720 67.0721
v  35.9076 19.8720 67.0721
v  31.8402 14.0495 66.3486
v  35.9076 14.0495 66.3486
v  31.8402 14.0495 17.8845
v  35.9076 14.0495 17.8845
v  46.0667 19.8679 62.1425
v  46.0667 19.8679 63.6687
v  46.0667 14.4856 62.9733
v  46.0667 14.6848 61.4602
v  46.0667 25.0510 61.4602
v  46.0667 25.4460 62.9343
v  46.0667 29.8809 59.4596
v  46.0667 30.6440 60.7813
v  46.0667 34.0284 56.2771
v  46.0667 35.1076 57.3562
v  46.0667 37.2109 52.1295
v  46.0667 38.5326 52.8926
v  46.0667 39.2115 47.2996
v  46.0667 40.6857 47.6946
v  46.0667 39.8939 42.1165
v  46.0667 41.4201 42.1165
v  46.0667 39.2115 36.9334
v  46.0667 40.6857 36.5384
v  46.0667 37.2109 32.1035
v  46.0667 38.5326 31.3405
v  46.0667 34.0284 27.9560
v  46.0667 35.1076 26.8769
v  46.0667 29.8809 24.7735
v  46.0667 30.6440 23.4518
v  46.0667 25.0510 22.7729
v  46.0667 25.4460 21.2987
v  46.0667 19.8679 22.0905
v  46.0667 19.8679 20.5644
v  46.0667 14.6848 22.7729
v  46.0667 14.4856 21.2598
v  27.1397 19.8679 20.5644
v  27.1397 19.8679 63.6687
v  27.1397 25.4460 62.9343
v  27.1397 25.4460 21.2987
v  27.1397 30.6440 23.4518
v  27.1397 35.1076 26.8769
v  27.1397 38.5326 31.3405
v  27.1397 40.6857 36.5384
v  27.1397 41.4201 42.1165
v  27.1397 40.6857 47.6947
v  27.1397 38.5326 52.8926
v  27.1397 35.1076 57.3562
v  27.1397 30.6440 60.7813
v  27.1397 14.4856 62.9733
v  41.3483 19.8720 67.0721
v  41.3483 14.0495 66.3486
v  41.3483 26.3269 66.2217
v  41.3483 32.3457 63.7287
v  41.3483 37.5141 59.7628
v  41.3483 41.4800 54.5943
v  41.9068 43.5840 48.4712
v  41.9068 44.4206 42.1165
v  41.9068 43.5840 35.7618
v  41.3483 41.4800 29.6388
v  41.3483 37.5141 24.4703
v  41.3483 32.3457 20.5044
v  41.3483 26.3269 18.0113
v  41.3483 19.8720 17.1610
v  41.3483 14.0495 17.8845
v  27.1397 14.4856 21.2598
v  27.9737 15.2414 61.9908
v  27.9737 20.5666 62.6919
v  27.9737 25.8919 61.9908
v  27.9737 30.8543 59.9353
v  27.9737 35.1156 56.6655
v  27.9737 38.3854 52.4042
v  27.9737 40.4409 47.4418
v  27.9737 41.1420 42.1165
v  27.9737 40.4409 36.7912
v  27.9737 38.3854 31.8288
v  27.9737 35.1156 27.5676
v  27.9737 30.8543 24.2978
v  27.9737 25.8919 22.2423
v  27.9737 20.5667 21.5412
v  27.9737 15.2414 22.2423
v  36.5943 14.1266 18.5055
v  36.5943 14.1266 65.7276
v  37.2809 26.3268 18.0113
v  37.2809 19.8720 17.1610
v  37.2809 32.3457 20.5044
v  37.2809 37.5141 24.4703
v  37.3582 41.4800 29.6388
v  40.5844 43.9731 35.6576
v  40.6617 44.8234 42.1165
v  40.5844 43.9731 48.5755
v  37.2809 37.5141 59.7628
v  37.3582 41.4800 54.5943
v  37.2809 32.3457 63.7287
v  37.2809 26.3269 66.2218
v  37.2809 19.8720 67.0721
v  37.2809 14.0495 66.3486
v  37.2809 14.0495 17.8845
v  36.5943 26.1649 18.6158
v  36.5943 19.8697 17.7868
v  36.5943 32.0328 21.0463
v  36.5943 37.0716 24.9128
v  36.5943 40.9381 29.9517
v  36.5943 37.0716 59.3203
v  36.5943 40.9381 54.2814
v  36.5943 32.0328 63.1868
v  36.5943 26.1649 65.6173
v  36.5943 19.8697 66.4463
v  41.1557 44.2281 42.1165
v  41.2507 43.3766 48.4136
v  41.2507 43.3766 35.8195
v  38.6953 19.8719 -72.9040
v  38.6953 26.3268 -72.0536
v  42.7627 26.3268 -72.0536
v  42.7627 19.8720 -72.9040
v  38.6953 32.3456 -69.5606
v  42.7627 32.3456 -69.5606
v  38.6953 37.5141 -65.5947
v  42.7627 37.5141 -65.5947
v  38.6953 41.4800 -60.4262
v  42.7597 41.7029 -59.8881
v  38.6953 43.9731 -54.4074
v  43.4493 43.9731 -54.4074
v  38.6953 44.8234 -47.9485
v  43.4493 44.8234 -47.9484
v  38.6953 43.9731 -41.4895
v  43.4493 43.9731 -41.4895
v  38.6953 41.4800 -35.4706
v  42.8660 41.7029 -36.0087
v  38.6953 37.5141 -30.3022
v  42.7627 37.5141 -30.3022
v  38.6953 32.3456 -26.3363
v  42.7627 32.3457 -26.3363
v  38.6953 26.3268 -23.8432
v  42.7627 26.3268 -23.8432
v  38.6953 19.8719 -22.9929
v  42.7627 19.8720 -22.9929
v  38.6953 14.0494 -23.7164
v  42.7627 14.0494 -23.7164
v  38.6953 14.0495 -72.1805
v  42.7627 14.0495 -72.1805
v  52.9218 19.8679 -27.9224
v  52.9218 19.8679 -26.3963
v  52.9218 14.4856 -27.0917
v  52.9218 14.6848 -28.6048
v  52.9218 25.0510 -28.6048
v  52.9218 25.4460 -27.1306
v  52.9218 29.8809 -30.6054
v  52.9218 30.6440 -29.2837
v  52.9218 34.0284 -33.7879
v  52.9218 35.1076 -32.7087
v  52.9218 37.2109 -37.9354
v  52.9218 38.5326 -37.1723
v  52.9218 39.2115 -42.7653
v  52.9218 40.6857 -42.3703
v  52.9218 39.8939 -47.9484
v  52.9218 41.4201 -47.9484
v  52.9218 39.2115 -53.1315
v  52.9218 40.6857 -53.5266
v  52.9218 37.2109 -57.9614
v  52.9218 38.5326 -58.7245
v  52.9218 34.0284 -62.1089
v  52.9218 35.1076 -63.1881
v  52.9218 29.8809 -65.2915
v  52.9218 30.6440 -66.6132
v  52.9218 25.0510 -67.2921
v  52.9218 25.4460 -68.7662
v  52.9218 19.8679 -67.9744
v  52.9218 19.8679 -69.5006
v  52.9218 14.6848 -67.2921
v  52.9218 14.4856 -68.8052
v  33.9948 19.8679 -69.5006
v  33.9948 19.8679 -26.3962
v  33.9948 25.4460 -27.1306
v  33.9948 25.4460 -68.7662
v  33.9948 30.6440 -66.6132
v  33.9948 35.1076 -63.1881
v  33.9948 38.5326 -58.7245
v  33.9948 40.6857 -53.5266
v  33.9948 41.4201 -47.9485
v  33.9948 40.6857 -42.3703
v  33.9948 38.5326 -37.1723
v  33.9948 35.1076 -32.7087
v  33.9948 30.6440 -29.2837
v  33.9948 14.4856 -27.0917
v  48.2034 19.8720 -22.9929
v  48.2034 14.0494 -23.7164
v  48.2034 26.3268 -23.8432
v  48.2034 32.3457 -26.3363
v  48.2034 37.5141 -30.3022
v  48.2034 41.4800 -35.4706
v  48.7619 43.5840 -41.5937
v  48.7619 44.4206 -47.9484
v  48.7619 43.5840 -54.3031
v  48.2034 41.4800 -60.4262
v  48.2034 37.5141 -65.5947
v  48.2034 32.3456 -69.5606
v  48.2034 26.3268 -72.0536
v  48.2034 19.8720 -72.9040
v  48.2034 14.0495 -72.1805
v  33.9948 14.4856 -68.8052
v  34.8288 15.2413 -28.0742
v  34.8288 20.5666 -27.3731
v  34.8288 25.8919 -28.0742
v  34.8288 30.8543 -30.1297
v  34.8288 35.1156 -33.3995
v  34.8288 38.3854 -37.6608
v  34.8288 40.4409 -42.6232
v  34.8288 41.1420 -47.9485
v  34.8288 40.4409 -53.2737
v  34.8288 38.3854 -58.2361
v  34.8288 35.1156 -62.4974
v  34.8288 30.8543 -65.7672
v  34.8288 25.8919 -67.8227
v  34.8288 20.5666 -68.5238
v  34.8288 15.2414 -67.8227
v  43.4493 14.1266 -71.5595
v  43.4493 14.1266 -24.3373
v  44.1359 26.3268 -72.0536
v  44.1359 19.8720 -72.9040
v  44.1359 32.3456 -69.5606
v  44.1359 37.5141 -65.5947
v  44.2133 41.4800 -60.4262
v  47.4394 43.9731 -54.4074
v  47.5168 44.8234 -47.9484
v  47.4394 43.9731 -41.4895
v  44.1359 37.5141 -30.3022
v  44.2133 41.4800 -35.4706
v  44.1359 32.3457 -26.3363
v  44.1359 26.3268 -23.8432
v  44.1359 19.8720 -22.9929
v  44.1359 14.0494 -23.7164
v  44.1359 14.0495 -72.1805
v  43.4493 26.1649 -71.4492
v  43.4493 19.8697 -72.2782
v  43.4493 32.0328 -69.0186
v  43.4493 37.0716 -65.1522
v  43.4493 40.9381 -60.1133
v  43.4493 37.0716 -30.7447
v  43.4493 40.9381 -35.7835
v  43.4493 32.0328 -26.8782
v  43.4493 26.1649 -24.4477
v  43.4493 19.8697 -23.6186
v  48.0107 44.2280 -47.9484
v  48.1058 43.3765 -41.6514
v  48.1058 43.3765 -54.2455
v  0.0000 65.7126 13.0663
v  6.9633 65.5794 12.9225
v  15.2910 67.8300 -2.0937
v  15.9700 69.7628 -11.0257
v  8.0330 71.3425 -10.9524
v  3.9426 71.3960 -10.9442
v  41.8363 63.4537 -44.8318
v  44.9729 63.4537 -43.5326
v  40.5370 63.4537 -47.9685
v  44.9729 62.4250 -47.9685
v  44.9729 63.4537 -52.4043
v  48.1095 63.4537 -51.1051
v  41.8363 63.4537 -51.1051
v  39.8782 50.4217 35.7504
v  39.3759 52.2963 35.7504
v  38.0036 53.6686 35.7504
v  36.1290 54.1709 35.7504
v  32.3798 50.4217 35.7504
v  32.8821 48.5471 35.7504
v  32.8821 52.2963 35.7504
v  34.2544 53.6686 35.7504
v  39.3759 48.5471 35.7504
v  38.0036 47.1748 35.7504
v  36.1290 46.6725 35.7504
v  34.2544 47.1748 35.7504
v  39.6638 50.4217 36.2306
v  36.1290 50.4217 35.8025
v  39.1902 52.1891 36.2306
v  37.8964 53.4829 36.2306
v  36.1290 53.9565 36.2306
v  32.5942 50.4217 36.2306
v  33.0678 48.6543 36.2306
v  33.0678 52.1891 36.2306
v  34.3616 53.4829 36.2306
v  39.1902 48.6543 36.2306
v  37.8964 47.3605 36.2306
v  36.1290 46.8869 36.2306
v  34.3616 47.3605 36.2306
v  0.0000 69.9449 3.4754
v  5.1247 68.8767 3.8892
v  0.7908 68.8954 4.0123
v  0.7908 67.9974 7.6152
v  0.0000 18.9660 28.1782
v  48.7136 71.5462 -47.9685
v  47.6180 71.5462 -50.6136
v  47.6180 76.0611 -50.6136
v  48.7136 76.0611 -47.9685
v  44.9729 71.5462 -51.7092
v  44.9729 76.0611 -51.7092
v  42.3278 71.5462 -50.6136
v  42.3278 76.0611 -50.6136
v  41.2321 71.5462 -47.9685
v  41.2321 76.0611 -47.9685
v  42.3278 71.5462 -45.3234
v  42.3278 76.0611 -45.3234
v  44.9729 71.5462 -44.2277
v  44.9729 76.0611 -44.2277
v  47.6180 71.5462 -45.3234
v  47.6180 76.0611 -45.3234
v  50.5956 71.5462 -47.9685
v  48.9488 71.5462 -51.9443
v  44.9729 71.5462 -53.5912
v  40.9970 71.5462 -51.9443
v  39.3502 71.5462 -47.9685
v  40.9970 71.5462 -43.9926
v  44.9729 71.5462 -42.3458
v  48.9488 71.5462 -43.9926
v  0.0000 17.0351 73.1777
v  8.5969 17.0351 72.3933
v  8.8293 18.6415 73.8937
v  0.0000 18.6415 74.6781
v  16.6080 17.0351 70.0934
v  17.0589 18.6415 71.5938
v  23.4873 17.0351 66.4348
v  24.1259 18.6415 67.9352
v  27.6694 17.0351 61.6669
v  27.6815 18.6415 64.0234
v  0.0000 17.0351 61.6669
v  0.0000 17.0351 6.4603
v  27.6695 17.0351 6.4603
v  27.6695 20.2480 6.4603
v  0.0000 20.2480 6.4603
v  0.0000 20.2480 64.3512
v  22.5705 20.2480 63.8654
v  27.6694 20.2480 58.4613
v  0.0000 17.0351 66.4348
v  0.0000 17.0351 70.0934
v  0.0000 17.0351 72.3933
v  0.0000 20.2480 67.5184
v  15.7885 20.2480 67.2346
v  0.0000 20.2480 69.9721
v  8.0396 20.2480 69.3067
v  8.5969 21.9390 72.3933
v  0.0000 21.9390 73.1777
v  16.6080 21.9390 70.0934
v  23.4873 21.9390 66.4348
v  27.6694 21.9390 61.6669
v  27.6693 21.9390 59.0851
v  15.7885 21.9390 67.8584
v  8.0396 21.9390 69.9305
v  22.5705 21.9390 64.4892
v  0.0000 21.9390 70.5959
v  42.6729 81.5116 -18.6588
v  42.7351 81.5105 -17.8810
v  43.4965 83.2615 -17.8810
v  43.4533 83.3062 -18.6588
v  43.3901 79.6908 -18.6588
v  43.4348 79.7340 -17.8810
v  45.1847 78.9105 -18.6588
v  45.1858 78.9726 -17.8810
v  47.0055 79.6276 -18.6588
v  46.9623 79.6723 -17.8810
v  47.7859 81.4223 -18.6588
v  47.7237 81.4233 -17.8810
v  47.0687 83.2430 -18.6588
v  47.0240 83.1999 -17.8810
v  45.2741 84.0234 -18.6588
v  45.2730 83.9613 -17.8810
v  43.9204 82.8225 -10.2419
v  43.8738 80.1579 -10.2419
v  45.1965 79.5827 -10.2419
v  45.2623 83.3511 -10.2419
v  46.2764 82.1943 -16.0245
v  45.4554 82.7216 -16.0245
v  45.4555 82.7216 12.8469
v  46.2764 82.1943 12.8469
v  44.5021 82.5139 -16.0245
v  44.5021 82.5139 12.8469
v  43.9747 81.6930 -16.0245
v  43.9747 81.6929 12.8469
v  44.1824 80.7396 -16.0245
v  44.1824 80.7395 12.8469
v  45.0034 80.2123 -16.0245
v  45.0034 80.2122 12.8469
v  45.9568 80.4199 -16.0245
v  45.9568 80.4199 12.8469
v  46.4841 81.2409 -16.0245
v  46.4841 81.2409 12.8469
v  45.1313 78.8934 24.2629
v  43.3403 79.7166 24.2629
v  43.3403 79.7166 15.8664
v  45.1313 78.8934 15.8664
v  46.9798 79.5778 24.2629
v  46.9798 79.5778 15.8664
v  47.8029 81.3687 24.2629
v  47.8029 81.3687 15.8664
v  47.1186 83.2172 24.2629
v  47.1186 83.2172 15.8664
v  45.3276 84.0404 24.2629
v  45.3276 84.0404 15.8664
v  43.4791 83.3560 24.2629
v  43.4791 83.3560 15.8664
v  42.6560 81.5650 24.2629
v  42.6560 81.5650 15.8664
v  43.0405 81.5504 12.8342
v  43.7407 83.0737 12.8342
v  43.6226 79.9781 12.8342
v  47.6436 78.4769 -23.9313
v  47.6902 84.4187 -23.9313
v  42.6812 84.4581 -23.9313
v  42.6346 78.5163 -23.9313
v  49.0572 84.2666 -31.1475
v  48.8515 84.1188 -27.8294
v  48.8094 78.7586 -27.8294
v  49.0128 78.6076 -31.1475
v  42.3633 85.3623 -31.1475
v  42.5111 85.1566 -27.8294
v  47.8713 85.1145 -27.8294
v  48.0223 85.3179 -31.1475
v  41.2676 78.6684 -31.1475
v  41.4733 78.8162 -27.8294
v  41.5154 84.1764 -27.8294
v  41.3120 84.3274 -31.1475
v  47.9615 77.5727 -31.1475
v  47.8136 77.7784 -27.8294
v  42.4535 77.8204 -27.8294
v  42.3025 77.6171 -31.1475
v  50.4877 74.2269 -41.6777
v  39.6031 74.3230 -41.6777
v  39.5984 74.3233 -53.5937
v  50.4877 74.2269 -53.5937
v  50.6060 94.4122 -41.6777
v  50.6060 94.4122 -53.5937
v  40.0118 94.5061 -53.5936
v  40.0420 94.5047 -41.6777
v  57.4905 78.7082 -44.6775
v  57.4905 78.7082 -50.5937
v  57.5224 87.8642 -50.5937
v  57.5218 87.7565 -44.6775
v  52.0877 75.7747 -54.5506
v  50.0184 74.8648 -54.5506
v  50.1261 93.7698 -54.5506
v  52.1652 92.2912 -54.5506
v  52.7595 75.1984 -53.5937
v  52.7595 75.1984 -41.6777
v  51.7680 75.2824 -40.6984
v  40.0295 75.2927 -40.6984
v  40.3060 93.5179 -40.6984
v  50.1927 93.4362 -40.6984
v  52.8438 92.7436 -41.6777
v  51.8583 91.9493 -40.6984
v  37.7995 75.4547 -41.6777
v  38.7839 76.3755 -40.6984
v  38.8239 92.5270 -40.6984
v  37.8510 93.0076 -41.6777
v  37.7987 75.3440 -53.5936
v  37.8517 93.1005 -53.5936
v  46.8335 96.1631 -46.9233
v  46.8335 96.1631 -54.1482
v  43.6931 96.1845 -54.1482
v  43.7429 96.1842 -46.9233
v  48.1831 92.2902 -42.8454
v  48.1893 92.8182 -61.8844
v  48.2447 96.5765 -57.3149
v  48.2436 96.4873 -44.3021
v  42.2154 92.8496 -61.8844
v  42.2708 96.6079 -57.3149
v  42.2745 92.3213 -42.8454
v  42.3350 96.5183 -44.3021
v  48.3521 93.2990 -53.0219
v  48.3752 93.3502 -62.2243
v  42.0198 93.4001 -62.2243
v  42.0421 93.3486 -53.0219
v  41.9801 85.4615 -53.0219
v  41.9570 85.4103 -62.2243
v  48.3125 85.3604 -62.2243
v  48.2902 85.4120 -53.0219
v  49.5061 92.1267 -53.0219
v  49.5577 92.1490 -62.2243
v  49.5137 86.5429 -62.2243
v  49.4625 86.5660 -53.0219
v  40.8185 92.2176 -62.2243
v  40.8698 92.1945 -53.0219
v  40.8261 86.6338 -53.0219
v  40.7745 86.6115 -62.2243
v  42.7220 86.3278 -67.4123
v  42.7702 92.4707 -67.4123
v  47.6103 92.4327 -67.4123
v  47.5620 86.2898 -67.4123
v  43.2129 92.9573 -42.1712
v  47.2689 92.9341 -42.1713
v  47.3153 95.7678 -43.3379
v  43.2593 95.7909 -43.3379
v  42.8729 92.3618 -42.9382
v  47.5960 92.3349 -42.9382
v  47.6500 95.8735 -44.3041
v  42.9269 95.9004 -44.3041
v  41.7960 87.2685 -67.4123
v  41.8295 91.5447 -67.4123
v  48.5363 91.4920 -67.4123
v  48.5027 87.2158 -67.4123
v  45.3129 83.6558 12.8342
v  46.8363 82.9557 12.8342
v  46.7182 79.8600 12.8342
v  45.1460 79.2780 12.8342
v  47.4184 81.3834 12.8342
v  46.5384 80.1113 -10.2419
v  46.5850 82.7760 -10.2419
v  43.3452 81.4999 -10.2419
v  47.1136 81.4340 -10.2419
v  42.1430 83.8343 -23.9313
v  42.1062 79.1484 -23.9313
v  40.0996 74.9551 -54.5506
v  40.4761 93.8577 -54.5506
v  38.4602 75.9111 -54.5506
v  38.5085 92.5413 -54.5506
v  45.1460 79.2780 27.5480
v  45.1684 79.8664 27.5480
v  44.0546 80.3783 27.5480
v  43.6226 79.9781 27.5480
v  46.7182 79.8601 27.5480
v  46.3180 80.2920 27.5480
v  47.4184 81.3834 27.5480
v  46.8300 81.4059 27.5480
v  46.8363 82.9557 27.5480
v  46.4043 82.5555 27.5480
v  45.3129 83.6558 27.5480
v  45.2905 83.0674 27.5480
v  43.7407 83.0737 27.5480
v  44.1409 82.6418 27.5480
v  43.0405 81.5504 27.5480
v  43.6289 81.5279 27.5480
v  45.2294 81.4669 8.5801
v  49.5314 86.5349 -66.2425
v  49.5755 92.1567 -66.2425
v  48.3832 93.3679 -66.2425
v  42.0121 93.4179 -66.2425
v  40.8009 92.2256 -66.2425
v  40.7567 86.6038 -66.2425
v  41.9491 85.3926 -66.2425
v  48.3202 85.3426 -66.2425
v  52.7750 76.1990 -52.8289
v  52.7750 76.1990 -42.4423
v  52.8445 92.8335 -53.5937
v  52.8290 90.4264 -52.8310
v  52.8283 90.3029 -42.4443
v  52.3309 76.6616 -52.4030
v  52.3309 76.6616 -42.8683
v  52.3816 89.9608 -52.4030
v  52.3810 89.8432 -42.8683
v  48.1818 79.1007 -23.9313
v  48.2186 83.7866 -23.9313
v  48.7975 84.0799 -26.9575
v  48.6340 83.9624 -24.3204
v  48.5944 78.9184 -24.3204
v  48.7560 78.7983 -26.9575
v  42.5500 85.1026 -26.9575
v  42.6675 84.9391 -24.3204
v  47.7115 84.8995 -24.3204
v  47.8316 85.0611 -26.9575
v  47.6511 85.4010 -32.4487
v  48.0359 85.9190 -40.9010
v  42.3592 85.9636 -40.9010
v  42.7358 85.4396 -32.4487
v  41.5273 78.8551 -26.9575
v  41.6908 78.9726 -24.3204
v  41.7304 84.0166 -24.3204
v  41.5688 84.1367 -26.9575
v  47.7748 77.8324 -26.9575
v  47.6573 77.9959 -24.3204
v  42.6133 78.0355 -24.3204
v  42.4932 77.8739 -26.9575
v  43.5078 77.9039 -33.1515
v  43.2247 77.4557 -40.2486
v  47.0373 77.4205 -40.2486
v  46.7603 77.8739 -33.1515
v  49.1113 84.3054 -32.0195
v  49.6885 84.7202 -41.3302
v  48.4858 85.9419 -41.3302
v  48.0620 85.3713 -32.0195
v  48.0003 77.5186 -32.0195
v  48.4151 76.9414 -41.3302
v  49.6368 78.1441 -41.3302
v  49.0662 78.5679 -32.0195
v  42.3245 85.4164 -32.0195
v  41.9096 85.9936 -41.3302
v  40.6879 84.7909 -41.3302
v  41.2586 84.3671 -32.0195
v  41.2135 78.6296 -32.0195
v  40.6363 78.2148 -41.3302
v  41.8390 76.9930 -41.3302
v  42.2628 77.5637 -32.0195
v  48.2018 83.8471 -27.3941
v  48.1641 79.0404 -27.3941
v  48.4209 78.8497 -31.5841
v  48.4616 84.0338 -31.5841
v  42.7828 84.5069 -27.3940
v  47.5894 84.4692 -27.3940
v  47.7802 84.7260 -31.5841
v  42.5961 84.7667 -31.5841
v  42.1230 79.0879 -27.3940
v  42.1607 83.8946 -27.3940
v  41.9039 84.0853 -31.5841
v  41.8632 78.9012 -31.5841
v  47.5420 78.4281 -27.3941
v  42.7353 78.4658 -27.3940
v  42.5446 78.2090 -31.5841
v  47.7287 78.1683 -31.5841
v  49.5175 86.5411 -63.0963
v  49.5616 92.1507 -63.0963
v  48.3770 93.3541 -63.0963
v  42.0181 93.4040 -63.0963
v  40.8147 92.2194 -63.0963
v  40.7707 86.6098 -63.0963
v  41.9553 85.4065 -63.0963
v  48.3142 85.3565 -63.0963
v  48.8970 86.8040 -62.6603
v  48.9370 91.8976 -62.6603
v  48.1141 92.7335 -62.6603
v  42.2711 92.7794 -62.6603
v  41.4353 91.9565 -62.6603
v  41.3953 86.8629 -62.6603
v  42.2181 86.0270 -62.6603
v  48.0611 85.9811 -62.6603
v  38.7803 76.6608 -43.4148
v  38.7803 76.6608 -51.8564
v  54.9134 76.6501 -51.8564
v  54.9134 76.6501 -43.4148
v  38.7827 77.2865 -52.4030
v  38.8287 89.3343 -52.4030
v  54.9618 89.3236 -52.4030
v  54.9158 77.2758 -52.4030
v  38.8311 89.9591 -51.8564
v  38.8304 89.8432 -43.4148
v  54.9635 89.8325 -43.4148
v  54.9642 89.9484 -51.8564
v  38.8280 89.2167 -42.8683
v  38.7827 77.2865 -42.8683
v  54.9158 77.2758 -42.8683
v  54.9611 89.2060 -42.8683
v  38.1546 76.6616 -52.4030
v  38.1546 76.6616 -42.8683
v  38.2054 89.9607 -52.4030
v  38.2047 89.8432 -42.8683
v  38.1570 77.2873 -43.4148
v  38.2023 89.2183 -43.4148
v  38.2030 89.3342 -51.8564
v  38.1570 77.2873 -51.8564
v  57.8723 77.2634 -43.4148
v  57.2465 77.2642 -42.8683
v  57.2442 76.6385 -43.4148
v  57.2442 76.6385 -51.8564
v  57.2466 77.2642 -52.4030
v  57.8723 77.2635 -51.8564
v  57.2926 89.3120 -52.4030
v  57.2949 89.9368 -51.8564
v  57.9183 89.3104 -51.8564
v  57.9176 89.1945 -43.4148
v  57.2943 89.8209 -43.4148
v  57.2919 89.1944 -42.8683
v  47.9068 96.9847 -56.0645
v  47.2934 96.9879 -54.7155
v  47.2934 96.9879 -46.3561
v  47.8870 96.9848 -45.1892
v  42.6222 97.0125 -56.0615
v  43.2346 97.0093 -54.7155
v  42.7044 97.0121 -45.1867
v  43.2990 97.0090 -46.3561
v  57.8770 78.0464 -51.0230
v  57.8770 78.0464 -44.2483
v  57.9135 88.5311 -51.0230
v  57.9128 88.4079 -44.2483
v  50.7788 76.2421 -40.6984
v  39.3050 76.2713 -40.6984
v  50.8586 86.4655 -40.6984
v  39.3403 86.6417 -40.6984
v  49.9321 76.6155 -41.2315
v  40.1601 76.6404 -41.2315
v  50.0000 86.1075 -41.2315
v  40.1902 86.2575 -41.2314
v  56.2786 76.6451 -51.8564
v  56.2786 76.6451 -43.4148
v  56.3269 89.3185 -52.4030
v  56.2809 77.2708 -52.4030
v  56.3287 89.8275 -43.4148
v  56.3293 89.9434 -51.8564
v  56.2809 77.2708 -42.8683
v  56.3263 89.2009 -42.8683
v  55.0467 76.8351 -51.7374
v  56.0550 76.8335 -51.7374
v  56.0550 76.8335 -43.5339
v  55.0467 76.8351 -43.5339
v  55.1816 89.1511 -52.2685
v  56.1900 89.1495 -52.2685
v  56.0617 77.4416 -52.2685
v  55.0534 77.4432 -52.2685
v  55.1865 89.6457 -43.5339
v  56.1948 89.6441 -43.5339
v  56.1966 89.7567 -51.7374
v  55.1883 89.7583 -51.7374
v  55.0533 77.4432 -43.0027
v  56.0617 77.4415 -43.0027
v  56.1881 89.0352 -43.0027
v  55.1798 89.0368 -43.0027
v  51.0205 94.1117 -42.4397
v  51.0203 94.1115 -52.8317
v  52.4293 93.0445 -42.4397
v  52.4302 93.1338 -52.8317
v  50.6684 93.4065 -42.6693
v  50.6682 93.4062 -52.6021
v  51.8683 92.4975 -42.6693
v  51.8690 92.5736 -52.6021
v  37.8017 76.3534 -52.5936
v  37.8487 90.6411 -52.5936
v  37.8025 76.4454 -42.6777
v  37.8481 90.5638 -42.6777
v  36.7103 76.9378 -52.1167
v  36.7528 90.0658 -52.1167
v  36.7110 77.0210 -43.1546
v  36.7522 89.9960 -43.1546
v  43.0394 81.5052 -14.0714
v  43.1015 81.5041 -13.2936
v  43.7510 82.9979 -13.2936
v  43.7079 83.0426 -14.0714
v  43.3692 83.3934 -20.1747
v  43.3260 83.4380 -20.9525
v  42.4897 81.5148 -20.9525
v  42.5519 81.5137 -20.1747
v  43.6537 79.9454 -14.0714
v  43.6984 79.9886 -13.2936
v  43.2583 79.5636 -20.9525
v  43.3030 79.6067 -20.1747
v  45.1911 79.2769 -14.0714
v  45.1922 79.3390 -13.2936
v  45.1815 78.7273 -20.9525
v  45.1826 78.7894 -20.1747
v  46.7509 79.8913 -14.0714
v  46.7078 79.9360 -13.2936
v  47.1328 79.4958 -20.9525
v  47.0896 79.5405 -20.1747
v  47.4195 81.4286 -14.0714
v  47.3573 81.4297 -13.2936
v  47.9691 81.4191 -20.9525
v  47.9070 81.4201 -20.1747
v  46.8051 82.9885 -14.0714
v  46.7604 82.9453 -13.2936
v  47.2005 83.3703 -20.9525
v  47.1558 83.3271 -20.1747
v  45.2677 83.6570 -14.0714
v  45.2666 83.5948 -13.2936
v  45.2773 84.2066 -20.9525
v  45.2762 84.1445 -20.1747
v  42.8562 81.5084 -16.3651
v  42.9183 81.5073 -15.5873
v  43.6238 83.1297 -15.5873
v  43.5806 83.1744 -16.3651
v  43.5219 79.8181 -16.3651
v  43.5666 79.8613 -15.5873
v  45.1879 79.0937 -16.3651
v  45.1890 79.1558 -15.5873
v  46.8782 79.7594 -16.3651
v  46.8351 79.8041 -15.5873
v  47.6027 81.4255 -16.3651
v  47.5405 81.4265 -15.5873
v  46.9369 83.1157 -16.3651
v  46.8922 83.0726 -15.5873
v  45.2709 83.8402 -16.3651
v  45.2698 83.7781 -15.5873
v  43.2226 81.5020 -11.7777
v  43.8352 82.9108 -11.7777
v  43.2419 83.5252 -22.4684
v  43.1567 83.6134 -24.0042
v  42.2460 81.5191 -24.0042
v  42.3687 81.5170 -22.4684
v  43.7855 80.0727 -11.7777
v  43.0829 79.3942 -24.0042
v  43.1712 79.4795 -22.4684
v  45.1943 79.4601 -11.7777
v  45.1773 78.4835 -24.0042
v  45.1794 78.6062 -22.4684
v  46.6237 80.0231 -11.7777
v  47.3021 79.3205 -24.0042
v  47.2169 79.4087 -22.4684
v  47.2363 81.4318 -11.7777
v  48.2128 81.4148 -24.0042
v  48.0902 81.4169 -22.4684
v  46.6733 82.8612 -11.7777
v  47.3759 83.5397 -24.0042
v  47.2876 83.4545 -22.4684
v  45.2645 83.4738 -11.7777
v  45.2816 84.4504 -24.0042
v  45.2794 84.3277 -22.4684
v  42.4049 81.5163 -17.4278
v  43.2671 83.4991 -17.4278
v  43.1795 83.5898 -19.0500
v  42.2788 81.5185 -19.0500
v  43.1972 79.5046 -17.4278
v  43.1066 79.4170 -19.0500
v  45.1800 78.6424 -17.4278
v  45.1778 78.5164 -19.0500
v  47.1917 79.4348 -17.4278
v  47.2793 79.3441 -19.0500
v  48.0540 81.4176 -17.4278
v  48.1800 81.4154 -19.0500
v  47.2616 83.4293 -17.4278
v  47.3522 83.5168 -19.0500
v  45.2788 84.2915 -17.4278
v  45.2810 84.4175 -19.0500
v  42.7713 81.5099 -12.8404
v  43.5216 83.2355 -12.8404
v  43.4341 83.3262 -14.4626
v  42.6453 81.5121 -14.4626
v  43.0522 83.7216 -21.3437
v  42.0956 81.5217 -21.3438
v  42.2217 81.5195 -19.7215
v  43.1398 83.6309 -19.7215
v  43.4609 79.7592 -12.8404
v  43.3702 79.6716 -14.4626
v  42.9748 79.2898 -21.3438
v  43.0654 79.3773 -19.7215
v  45.1864 79.0088 -12.8404
v  45.1842 78.8828 -14.4626
v  45.1746 78.3332 -21.3438
v  45.1768 78.4592 -19.7215
v  46.9372 79.6984 -12.8404
v  47.0247 79.6077 -14.4626
v  47.4066 79.2123 -21.3438
v  47.3190 79.3030 -19.7215
v  47.6875 81.4240 -12.8404
v  47.8136 81.4218 -14.4626
v  48.3632 81.4122 -21.3438
v  48.2372 81.4144 -19.7215
v  46.9980 83.1747 -12.8404
v  47.0886 83.2623 -14.4626
v  47.4840 83.6441 -21.3438
v  47.3934 83.5566 -19.7215
v  45.2724 83.9251 -12.8404
v  45.2746 84.0511 -14.4626
v  45.2842 84.6007 -21.3438
v  45.2820 84.4747 -19.7215
v  42.5881 81.5131 -15.1341
v  43.3944 83.3673 -15.1341
v  43.3068 83.4580 -16.7563
v  42.4621 81.5153 -16.7563
v  43.3291 79.6319 -15.1341
v  43.2384 79.5443 -16.7563
v  45.1832 78.8256 -15.1341
v  45.1810 78.6996 -16.7563
v  47.0645 79.5666 -15.1341
v  47.1520 79.4759 -16.7563
v  47.8707 81.4208 -15.1341
v  47.9968 81.4186 -16.7563
v  47.1298 83.3020 -15.1341
v  47.2204 83.3895 -16.7563
v  45.2756 84.1083 -15.1341
v  45.2778 84.2343 -16.7563
v  43.5614 83.1944 -12.1689
v  42.8285 81.5089 -12.1689
v  42.0385 81.5227 -22.0152
v  43.0125 83.7627 -22.0152
v  43.5020 79.7989 -12.1689
v  42.9336 79.2500 -22.0152
v  45.1874 79.0660 -12.1689
v  45.1736 78.2760 -22.0152
v  46.8974 79.7395 -12.1689
v  47.4463 79.1712 -22.0152
v  47.6304 81.4250 -12.1689
v  48.4204 81.4112 -22.0152
v  46.9568 83.1350 -12.1689
v  47.5252 83.6839 -22.0152
v  45.2714 83.8679 -12.1689
v  45.2852 84.6579 -22.0152
v  45.1460 79.2780 24.8187
v  43.6226 79.9781 24.8187
v  46.7182 79.8600 24.8187
v  47.4184 81.3834 24.8187
v  46.8363 82.9557 24.8187
v  45.3129 83.6558 24.8187
v  43.7407 83.0737 24.8187
v  43.0405 81.5504 24.8187
v  49.2786 82.4891 -33.4063
v  49.4906 82.6415 -39.9434
v  49.2620 80.3814 -33.4063
v  49.4716 80.2257 -39.9434
v  41.0462 80.4459 -33.4063
v  40.8342 80.2935 -39.9434
v  41.0628 82.5536 -33.4063
v  40.8531 82.7093 -39.9434
v  48.7320 82.1138 -33.8089
v  48.9441 82.2113 -39.5761
v  48.7155 80.7647 -33.8089
v  48.9251 80.6650 -39.5761
v  41.5927 80.8212 -33.8089
v  41.3807 80.7237 -39.5761
v  41.6093 82.1703 -33.8089
v  41.3997 82.2700 -39.5761
v  39.6745 74.3286 -54.0721
v  50.4150 74.2322 -54.0721
v  37.8994 75.3490 -54.0721
v  37.9517 93.0982 -54.0721
v  40.0823 94.5032 -54.0721
v  50.5317 94.4094 -54.0721
v  52.7396 92.8313 -54.0721
v  52.6558 75.2034 -54.0721
v  49.5172 87.2276 -61.9106
v  49.4747 87.2501 -54.7082
v  49.5455 91.4643 -61.9106
v  49.5027 91.4426 -54.7082
v  49.6386 87.5934 -61.6476
v  49.5986 87.6120 -54.9748
v  49.6654 91.1040 -61.6476
v  49.6250 91.0861 -54.9748
v  49.2129 80.8341 -66.2955
v  48.9609 82.2637 -66.2955
v  48.9609 82.2637 -63.9355
v  49.2129 80.8341 -63.9355
v  48.2351 83.5208 -66.2955
v  48.2351 83.5208 -63.9355
v  47.1231 84.4539 -66.2955
v  47.1231 84.4539 -63.9355
v  45.7590 84.9503 -66.2955
v  45.7590 84.9503 -63.9355
v  44.3074 84.9503 -66.2955
v  44.3074 84.9503 -63.9355
v  42.9433 84.4539 -66.2955
v  42.9433 84.4539 -63.9355
v  41.8313 83.5208 -66.2955
v  41.8313 83.5208 -63.9355
v  41.1055 82.2637 -66.2955
v  41.1055 82.2637 -63.9355
v  40.8535 80.8341 -66.2955
v  40.8535 80.8341 -63.9355
v  41.1055 79.4046 -66.2955
v  41.1055 79.4046 -63.9355
v  41.8313 78.1474 -66.2955
v  41.8313 78.1474 -63.9355
v  42.9433 77.2144 -66.2955
v  42.9433 77.2144 -63.9355
v  44.3074 76.7179 -66.2955
v  44.3074 76.7179 -63.9355
v  45.7590 76.7179 -66.2955
v  45.7590 76.7179 -63.9355
v  47.1231 77.2144 -66.2955
v  47.1231 77.2144 -63.9355
v  48.2351 78.1474 -66.2955
v  48.2351 78.1474 -63.9355
v  48.9609 79.4046 -66.2955
v  48.9609 79.4046 -63.9355
v  46.4960 80.3017 -66.1727
v  46.2257 79.8335 -66.1727
v  45.8115 79.4860 -66.1727
v  45.3035 79.3011 -66.1727
v  44.7629 79.3011 -66.1727
v  44.2549 79.4860 -66.1727
v  43.8407 79.8335 -66.1727
v  43.5704 80.3017 -66.1727
v  43.4765 80.8341 -66.1727
v  43.5704 81.3665 -66.1727
v  43.8407 81.8347 -66.1727
v  44.2549 82.1822 -66.1727
v  44.7629 82.3671 -66.1727
v  45.3035 82.3671 -66.1727
v  45.8115 82.1822 -66.1727
v  46.2257 81.8347 -66.1727
v  46.4960 81.3665 -66.1727
v  46.5899 80.8341 -66.1727
v  47.9495 80.8341 -67.5397
v  47.7736 81.8315 -67.5397
v  47.2672 82.7087 -67.5397
v  46.4913 83.3597 -67.5397
v  45.5396 83.7061 -67.5397
v  44.5268 83.7061 -67.5397
v  43.5751 83.3597 -67.5397
v  42.7992 82.7087 -67.5397
v  42.2928 81.8315 -67.5397
v  42.1169 80.8341 -67.5397
v  42.2928 79.8367 -67.5397
v  42.7992 78.9596 -67.5397
v  43.5751 78.3085 -67.5397
v  44.5268 77.9621 -67.5397
v  45.5396 77.9621 -67.5397
v  46.4913 78.3085 -67.5397
v  47.2672 78.9596 -67.5397
v  47.7736 79.8367 -67.5397
v  48.2351 83.5208 -63.2155
v  48.2351 83.5208 -58.8447
v  48.9609 82.2637 -58.8447
v  48.9609 82.2637 -63.2155
v  47.1231 84.4539 -63.2155
v  47.1231 84.4539 -58.8447
v  45.7590 84.9503 -63.2155
v  45.7590 84.9503 -58.8447
v  44.3074 84.9503 -63.2155
v  44.3074 84.9503 -58.8447
v  42.9433 84.4539 -63.2155
v  42.9433 84.4539 -58.8447
v  41.8313 83.5208 -63.2155
v  41.8313 83.5208 -58.8447
v  41.1055 82.2637 -63.2155
v  41.1055 82.2637 -58.8447
v  42.9433 77.2144 -63.2155
v  42.9433 77.2144 -58.8447
v  41.8313 78.1474 -58.8447
v  41.8313 78.1474 -63.2155
v  44.3074 76.7179 -63.2155
v  44.3074 76.7179 -58.8447
v  45.7590 76.7179 -63.2155
v  45.7590 76.7179 -58.8447
v  47.1231 77.2144 -63.2155
v  47.1231 77.2144 -58.8447
v  48.2351 78.1474 -63.2155
v  48.2351 78.1474 -58.8447
v  48.4346 82.0721 -63.5755
v  48.6529 80.8341 -63.5755
v  47.8061 83.1608 -63.5755
v  46.8431 83.9689 -63.5755
v  45.6618 84.3988 -63.5755
v  44.4047 84.3988 -63.5755
v  43.2233 83.9689 -63.5755
v  42.2603 83.1608 -63.5755
v  41.6318 82.0721 -63.5755
v  41.4135 80.8341 -63.5755
v  41.6318 79.5961 -63.5755
v  42.2603 78.5074 -63.5755
v  43.2233 77.6993 -63.5755
v  44.4047 77.2694 -63.5755
v  45.6618 77.2694 -63.5755
v  46.8431 77.6993 -63.5755
v  47.8061 78.5074 -63.5755
v  48.4346 79.5961 -63.5755
v  49.2129 80.8341 -63.2155
v  40.8535 80.8341 -63.2155
v  41.1055 79.4046 -63.2155
v  48.9609 79.4046 -63.2155
v  47.3279 80.8341 -67.5397
v  47.1895 81.6189 -67.5397
v  47.1895 80.0493 -67.5397
v  46.7910 79.3591 -67.5397
v  46.1805 78.8469 -67.5397
v  45.4317 78.5743 -67.5397
v  44.6347 78.5743 -67.5397
v  43.8859 78.8469 -67.5397
v  43.2754 79.3591 -67.5397
v  42.8769 80.0493 -67.5397
v  42.7386 80.8341 -67.5397
v  42.8769 81.6189 -67.5397
v  43.2754 82.3091 -67.5397
v  43.8859 82.8214 -67.5397
v  44.6347 83.0939 -67.5397
v  45.4317 83.0939 -67.5397
v  46.1805 82.8214 -67.5397
v  46.7910 82.3091 -67.5397
v  48.2507 96.9829 -56.8207
v  48.2507 96.9829 -44.4741
v  42.2768 97.0143 -56.8207
v  42.3421 97.0140 -44.4741
v  43.4249 91.2554 -37.6389
v  42.9874 91.0056 -37.6389
v  42.9650 89.3511 -37.6389
v  43.3934 89.0987 -37.6389
v  46.9074 89.0827 -37.6389
v  47.3449 89.3325 -37.6389
v  47.3672 90.9870 -37.6389
v  46.9389 91.2394 -37.6389
v  42.3002 92.2497 -39.3056
v  42.6027 92.0423 -38.5793
v  47.7804 92.0190 -38.5793
v  48.0889 92.2237 -39.3056
v  41.2248 91.6447 -39.3056
v  41.6408 91.4976 -38.5793
v  41.1847 88.7290 -39.3056
v  41.6050 88.8725 -38.5793
v  42.2434 88.1144 -39.3056
v  42.5519 88.3192 -38.5793
v  48.0321 88.0884 -39.3056
v  47.7296 88.2958 -38.5793
v  49.1075 88.6934 -39.3056
v  48.6915 88.8405 -38.5793
v  49.1475 91.6091 -39.3056
v  48.7273 91.4656 -38.5793
v  47.8289 92.0688 -36.7347
v  42.5552 92.0928 -36.7347
v  43.2837 91.5561 -36.4086
v  47.0859 91.5387 -36.4086
v  41.5754 91.5334 -36.7347
v  42.5773 91.1527 -36.4086
v  41.5389 88.8376 -36.7347
v  42.5510 89.2091 -36.4086
v  42.5034 88.2693 -36.7347
v  43.2464 88.7994 -36.4086
v  47.7771 88.2453 -36.7347
v  47.0486 88.7821 -36.4086
v  48.7569 88.8047 -36.7347
v  47.7550 89.1854 -36.4086
v  48.7934 91.5005 -36.7347
v  47.7813 91.1290 -36.4086
v  43.4249 91.2554 -36.4086
v  46.9389 91.2394 -36.4086
v  42.9874 91.0056 -36.4086
v  42.9650 89.3511 -36.4086
v  43.3934 89.0987 -36.4086
v  46.9074 89.0827 -36.4086
v  47.3449 89.3325 -36.4086
v  47.3672 90.9870 -36.4086
v  42.2059 92.3323 -38.3689
v  48.1851 92.3053 -38.3689
v  48.5413 92.5418 -39.5160
v  48.8975 92.7783 -40.9133
v  41.5073 92.8113 -40.9133
v  41.8566 92.5718 -39.5160
v  41.0950 91.7032 -38.3689
v  40.1343 92.0429 -40.9133
v  40.6147 91.8731 -39.5160
v  41.0537 88.6718 -38.3689
v  40.0832 88.3404 -40.9133
v  40.5684 88.5061 -39.5160
v  42.1472 88.0328 -38.3689
v  41.4347 87.5598 -40.9133
v  41.7910 87.7963 -39.5160
v  48.1264 88.0058 -38.3689
v  48.8250 87.5268 -40.9133
v  48.4757 87.7663 -39.5160
v  49.2372 88.6349 -38.3689
v  50.1980 88.2952 -40.9133
v  49.7176 88.4650 -39.5160
v  49.2786 91.6663 -38.3689
v  50.2491 91.9978 -40.9133
v  49.7638 91.8320 -39.5160
v  47.3185 86.4398 -36.7485
v  43.0851 86.4730 -36.7485
v  43.1221 86.4215 -36.1533
v  47.2806 86.3888 -36.1533
v  47.4279 86.6126 -39.5660
v  42.9784 86.6475 -39.5660
v  43.0154 86.5960 -38.9707
v  47.3901 86.5617 -38.9707
v  43.2288 86.2470 -33.3359
v  47.1712 86.2160 -33.3359
v  47.2090 86.2669 -33.9310
v  43.1918 86.2985 -33.9310
v  47.7855 85.5567 -35.9318
v  47.8373 85.6264 -37.0697
v  47.5039 86.3234 -36.7941
v  47.4650 86.2677 -36.1213
v  47.7010 85.6359 -37.2058
v  42.6900 85.6752 -37.2058
v  43.0298 86.3641 -36.9291
v  47.3720 86.3300 -36.9291
v  42.5535 85.6679 -37.0697
v  42.6042 85.5974 -35.9318
v  42.9358 86.3032 -36.1213
v  42.8979 86.3596 -36.7941
v  42.7527 85.5879 -35.7970
v  47.6369 85.5495 -35.7970
v  47.3173 86.2517 -35.9870
v  43.0833 86.2850 -35.9870
v  47.9137 85.7293 -38.7492
v  47.9655 85.7991 -39.8872
v  47.6155 86.4972 -39.6112
v  47.5767 86.4416 -38.9390
v  47.8281 85.8086 -40.0232
v  42.5656 85.8499 -40.0232
v  42.9215 86.5387 -39.7465
v  47.4831 86.5028 -39.7465
v  42.4280 85.8426 -39.8872
v  42.4787 85.7720 -38.7491
v  42.8269 86.4789 -38.9390
v  42.7890 86.5351 -39.6112
v  42.6284 85.7625 -38.6145
v  47.7640 85.7222 -38.6145
v  47.4284 86.4245 -38.8045
v  42.9749 86.4595 -38.8045
v  47.6573 85.3840 -33.1145
v  47.7090 85.4537 -34.2522
v  47.3922 86.1496 -33.9770
v  47.3534 86.0938 -33.3036
v  47.5739 85.4632 -34.3883
v  42.8144 85.5006 -34.3883
v  43.1382 86.1896 -34.1116
v  47.2609 86.1572 -34.1116
v  42.6791 85.4932 -34.2522
v  42.7298 85.4227 -33.1145
v  43.0447 86.1276 -33.3036
v  43.0068 86.1841 -33.9770
v  42.8771 85.4132 -32.9796
v  47.5098 85.3769 -32.9796
v  47.2062 86.0789 -33.1696
v  43.1917 86.1104 -33.1696
v  47.3151 86.4512 -36.8808
v  43.0886 86.4843 -36.8808
v  43.1421 86.4100 -36.0211
v  47.2605 86.3776 -36.0211
v  47.4249 86.6240 -39.6982
v  42.9815 86.6589 -39.6982
v  43.0350 86.5845 -38.8386
v  47.3703 86.5505 -38.8386
v  43.2492 86.2355 -33.2036
v  47.1506 86.2048 -33.2036
v  47.2052 86.2784 -34.0633
v  43.1958 86.3098 -34.0633
v  47.8435 85.6348 -37.2058
v  47.5155 86.3267 -36.9299
v  47.4608 86.2484 -35.9864
v  47.7794 85.5484 -35.7970
v  42.5475 85.6763 -37.2058
v  42.8862 86.3631 -36.9299
v  42.6102 85.5890 -35.7970
v  42.9397 86.2839 -35.9864
v  47.9717 85.8074 -40.0232
v  47.6271 86.5009 -39.7468
v  47.5724 86.4227 -38.8043
v  47.9076 85.7211 -38.6145
v  42.4220 85.8510 -40.0232
v  42.7774 86.5390 -39.7468
v  42.4847 85.7637 -38.6145
v  42.8309 86.4599 -38.8043
v  47.7152 85.4621 -34.3883
v  47.4039 86.1526 -34.1130
v  47.3491 86.0741 -33.1686
v  47.6511 85.3758 -32.9796
v  42.6730 85.5017 -34.3883
v  42.9952 86.1872 -34.1130
v  42.7358 85.4143 -32.9796
v  43.0487 86.1078 -33.1686
v  42.9548 86.4740 -36.7485
v  42.9918 86.4225 -36.1533
v  47.4109 86.3878 -36.1533
v  47.4487 86.4387 -36.7485
v  42.8481 86.6485 -39.5660
v  42.8851 86.5970 -38.9707
v  47.5203 86.5606 -38.9707
v  47.5581 86.6115 -39.5660
v  47.3015 86.2150 -33.3359
v  47.3393 86.2659 -33.9310
v  43.0615 86.2995 -33.9310
v  43.0985 86.2480 -33.3359
v  42.9466 86.4855 -36.8808
v  47.4571 86.4501 -36.8808
v  47.4025 86.3765 -36.0211
v  43.0001 86.4111 -36.0211
v  42.8399 86.6600 -39.6982
v  47.5665 86.6229 -39.6982
v  47.5119 86.5493 -38.8386
v  42.8934 86.5856 -38.8386
v  47.2931 86.2037 -33.2036
v  43.1068 86.2366 -33.2036
v  43.0533 86.3110 -34.0633
v  47.3477 86.2772 -34.0633
v  43.6226 79.9781 15.3106
v  45.1460 79.2780 15.3106
v  46.7182 79.8600 15.3106
v  47.4184 81.3834 15.3106
v  46.8363 82.9557 15.3106
v  45.3129 83.6558 15.3106
v  43.7407 83.0737 15.3106
v  43.0405 81.5504 15.3106
v  43.5414 81.5313 -3.1830
v  44.0813 82.7061 -3.1830
v  45.2938 83.1550 -3.1830
v  46.4686 82.6150 -3.1830
v  46.9175 81.4025 -3.1830
v  46.3776 80.2277 -3.1830
v  45.1651 79.7788 -3.1830
v  43.9903 80.3188 -3.1830
v  43.0405 81.5504 3.3062
v  43.7407 83.0737 3.3062
v  43.7407 83.0737 -2.7199
v  43.0405 81.5504 -2.7199
v  45.3129 83.6558 3.3062
v  45.3129 83.6558 -2.7199
v  46.8363 82.9557 3.3062
v  46.8363 82.9557 -2.7199
v  47.4184 81.3834 3.3062
v  47.4184 81.3834 -2.7199
v  46.7182 79.8600 3.3062
v  46.7182 79.8600 -2.7199
v  45.1460 79.2780 3.3062
v  45.1460 79.2780 -2.7199
v  43.6226 79.9781 3.3062
v  43.6226 79.9781 -2.7199
v  43.5414 81.5313 3.7693
v  43.9903 80.3188 3.7692
v  45.1651 79.7788 3.7693
v  46.3776 80.2277 3.7693
v  46.9175 81.4025 3.7693
v  46.4686 82.6150 3.7692
v  45.2938 83.1550 3.7693
v  44.0813 82.7061 3.7693
v  36.7122 77.5388 -51.7067
v  36.7509 89.4654 -51.7066
v  36.7129 77.6144 -43.5647
v  36.7504 89.4020 -43.5647
v  36.9114 77.8181 -51.5161
v  36.9483 89.1864 -51.5161
v  36.9120 77.8902 -43.7553
v  36.9477 89.1259 -43.7553
v  36.7139 78.0503 -51.2861
v  36.7145 78.1181 -43.9853
v  36.7487 88.8977 -43.9853
v  36.7493 88.9546 -51.2861
v  40.8636 91.8713 -54.8503
v  40.8278 86.9571 -54.8503
v  40.8168 91.8943 -61.8374
v  40.7807 86.9349 -61.8374
v  41.2697 91.5480 -55.3017
v  41.2273 91.5709 -61.4505
v  41.1990 87.2582 -61.4505
v  41.2417 87.2804 -55.3017
v  42.8854 77.0463 -40.3321
v  43.2183 77.4946 -33.0176
v  47.3697 77.0111 -40.3321
v  47.0438 77.4646 -33.0176
v  48.2351 83.5208 -54.4740
v  48.9609 82.2637 -54.4740
v  47.1231 84.4539 -54.4740
v  45.7590 84.9503 -54.4740
v  44.3074 84.9503 -54.4740
v  42.9433 84.4539 -54.4740
v  41.8313 83.5208 -54.4740
v  41.1055 82.2637 -54.4740
v  42.9433 77.2144 -54.4740
v  41.8313 78.1474 -54.4740
v  44.3074 76.7179 -54.4740
v  45.7590 76.7179 -54.4740
v  47.1231 77.2144 -54.4740
v  48.2351 78.1474 -54.4740
v  49.2129 80.8341 -58.8447
v  40.8535 80.8341 -58.8447
v  41.1055 79.4046 -58.8447
v  48.9609 79.4046 -58.8447
v  49.2129 80.8341 -54.4740
v  40.8535 80.8341 -54.4740
v  41.1055 79.4046 -54.4740
v  48.9609 79.4046 -54.4740
v  -26.6271 18.9660 28.0109
v  -26.8147 26.2412 28.0014
v  -28.1128 26.7439 20.7519
v  -27.8928 18.9853 20.8508
v  -7.5844 26.5004 60.2741
v  -4.0815 26.2503 60.7308
v  -8.1243 28.5087 60.4385
v  -28.8024 33.1347 -69.1121
v  -33.3294 30.9444 -61.5674
v  -30.5051 42.6215 -70.6539
v  -19.9499 74.2866 -48.0210
v  -19.9095 74.8766 -40.4786
v  -9.0540 77.5071 -40.4752
v  -9.1733 76.6790 -47.6521
v  -35.1784 19.2414 -12.2006
v  -35.4647 22.2009 -13.4519
v  -35.3054 19.2527 -13.2316
v  -15.3545 71.6093 -10.5110
v  -14.7142 69.7919 -2.0664
v  -7.9449 71.2006 -1.7455
v  -8.0278 73.0685 -10.4146
v  -14.1060 52.9991 37.2159
v  -13.4836 46.7655 43.4944
v  -7.2257 47.9389 44.9955
v  -7.3621 54.1505 38.2039
v  -7.6034 60.1010 28.8176
v  -14.9140 58.5651 28.3656
v  -14.4912 26.7238 56.2599
v  -11.1873 26.6121 58.4850
v  -11.3965 28.5357 58.8510
v  -14.0756 28.5597 57.0813
v  -2.8686 74.6951 -14.6081
v  -2.8856 74.2849 -12.1096
v  -15.0398 18.9660 56.9919
v  -15.4055 25.9614 56.7438
v  -16.5598 25.7301 53.6746
v  -16.2733 18.9670 54.1580
v  -21.2041 53.6009 27.9883
v  -18.1500 56.9448 28.1766
v  -18.9245 59.6422 20.9769
v  -22.3372 56.2775 20.7525
v  -7.6704 62.9906 21.5947
v  -15.3933 61.3552 21.2016
v  -14.8769 53.1333 37.3290
v  -15.7334 58.6364 28.3334
v  -17.8651 57.5691 28.2088
v  -16.8593 52.3082 36.9067
v  -22.4776 39.6517 35.9006
v  -24.1940 41.0399 28.0088
v  -24.5393 37.3308 27.9522
v  -22.3492 36.7408 35.9802
v  -30.6801 68.2819 -40.5917
v  -26.1852 72.1131 -40.5925
v  -26.3642 71.7305 -47.8601
v  -30.9677 68.1468 -47.6954
v  -22.8316 25.6577 41.9246
v  -22.4131 18.9660 42.0543
v  -19.8374 18.9680 47.3336
v  -20.2402 25.4305 46.9366
v  -24.7606 18.9660 36.0555
v  -24.9581 25.9317 36.2625
v  -10.9932 76.8659 -38.1138
v  -19.5416 74.7640 -38.1124
v  -19.8433 74.5835 -30.9764
v  -10.6791 76.6859 -30.5174
v  -25.6320 72.3375 -31.0250
v  -20.4542 74.7180 -39.9903
v  -26.1574 72.1378 -40.0063
v  -29.9880 41.0935 -1.3574
v  -27.7238 38.0710 13.2407
v  -27.5959 39.2277 13.2605
v  -29.8700 42.4112 -1.5012
v  -32.3881 24.5425 -52.2737
v  -29.1881 21.2940 -52.1296
v  -29.2352 21.4313 -37.1401
v  -32.4811 24.7306 -37.2420
v  -28.9774 19.0045 13.6907
v  -30.3114 19.0562 6.5546
v  -10.0140 41.7417 -80.5614
v  -10.0140 38.2130 -80.1473
v  -20.8595 19.0423 -1.1124
v  -20.8948 19.1086 -13.2795
v  -3.0616 31.1844 61.0255
v  -2.9983 28.0913 61.8421
v  -10.0015 32.5849 -76.7297
v  -9.7803 25.1924 -68.5661
v  -7.6365 80.9967 -23.7392
v  -7.5344 80.7394 -19.9608
v  -27.6511 60.6300 -75.8988
v  -24.7267 57.4189 -77.8894
v  -29.0484 57.6314 -75.4918
v  -9.0473 77.5659 -40.0340
v  -8.3482 77.6962 -40.0306
v  -8.3411 77.2096 -40.2539
v  -9.0506 77.0895 -40.2546
v  -7.7937 34.9389 58.5506
v  -11.5472 34.6761 56.5154
v  -11.5875 33.1818 57.4378
v  -7.7696 33.2696 59.5169
v  -7.1931 35.0054 54.7077
v  -7.1927 36.3769 53.9047
v  -21.2457 35.0483 40.8720
v  -19.2850 34.9278 44.6089
v  -19.3170 35.9771 44.3239
v  -21.2966 36.1433 40.6934
v  -23.1013 38.3768 -76.5091
v  -20.6737 38.2010 -77.4510
v  -20.6800 34.7164 -74.7209
v  -20.3750 57.6506 -79.2540
v  -20.3875 51.2230 -79.6575
v  -25.2693 51.5767 -78.2955
v  -21.1558 32.8484 -71.6692
v  -20.5671 27.0067 -65.5991
v  -29.8482 27.4501 -63.9779
v  -31.1820 67.7322 -55.0488
v  -26.5406 71.0112 -55.1230
v  -26.1058 70.8073 -55.5282
v  -30.7431 67.5536 -55.3796
v  -33.4325 60.8929 -54.7145
v  -33.1754 61.2901 -47.4339
v  -33.6121 40.4498 -53.6267
v  -33.3913 30.1860 -52.7448
v  -33.7163 30.1729 -37.8977
v  -33.4637 40.0643 -38.6830
v  -33.6317 35.0738 -22.4191
v  -13.1844 41.0966 47.8187
v  -7.1911 41.7008 50.1180
v  -13.9132 40.9834 48.0068
v  -14.2223 46.8189 43.7842
v  -16.1898 46.1386 42.9862
v  -15.8422 40.5465 46.8166
v  -20.3558 41.6849 -78.1180
v  -23.0065 35.3947 36.0135
v  -22.9370 36.4639 35.9871
v  -28.8306 47.6534 -2.0735
v  -29.6234 50.6444 -9.0114
v  -30.0438 44.8198 -6.0281
v  -15.0018 34.4134 54.0442
v  -15.8892 34.2724 52.2129
v  -15.9231 32.4588 53.5764
v  -15.1046 33.0957 54.9200
v  -19.6437 34.2752 45.6736
v  -22.0673 34.4205 41.2732
v  -22.4659 31.9314 41.5117
v  -20.0535 31.7484 46.0981
v  -24.0629 34.6691 36.1200
v  -24.3958 32.2353 36.1975
v  -25.9786 35.3458 28.0421
v  -26.4484 32.7894 28.0267
v  -27.2539 36.2060 20.6782
v  -27.7470 33.6264 20.6943
v  -36.1400 28.1204 -16.8071
v  -36.0373 28.1199 -15.9544
v  -35.8762 34.3096 -19.2571
v  -35.9766 34.0583 -19.9691
v  -33.7675 30.2501 -19.5811
v  -32.5057 24.9156 -17.1060
v  -26.4971 44.0125 13.3424
v  -25.3145 52.5280 13.4540
v  -27.4696 56.5309 -2.7652
v  -21.9294 44.6659 35.7296
v  -23.2896 48.0835 28.0186
v  -21.3767 42.1649 38.4062
v  -19.6047 73.9117 -18.0083
v  -19.0340 72.5111 -16.7346
v  -8.2044 74.7406 -16.7237
v  -8.2673 76.3060 -17.9931
v  -3.1385 34.9389 59.2445
v  -7.1932 34.5545 54.3020
v  -10.2215 34.4234 53.0521
v  -12.9508 34.2923 51.3663
v  -18.7070 34.6560 44.6828
v  -20.6628 34.7647 40.9183
v  -22.4547 35.1178 36.0204
v  -24.6626 35.7896 27.9320
v  -26.0154 36.6619 20.5838
v  -30.6013 40.2354 -1.3175
v  -29.4488 40.7522 -1.3201
v  -30.5773 43.5738 -7.7671
v  -31.7483 43.2336 -7.5857
v  -30.0412 50.7300 -11.1959
v  -31.0992 50.8247 -11.2063
v  -29.5577 67.7464 -17.9148
v  -28.5524 66.7965 -16.6169
v  -23.9113 70.4437 -16.7822
v  -24.6994 71.6189 -18.0680
v  -29.2297 27.2466 13.5024
v  -31.4118 28.1121 0.8953
v  -23.2891 58.3357 13.5168
v  -19.6989 61.7212 13.7772
v  -21.2159 65.9206 -2.6896
v  -25.2095 62.5814 -3.0095
v  -15.8725 63.5270 14.0376
v  -7.7374 65.2618 14.3718
v  -16.9878 67.6814 -2.3696
v  -26.9930 39.5273 13.2656
v  -25.8567 38.3104 20.6089
v  -25.4361 42.5772 20.6756
v  -6.7631 67.6128 12.2017
v  -7.5206 69.9125 3.2619
v  -28.9436 34.0381 13.3743
v  -31.1067 36.8581 -0.7010
v  -24.3926 50.3058 20.7363
v  -28.3481 37.3034 13.3143
v  -27.1871 37.7714 13.2355
v  -32.8024 51.0684 -54.4542
v  -33.1285 50.3266 -65.3586
v  -33.3345 40.7868 -64.1532
v  -32.3344 50.8533 -39.8503
v  -33.7093 51.3400 -13.5881
v  -32.4042 51.0823 -12.3972
v  -30.9144 60.2768 -15.2662
v  -32.0472 60.8805 -16.4929
v  -29.3179 59.3808 -13.5037
v  -30.5397 50.7154 -10.8232
v  -30.2644 50.6590 -9.3841
v  -29.1390 58.9820 -12.0009
v  -21.1308 32.5688 -73.4631
v  -20.8945 25.2006 -67.0166
v  -9.5466 19.0295 -55.3495
v  -20.8007 21.2771 -53.6190
v  -20.8983 19.0295 -54.1825
v  -33.4870 51.3121 -67.9532
v  -32.0782 51.2950 -71.8970
v  -31.0771 44.7088 -72.7801
v  -29.1416 51.0654 -75.2860
v  -25.1105 50.7844 -77.8475
v  -24.7723 42.9704 -76.1934
v  -28.4758 43.6965 -74.2518
v  -31.6639 39.4428 -5.4596
v  -31.0359 37.5778 -0.8324
v  -29.5904 63.6186 -72.3253
v  -25.3569 65.7824 -73.1840
v  -24.3560 62.1881 -76.5946
v  -32.9948 60.8590 -55.0191
v  -30.7798 65.6162 -67.5704
v  -31.5709 58.2993 -71.8250
v  -32.9895 59.2876 -66.9546
v  -34.5336 39.5199 -7.8073
v  -34.2850 28.1124 -1.4093
v  -32.8484 28.1122 -0.2570
v  -33.0919 39.1524 -6.4490
v  -33.1771 19.0633 4.3038
v  -31.7442 19.0597 5.4292
v  -8.1416 73.1752 -15.4543
v  -18.4632 71.1106 -15.4610
v  -17.9691 70.4820 -15.2386
v  -8.0159 72.4234 -15.2223
v  -23.1233 69.2685 -15.4964
v  -22.4033 68.8211 -15.2407
v  -27.5471 65.8466 -15.3190
v  -29.7815 59.6730 -14.0395
v  -28.7945 59.4841 -13.8929
v  -26.6012 65.5634 -15.0300
v  -32.7726 46.2295 -10.0469
v  -8.4407 76.8463 -22.2121
v  -10.4535 76.3005 -21.4539
v  -10.3434 75.9568 -18.7700
v  -19.7268 74.3785 -22.2816
v  -25.0964 71.9956 -22.2238
v  -8.1088 80.9693 -30.2105
v  -7.6567 81.0216 -24.5652
v  -30.0108 68.1312 -22.1958
v  -32.3963 61.0700 -20.5346
v  -34.2419 51.4929 -17.5962
v  -34.6641 45.6353 -14.7384
v  -34.1214 45.4299 -10.6977
v  -35.0862 39.7776 -11.8806
v  -34.8259 28.1147 -5.8991
v  -33.7530 19.1145 -0.5898
v  -33.4080 19.1162 -1.0578
v  -7.4907 79.9610 -20.5155
v  -7.4265 76.6632 -20.4707
v  -8.3426 79.8706 -19.5807
v  -8.5078 80.1617 -23.4343
v  -8.4752 76.9291 -23.0505
v  -8.5472 80.0518 -24.2110
v  -8.8992 80.1191 -30.2870
v  -8.7827 77.4474 -30.5330
v  -8.4016 79.8704 -36.0637
v  -7.4477 76.7616 -18.1949
v  -7.5097 80.2995 -19.7721
v  -18.6770 70.4554 -14.7906
v  -21.7088 69.4736 -14.7994
v  -21.4774 69.0008 -13.0972
v  -18.5794 70.1061 -13.0601
v  -19.1288 62.3772 13.8216
v  -18.4970 60.2823 21.0152
v  -16.1708 61.4108 21.1633
v  -16.6082 63.5667 13.9932
v  -17.1153 51.7467 36.5748
v  -19.9693 49.2852 35.8466
v  -20.5950 74.0850 -48.0235
v  -20.6400 73.2116 -55.2277
v  -25.0895 69.8642 -24.1950
v  -25.3593 70.1307 -29.6313
v  -28.1501 67.7012 -29.6198
v  -28.0321 67.5833 -24.1754
v  -26.2051 68.2187 -68.2329
v  -26.6486 69.9405 -61.7780
v  -20.3582 72.2114 -62.0647
v  -20.3940 70.5079 -68.8961
v  -16.4703 45.7328 42.2831
v  -19.1927 44.2102 40.5320
v  -20.5773 66.5689 -2.6350
v  -17.7920 67.7288 -2.4242
v  -20.3925 67.4218 -73.7723
v  -20.3822 62.6436 -77.4006
v  -17.5648 34.1763 49.0735
v  -15.8043 34.4531 48.7522
v  -17.5413 18.9678 50.9637
v  -17.9688 25.5168 50.4933
v  -17.8287 31.1821 49.7128
v  -20.1328 31.1038 46.2146
v  -26.9076 65.7702 -14.6095
v  -26.7197 65.3675 -12.9862
v  -33.6543 56.9531 -55.0179
v  -34.0857 57.0113 -54.7508
v  -32.7689 52.1678 -71.5541
v  -34.2304 52.1550 -67.5287
v  -34.4882 52.9869 -66.3510
v  -33.4960 39.8976 -25.8797
v  -32.8713 45.9089 -31.9121
v  -32.5377 54.2592 -54.7541
v  -32.5635 54.1446 -55.2453
v  -32.4361 53.4821 -47.3022
v  -26.8915 38.0933 -71.8047
v  -29.0709 19.0809 -1.0839
v  -29.8374 19.1806 -13.2556
v  -20.8965 19.0690 -37.2993
v  -29.2086 21.4997 -16.2235
v  -20.8854 21.3882 -37.3040
v  -20.8761 21.4277 -16.2445
v  -33.1409 41.3767 -7.6965
v  -21.0140 33.3715 -73.3732
v  -21.4269 33.6855 -73.8816
v  -27.2050 38.5492 -73.9660
v  -31.5657 43.7383 -72.4574
v  -34.6871 52.1510 -66.2709
v  -32.8331 52.9473 -60.3745
v  -34.4559 54.8732 -60.8328
v  -34.2249 56.1842 -54.7645
v  -34.4325 55.1238 -47.0921
v  -34.6404 52.1094 -39.4257
v  -35.1419 46.9286 -31.2166
v  -35.7657 40.3086 -24.4535
v  -35.1538 40.3631 -24.9046
v  -29.4623 51.9054 -75.5077
v  -21.6297 50.5300 -78.7010
v  -21.5875 42.8130 -77.4719
v  -25.4734 38.4333 -75.1218
v  -20.2100 73.0648 -55.2145
v  -19.9906 73.4005 -55.2343
v  -20.0416 72.8118 -55.4778
v  -10.0140 42.1725 -80.3866
v  -9.1733 75.6947 -55.2675
v  -9.1733 75.0894 -55.5476
v  -20.0516 57.5280 -79.0625
v  -20.0637 51.1513 -79.3977
v  -20.0536 42.1462 -77.9235
v  -20.0587 71.7343 -62.1749
v  -20.0757 70.0720 -68.8721
v  -20.0687 66.9924 -73.7495
v  -20.0545 62.2787 -77.1524
v  -34.0030 15.3386 -37.2004
v  -33.9916 15.2990 -47.9228
v  -33.9916 18.6343 -47.9623
v  -33.9899 18.6739 -37.2399
v  -24.4956 41.8790 -76.4666
v  -24.4996 42.3884 -76.5518
v  -20.8421 42.2149 -78.0225
v  -20.8668 50.7520 -79.3906
v  -25.2679 51.0666 -78.2136
v  -29.4520 51.3911 -75.4565
v  -32.7532 51.6528 -71.5359
v  -34.3055 51.6515 -67.1863
v  -31.4919 44.2162 -72.7427
v  -28.3803 42.5524 -74.3454
v  -28.5470 43.0653 -74.4118
v  -10.0140 34.6843 -77.8300
v  -10.0140 33.5815 -77.4111
v  -9.8844 38.2952 -79.2769
v  -9.8601 35.1992 -77.0460
v  -20.1778 38.3411 -76.6335
v  -20.1548 35.2873 -73.9917
v  -8.2588 76.1032 -52.3910
v  -8.2588 77.3095 -42.9128
v  -8.3341 77.6169 -40.4773
v  -7.5157 72.1155 -51.6980
v  -7.5246 72.6459 -47.5178
v  -7.9063 77.0096 -43.2250
v  -7.5335 73.1764 -43.3376
v  -7.9027 75.8956 -52.0140
v  -7.9045 76.4526 -47.6195
v  -10.4458 76.2910 -24.8575
v  -19.6628 74.2588 -24.8800
v  -23.9168 72.7564 -30.6985
v  -23.5788 72.5218 -24.8375
v  -9.1250 79.1311 -35.7378
v  -30.3541 68.2931 -31.0177
v  -30.6557 68.2882 -40.0062
v  -35.1818 46.5163 -30.6941
v  -34.8719 46.6419 -31.0529
v  -20.5470 74.6576 -40.5165
v  -34.2803 55.8703 -47.1335
v  -8.2588 76.7064 -47.6519
v  -31.2273 66.9653 -61.4063
v  -33.5056 60.1970 -60.9668
v  -26.5537 70.8808 -55.9335
v  -20.3270 73.1830 -56.1320
v  -34.3116 55.6815 -60.8532
v  -34.2445 56.0731 -55.2787
v  -19.7592 71.2572 -62.2851
v  -20.0433 72.7092 -56.1152
v  -19.7609 72.2328 -56.1060
v  -4.7630 27.7949 60.5113
v  -7.7261 30.2739 59.2191
v  -11.1918 30.3749 57.4014
v  -3.0591 18.9660 63.1970
v  -3.0091 21.2738 63.0057
v  -7.6683 21.2789 61.9186
v  -7.6631 18.9660 62.1197
v  -7.6879 25.7798 61.3545
v  -11.6962 25.8706 59.2671
v  -11.6668 24.4794 59.3550
v  -7.6846 24.4774 61.4819
v  -14.6862 29.5794 54.7769
v  -14.7533 28.1210 55.5602
v  -7.7368 30.9972 60.0426
v  -7.7487 30.5068 59.9351
v  -4.3398 27.7053 61.4230
v  -4.1977 28.0913 61.5972
v  -3.6038 25.9999 61.9421
v  -2.9269 25.4539 62.3455
v  -7.5130 26.2853 61.1378
v  -11.4939 26.3778 59.1394
v  -15.1759 26.4703 56.7051
v  -15.7216 28.0964 55.6032
v  -16.0109 28.0924 55.5257
v  -15.6575 29.7019 54.7238
v  -15.9667 29.9258 54.5385
v  -15.1015 30.7306 55.3947
v  -15.2511 31.2187 55.3776
v  -11.5745 30.6187 57.8828
v  -11.6434 31.1079 57.9281
v  -14.3585 30.4760 55.1479
v  -2.9767 24.4672 62.4592
v  -7.7604 32.6324 59.7513
v  -11.6041 32.5664 57.6735
v  -15.1523 32.4849 55.1622
v  -11.5009 18.9660 59.7737
v  -11.5534 21.2757 59.6474
v  -16.2810 31.6083 52.8444
v  -15.9334 31.8641 53.8777
v  -9.1063 77.6263 -38.4066
v  -21.0218 39.1978 40.1950
v  -18.8661 39.8821 43.2631
v  -10.1415 36.3429 51.9278
v  -13.4320 36.4507 50.8562
v  -15.7398 35.9505 49.2150
v  -16.1128 40.4333 46.0119
v  -29.7175 68.7645 -30.2425
v  -26.1949 71.8263 -30.2480
v  -25.7729 71.5572 -23.3943
v  -25.1579 72.0461 -23.0194
v  -29.4885 68.6816 -23.3775
v  -29.2780 68.3697 -29.8152
v  -28.8825 68.0816 -28.4275
v  -25.5836 70.8546 -28.4750
v  -25.7409 71.4149 -29.8209
v  -25.6208 71.2461 -29.9814
v  -29.1580 68.2008 -29.9758
v  -25.3861 70.6220 -28.5752
v  -28.6851 67.8490 -28.5276
v  -29.2780 68.3697 -28.4668
v  -28.9115 68.0605 -27.0778
v  -25.5578 70.8796 -27.1262
v  -25.7409 71.4149 -28.4725
v  -25.6208 71.2461 -28.6330
v  -29.1580 68.2008 -28.6273
v  -25.3571 70.6432 -27.2280
v  -28.7108 67.8240 -27.1796
v  -29.2780 68.3697 -27.0229
v  -29.0568 67.9549 -25.6277
v  -25.4289 71.0045 -25.6800
v  -25.7409 71.4149 -27.0285
v  -25.6208 71.2461 -27.1891
v  -29.1580 68.2008 -27.1834
v  -25.2118 70.7487 -25.7902
v  -28.8397 67.6991 -25.7378
v  -29.2780 68.3697 -25.4873
v  -29.0568 67.9549 -24.0922
v  -25.4289 71.0045 -24.1445
v  -25.7409 71.4149 -25.4930
v  -25.6208 71.2461 -25.6535
v  -29.1580 68.2008 -25.6478
v  -25.2118 70.7487 -24.2546
v  -28.8397 67.6991 -24.2023
v  -7.3097 24.4707 60.2364
v  -11.2919 24.4727 58.1095
v  -11.1785 21.2691 58.4018
v  -7.2934 21.2724 60.6731
v  -2.6018 24.4605 61.2540
v  -2.6342 21.2672 61.6964
v  -7.1926 36.6365 53.0830
v  -29.2696 42.7525 -1.5385
v  -2.0548 70.3970 -1.6339
v  -2.9714 71.2604 -1.7146
v  -22.1599 68.2130 -12.6677
v  -26.3159 64.9521 -12.5658
v  -25.1301 37.0678 27.9488
v  -25.2113 36.0526 27.9355
v  -20.7399 36.4269 40.6471
v  -18.7555 36.2490 44.2500
v  -30.7046 44.6072 -6.3248
v  -31.0561 43.7864 -7.4704
v  -26.4536 38.0291 20.6046
v  -26.5581 36.9432 20.5881
v  -28.5229 58.8787 -11.6117
v  -15.8913 36.1397 47.9794
v  -10.1551 36.1111 52.7333
v  -12.9620 34.7124 51.8109
v  -10.2078 34.8466 53.4740
v  -12.7004 36.6824 50.4823
v  -22.5845 62.9177 -49.9715
v  -22.5845 62.5193 -47.9685
v  -32.7236 62.5193 -47.9685
v  -32.7236 62.9177 -49.9715
v  -22.5845 64.0524 -51.6697
v  -32.7236 64.0524 -51.6697
v  -22.5845 65.7505 -52.8043
v  -32.7236 65.7505 -52.8043
v  -22.5845 67.7536 -53.2027
v  -32.7236 67.7536 -53.2027
v  -22.5845 69.7567 -52.8043
v  -32.7236 69.7567 -52.8043
v  -22.5845 71.4548 -51.6697
v  -32.7236 71.4548 -51.6697
v  -22.5845 72.5894 -49.9715
v  -32.7236 72.5894 -49.9715
v  -22.5845 72.9879 -47.9685
v  -32.7236 72.9879 -47.9685
v  -22.5845 72.5894 -45.9654
v  -32.7236 72.5894 -45.9654
v  -22.5845 71.4548 -44.2673
v  -32.7236 71.4548 -44.2673
v  -22.5845 69.7567 -43.1326
v  -32.7236 69.7567 -43.1326
v  -22.5845 67.7536 -42.7342
v  -32.7236 67.7536 -42.7342
v  -22.5845 65.7505 -43.1326
v  -32.7236 65.7505 -43.1326
v  -22.5845 64.0524 -44.2673
v  -32.7236 64.0524 -44.2673
v  -22.5845 62.9177 -45.9654
v  -32.7236 62.9177 -45.9654
v  -34.7410 62.9177 -49.9715
v  -34.7410 62.5193 -47.9685
v  -36.2973 64.2273 -47.9685
v  -36.2973 64.4957 -49.3179
v  -34.7410 64.0524 -51.6697
v  -36.2973 65.2601 -50.4620
v  -34.7410 65.7505 -52.8043
v  -36.2973 66.4041 -51.2264
v  -34.7410 67.7536 -53.2027
v  -36.2973 67.7536 -51.4948
v  -34.7410 69.7567 -52.8043
v  -36.2973 69.1030 -51.2264
v  -34.7410 71.4548 -51.6697
v  -36.2973 70.2471 -50.4619
v  -34.7410 72.5894 -49.9715
v  -36.2973 71.0115 -49.3179
v  -34.7410 72.9879 -47.9685
v  -36.2973 71.2799 -47.9685
v  -34.7410 72.5894 -45.9654
v  -36.2973 71.0115 -46.6190
v  -34.7410 71.4548 -44.2673
v  -36.2973 70.2471 -45.4750
v  -34.7410 69.7567 -43.1326
v  -36.2973 69.1030 -44.7106
v  -34.7410 67.7536 -42.7342
v  -36.2973 67.7536 -44.4422
v  -34.7410 65.7505 -43.1326
v  -36.2973 66.4041 -44.7106
v  -34.7410 64.0524 -44.2673
v  -36.2973 65.2601 -45.4750
v  -34.7410 62.9177 -45.9654
v  -36.2973 64.4957 -46.6190
v  -36.2973 67.7536 -47.9685
v  -32.0595 18.0800 -68.9844
v  -32.0595 23.4432 -68.9844
v  -33.3196 23.4432 -73.5199
v  -33.3196 18.0800 -73.5199
v  -33.5656 21.8127 -78.3031
v  -33.5656 23.4277 -78.3031
v  -28.4463 23.4277 -82.1284
v  -28.4463 21.8127 -82.1284
v  -10.3059 18.0800 -77.9758
v  -10.3059 18.0800 -83.3332
v  -10.3059 23.4432 -77.9758
v  -19.9173 21.8127 -85.4399
v  -19.9173 23.4277 -85.4399
v  -10.4288 23.4277 -88.1151
v  -10.4288 21.8127 -88.1151
v  -19.6714 18.0800 -80.6676
v  -19.6714 18.0800 -75.3102
v  -27.4676 18.0800 -72.1450
v  -28.2003 18.0800 -77.3457
v  -19.6714 23.4432 -75.3102
v  -27.4676 23.4432 -72.1450
v  -16.7364 19.8554 -76.3184
v  -16.7364 19.8554 -56.9722
v  -19.6254 19.8554 -56.9722
v  -19.6254 19.8554 -76.3184
v  -19.6254 22.8373 -56.9722
v  -19.6254 22.8373 -76.3184
v  -16.7364 22.8373 -56.9722
v  -16.7364 22.8373 -76.3184
v  -27.9570 23.4354 -77.1367
v  -10.3674 23.4354 -83.0455
v  -19.7944 23.4354 -80.3751
v  -36.1290 50.4217 44.5361
v  -37.7871 50.4217 43.8106
v  -37.5650 49.5927 43.8106
v  -36.9581 48.9857 43.8106
v  -36.1290 48.7636 43.8106
v  -35.2999 48.9857 43.8106
v  -34.6930 49.5927 43.8106
v  -34.4709 50.4217 43.8106
v  -34.6930 51.2508 43.8106
v  -35.2999 51.8577 43.8106
v  -36.1290 52.0798 43.8106
v  -36.9581 51.8577 43.8106
v  -37.5650 51.2508 43.8106
v  -39.1534 48.6756 41.4858
v  -39.6213 50.4217 41.4858
v  -40.3081 50.4217 37.4985
v  -39.7482 48.3321 37.4985
v  -37.8752 47.3973 41.4858
v  -38.2186 46.8025 37.4985
v  -36.1290 46.9294 41.4858
v  -36.1290 46.2426 37.4985
v  -34.3828 47.3973 41.4858
v  -34.0394 46.8025 37.4985
v  -33.1046 48.6756 41.4858
v  -32.5098 48.3321 37.4985
v  -32.6367 50.4217 41.4858
v  -31.9499 50.4217 37.4985
v  -33.1046 52.1679 41.4858
v  -32.5098 52.5113 37.4985
v  -34.3828 53.4462 41.4858
v  -34.0394 54.0410 37.4985
v  -36.1290 53.9140 41.4858
v  -36.1290 54.6009 37.4985
v  -37.8752 53.4462 41.4858
v  -38.2186 54.0410 37.4985
v  -39.1534 52.1679 41.4858
v  -39.7482 52.5113 37.4985
v  -35.6894 44.6785 43.6742
v  -35.6894 47.0544 41.4740
v  -36.5445 47.0544 41.4740
v  -36.5445 44.6785 43.6742
v  -36.5445 47.0544 39.1810
v  -36.5445 44.6785 41.3813
v  -35.6894 47.0544 39.1810
v  -35.6894 44.6785 41.3813
v  -35.3108 64.9599 -47.9685
v  -41.0122 64.9599 -47.9685
v  -41.0122 65.7782 -49.9439
v  -35.3108 65.7782 -49.9439
v  -41.0122 67.7536 -50.7621
v  -35.3108 67.7536 -50.7621
v  -41.0122 69.7290 -49.9439
v  -35.3108 69.7290 -49.9439
v  -41.0122 70.5472 -47.9685
v  -35.3108 70.5472 -47.9685
v  -41.0122 69.7290 -45.9931
v  -35.3108 69.7290 -45.9931
v  -41.0122 67.7536 -45.1748
v  -35.3108 67.7536 -45.1748
v  -41.0122 65.7782 -45.9931
v  -35.3108 65.7782 -45.9931
v  -50.5956 64.5918 -47.9685
v  -50.5956 68.0690 -47.9685
v  -48.9488 68.0690 -51.9443
v  -48.9488 64.5918 -51.9443
v  -44.9729 68.0690 -53.5912
v  -44.9729 64.5918 -53.5912
v  -40.9970 68.0690 -51.9443
v  -40.9970 64.5918 -51.9443
v  -39.3502 68.0690 -47.9685
v  -39.3502 64.5918 -47.9685
v  -40.9970 68.0690 -43.9926
v  -40.9970 64.5918 -43.9926
v  -44.9729 68.0690 -42.3458
v  -44.9729 64.5918 -42.3458
v  -48.9488 68.0690 -43.9926
v  -48.9488 64.5918 -43.9926
v  -49.4087 63.4537 -47.9685
v  -48.1095 63.4537 -44.8318
v  -48.5164 71.5462 -51.5120
v  -49.9841 71.5462 -47.9685
v  -44.9729 71.5462 -47.9685
v  -44.9729 71.5462 -52.9797
v  -41.4294 71.5462 -51.5120
v  -39.9616 71.5462 -47.9685
v  -41.4294 71.5462 -44.4250
v  -44.9729 71.5462 -42.9572
v  -48.5164 71.5462 -44.4250
v  -31.5869 65.4233 -40.0022
v  -31.3518 65.2544 -30.7597
v  -32.9089 61.3867 -39.8889
v  -34.4971 52.8499 -39.2449
v  -33.5983 56.2461 -28.4477
v  -33.3521 57.9838 -35.2173
v  -33.8749 55.2847 -32.4936
v  -30.0681 68.1735 -23.0084
v  -31.6561 65.2708 -40.5653
v  -32.8646 61.3591 -38.3410
v  -30.9783 63.6301 -37.8370
v  -31.8617 60.9034 -36.3573
v  -31.7199 60.6824 -30.9710
v  -30.8074 63.5073 -31.7042
v  -32.3831 57.4958 -30.0825
v  -32.2859 58.6658 -34.6997
v  -34.3978 53.4096 -28.7029
v  -34.2471 51.8224 -18.5753
v  -31.7983 64.5267 -38.7291
v  -31.5953 64.3808 -31.2320
v  -32.7020 60.9547 -30.3427
v  -32.6528 61.2270 -29.7144
v  -33.5064 57.0245 -29.2651
v  -33.3347 58.4783 -34.7680
v  -32.7704 61.4206 -37.6803
v  -32.8317 61.2283 -36.7896
v  -9.1733 74.4841 -55.8277
v  -19.7610 72.2934 -55.7222
v  -10.0140 42.6033 -80.2117
v  -19.7281 57.4055 -78.8710
v  -19.7399 51.0796 -79.1378
v  -19.7514 42.6075 -77.7291
v  -19.7575 69.6361 -68.8481
v  -19.7450 66.5630 -73.7267
v  -19.7267 61.9137 -76.9042
v  -20.1176 72.8745 -55.6826
v  -34.9363 28.1152 -6.8159
v  -34.5784 25.1182 -5.0509
v  -34.4230 28.1183 -6.4056
v  -7.2270 80.6899 -24.1778
v  -34.6910 39.7699 -12.3811
v  -35.1646 39.5410 -12.6420
v  -34.2688 45.5987 -15.2204
v  -34.7680 45.2814 -15.4460
v  -35.1446 40.1863 -12.9631
v  -8.0980 76.6159 -22.6749
v  -19.5944 73.9863 -22.7212
v  -24.8975 71.6386 -22.6617
v  -29.6810 67.8993 -22.6385
v  -31.9900 60.9645 -20.9818
v  -8.1861 79.7514 -23.8321
v  -33.8461 51.4335 -18.0626
v  -19.7495 74.4435 -23.0781
v  -32.4425 61.0959 -21.3627
v  -35.6732 40.8638 -23.8437
v  -8.0114 72.6349 -14.7651
v  -4.0057 72.7049 -14.7641
v  -22.3524 68.6097 -13.0855
v  -22.2561 68.4113 -12.8766
v  -21.8186 68.6069 -12.8824
v  -22.5071 69.1482 -14.8017
v  -27.2944 39.3775 13.2630
v  -29.5698 42.5819 -1.5199
v  -7.1927 36.5067 53.4939
v  -19.0362 36.1131 44.2870
v  -21.0182 36.2851 40.6702
v  -22.6431 36.6024 35.9836
v  -29.9439 50.6517 -9.1978
v  -28.8309 58.9303 -11.8063
v  -16.0577 34.8366 49.1047
v  -26.5178 65.1598 -12.7760
v  -24.8347 37.1993 27.9505
v  -30.3742 44.7135 -6.1765
v  -26.1551 38.1698 20.6068
v  -10.1483 36.2270 52.3306
v  -18.0076 57.2569 28.1927
v  -16.9873 52.0275 36.7407
v  -14.4915 53.0662 37.2724
v  -15.3237 58.6008 28.3495
v  -16.3300 45.9357 42.6347
v  -15.9775 40.4899 46.4143
v  -13.5488 41.0400 47.9127
v  -13.8529 46.7922 43.6393
v  -15.7820 61.3830 21.1824
v  -16.2403 63.5468 14.0154
v  -18.7107 59.9623 20.9961
v  -17.3899 67.7051 -2.3969
v  -20.8966 66.2448 -2.6623
v  -19.4139 62.0492 13.7994
v  -15.8156 36.0451 48.5972
v  -13.0662 36.5666 50.6693
v  -18.1737 70.0002 -12.8303
v  -7.9920 72.0448 -12.7717
v  -7.9942 72.2502 -13.0002
v  -7.1636 65.9358 13.6432
v  -15.8678 68.2579 -2.1210
v  -16.5855 70.3060 -11.5404
v  -17.7680 69.8943 -12.6004
v  -8.0381 72.0063 -11.4902
v  -7.9897 71.8394 -12.5431
v  -4.0191 72.0631 -11.4883
v  -3.9949 71.9012 -12.5410
v  -35.0485 47.6307 -30.4954
v  -33.7934 56.1287 -55.0216
v  -33.5162 57.6386 -35.7733
v  -35.7341 40.8119 -24.8841
v  -35.6352 41.4728 -24.3654
v  -35.1027 47.0089 -30.0441
v  -34.5138 52.7146 -28.8439
v  -34.4070 23.5881 -9.1834
v  -35.0695 24.4938 -13.3720
v  -34.8638 22.7690 -12.6780
v  -33.8626 19.1243 -1.5209
v  -31.1867 67.6524 -55.7105
v  -33.4397 60.8251 -55.3236
v  -34.1055 56.8949 -55.2850
v  -19.7609 72.2631 -55.9141
v  -8.0266 76.1424 -52.1152
v  -8.0266 77.2756 -43.1886
v  -8.0266 76.7090 -47.6519
v  -9.7972 77.2075 -30.5022
v  -9.5334 76.7614 -24.0941
v  -19.7731 74.5042 -24.1191
v  -24.2675 72.5108 -24.0704
v  -24.6682 72.7671 -30.7332
v  -20.1508 74.8405 -38.3374
v  -19.8994 74.9114 -40.0420
v  -19.7187 75.0389 -39.0648
v  -10.1482 77.4074 -39.0004
v  -9.9080 76.6948 -30.5067
v  -10.2519 76.8924 -38.8470
v  -19.7664 74.5995 -38.7585
v  -19.7195 74.0411 -24.2867
v  -9.6517 76.2595 -24.2631
v  -24.0597 72.1149 -24.2390
v  -24.4491 72.3659 -30.6954
v  -3.9971 72.3137 -12.9983
v  -4.1180 73.1157 -10.4010
v  -3.9960 72.1075 -12.7696
v  -2.7468 73.3618 -9.3947
v  -1.8390 71.1989 -1.6335
v  -3.1132 71.8082 -9.4240
v  -20.1502 73.9202 -48.0164
v  -19.9383 74.2937 -40.2515
v  -8.4027 80.8798 -23.6723
v  -8.2387 80.6048 -19.9738
v  -8.8114 80.8409 -30.2043
v  -8.4710 80.8904 -24.6442
v  -9.1003 79.7531 -36.0262
v  -8.0931 80.5671 -24.1848
v  -34.2205 22.1213 -3.2859
v  -35.7510 25.1604 -14.7031
v  -34.2530 22.2980 -3.7526
v  -35.4342 22.3956 -13.3992
v  -35.6803 25.0313 -14.4397
v  -34.5637 24.9691 -5.2579
v  -33.7454 22.6828 -5.0431
v  -34.0089 24.4325 -6.0849
v  -30.3815 68.2656 -40.2598
v  -25.9952 72.0084 -40.2596
v  -31.2885 65.2919 -40.2585
v  -33.6342 54.9875 -32.7245
v  -34.1296 52.9865 -28.7332
v  -32.3795 61.2036 -38.0952
v  -33.1388 57.8125 -35.6488
v  -34.0150 54.7646 -32.8421
v  -34.3295 51.2152 -18.3375
v  -7.8855 74.3375 -47.1771
v  -7.8881 74.3434 -46.6680
v  -7.9978 76.2085 -45.6308
v  -7.9973 76.2023 -46.1660
v  -7.8855 74.3375 -51.4496
v  -7.8881 74.3434 -50.9405
v  -7.9978 76.2085 -49.9033
v  -7.9973 76.2023 -50.4385
v  -7.8855 74.3375 -49.3188
v  -7.8881 74.3434 -48.8097
v  -7.9978 76.2085 -47.7725
v  -7.9973 76.2023 -48.3078
v  -7.8855 74.3375 -45.1233
v  -7.8881 74.3434 -44.6142
v  -7.9978 76.2085 -43.5770
v  -7.9973 76.2023 -44.1122
v  -34.7162 45.9820 -15.7874
v  -34.4710 47.2273 -30.3657
v  -34.8224 41.0938 -24.1096
v  -50.5956 70.9812 -47.9685
v  -48.9488 70.9812 -51.9443
v  -44.9729 70.9812 -53.5912
v  -40.9970 70.9812 -51.9443
v  -39.3502 70.9812 -47.9685
v  -40.9970 70.9812 -43.9926
v  -44.9729 70.9812 -42.3458
v  -48.9488 70.9812 -43.9926
v  -34.0968 62.9177 -49.9715
v  -34.0968 62.5193 -47.9685
v  -34.0968 64.0524 -51.6697
v  -34.0968 65.7505 -52.8043
v  -34.0968 67.7536 -53.2027
v  -34.0968 69.7567 -52.8043
v  -34.0968 71.4548 -51.6697
v  -34.0968 72.5894 -49.9715
v  -34.0968 72.9879 -47.9685
v  -34.0968 72.5894 -45.9654
v  -34.0968 71.4548 -44.2673
v  -34.0968 69.7567 -43.1326
v  -34.0968 67.7536 -42.7342
v  -34.0968 65.7505 -43.1326
v  -34.0968 64.0524 -44.2673
v  -34.0968 62.9177 -45.9654
v  -3.0747 31.8235 60.7857
v  -22.5777 31.2865 41.5631
v  -24.5222 31.5913 36.2105
v  -26.5428 32.1370 28.0235
v  -27.8338 32.9689 20.6989
v  -28.8644 34.7009 13.3620
v  -31.6437 38.5334 -4.9495
v  -17.7519 31.8217 49.5813
v  -16.2174 32.2545 52.7234
v  -3.0302 31.4096 60.6555
v  -11.4406 32.7945 57.3736
v  -7.6698 32.8666 59.4211
v  -15.6496 32.1193 53.6628
v  -14.9036 32.7279 54.9185
v  -22.2907 31.5597 41.4185
v  -19.8697 31.3738 46.0210
v  -24.2114 31.8675 36.1166
v  -26.2338 32.4235 27.9597
v  -27.5238 33.2603 20.6367
v  -28.6326 34.3345 13.3137
v  -30.7968 37.1879 -0.8224
v  -31.3563 38.9573 -5.2602
v  -17.5580 31.4516 49.5256
v  -15.9832 31.8863 52.6963
v  -39.7962 48.3045 36.8424
v  -40.3635 50.4217 36.8424
v  -40.3610 50.4217 35.7504
v  -39.7940 48.3057 35.7504
v  -38.2462 46.7545 36.8424
v  -38.2450 46.7567 35.7504
v  -36.1290 46.1872 36.8424
v  -36.1290 46.1898 35.7504
v  -34.0118 46.7545 36.8424
v  -34.0130 46.7567 35.7504
v  -32.4618 48.3045 36.8424
v  -32.4640 48.3057 35.7504
v  -31.8945 50.4217 36.8424
v  -31.8971 50.4217 35.7504
v  -32.4618 52.5390 36.8424
v  -32.4640 52.5377 35.7504
v  -34.0118 54.0889 36.8424
v  -34.0130 54.0867 35.7504
v  -36.1290 54.6562 36.8424
v  -36.1290 54.6537 35.7504
v  -38.2462 54.0889 36.8424
v  -38.2450 54.0867 35.7504
v  -39.7962 52.5390 36.8424
v  -39.7940 52.5377 35.7504
v  -40.0574 50.4217 37.1468
v  -39.5311 48.4575 37.1468
v  -38.0932 47.0196 37.1468
v  -36.1290 46.4933 37.1468
v  -34.1648 47.0196 37.1468
v  -32.7269 48.4575 37.1468
v  -32.2006 50.4217 37.1468
v  -32.7269 52.3859 37.1468
v  -34.1648 53.8238 37.1468
v  -36.1290 54.3501 37.1468
v  -38.0932 53.8238 37.1468
v  -39.5311 52.3859 37.1468
v  -38.4061 49.1070 43.1042
v  -38.7584 50.4217 43.1042
v  -39.3650 50.4217 42.4288
v  -38.9314 48.8037 42.4288
v  -37.4437 48.1446 43.1042
v  -37.7470 47.6193 42.4288
v  -36.1290 47.7923 43.1042
v  -36.1290 47.1858 42.4288
v  -34.8143 48.1446 43.1042
v  -34.5110 47.6193 42.4288
v  -33.8519 49.1070 43.1042
v  -33.3266 48.8037 42.4288
v  -33.4996 50.4217 43.1042
v  -32.8930 50.4217 42.4288
v  -33.8519 51.7364 43.1042
v  -33.3266 52.0397 42.4288
v  -34.8143 52.6988 43.1042
v  -34.5110 53.2241 42.4288
v  -36.1290 53.0511 43.1042
v  -36.1290 53.6577 42.4288
v  -37.4437 52.6988 43.1042
v  -37.7470 53.2241 42.4288
v  -38.4061 51.7364 43.1042
v  -38.9314 52.0397 42.4288
v  -33.4102 63.1352 -47.9685
v  -33.4102 63.4868 -49.7358
v  -33.4102 64.4879 -51.2341
v  -33.4102 65.9862 -52.2353
v  -33.4102 67.7536 -52.5868
v  -33.4102 69.5210 -52.2353
v  -33.4102 71.0193 -51.2341
v  -33.4102 72.0204 -49.7358
v  -33.4102 72.3719 -47.9685
v  -33.4102 72.0204 -46.2011
v  -33.4102 71.0193 -44.7028
v  -33.4102 69.5210 -43.7017
v  -33.4102 67.7536 -43.3501
v  -33.4102 65.9862 -43.7017
v  -33.4102 64.4879 -44.7028
v  -33.4102 63.4868 -46.2011
v  -9.9277 33.3455 -76.6868
v  -17.5477 74.4357 -18.7826
v  -17.6253 74.7320 -21.4952
v  -13.7280 74.5660 -20.2723
v  -10.8926 75.3347 -21.3403
v  -16.6675 74.0719 -21.3750
v  -10.8039 75.0581 -19.1807
v  -16.6051 73.8331 -19.1893
v  -31.8402 19.8720 17.1610
v  -35.9076 19.8720 17.1610
v  -35.9076 26.3268 18.0113
v  -31.8402 26.3268 18.0113
v  -35.9076 32.3457 20.5044
v  -31.8402 32.3457 20.5044
v  -35.9076 37.5141 24.4703
v  -31.8402 37.5141 24.4703
v  -35.9046 41.7029 30.1768
v  -31.8402 41.4800 29.6388
v  -36.5943 43.9731 35.6576
v  -31.8402 43.9731 35.6575
v  -36.5943 44.8234 42.1165
v  -31.8402 44.8234 42.1165
v  -36.5943 43.9731 48.5755
v  -31.8402 43.9731 48.5755
v  -36.0109 41.7029 54.0563
v  -31.8402 41.4800 54.5943
v  -35.9076 37.5141 59.7628
v  -31.8402 37.5141 59.7628
v  -35.9076 32.3457 63.7287
v  -31.8402 32.3457 63.7287
v  -35.9076 26.3269 66.2218
v  -31.8402 26.3269 66.2218
v  -35.9076 19.8720 67.0721
v  -31.8402 19.8720 67.0721
v  -35.9076 14.0495 66.3486
v  -31.8402 14.0495 66.3486
v  -31.8402 14.0495 17.8845
v  -35.9076 14.0495 17.8845
v  -46.0667 19.8679 62.1425
v  -46.0667 14.6848 61.4602
v  -46.0667 14.4856 62.9733
v  -46.0667 19.8679 63.6687
v  -46.0667 25.0510 61.4602
v  -46.0667 25.4460 62.9343
v  -46.0667 29.8809 59.4596
v  -46.0667 30.6440 60.7813
v  -46.0667 34.0284 56.2771
v  -46.0667 35.1076 57.3562
v  -46.0667 37.2109 52.1295
v  -46.0667 38.5326 52.8926
v  -46.0667 39.2115 47.2996
v  -46.0667 40.6857 47.6946
v  -46.0667 39.8939 42.1165
v  -46.0667 41.4201 42.1165
v  -46.0667 39.2115 36.9334
v  -46.0667 40.6857 36.5384
v  -46.0667 37.2109 32.1035
v  -46.0667 38.5326 31.3405
v  -46.0667 34.0284 27.9560
v  -46.0667 35.1076 26.8769
v  -46.0667 29.8809 24.7735
v  -46.0667 30.6440 23.4518
v  -46.0667 25.0510 22.7729
v  -46.0667 25.4460 21.2987
v  -46.0667 19.8679 22.0905
v  -46.0667 19.8679 20.5644
v  -46.0667 14.6848 22.7729
v  -46.0667 14.4856 21.2598
v  -27.1397 19.8679 20.5644
v  -27.1397 25.4460 21.2987
v  -27.1397 25.4460 62.9343
v  -27.1397 19.8679 63.6687
v  -27.1397 30.6440 23.4518
v  -27.1397 35.1076 26.8769
v  -27.1397 38.5326 31.3405
v  -27.1397 40.6857 36.5384
v  -27.1397 41.4201 42.1165
v  -27.1397 40.6857 47.6947
v  -27.1397 38.5326 52.8926
v  -27.1397 35.1076 57.3562
v  -27.1397 30.6440 60.7813
v  -27.1397 14.4856 62.9733
v  -41.3483 14.0495 66.3486
v  -41.3483 19.8720 67.0721
v  -41.3483 26.3269 66.2217
v  -41.3483 32.3457 63.7287
v  -41.3483 37.5141 59.7628
v  -41.3483 41.4800 54.5943
v  -41.9068 43.5840 48.4712
v  -41.9068 44.4206 42.1165
v  -41.9068 43.5840 35.7618
v  -41.3483 41.4800 29.6388
v  -41.3483 37.5141 24.4703
v  -41.3483 32.3457 20.5044
v  -41.3483 26.3269 18.0113
v  -41.3483 19.8720 17.1610
v  -41.3483 14.0495 17.8845
v  -27.1397 14.4856 21.2598
v  -27.9737 20.5666 62.6919
v  -27.9737 15.2414 61.9908
v  -27.9737 25.8919 61.9908
v  -27.9737 30.8543 59.9353
v  -27.9737 35.1156 56.6655
v  -27.9737 38.3854 52.4042
v  -27.9737 40.4409 47.4418
v  -27.9737 41.1420 42.1165
v  -27.9737 40.4409 36.7912
v  -27.9737 38.3854 31.8288
v  -27.9737 35.1156 27.5676
v  -27.9737 30.8543 24.2978
v  -27.9737 25.8919 22.2423
v  -27.9737 20.5667 21.5412
v  -27.9737 15.2414 22.2423
v  -36.5943 14.1266 18.5055
v  -36.5943 14.1266 65.7276
v  -37.2809 26.3268 18.0113
v  -37.2809 19.8720 17.1610
v  -37.2809 32.3457 20.5044
v  -37.2809 37.5141 24.4703
v  -37.3582 41.4800 29.6388
v  -40.5844 43.9731 35.6576
v  -40.6617 44.8234 42.1165
v  -40.5844 43.9731 48.5755
v  -37.2809 37.5141 59.7628
v  -37.3582 41.4800 54.5943
v  -37.2809 32.3457 63.7287
v  -37.2809 26.3269 66.2218
v  -37.2809 19.8720 67.0721
v  -37.2809 14.0495 66.3486
v  -37.2809 14.0495 17.8845
v  -36.5943 19.8697 17.7868
v  -36.5943 26.1649 18.6158
v  -36.5943 32.0328 21.0463
v  -36.5943 37.0716 24.9128
v  -36.5943 40.9381 29.9517
v  -36.5943 40.9381 54.2814
v  -36.5943 37.0716 59.3203
v  -36.5943 32.0328 63.1868
v  -36.5943 26.1649 65.6173
v  -36.5943 19.8697 66.4463
v  -41.2507 43.3766 48.4136
v  -41.1557 44.2281 42.1165
v  -41.2507 43.3766 35.8195
v  -38.6953 19.8719 -72.9040
v  -42.7627 19.8720 -72.9040
v  -42.7627 26.3268 -72.0536
v  -38.6953 26.3268 -72.0536
v  -42.7627 32.3456 -69.5606
v  -38.6953 32.3456 -69.5606
v  -42.7627 37.5141 -65.5947
v  -38.6953 37.5141 -65.5947
v  -42.7597 41.7029 -59.8881
v  -38.6953 41.4800 -60.4262
v  -43.4493 43.9731 -54.4074
v  -38.6953 43.9731 -54.4074
v  -43.4493 44.8234 -47.9484
v  -38.6953 44.8234 -47.9485
v  -43.4493 43.9731 -41.4895
v  -38.6953 43.9731 -41.4895
v  -42.8660 41.7029 -36.0087
v  -38.6953 41.4800 -35.4706
v  -42.7627 37.5141 -30.3022
v  -38.6953 37.5141 -30.3022
v  -42.7627 32.3457 -26.3363
v  -38.6953 32.3456 -26.3363
v  -42.7627 26.3268 -23.8432
v  -38.6953 26.3268 -23.8432
v  -42.7627 19.8720 -22.9929
v  -38.6953 19.8719 -22.9929
v  -42.7627 14.0494 -23.7164
v  -38.6953 14.0494 -23.7164
v  -38.6953 14.0494 -72.1805
v  -42.7627 14.0494 -72.1805
v  -52.9218 19.8679 -27.9224
v  -52.9218 14.6848 -28.6048
v  -52.9218 14.4856 -27.0917
v  -52.9218 19.8679 -26.3963
v  -52.9218 25.0510 -28.6048
v  -52.9218 25.4460 -27.1306
v  -52.9218 29.8809 -30.6054
v  -52.9218 30.6440 -29.2837
v  -52.9218 34.0284 -33.7879
v  -52.9218 35.1076 -32.7087
v  -52.9218 37.2109 -37.9354
v  -52.9218 38.5326 -37.1723
v  -52.9218 39.2115 -42.7653
v  -52.9218 40.6857 -42.3703
v  -52.9218 39.8939 -47.9484
v  -52.9218 41.4201 -47.9484
v  -52.9218 39.2115 -53.1315
v  -52.9218 40.6857 -53.5266
v  -52.9218 37.2109 -57.9614
v  -52.9218 38.5326 -58.7245
v  -52.9218 34.0284 -62.1089
v  -52.9218 35.1076 -63.1881
v  -52.9218 29.8809 -65.2915
v  -52.9218 30.6440 -66.6132
v  -52.9218 25.0510 -67.2921
v  -52.9218 25.4460 -68.7662
v  -52.9218 19.8679 -67.9744
v  -52.9218 19.8679 -69.5006
v  -52.9218 14.6848 -67.2921
v  -52.9218 14.4856 -68.8052
v  -33.9948 19.8679 -69.5006
v  -33.9948 25.4460 -68.7662
v  -33.9948 25.4460 -27.1306
v  -33.9948 19.8679 -26.3962
v  -33.9948 30.6440 -66.6132
v  -33.9948 35.1076 -63.1881
v  -33.9948 38.5326 -58.7245
v  -33.9948 40.6857 -53.5266
v  -33.9948 41.4201 -47.9485
v  -33.9948 40.6857 -42.3703
v  -33.9948 38.5326 -37.1723
v  -33.9948 35.1076 -32.7087
v  -33.9948 30.6440 -29.2837
v  -33.9948 14.4856 -27.0917
v  -48.2034 14.0494 -23.7164
v  -48.2034 19.8720 -22.9929
v  -48.2034 26.3268 -23.8432
v  -48.2034 32.3457 -26.3363
v  -48.2034 37.5141 -30.3022
v  -48.2034 41.4800 -35.4706
v  -48.7619 43.5840 -41.5937
v  -48.7619 44.4206 -47.9484
v  -48.7619 43.5840 -54.3031
v  -48.2034 41.4800 -60.4262
v  -48.2034 37.5141 -65.5947
v  -48.2034 32.3456 -69.5606
v  -48.2034 26.3268 -72.0536
v  -48.2034 19.8720 -72.9040
v  -48.2034 14.0494 -72.1805
v  -33.9948 14.4856 -68.8052
v  -34.8288 20.5666 -27.3731
v  -34.8288 15.2413 -28.0742
v  -34.8288 25.8919 -28.0742
v  -34.8288 30.8543 -30.1297
v  -34.8288 35.1156 -33.3995
v  -34.8288 38.3854 -37.6608
v  -34.8288 40.4409 -42.6232
v  -34.8288 41.1420 -47.9485
v  -34.8288 40.4409 -53.2737
v  -34.8288 38.3854 -58.2361
v  -34.8288 35.1156 -62.4974
v  -34.8288 30.8543 -65.7672
v  -34.8288 25.8919 -67.8227
v  -34.8288 20.5666 -68.5238
v  -34.8288 15.2414 -67.8227
v  -43.4493 14.1266 -71.5595
v  -43.4493 14.1266 -24.3373
v  -44.1359 26.3268 -72.0536
v  -44.1359 19.8720 -72.9040
v  -44.1359 32.3456 -69.5606
v  -44.1359 37.5141 -65.5947
v  -44.2133 41.4800 -60.4262
v  -47.4394 43.9731 -54.4074
v  -47.5168 44.8234 -47.9484
v  -47.4394 43.9731 -41.4895
v  -44.1359 37.5141 -30.3022
v  -44.2133 41.4800 -35.4706
v  -44.1359 32.3457 -26.3363
v  -44.1359 26.3268 -23.8432
v  -44.1359 19.8720 -22.9929
v  -44.1359 14.0494 -23.7164
v  -44.1359 14.0494 -72.1805
v  -43.4493 19.8697 -72.2782
v  -43.4493 26.1649 -71.4492
v  -43.4493 32.0328 -69.0186
v  -43.4493 37.0716 -65.1522
v  -43.4493 40.9381 -60.1133
v  -43.4493 40.9381 -35.7835
v  -43.4493 37.0716 -30.7447
v  -43.4493 32.0328 -26.8782
v  -43.4493 26.1649 -24.4477
v  -43.4493 19.8697 -23.6186
v  -48.1058 43.3765 -41.6514
v  -48.0107 44.2280 -47.9484
v  -48.1058 43.3765 -54.2455
v  -6.9633 65.5794 12.9225
v  -15.2910 67.8300 -2.0937
v  -15.9700 69.7628 -11.0257
v  -3.9426 71.3960 -10.9442
v  -8.0330 71.3425 -10.9524
v  -44.9729 63.4537 -43.5326
v  -41.8363 63.4537 -44.8318
v  -40.5370 63.4537 -47.9685
v  -44.9729 62.4250 -47.9685
v  -48.1095 63.4537 -51.1051
v  -44.9729 63.4537 -52.4043
v  -41.8363 63.4537 -51.1051
v  -39.3759 52.2963 35.7504
v  -39.8782 50.4217 35.7504
v  -36.1290 54.1709 35.7504
v  -38.0036 53.6686 35.7504
v  -32.8821 48.5471 35.7504
v  -32.3798 50.4217 35.7504
v  -32.8821 52.2963 35.7504
v  -34.2544 53.6686 35.7504
v  -39.3759 48.5471 35.7504
v  -38.0036 47.1748 35.7504
v  -36.1290 46.6725 35.7504
v  -34.2544 47.1748 35.7504
v  -39.6638 50.4217 36.2306
v  -39.1902 52.1891 36.2306
v  -36.1290 50.4217 35.8025
v  -37.8964 53.4829 36.2306
v  -36.1290 53.9565 36.2306
v  -32.5942 50.4217 36.2306
v  -33.0678 48.6543 36.2306
v  -33.0678 52.1891 36.2306
v  -34.3616 53.4829 36.2306
v  -39.1902 48.6543 36.2306
v  -37.8964 47.3605 36.2306
v  -36.1290 46.8869 36.2306
v  -34.3616 47.3605 36.2306
v  -5.1247 68.8767 3.8892
v  -0.7908 67.9974 7.6152
v  -0.7908 68.8954 4.0123
v  -48.7136 71.5462 -47.9685
v  -48.7136 76.0611 -47.9685
v  -47.6180 76.0611 -50.6136
v  -47.6180 71.5462 -50.6136
v  -44.9729 76.0611 -51.7092
v  -44.9729 71.5462 -51.7092
v  -42.3278 76.0611 -50.6136
v  -42.3278 71.5462 -50.6136
v  -41.2321 76.0611 -47.9685
v  -41.2321 71.5462 -47.9685
v  -42.3278 76.0611 -45.3234
v  -42.3278 71.5462 -45.3234
v  -44.9729 76.0611 -44.2277
v  -44.9729 71.5462 -44.2277
v  -47.6180 76.0611 -45.3234
v  -47.6180 71.5462 -45.3234
v  -48.9488 71.5462 -51.9443
v  -50.5956 71.5462 -47.9685
v  -44.9729 71.5462 -53.5912
v  -40.9970 71.5462 -51.9443
v  -39.3502 71.5462 -47.9685
v  -40.9970 71.5462 -43.9926
v  -44.9729 71.5462 -42.3458
v  -48.9488 71.5462 -43.9926
v  -8.8293 18.6415 73.8937
v  -8.5969 17.0351 72.3933
v  -17.0589 18.6415 71.5938
v  -16.6080 17.0351 70.0934
v  -24.1259 18.6415 67.9352
v  -23.4873 17.0351 66.4348
v  -27.6815 18.6415 64.0234
v  -27.6694 17.0351 61.6669
v  -27.6695 17.0351 6.4603
v  -27.6695 20.2480 6.4603
v  -27.6694 20.2480 58.4613
v  -22.5705 20.2480 63.8654
v  -15.7885 20.2480 67.2346
v  -8.0396 20.2480 69.3067
v  -8.5969 21.9390 72.3933
v  -16.6080 21.9390 70.0934
v  -23.4873 21.9390 66.4348
v  -27.6694 21.9390 61.6669
v  -27.6693 21.9390 59.0851
v  -8.0396 21.9390 69.9305
v  -15.7885 21.9390 67.8584
v  -22.5705 21.9390 64.4892
v  -42.6729 81.5116 -18.6588
v  -43.4533 83.3062 -18.6588
v  -43.4965 83.2615 -17.8810
v  -42.7351 81.5105 -17.8810
v  -43.3901 79.6908 -18.6588
v  -43.4348 79.7340 -17.8810
v  -45.1847 78.9105 -18.6588
v  -45.1858 78.9726 -17.8810
v  -47.0055 79.6276 -18.6588
v  -46.9623 79.6723 -17.8810
v  -47.7859 81.4223 -18.6588
v  -47.7237 81.4233 -17.8810
v  -47.0687 83.2430 -18.6588
v  -47.0240 83.1999 -17.8810
v  -45.2741 84.0234 -18.6588
v  -45.2730 83.9613 -17.8810
v  -43.9204 82.8225 -10.2419
v  -45.2623 83.3511 -10.2419
v  -45.1965 79.5827 -10.2419
v  -43.8738 80.1579 -10.2419
v  -46.2764 82.1943 -16.0245
v  -46.2764 82.1943 12.8469
v  -45.4555 82.7216 12.8469
v  -45.4554 82.7216 -16.0245
v  -44.5021 82.5139 12.8469
v  -44.5021 82.5139 -16.0245
v  -43.9747 81.6929 12.8469
v  -43.9747 81.6930 -16.0245
v  -44.1824 80.7395 12.8469
v  -44.1824 80.7396 -16.0245
v  -45.0034 80.2122 12.8469
v  -45.0034 80.2123 -16.0245
v  -45.9568 80.4199 12.8469
v  -45.9568 80.4199 -16.0245
v  -46.4841 81.2409 12.8469
v  -46.4841 81.2409 -16.0245
v  -45.1313 78.8934 24.2629
v  -45.1313 78.8934 15.8664
v  -43.3403 79.7166 15.8664
v  -43.3403 79.7166 24.2629
v  -46.9798 79.5778 24.2629
v  -46.9798 79.5778 15.8664
v  -47.8029 81.3687 24.2629
v  -47.8029 81.3687 15.8664
v  -47.1186 83.2172 24.2629
v  -47.1186 83.2172 15.8664
v  -45.3276 84.0404 24.2629
v  -45.3276 84.0404 15.8664
v  -43.4791 83.3560 24.2629
v  -43.4791 83.3560 15.8664
v  -42.6560 81.5650 24.2629
v  -42.6560 81.5650 15.8664
v  -43.0405 81.5504 12.8342
v  -43.6226 79.9781 12.8342
v  -43.7407 83.0737 12.8342
v  -47.6436 78.4769 -23.9313
v  -42.6346 78.5163 -23.9313
v  -42.6812 84.4581 -23.9313
v  -47.6902 84.4187 -23.9313
v  -49.0572 84.2666 -31.1475
v  -49.0128 78.6076 -31.1475
v  -48.8094 78.7586 -27.8294
v  -48.8515 84.1188 -27.8294
v  -42.3633 85.3623 -31.1475
v  -48.0223 85.3179 -31.1475
v  -47.8713 85.1145 -27.8294
v  -42.5111 85.1566 -27.8294
v  -41.2676 78.6684 -31.1475
v  -41.3120 84.3274 -31.1475
v  -41.5154 84.1764 -27.8294
v  -41.4733 78.8162 -27.8294
v  -47.9615 77.5727 -31.1475
v  -42.3025 77.6171 -31.1475
v  -42.4535 77.8204 -27.8294
v  -47.8136 77.7784 -27.8294
v  -50.4877 74.2269 -41.6777
v  -50.4877 74.2269 -53.5937
v  -39.5984 74.3233 -53.5937
v  -39.6031 74.3230 -41.6777
v  -50.6060 94.4122 -41.6777
v  -40.0420 94.5047 -41.6777
v  -40.0118 94.5061 -53.5936
v  -50.6060 94.4122 -53.5937
v  -57.4905 78.7082 -44.6775
v  -57.5218 87.7565 -44.6775
v  -57.5224 87.8642 -50.5937
v  -57.4905 78.7082 -50.5937
v  -52.0877 75.7747 -54.5506
v  -52.1652 92.2912 -54.5506
v  -50.1261 93.7698 -54.5506
v  -50.0184 74.8648 -54.5506
v  -52.7595 75.1984 -41.6777
v  -52.7595 75.1984 -53.5937
v  -40.0295 75.2927 -40.6984
v  -51.7680 75.2824 -40.6984
v  -50.1927 93.4362 -40.6984
v  -40.3060 93.5179 -40.6984
v  -52.8438 92.7436 -41.6777
v  -51.8583 91.9493 -40.6984
v  -37.7995 75.4547 -41.6777
v  -37.8510 93.0076 -41.6777
v  -38.8239 92.5270 -40.6984
v  -38.7839 76.3755 -40.6984
v  -37.7987 75.3440 -53.5936
v  -37.8517 93.1005 -53.5936
v  -46.8335 96.1631 -46.9233
v  -43.7429 96.1842 -46.9233
v  -43.6931 96.1845 -54.1482
v  -46.8335 96.1631 -54.1482
v  -48.1831 92.2902 -42.8454
v  -48.2436 96.4873 -44.3021
v  -48.2447 96.5765 -57.3149
v  -48.1893 92.8182 -61.8844
v  -42.2708 96.6079 -57.3149
v  -42.2154 92.8496 -61.8844
v  -42.3350 96.5183 -44.3021
v  -42.2745 92.3213 -42.8454
v  -48.3521 93.2990 -53.0219
v  -42.0421 93.3486 -53.0219
v  -42.0198 93.4001 -62.2243
v  -48.3752 93.3502 -62.2243
v  -41.9801 85.4615 -53.0219
v  -48.2902 85.4120 -53.0219
v  -48.3125 85.3604 -62.2243
v  -41.9570 85.4103 -62.2243
v  -49.5061 92.1267 -53.0219
v  -49.5577 92.1490 -62.2243
v  -49.4625 86.5660 -53.0219
v  -49.5137 86.5429 -62.2243
v  -40.8698 92.1945 -53.0219
v  -40.8185 92.2176 -62.2243
v  -40.8261 86.6338 -53.0219
v  -40.7745 86.6115 -62.2243
v  -42.7220 86.3278 -67.4123
v  -47.5620 86.2898 -67.4123
v  -47.6103 92.4327 -67.4123
v  -42.7702 92.4707 -67.4123
v  -43.2129 92.9573 -42.1712
v  -43.2593 95.7909 -43.3379
v  -47.3153 95.7678 -43.3379
v  -47.2689 92.9341 -42.1713
v  -42.8729 92.3618 -42.9382
v  -47.5960 92.3349 -42.9382
v  -47.6500 95.8735 -44.3041
v  -42.9269 95.9004 -44.3041
v  -41.8295 91.5447 -67.4123
v  -41.7960 87.2685 -67.4123
v  -48.5027 87.2158 -67.4123
v  -48.5363 91.4920 -67.4123
v  -45.3129 83.6558 12.8342
v  -45.1460 79.2780 12.8342
v  -46.7182 79.8600 12.8342
v  -46.8363 82.9557 12.8342
v  -47.4184 81.3834 12.8342
v  -46.5850 82.7760 -10.2419
v  -46.5384 80.1113 -10.2419
v  -43.3452 81.4999 -10.2419
v  -47.1136 81.4340 -10.2419
v  -42.1062 79.1484 -23.9313
v  -42.1430 83.8343 -23.9313
v  -40.4761 93.8577 -54.5506
v  -40.0996 74.9551 -54.5506
v  -38.5085 92.5413 -54.5506
v  -38.4602 75.9111 -54.5506
v  -45.1460 79.2780 27.5480
v  -43.6226 79.9781 27.5480
v  -44.0546 80.3783 27.5480
v  -45.1684 79.8664 27.5480
v  -46.7182 79.8601 27.5480
v  -46.3180 80.2920 27.5480
v  -47.4184 81.3834 27.5480
v  -46.8300 81.4059 27.5480
v  -46.8363 82.9557 27.5480
v  -46.4043 82.5555 27.5480
v  -45.3129 83.6558 27.5480
v  -45.2905 83.0674 27.5480
v  -43.7407 83.0737 27.5480
v  -44.1409 82.6418 27.5480
v  -43.0405 81.5504 27.5480
v  -43.6289 81.5279 27.5480
v  -45.2294 81.4669 8.5801
v  -49.5314 86.5349 -66.2425
v  -49.5755 92.1567 -66.2425
v  -48.3832 93.3679 -66.2425
v  -42.0121 93.4179 -66.2425
v  -40.8009 92.2256 -66.2425
v  -40.7567 86.6038 -66.2425
v  -41.9491 85.3926 -66.2425
v  -48.3202 85.3426 -66.2425
v  -52.7750 76.1990 -42.4423
v  -52.7750 76.1990 -52.8289
v  -52.8290 90.4264 -52.8310
v  -52.8445 92.8335 -53.5937
v  -52.8283 90.3029 -42.4443
v  -52.3309 76.6616 -42.8683
v  -52.3309 76.6616 -52.4030
v  -52.3816 89.9608 -52.4030
v  -52.3810 89.8432 -42.8683
v  -48.2186 83.7866 -23.9313
v  -48.1818 79.1007 -23.9313
v  -48.7975 84.0799 -26.9575
v  -48.7560 78.7983 -26.9575
v  -48.5944 78.9184 -24.3204
v  -48.6340 83.9624 -24.3204
v  -42.5500 85.1026 -26.9575
v  -47.8316 85.0611 -26.9575
v  -47.7115 84.8995 -24.3204
v  -42.6675 84.9391 -24.3204
v  -47.6511 85.4010 -32.4487
v  -42.7358 85.4396 -32.4487
v  -42.3592 85.9636 -40.9010
v  -48.0359 85.9190 -40.9010
v  -41.5273 78.8551 -26.9575
v  -41.5688 84.1367 -26.9575
v  -41.7304 84.0166 -24.3204
v  -41.6908 78.9726 -24.3204
v  -47.7748 77.8324 -26.9575
v  -42.4932 77.8739 -26.9575
v  -42.6133 78.0355 -24.3204
v  -47.6573 77.9959 -24.3204
v  -43.5078 77.9039 -33.1515
v  -46.7603 77.8739 -33.1515
v  -47.0373 77.4205 -40.2486
v  -43.2247 77.4557 -40.2486
v  -49.1113 84.3054 -32.0195
v  -48.0620 85.3713 -32.0195
v  -48.4858 85.9419 -41.3302
v  -49.6885 84.7202 -41.3302
v  -48.0003 77.5186 -32.0195
v  -49.0662 78.5679 -32.0195
v  -49.6368 78.1441 -41.3302
v  -48.4151 76.9414 -41.3302
v  -42.3245 85.4164 -32.0195
v  -41.2586 84.3671 -32.0195
v  -40.6879 84.7909 -41.3302
v  -41.9096 85.9936 -41.3302
v  -41.2135 78.6296 -32.0195
v  -42.2628 77.5637 -32.0195
v  -41.8390 76.9930 -41.3302
v  -40.6363 78.2148 -41.3302
v  -48.1641 79.0404 -27.3941
v  -48.2018 83.8471 -27.3941
v  -48.4616 84.0338 -31.5841
v  -48.4209 78.8497 -31.5841
v  -47.5894 84.4692 -27.3940
v  -42.7828 84.5069 -27.3940
v  -42.5961 84.7667 -31.5841
v  -47.7802 84.7260 -31.5841
v  -42.1607 83.8946 -27.3940
v  -42.1230 79.0879 -27.3940
v  -41.8632 78.9012 -31.5841
v  -41.9039 84.0853 -31.5841
v  -42.7353 78.4658 -27.3940
v  -47.5420 78.4281 -27.3941
v  -47.7287 78.1683 -31.5841
v  -42.5446 78.2090 -31.5841
v  -49.5175 86.5411 -63.0963
v  -49.5616 92.1507 -63.0963
v  -48.3770 93.3541 -63.0963
v  -42.0181 93.4040 -63.0963
v  -40.8147 92.2194 -63.0963
v  -40.7707 86.6098 -63.0963
v  -41.9553 85.4065 -63.0963
v  -48.3142 85.3565 -63.0963
v  -48.9370 91.8976 -62.6603
v  -48.8970 86.8040 -62.6603
v  -42.2711 92.7794 -62.6603
v  -48.1141 92.7335 -62.6603
v  -41.3953 86.8629 -62.6603
v  -41.4353 91.9565 -62.6603
v  -48.0611 85.9811 -62.6603
v  -42.2181 86.0270 -62.6603
v  -38.7803 76.6608 -43.4148
v  -54.9134 76.6501 -43.4148
v  -54.9134 76.6501 -51.8564
v  -38.7803 76.6608 -51.8564
v  -38.7827 77.2865 -52.4030
v  -54.9158 77.2758 -52.4030
v  -54.9618 89.3236 -52.4030
v  -38.8287 89.3343 -52.4030
v  -38.8311 89.9591 -51.8564
v  -54.9642 89.9484 -51.8564
v  -54.9635 89.8325 -43.4148
v  -38.8304 89.8432 -43.4148
v  -38.8280 89.2167 -42.8683
v  -54.9611 89.2060 -42.8683
v  -54.9158 77.2758 -42.8683
v  -38.7827 77.2865 -42.8683
v  -38.1546 76.6616 -42.8683
v  -38.1546 76.6616 -52.4030
v  -38.2054 89.9607 -52.4030
v  -38.2047 89.8432 -42.8683
v  -38.1570 77.2873 -43.4148
v  -38.1570 77.2873 -51.8564
v  -38.2030 89.3342 -51.8564
v  -38.2023 89.2183 -43.4148
v  -57.8723 77.2634 -43.4148
v  -57.2442 76.6385 -43.4148
v  -57.2465 77.2642 -42.8683
v  -57.2442 76.6385 -51.8564
v  -57.8723 77.2635 -51.8564
v  -57.2466 77.2642 -52.4030
v  -57.2926 89.3120 -52.4030
v  -57.9183 89.3104 -51.8564
v  -57.2949 89.9368 -51.8564
v  -57.9176 89.1945 -43.4148
v  -57.2919 89.1944 -42.8683
v  -57.2943 89.8209 -43.4148
v  -47.9068 96.9847 -56.0645
v  -47.8870 96.9848 -45.1892
v  -47.2934 96.9879 -46.3561
v  -47.2934 96.9879 -54.7155
v  -42.6222 97.0125 -56.0615
v  -43.2346 97.0093 -54.7155
v  -42.7044 97.0121 -45.1867
v  -43.2990 97.0090 -46.3561
v  -57.8770 78.0464 -44.2483
v  -57.8770 78.0464 -51.0230
v  -57.9135 88.5311 -51.0230
v  -57.9128 88.4079 -44.2483
v  -39.3050 76.2713 -40.6984
v  -50.7788 76.2421 -40.6984
v  -50.8586 86.4655 -40.6984
v  -39.3403 86.6417 -40.6984
v  -40.1601 76.6404 -41.2315
v  -49.9321 76.6155 -41.2315
v  -50.0000 86.1075 -41.2315
v  -40.1902 86.2575 -41.2314
v  -56.2786 76.6451 -51.8564
v  -56.2786 76.6451 -43.4148
v  -56.3269 89.3185 -52.4030
v  -56.2809 77.2708 -52.4030
v  -56.3287 89.8275 -43.4148
v  -56.3293 89.9434 -51.8564
v  -56.2809 77.2708 -42.8683
v  -56.3263 89.2009 -42.8683
v  -55.0467 76.8351 -51.7374
v  -55.0467 76.8351 -43.5339
v  -56.0550 76.8335 -43.5339
v  -56.0550 76.8335 -51.7374
v  -55.1816 89.1511 -52.2685
v  -55.0534 77.4432 -52.2685
v  -56.0617 77.4416 -52.2685
v  -56.1900 89.1495 -52.2685
v  -55.1865 89.6457 -43.5339
v  -55.1883 89.7583 -51.7374
v  -56.1966 89.7567 -51.7374
v  -56.1948 89.6441 -43.5339
v  -55.0533 77.4432 -43.0027
v  -55.1798 89.0368 -43.0027
v  -56.1881 89.0352 -43.0027
v  -56.0617 77.4415 -43.0027
v  -51.0203 94.1115 -52.8317
v  -51.0205 94.1117 -42.4397
v  -52.4293 93.0445 -42.4397
v  -52.4302 93.1338 -52.8317
v  -50.6682 93.4062 -52.6021
v  -50.6684 93.4065 -42.6693
v  -51.8683 92.4975 -42.6693
v  -51.8690 92.5736 -52.6021
v  -37.8487 90.6411 -52.5936
v  -37.8017 76.3534 -52.5936
v  -37.8025 76.4454 -42.6777
v  -37.8481 90.5638 -42.6777
v  -36.7528 90.0658 -52.1167
v  -36.7103 76.9378 -52.1167
v  -36.7110 77.0210 -43.1546
v  -36.7522 89.9960 -43.1546
v  -43.0394 81.5052 -14.0714
v  -43.7079 83.0426 -14.0714
v  -43.7510 82.9979 -13.2936
v  -43.1015 81.5041 -13.2936
v  -43.3692 83.3934 -20.1747
v  -42.5519 81.5137 -20.1747
v  -42.4897 81.5148 -20.9525
v  -43.3260 83.4380 -20.9525
v  -43.6537 79.9454 -14.0714
v  -43.6984 79.9886 -13.2936
v  -43.3030 79.6067 -20.1747
v  -43.2583 79.5636 -20.9525
v  -45.1911 79.2769 -14.0714
v  -45.1922 79.3390 -13.2936
v  -45.1826 78.7894 -20.1747
v  -45.1815 78.7273 -20.9525
v  -46.7509 79.8913 -14.0714
v  -46.7078 79.9360 -13.2936
v  -47.0896 79.5405 -20.1747
v  -47.1328 79.4958 -20.9525
v  -47.4195 81.4286 -14.0714
v  -47.3573 81.4297 -13.2936
v  -47.9070 81.4201 -20.1747
v  -47.9691 81.4191 -20.9525
v  -46.8051 82.9885 -14.0714
v  -46.7604 82.9453 -13.2936
v  -47.1558 83.3271 -20.1747
v  -47.2005 83.3703 -20.9525
v  -45.2677 83.6570 -14.0714
v  -45.2666 83.5948 -13.2936
v  -45.2762 84.1445 -20.1747
v  -45.2773 84.2066 -20.9525
v  -42.8562 81.5084 -16.3651
v  -43.5806 83.1744 -16.3651
v  -43.6238 83.1297 -15.5873
v  -42.9183 81.5073 -15.5873
v  -43.5219 79.8181 -16.3651
v  -43.5666 79.8613 -15.5873
v  -45.1879 79.0937 -16.3651
v  -45.1890 79.1558 -15.5873
v  -46.8782 79.7594 -16.3651
v  -46.8351 79.8041 -15.5873
v  -47.6027 81.4255 -16.3651
v  -47.5405 81.4265 -15.5873
v  -46.9369 83.1157 -16.3651
v  -46.8922 83.0726 -15.5873
v  -45.2709 83.8402 -16.3651
v  -45.2698 83.7781 -15.5873
v  -43.2226 81.5020 -11.7777
v  -43.8352 82.9108 -11.7777
v  -43.2419 83.5252 -22.4684
v  -42.3687 81.5170 -22.4684
v  -42.2460 81.5191 -24.0042
v  -43.1567 83.6134 -24.0042
v  -43.7855 80.0727 -11.7777
v  -43.1712 79.4795 -22.4684
v  -43.0829 79.3942 -24.0042
v  -45.1943 79.4601 -11.7777
v  -45.1794 78.6062 -22.4684
v  -45.1773 78.4835 -24.0042
v  -46.6237 80.0231 -11.7777
v  -47.2169 79.4087 -22.4684
v  -47.3021 79.3205 -24.0042
v  -47.2363 81.4318 -11.7777
v  -48.0902 81.4169 -22.4684
v  -48.2128 81.4148 -24.0042
v  -46.6733 82.8612 -11.7777
v  -47.2876 83.4545 -22.4684
v  -47.3759 83.5397 -24.0042
v  -45.2645 83.4738 -11.7777
v  -45.2794 84.3277 -22.4684
v  -45.2816 84.4504 -24.0042
v  -43.2671 83.4991 -17.4278
v  -42.4049 81.5163 -17.4278
v  -42.2788 81.5185 -19.0500
v  -43.1795 83.5898 -19.0500
v  -43.1972 79.5046 -17.4278
v  -43.1066 79.4170 -19.0500
v  -45.1800 78.6424 -17.4278
v  -45.1778 78.5164 -19.0500
v  -47.1917 79.4348 -17.4278
v  -47.2793 79.3441 -19.0500
v  -48.0540 81.4176 -17.4278
v  -48.1800 81.4154 -19.0500
v  -47.2616 83.4293 -17.4278
v  -47.3522 83.5168 -19.0500
v  -45.2788 84.2915 -17.4278
v  -45.2810 84.4175 -19.0500
v  -43.5216 83.2355 -12.8404
v  -42.7713 81.5099 -12.8404
v  -42.6453 81.5121 -14.4626
v  -43.4341 83.3262 -14.4626
v  -42.0956 81.5217 -21.3438
v  -43.0522 83.7216 -21.3437
v  -43.1398 83.6309 -19.7215
v  -42.2217 81.5195 -19.7215
v  -43.4609 79.7592 -12.8404
v  -43.3702 79.6716 -14.4626
v  -42.9748 79.2898 -21.3438
v  -43.0654 79.3773 -19.7215
v  -45.1864 79.0088 -12.8404
v  -45.1842 78.8828 -14.4626
v  -45.1746 78.3332 -21.3438
v  -45.1768 78.4592 -19.7215
v  -46.9372 79.6984 -12.8404
v  -47.0247 79.6077 -14.4626
v  -47.4066 79.2123 -21.3438
v  -47.3190 79.3030 -19.7215
v  -47.6875 81.4240 -12.8404
v  -47.8136 81.4218 -14.4626
v  -48.3632 81.4122 -21.3438
v  -48.2372 81.4144 -19.7215
v  -46.9980 83.1747 -12.8404
v  -47.0886 83.2623 -14.4626
v  -47.4840 83.6441 -21.3438
v  -47.3934 83.5566 -19.7215
v  -45.2724 83.9251 -12.8404
v  -45.2746 84.0511 -14.4626
v  -45.2842 84.6007 -21.3438
v  -45.2820 84.4747 -19.7215
v  -43.3944 83.3673 -15.1341
v  -42.5881 81.5131 -15.1341
v  -42.4621 81.5153 -16.7563
v  -43.3068 83.4580 -16.7563
v  -43.3291 79.6319 -15.1341
v  -43.2384 79.5443 -16.7563
v  -45.1832 78.8256 -15.1341
v  -45.1810 78.6996 -16.7563
v  -47.0645 79.5666 -15.1341
v  -47.1520 79.4759 -16.7563
v  -47.8707 81.4208 -15.1341
v  -47.9968 81.4186 -16.7563
v  -47.1298 83.3020 -15.1341
v  -47.2204 83.3895 -16.7563
v  -45.2756 84.1083 -15.1341
v  -45.2778 84.2343 -16.7563
v  -42.8285 81.5089 -12.1689
v  -43.5614 83.1944 -12.1689
v  -43.0125 83.7627 -22.0152
v  -42.0385 81.5227 -22.0152
v  -43.5020 79.7989 -12.1689
v  -42.9336 79.2500 -22.0152
v  -45.1874 79.0660 -12.1689
v  -45.1736 78.2760 -22.0152
v  -46.8974 79.7395 -12.1689
v  -47.4463 79.1712 -22.0152
v  -47.6304 81.4250 -12.1689
v  -48.4204 81.4112 -22.0152
v  -46.9568 83.1350 -12.1689
v  -47.5252 83.6839 -22.0152
v  -45.2714 83.8679 -12.1689
v  -45.2852 84.6579 -22.0152
v  -45.1460 79.2780 24.8187
v  -43.6226 79.9781 24.8187
v  -46.7182 79.8600 24.8187
v  -47.4184 81.3834 24.8187
v  -46.8363 82.9557 24.8187
v  -45.3129 83.6558 24.8187
v  -43.7407 83.0737 24.8187
v  -43.0405 81.5504 24.8187
v  -49.4906 82.6415 -39.9434
v  -49.2786 82.4891 -33.4063
v  -49.2620 80.3814 -33.4063
v  -49.4716 80.2257 -39.9434
v  -40.8342 80.2935 -39.9434
v  -41.0462 80.4459 -33.4063
v  -41.0628 82.5536 -33.4063
v  -40.8531 82.7093 -39.9434
v  -48.9441 82.2113 -39.5761
v  -48.7320 82.1138 -33.8089
v  -48.7155 80.7647 -33.8089
v  -48.9251 80.6650 -39.5761
v  -41.3807 80.7237 -39.5761
v  -41.5927 80.8212 -33.8089
v  -41.6093 82.1703 -33.8089
v  -41.3997 82.2700 -39.5761
v  -50.4150 74.2322 -54.0721
v  -39.6745 74.3286 -54.0721
v  -37.8994 75.3490 -54.0721
v  -37.9517 93.0982 -54.0721
v  -40.0823 94.5032 -54.0721
v  -50.5317 94.4094 -54.0721
v  -52.7396 92.8313 -54.0721
v  -52.6558 75.2034 -54.0721
v  -49.4747 87.2501 -54.7082
v  -49.5172 87.2276 -61.9106
v  -49.5455 91.4643 -61.9106
v  -49.5027 91.4426 -54.7082
v  -49.5986 87.6120 -54.9748
v  -49.6386 87.5934 -61.6476
v  -49.6654 91.1040 -61.6476
v  -49.6250 91.0861 -54.9748
v  -49.2129 80.8341 -66.2955
v  -49.2129 80.8341 -63.9355
v  -48.9609 82.2637 -63.9355
v  -48.9609 82.2637 -66.2955
v  -48.2351 83.5208 -63.9355
v  -48.2351 83.5208 -66.2955
v  -47.1231 84.4539 -63.9355
v  -47.1231 84.4539 -66.2955
v  -45.7590 84.9503 -63.9355
v  -45.7590 84.9503 -66.2955
v  -44.3074 84.9503 -63.9355
v  -44.3074 84.9503 -66.2955
v  -42.9433 84.4539 -63.9355
v  -42.9433 84.4539 -66.2955
v  -41.8313 83.5208 -63.9355
v  -41.8313 83.5208 -66.2955
v  -41.1055 82.2637 -63.9355
v  -41.1055 82.2637 -66.2955
v  -40.8535 80.8341 -63.9355
v  -40.8535 80.8341 -66.2955
v  -41.1055 79.4046 -63.9355
v  -41.1055 79.4046 -66.2955
v  -41.8313 78.1474 -63.9355
v  -41.8313 78.1474 -66.2955
v  -42.9433 77.2144 -63.9355
v  -42.9433 77.2144 -66.2955
v  -44.3074 76.7179 -63.9355
v  -44.3074 76.7179 -66.2955
v  -45.7590 76.7179 -63.9355
v  -45.7590 76.7179 -66.2955
v  -47.1231 77.2144 -63.9355
v  -47.1231 77.2144 -66.2955
v  -48.2351 78.1474 -63.9355
v  -48.2351 78.1474 -66.2955
v  -48.9609 79.4046 -63.9355
v  -48.9609 79.4046 -66.2955
v  -46.4960 80.3017 -66.1727
v  -46.5899 80.8341 -66.1727
v  -46.4960 81.3665 -66.1727
v  -46.2257 81.8347 -66.1727
v  -45.8115 82.1822 -66.1727
v  -45.3035 82.3671 -66.1727
v  -44.7629 82.3671 -66.1727
v  -44.2549 82.1822 -66.1727
v  -43.8407 81.8347 -66.1727
v  -43.5704 81.3665 -66.1727
v  -43.4765 80.8341 -66.1727
v  -43.5704 80.3017 -66.1727
v  -43.8407 79.8335 -66.1727
v  -44.2549 79.4860 -66.1727
v  -44.7629 79.3011 -66.1727
v  -45.3035 79.3011 -66.1727
v  -45.8115 79.4860 -66.1727
v  -46.2257 79.8335 -66.1727
v  -47.7736 81.8315 -67.5397
v  -47.9495 80.8341 -67.5397
v  -47.2672 82.7087 -67.5397
v  -46.4913 83.3597 -67.5397
v  -45.5396 83.7061 -67.5397
v  -44.5268 83.7061 -67.5397
v  -43.5751 83.3597 -67.5397
v  -42.7992 82.7087 -67.5397
v  -42.2928 81.8315 -67.5397
v  -42.1169 80.8341 -67.5397
v  -42.2928 79.8367 -67.5397
v  -42.7992 78.9596 -67.5397
v  -43.5751 78.3085 -67.5397
v  -44.5268 77.9621 -67.5397
v  -45.5396 77.9621 -67.5397
v  -46.4913 78.3085 -67.5397
v  -47.2672 78.9596 -67.5397
v  -47.7736 79.8367 -67.5397
v  -48.2351 83.5208 -63.2155
v  -48.9609 82.2637 -63.2155
v  -48.9609 82.2637 -58.8447
v  -48.2351 83.5208 -58.8447
v  -47.1231 84.4539 -63.2155
v  -47.1231 84.4539 -58.8447
v  -45.7590 84.9503 -63.2155
v  -45.7590 84.9503 -58.8447
v  -44.3074 84.9503 -63.2155
v  -44.3074 84.9503 -58.8447
v  -42.9433 84.4539 -63.2155
v  -42.9433 84.4539 -58.8447
v  -41.8313 83.5208 -63.2155
v  -41.8313 83.5208 -58.8447
v  -41.1055 82.2637 -63.2155
v  -41.1055 82.2637 -58.8447
v  -42.9433 77.2144 -63.2155
v  -41.8313 78.1474 -63.2155
v  -41.8313 78.1474 -58.8447
v  -42.9433 77.2144 -58.8447
v  -44.3074 76.7179 -63.2155
v  -44.3074 76.7179 -58.8447
v  -45.7590 76.7179 -63.2155
v  -45.7590 76.7179 -58.8447
v  -47.1231 77.2144 -63.2155
v  -47.1231 77.2144 -58.8447
v  -48.2351 78.1474 -63.2155
v  -48.2351 78.1474 -58.8447
v  -48.6529 80.8341 -63.5755
v  -48.4346 82.0721 -63.5755
v  -47.8061 83.1608 -63.5755
v  -46.8431 83.9689 -63.5755
v  -45.6618 84.3988 -63.5755
v  -44.4047 84.3988 -63.5755
v  -43.2233 83.9689 -63.5755
v  -42.2603 83.1608 -63.5755
v  -41.6318 82.0721 -63.5755
v  -41.4135 80.8341 -63.5755
v  -41.6318 79.5961 -63.5755
v  -42.2603 78.5074 -63.5755
v  -43.2233 77.6993 -63.5755
v  -44.4047 77.2694 -63.5755
v  -45.6618 77.2694 -63.5755
v  -46.8431 77.6993 -63.5755
v  -47.8061 78.5074 -63.5755
v  -48.4346 79.5961 -63.5755
v  -49.2129 80.8341 -63.2155
v  -40.8535 80.8341 -63.2155
v  -41.1055 79.4046 -63.2155
v  -48.9609 79.4046 -63.2155
v  -47.1895 81.6189 -67.5397
v  -47.3279 80.8341 -67.5397
v  -47.1895 80.0493 -67.5397
v  -46.7910 79.3591 -67.5397
v  -46.1805 78.8469 -67.5397
v  -45.4317 78.5743 -67.5397
v  -44.6347 78.5743 -67.5397
v  -43.8859 78.8469 -67.5397
v  -43.2754 79.3591 -67.5397
v  -42.8769 80.0493 -67.5397
v  -42.7386 80.8341 -67.5397
v  -42.8769 81.6189 -67.5397
v  -43.2754 82.3091 -67.5397
v  -43.8859 82.8214 -67.5397
v  -44.6347 83.0939 -67.5397
v  -45.4317 83.0939 -67.5397
v  -46.1805 82.8214 -67.5397
v  -46.7910 82.3091 -67.5397
v  -48.2507 96.9829 -44.4741
v  -48.2507 96.9829 -56.8207
v  -42.2768 97.0143 -56.8207
v  -42.3421 97.0140 -44.4741
v  -43.4249 91.2554 -37.6389
v  -46.9389 91.2394 -37.6389
v  -47.3672 90.9870 -37.6389
v  -47.3449 89.3325 -37.6389
v  -46.9074 89.0827 -37.6389
v  -43.3934 89.0987 -37.6389
v  -42.9650 89.3511 -37.6389
v  -42.9874 91.0056 -37.6389
v  -42.3002 92.2497 -39.3056
v  -48.0889 92.2237 -39.3056
v  -47.7804 92.0190 -38.5793
v  -42.6027 92.0423 -38.5793
v  -41.2248 91.6447 -39.3056
v  -41.6408 91.4976 -38.5793
v  -41.1847 88.7290 -39.3056
v  -41.6050 88.8725 -38.5793
v  -42.2434 88.1144 -39.3056
v  -42.5519 88.3192 -38.5793
v  -48.0321 88.0884 -39.3056
v  -47.7296 88.2958 -38.5793
v  -49.1075 88.6934 -39.3056
v  -48.6915 88.8405 -38.5793
v  -49.1475 91.6091 -39.3056
v  -48.7273 91.4656 -38.5793
v  -47.8289 92.0688 -36.7347
v  -47.0859 91.5387 -36.4086
v  -43.2837 91.5561 -36.4086
v  -42.5552 92.0928 -36.7347
v  -42.5773 91.1527 -36.4086
v  -41.5754 91.5334 -36.7347
v  -42.5510 89.2091 -36.4086
v  -41.5389 88.8376 -36.7347
v  -43.2464 88.7994 -36.4086
v  -42.5034 88.2693 -36.7347
v  -47.0486 88.7821 -36.4086
v  -47.7771 88.2453 -36.7347
v  -47.7550 89.1854 -36.4086
v  -48.7569 88.8047 -36.7347
v  -47.7813 91.1290 -36.4086
v  -48.7934 91.5005 -36.7347
v  -46.9389 91.2394 -36.4086
v  -43.4249 91.2554 -36.4086
v  -42.9874 91.0056 -36.4086
v  -42.9650 89.3511 -36.4086
v  -43.3934 89.0987 -36.4086
v  -46.9074 89.0827 -36.4086
v  -47.3449 89.3325 -36.4086
v  -47.3672 90.9870 -36.4086
v  -42.2059 92.3323 -38.3689
v  -48.1851 92.3053 -38.3689
v  -48.5413 92.5418 -39.5160
v  -41.8566 92.5718 -39.5160
v  -41.5073 92.8113 -40.9133
v  -48.8975 92.7783 -40.9133
v  -41.0950 91.7032 -38.3689
v  -40.6147 91.8731 -39.5160
v  -40.1343 92.0429 -40.9133
v  -41.0537 88.6718 -38.3689
v  -40.5684 88.5061 -39.5160
v  -40.0832 88.3404 -40.9133
v  -42.1472 88.0328 -38.3689
v  -41.7910 87.7963 -39.5160
v  -41.4347 87.5598 -40.9133
v  -48.1264 88.0058 -38.3689
v  -48.4757 87.7663 -39.5160
v  -48.8250 87.5268 -40.9133
v  -49.2372 88.6349 -38.3689
v  -49.7176 88.4650 -39.5160
v  -50.1980 88.2952 -40.9133
v  -49.2786 91.6663 -38.3689
v  -49.7638 91.8320 -39.5160
v  -50.2491 91.9978 -40.9133
v  -47.3185 86.4398 -36.7485
v  -47.2806 86.3888 -36.1533
v  -43.1221 86.4215 -36.1533
v  -43.0851 86.4730 -36.7485
v  -47.4279 86.6126 -39.5660
v  -47.3901 86.5617 -38.9707
v  -43.0154 86.5960 -38.9707
v  -42.9784 86.6475 -39.5660
v  -43.2288 86.2470 -33.3359
v  -43.1918 86.2985 -33.9310
v  -47.2090 86.2669 -33.9310
v  -47.1712 86.2160 -33.3359
v  -47.7855 85.5567 -35.9318
v  -47.4650 86.2677 -36.1213
v  -47.5039 86.3234 -36.7941
v  -47.8373 85.6264 -37.0697
v  -47.7010 85.6359 -37.2058
v  -47.3720 86.3300 -36.9291
v  -43.0298 86.3641 -36.9291
v  -42.6900 85.6752 -37.2058
v  -42.5535 85.6679 -37.0697
v  -42.8979 86.3596 -36.7941
v  -42.9358 86.3032 -36.1213
v  -42.6042 85.5974 -35.9318
v  -42.7527 85.5879 -35.7970
v  -43.0833 86.2850 -35.9870
v  -47.3173 86.2517 -35.9870
v  -47.6369 85.5495 -35.7970
v  -47.9137 85.7293 -38.7492
v  -47.5767 86.4416 -38.9390
v  -47.6155 86.4972 -39.6112
v  -47.9655 85.7991 -39.8872
v  -47.8281 85.8086 -40.0232
v  -47.4831 86.5028 -39.7465
v  -42.9215 86.5387 -39.7465
v  -42.5656 85.8499 -40.0232
v  -42.4280 85.8426 -39.8872
v  -42.7890 86.5351 -39.6112
v  -42.8269 86.4789 -38.9390
v  -42.4787 85.7720 -38.7491
v  -42.6284 85.7625 -38.6145
v  -42.9749 86.4595 -38.8045
v  -47.4284 86.4245 -38.8045
v  -47.7640 85.7222 -38.6145
v  -47.6573 85.3840 -33.1145
v  -47.3534 86.0938 -33.3036
v  -47.3922 86.1496 -33.9770
v  -47.7090 85.4537 -34.2522
v  -47.5739 85.4632 -34.3883
v  -47.2609 86.1572 -34.1116
v  -43.1382 86.1896 -34.1116
v  -42.8144 85.5006 -34.3883
v  -42.6791 85.4932 -34.2522
v  -43.0068 86.1841 -33.9770
v  -43.0447 86.1276 -33.3036
v  -42.7298 85.4227 -33.1145
v  -42.8771 85.4132 -32.9796
v  -43.1917 86.1104 -33.1696
v  -47.2062 86.0789 -33.1696
v  -47.5098 85.3769 -32.9796
v  -47.3151 86.4512 -36.8808
v  -43.0886 86.4843 -36.8808
v  -43.1421 86.4100 -36.0211
v  -47.2605 86.3776 -36.0211
v  -47.4249 86.6240 -39.6982
v  -42.9815 86.6589 -39.6982
v  -43.0350 86.5845 -38.8386
v  -47.3703 86.5505 -38.8386
v  -43.2492 86.2355 -33.2036
v  -47.1506 86.2048 -33.2036
v  -47.2052 86.2784 -34.0633
v  -43.1958 86.3098 -34.0633
v  -47.5155 86.3267 -36.9299
v  -47.8435 85.6348 -37.2058
v  -47.4608 86.2484 -35.9864
v  -47.7794 85.5484 -35.7970
v  -42.8862 86.3631 -36.9299
v  -42.5475 85.6763 -37.2058
v  -42.9397 86.2839 -35.9864
v  -42.6102 85.5890 -35.7970
v  -47.6271 86.5009 -39.7468
v  -47.9717 85.8074 -40.0232
v  -47.5724 86.4227 -38.8043
v  -47.9076 85.7211 -38.6145
v  -42.7774 86.5390 -39.7468
v  -42.4220 85.8510 -40.0232
v  -42.8309 86.4599 -38.8043
v  -42.4847 85.7637 -38.6145
v  -47.4039 86.1526 -34.1130
v  -47.7152 85.4621 -34.3883
v  -47.3491 86.0741 -33.1686
v  -47.6511 85.3758 -32.9796
v  -42.9952 86.1872 -34.1130
v  -42.6730 85.5017 -34.3883
v  -43.0487 86.1078 -33.1686
v  -42.7358 85.4143 -32.9796
v  -42.9918 86.4225 -36.1533
v  -42.9548 86.4740 -36.7485
v  -47.4487 86.4387 -36.7485
v  -47.4109 86.3878 -36.1533
v  -42.8851 86.5970 -38.9707
v  -42.8481 86.6485 -39.5660
v  -47.5581 86.6115 -39.5660
v  -47.5203 86.5606 -38.9707
v  -47.3393 86.2659 -33.9310
v  -47.3015 86.2150 -33.3359
v  -43.0985 86.2480 -33.3359
v  -43.0615 86.2995 -33.9310
v  -42.9466 86.4855 -36.8808
v  -47.4571 86.4501 -36.8808
v  -47.4025 86.3765 -36.0211
v  -43.0001 86.4111 -36.0211
v  -42.8399 86.6600 -39.6982
v  -47.5665 86.6229 -39.6982
v  -47.5119 86.5493 -38.8386
v  -42.8934 86.5856 -38.8386
v  -47.2931 86.2037 -33.2036
v  -43.1068 86.2366 -33.2036
v  -43.0533 86.3110 -34.0633
v  -47.3477 86.2772 -34.0633
v  -43.6226 79.9781 15.3106
v  -45.1460 79.2780 15.3106
v  -46.7182 79.8600 15.3106
v  -47.4184 81.3834 15.3106
v  -46.8363 82.9557 15.3106
v  -45.3129 83.6558 15.3106
v  -43.7407 83.0737 15.3106
v  -43.0405 81.5504 15.3106
v  -43.5414 81.5313 -3.1830
v  -43.9903 80.3188 -3.1830
v  -45.1651 79.7788 -3.1830
v  -46.3776 80.2277 -3.1830
v  -46.9175 81.4025 -3.1830
v  -46.4686 82.6150 -3.1830
v  -45.2938 83.1550 -3.1830
v  -44.0813 82.7061 -3.1830
v  -43.0405 81.5504 3.3062
v  -43.0405 81.5504 -2.7199
v  -43.7407 83.0737 -2.7199
v  -43.7407 83.0737 3.3062
v  -45.3129 83.6558 -2.7199
v  -45.3129 83.6558 3.3062
v  -46.8363 82.9557 -2.7199
v  -46.8363 82.9557 3.3062
v  -47.4184 81.3834 -2.7199
v  -47.4184 81.3834 3.3062
v  -46.7182 79.8600 -2.7199
v  -46.7182 79.8600 3.3062
v  -45.1460 79.2780 -2.7199
v  -45.1460 79.2780 3.3062
v  -43.6226 79.9781 -2.7199
v  -43.6226 79.9781 3.3062
v  -43.5414 81.5313 3.7693
v  -44.0813 82.7061 3.7693
v  -45.2938 83.1550 3.7693
v  -46.4686 82.6150 3.7692
v  -46.9175 81.4025 3.7693
v  -46.3776 80.2277 3.7693
v  -45.1651 79.7788 3.7693
v  -43.9903 80.3188 3.7692
v  -36.7509 89.4654 -51.7066
v  -36.7122 77.5388 -51.7067
v  -36.7129 77.6144 -43.5647
v  -36.7504 89.4020 -43.5647
v  -36.9483 89.1864 -51.5161
v  -36.9114 77.8181 -51.5161
v  -36.9120 77.8902 -43.7553
v  -36.9477 89.1259 -43.7553
v  -36.7139 78.0503 -51.2861
v  -36.7493 88.9546 -51.2861
v  -36.7487 88.8977 -43.9853
v  -36.7145 78.1181 -43.9853
v  -40.8278 86.9571 -54.8503
v  -40.8636 91.8713 -54.8503
v  -40.8168 91.8943 -61.8374
v  -40.7807 86.9349 -61.8374
v  -41.2697 91.5480 -55.3017
v  -41.2417 87.2804 -55.3017
v  -41.1990 87.2582 -61.4505
v  -41.2273 91.5709 -61.4505
v  -43.2183 77.4946 -33.0176
v  -42.8854 77.0463 -40.3321
v  -47.3697 77.0111 -40.3321
v  -47.0438 77.4646 -33.0176
v  -48.9609 82.2637 -54.4740
v  -48.2351 83.5208 -54.4740
v  -47.1231 84.4539 -54.4740
v  -45.7590 84.9503 -54.4740
v  -44.3074 84.9503 -54.4740
v  -42.9433 84.4539 -54.4740
v  -41.8313 83.5208 -54.4740
v  -41.1055 82.2637 -54.4740
v  -41.8313 78.1474 -54.4740
v  -42.9433 77.2144 -54.4740
v  -44.3074 76.7179 -54.4740
v  -45.7590 76.7179 -54.4740
v  -47.1231 77.2144 -54.4740
v  -48.2351 78.1474 -54.4740
v  -49.2129 80.8341 -58.8447
v  -40.8535 80.8341 -58.8447
v  -41.1055 79.4046 -58.8447
v  -48.9609 79.4046 -58.8447
v  -49.2129 80.8341 -54.4740
v  -40.8535 80.8341 -54.4740
v  -41.1055 79.4046 -54.4740
v  -48.9609 79.4046 -54.4740
v  -19.0839 73.3961 -56.5179
v  -9.1777 75.4495 -56.6172
v  -9.2199 74.2265 -62.9841
v  -19.0825 72.4864 -62.3455
v  -0.0000 51.6790 -82.6078
v  -9.7072 51.5741 -81.7388
v  -9.7812 58.0882 -81.4340
v  -0.0000 58.2922 -82.1554
v  -19.0681 67.7548 -73.9263
v  -19.0809 70.8549 -69.0496
v  -9.2654 72.3551 -69.8490
v  -9.5490 69.0940 -75.0501
v  -0.0000 72.4951 -70.1109
v  -0.0000 69.4514 -75.4998
v  -19.0749 43.0705 -78.5724
v  -19.0655 50.7348 -79.9341
v  -9.9756 50.5243 -81.6617
v  -10.0108 43.0668 -80.8805
v  -0.0000 43.0666 -81.7653
v  -5.0054 43.0667 -81.3229
v  -7.7492 46.6824 -81.4576
v  -0.0000 46.6135 -82.1400
v  -9.6286 63.9868 -79.0155
v  -19.0525 57.7457 -79.5983
v  -19.0496 62.9754 -77.5905
v  -0.0000 64.5463 -79.6183
v  -19.0641 51.6138 -79.9838
v  -0.0000 75.8366 -56.6170
v  -0.0000 74.4582 -63.4747
v  -19.4208 71.8375 -62.5344
v  -19.4224 72.8448 -56.1201
v  -9.1755 74.9668 -56.2225
v  -19.4066 67.1589 -73.8265
v  -19.4192 70.2455 -68.9488
v  -10.0124 42.8350 -80.5461
v  -19.4131 42.8390 -78.1507
v  -19.4024 51.1255 -79.5747
v  -19.3350 51.1346 -79.6620
v  -5.0062 42.8350 -80.9883
v  -19.3903 57.5756 -79.2347
v  -19.3881 62.4445 -77.2473
v  -0.0000 75.3565 -56.2231
v  -9.2259 74.0109 -63.8941
v  -19.0823 72.3106 -63.2139
v  -4.7067 73.2659 -67.0598
v  -19.7592 71.2571 -62.2851
v  -19.7575 69.6361 -68.8480
v  19.0839 73.3961 -56.5179
v  19.0825 72.4864 -62.3455
v  9.2199 74.2265 -62.9840
v  9.1777 75.4495 -56.6172
v  9.7812 58.0882 -81.4340
v  9.7072 51.5741 -81.7388
v  19.0681 67.7548 -73.9263
v  9.5490 69.0940 -75.0501
v  9.2654 72.3551 -69.8490
v  19.0809 70.8549 -69.0496
v  19.0749 43.0705 -78.5724
v  10.0108 43.0668 -80.8805
v  9.9756 50.5243 -81.6617
v  19.0655 50.7348 -79.9341
v  7.7492 46.6824 -81.4576
v  5.0054 43.0667 -81.3229
v  9.6286 63.9868 -79.0155
v  19.0496 62.9754 -77.5905
v  19.0525 57.7457 -79.5983
v  19.0641 51.6138 -79.9838
v  19.4224 72.8448 -56.1201
v  19.4208 71.8375 -62.5344
v  9.1755 74.9668 -56.2225
v  19.4192 70.2455 -68.9488
v  19.4066 67.1589 -73.8265
v  19.4131 42.8390 -78.1507
v  10.0124 42.8350 -80.5461
v  19.4024 51.1255 -79.5747
v  5.0062 42.8350 -80.9883
v  19.3881 62.4445 -77.2473
v  19.3903 57.5756 -79.2347
v  19.0823 72.3106 -63.2139
v  9.2259 74.0109 -63.8941
v  4.4749 73.4904 -66.2905
v  -0.0000 73.6024 -66.3677
v  19.7592 71.2571 -62.2851
v  19.7575 69.6360 -68.8480
v  -19.7450 66.5629 -73.7266
v  -19.7514 42.6075 -77.7290
v  -0.0000 42.8349 -81.4306
v  -0.0000 42.6033 -81.0958
v  -5.0070 42.6033 -80.6538
v  19.7450 66.5629 -73.7266
v  19.7514 42.6075 -77.7290
v  5.0070 42.6033 -80.6538
v  -6.0680 50.7568 -82.0341
v  -6.0661 48.3800 -81.9046
v  -7.2436 47.5376 -81.5922
v  -0.0000 48.8901 -81.2978
v  -0.0000 50.2792 -81.4778
v  5.2352 50.2561 -81.0729
v  5.2113 48.8916 -80.9477
v  4.7067 73.2659 -67.0597
v  -4.4750 73.4904 -66.2905
v  -0.0000 73.3509 -67.2178
v  -9.8624 51.1848 -80.9791
v  -7.4225 47.1769 -80.7749
v  -0.0000 47.1334 -81.4345
v  9.8624 51.1848 -80.9791
v  7.4225 47.1769 -80.7749
v  -0.0000 47.4951 -82.2331
v  7.2436 47.5376 -81.5922
v  -9.1422 73.4170 -63.2371
v  -4.5991 72.6398 -66.5050
v  9.1422 73.4170 -63.2371
v  4.5991 72.6398 -66.5050
v  -0.0000 72.7542 -66.5812
v  -0.0000 48.3700 -82.3114
v  -5.2113 48.8916 -80.9477
v  -0.0000 50.8042 -82.5294
v  6.0680 50.7568 -82.0340
v  -5.2352 50.2561 -81.0729
v  6.0661 48.3800 -81.9046
v  33.4351 19.8526 22.2989
v  33.4351 29.8264 24.9714
v  41.3771 29.8264 24.9714
v  41.3771 19.8526 22.2989
v  33.4351 37.1278 32.2728
v  41.3771 37.1278 32.2728
v  33.4351 39.8003 42.2467
v  41.3771 39.8003 42.2467
v  33.4351 37.1278 52.2206
v  41.3771 37.1278 52.2206
v  33.4351 29.8264 59.5219
v  41.3771 29.8264 59.5219
v  33.4351 19.8526 62.1944
v  41.3771 19.8526 62.1944
v  33.4351 9.8787 59.5219
v  41.3771 9.8787 59.5219
v  33.4351 2.5773 52.2206
v  41.3771 2.5773 52.2206
v  33.4351 -0.0952 42.2467
v  41.3771 -0.0952 42.2467
v  33.4351 2.5773 32.2728
v  41.3771 2.5773 32.2728
v  33.4351 9.8787 24.9714
v  41.3771 9.8787 24.9714
v  29.5047 19.8526 27.2142
v  29.5047 19.8526 57.2792
v  29.5047 27.3688 55.2652
v  29.5047 27.3688 29.2282
v  29.5047 32.8711 34.7304
v  29.5047 34.8851 42.2467
v  29.5047 32.8711 49.7629
v  29.5047 12.3363 55.2652
v  29.5047 6.8340 49.7629
v  29.5047 4.8201 42.2467
v  29.5047 6.8340 34.7304
v  29.5047 12.3363 29.2282
v  45.3075 27.0220 29.8289
v  45.3075 19.8526 27.9078
v  45.3075 32.2704 35.0773
v  45.3075 34.1914 42.2467
v  45.3075 32.2704 49.4161
v  45.3075 27.0220 54.6645
v  45.3075 19.8526 56.5855
v  45.3075 12.6831 54.6645
v  45.3075 7.4347 49.4161
v  45.3075 5.5137 42.2467
v  45.3075 7.4347 35.0773
v  45.3075 12.6831 29.8289
v  45.3277 19.8526 42.2467
v  45.3231 21.0239 42.2467
v  45.3231 20.9665 42.6086
v  45.3231 20.9665 41.8847
v  43.2753 23.2993 41.1267
v  43.2753 23.4767 42.2467
v  45.1581 23.4109 42.2467
v  45.1581 23.2367 41.1471
v  43.2753 23.2993 43.3666
v  45.1581 23.2367 43.3462
v  45.3084 21.7379 42.8592
v  45.0335 21.4558 42.7675
v  45.0335 21.5383 42.2467
v  45.3084 21.8349 42.2467
v  45.0335 21.4557 41.7257
v  45.3084 21.7379 41.6341
v  45.3084 23.2552 42.2467
v  45.3084 23.0886 41.1952
v  45.2472 23.3471 42.2467
v  45.2473 23.1776 41.1711
v  45.2473 23.1747 43.3309
v  45.3084 23.0886 43.2981
v  45.3231 20.8002 41.5582
v  45.3231 20.5410 41.2991
v  43.2753 21.9828 39.3147
v  43.2753 22.7846 40.1164
v  45.1581 22.7313 40.1551
v  45.1580 21.9441 39.3679
v  45.0335 21.2163 41.2558
v  45.3084 21.4563 41.0814
v  45.0335 20.8433 40.8829
v  45.3084 21.0178 40.6429
v  45.3084 22.6053 40.2467
v  45.3084 21.8526 39.4939
v  45.2472 22.6797 40.1926
v  45.2473 21.9104 39.4222
v  45.0822 32.3232 46.2987
v  42.1633 31.9101 46.1644
v  42.1633 32.3745 44.2300
v  45.0822 32.8036 44.2979
v  42.1633 32.5306 42.2467
v  45.0822 32.9650 42.2467
v  42.1633 32.3745 40.2634
v  45.0822 32.8036 40.1954
v  42.1633 31.9101 38.3290
v  45.0822 32.3233 38.1947
v  45.4037 32.7366 46.4329
v  45.4037 33.2328 44.3659
v  45.4037 34.2019 44.5194
v  45.4037 33.6697 46.7362
v  45.4037 33.3996 42.2467
v  45.4037 34.3808 42.2467
v  45.4037 33.2328 40.1274
v  45.4037 34.2019 39.9739
v  45.4037 32.7366 38.0604
v  45.4037 33.6698 37.7572
v  44.4762 24.1422 42.9863
v  44.1747 23.3571 42.8136
v  44.6194 23.3634 42.4962
v  45.0541 24.2860 42.5892
v  44.6119 23.3633 41.9919
v  44.1747 23.3571 41.6797
v  44.4762 24.1422 41.6275
v  44.9962 24.2715 42.0172
v  45.9702 27.3976 43.5493
v  45.1275 27.2563 44.3081
v  44.9134 25.5507 43.7171
v  45.6674 25.6823 43.1298
v  45.1264 27.4475 41.3734
v  46.0580 27.4499 42.8086
v  45.6753 25.7298 42.5079
v  44.9134 25.7015 41.7063
v  44.8635 32.9941 42.6449
v  44.0186 32.9177 44.2300
v  44.0379 30.7494 44.7278
v  45.5117 31.1441 43.4185
v  44.7425 29.0357 44.6487
v  45.8915 29.2304 43.6484
v  44.0378 30.9800 39.6662
v  44.0186 32.9177 40.2634
v  44.8698 32.9947 41.1887
v  45.6167 31.1999 42.1247
v  46.0077 29.2818 42.6158
v  44.7438 29.2555 40.6123
v  44.6060 23.3858 42.2502
v  45.0015 24.3548 42.3361
v  45.5331 25.8959 42.8624
v  45.8097 27.5020 43.1275
v  45.0698 31.1273 42.7577
v  44.3241 32.9911 42.0245
v  45.5499 29.2514 43.0817
v  45.0678 34.5348 44.5721
v  43.3562 34.5348 44.5721
v  43.3562 33.9902 46.8403
v  45.0678 33.9902 46.8403
v  45.0678 34.7178 42.2467
v  43.3562 34.7178 42.2467
v  45.0678 34.5348 39.9212
v  43.3562 34.5347 39.9212
v  45.0678 33.9902 37.6531
v  43.3562 33.9902 37.6531
v  42.1633 31.1488 36.4910
v  45.0822 31.5359 36.2938
v  42.1633 30.1093 34.7947
v  45.0822 30.4608 34.5394
v  42.1633 28.8173 33.2820
v  45.0822 29.1245 32.9748
v  42.1633 27.3046 31.9899
v  45.0822 27.5599 31.6385
v  45.4037 31.9231 36.0965
v  45.4037 32.7973 35.6510
v  45.4037 30.8124 34.2839
v  45.4037 31.6062 33.7072
v  45.4037 29.4318 32.6675
v  45.4037 30.1256 31.9737
v  45.4037 27.8153 31.2869
v  45.4037 28.3921 30.4931
v  44.4762 23.7577 40.3237
v  44.1747 23.0210 40.6454
v  44.6194 22.8396 40.3849
v  45.0541 23.6406 39.9179
v  44.6119 22.5431 39.9769
v  44.1747 22.3545 39.7281
v  44.4762 22.9590 39.2244
v  44.9962 23.2927 39.4636
v  45.9702 26.7223 38.8656
v  45.1275 27.0540 39.5626
v  44.9134 25.3267 40.0870
v  45.6674 25.0880 39.5345
v  45.1264 25.4838 37.0760
v  46.0580 26.3293 38.2356
v  45.6753 24.7609 39.0035
v  44.9134 24.2668 38.3716
v  44.8635 30.7184 34.8444
v  44.0186 31.5882 36.1717
v  44.0379 30.1266 37.8489
v  45.5117 29.6764 36.5578
v  44.7425 28.6938 38.7923
v  45.8915 28.2633 37.8686
v  44.0378 27.3381 33.6185
v  44.0186 29.2568 32.9627
v  44.8698 29.8629 33.6660
v  45.6167 28.9610 35.4782
v  46.0077 27.6979 37.0029
v  44.7438 26.4991 35.3976
v  44.6060 22.7131 40.1728
v  45.0015 23.5475 39.6727
v  45.5331 25.1037 39.1926
v  45.8097 26.5588 38.4631
v  45.0698 29.2745 36.0330
v  44.3240 30.3513 34.3443
v  45.5499 27.9472 37.3978
v  45.0678 33.0976 35.4980
v  43.3562 33.0976 35.4980
v  45.0678 31.8788 33.5091
v  43.3562 31.8788 33.5091
v  45.0678 30.3639 31.7354
v  43.3562 30.3639 31.7354
v  45.0678 28.5901 30.2205
v  43.3562 28.5901 30.2205
v  45.3231 20.2145 41.1327
v  45.3231 19.8526 41.0754
v  43.2753 19.8526 38.6225
v  43.2753 20.9725 38.7999
v  45.1580 20.9521 38.8625
v  45.1580 19.8526 38.6883
v  45.0335 20.3735 40.6435
v  45.3084 20.4652 40.3613
v  45.0335 19.8525 40.5610
v  45.3084 19.8526 40.2643
v  45.3084 20.9040 39.0106
v  45.3084 19.8526 38.8441
v  45.2472 20.9324 38.9232
v  45.2473 19.8572 38.7520
v  45.3231 19.4906 41.1327
v  45.3231 19.1641 41.2991
v  43.2753 17.7223 39.3147
v  43.2753 18.7326 38.7999
v  45.1580 18.7530 38.8625
v  45.1581 17.7610 39.3679
v  45.0335 19.3317 40.6435
v  45.3084 19.2400 40.3613
v  45.0335 18.8617 40.8829
v  45.3084 18.6874 40.6429
v  45.3084 18.8011 39.0106
v  45.3084 17.8526 39.4939
v  45.2472 18.7727 38.9232
v  45.2473 17.8022 39.4167
v  42.1633 25.6083 30.9504
v  45.0822 25.8055 30.5634
v  42.1633 23.7703 30.1891
v  45.0822 23.9045 29.7760
v  42.1633 21.8359 29.7247
v  45.0822 21.9038 29.2956
v  42.1633 19.8526 29.5686
v  45.0822 19.8526 29.1342
v  45.4037 26.0028 30.1761
v  45.4037 26.4483 29.3019
v  45.4037 24.0388 29.3627
v  45.4037 24.3420 28.4295
v  45.4037 21.9718 28.8664
v  45.4037 22.1253 27.8973
v  45.4037 19.8526 28.6996
v  45.4037 19.8526 27.7184
v  44.4762 21.8816 38.3955
v  44.1747 21.4747 39.0889
v  44.6193 21.1748 38.9847
v  45.0541 21.5483 38.1361
v  44.6119 20.6951 38.8290
v  44.1747 20.3963 38.7385
v  44.4762 20.5893 37.9756
v  44.9962 20.9999 37.9731
v  45.9701 23.4230 35.4734
v  45.1275 24.1010 35.8423
v  44.9134 23.0118 37.2818
v  45.6674 22.4939 36.9752
v  45.1264 21.3691 34.7536
v  46.0580 22.7347 35.1948
v  45.6753 21.9172 36.7378
v  44.9134 21.1460 36.5170
v  44.8635 24.2922 29.8713
v  44.0186 25.7761 30.4338
v  44.0379 25.5795 32.6499
v  45.5117 24.4564 31.8699
v  44.7425 24.9748 34.2553
v  45.8915 24.0836 33.7610
v  44.0378 20.8370 30.8664
v  44.0186 22.0037 29.2081
v  44.8698 22.9075 29.4208
v  45.6167 23.2430 31.4170
v  46.0077 23.1174 33.3930
v  44.7438 21.2039 32.7989
v  44.6060 20.9478 38.8875
v  45.0015 21.3289 37.9924
v  45.5331 22.3057 36.6894
v  45.8097 23.0541 35.2438
v  45.0697 23.8227 31.6816
v  44.3240 23.7013 29.6825
v  45.5499 23.5512 33.5659
v  45.0678 26.6012 29.0017
v  43.3562 26.6012 29.0017
v  45.0678 24.4462 28.1090
v  43.3562 24.4462 28.1090
v  45.0678 22.1780 27.5645
v  43.3562 22.1780 27.5645
v  45.0678 19.8526 27.3815
v  43.3562 19.8526 27.3815
v  42.1633 17.8693 29.7247
v  45.0822 17.8014 29.2956
v  42.1633 15.9349 30.1891
v  45.0822 15.8006 29.7760
v  42.1633 14.0969 30.9504
v  45.0822 13.8997 30.5634
v  42.1633 12.4006 31.9899
v  45.0822 12.1453 31.6384
v  45.4037 17.7334 28.8664
v  45.4037 17.5799 27.8973
v  45.4037 15.6663 29.3626
v  45.4037 15.3631 28.4295
v  45.4037 13.7024 30.1761
v  45.4037 13.2569 29.3019
v  45.4037 11.8898 31.2869
v  45.4037 11.3131 30.4930
v  44.4762 19.2304 37.9384
v  44.1747 19.3088 38.7385
v  44.6193 19.0049 38.8305
v  45.0541 18.8084 37.9244
v  44.6119 18.5253 38.9865
v  44.1747 18.2304 39.0889
v  44.4762 17.9381 38.3583
v  44.9962 18.2688 38.1149
v  45.9701 18.7599 34.6683
v  45.1275 19.5252 34.5683
v  44.9134 19.4902 36.3731
v  45.6674 18.8910 36.4294
v  45.1264 16.6751 35.2933
v  46.0580 18.0393 34.8475
v  45.6753 18.2849 36.5763
v  44.9134 17.5312 36.8510
v  44.8635 16.1703 29.6252
v  44.0186 17.7015 29.2081
v  44.0379 18.8450 31.1165
v  45.5117 17.4778 31.1457
v  44.7425 19.2993 32.7707
v  45.8914 18.2878 32.8946
v  44.0378 13.9598 32.4612
v  44.0186 13.9290 30.4338
v  44.8698 14.7853 30.0747
v  45.6167 16.2300 31.4924
v  46.0077 17.2898 33.1648
v  44.7438 15.3926 33.8090
v  44.6060 18.7641 38.8853
v  45.0015 18.5464 37.9372
v  45.5331 18.5707 36.3088
v  45.8097 18.3265 34.6994
v  45.0697 16.8546 31.3658
v  44.3240 15.5813 29.8198
v  45.5499 17.7424 33.0498
v  45.0678 17.5272 27.5645
v  43.3562 17.5272 27.5645
v  45.0678 15.2590 28.1090
v  43.3562 15.2590 28.1090
v  45.0678 13.1039 29.0017
v  43.3562 13.1039 29.0017
v  45.0678 11.1150 30.2204
v  43.3562 11.1150 30.2205
v  45.3231 18.9050 41.5582
v  45.3231 18.7386 41.8847
v  43.2753 16.4058 41.1267
v  43.2753 16.9206 40.1164
v  45.1581 16.9738 40.1551
v  45.1581 16.4684 41.1471
v  45.0335 18.4888 41.2558
v  45.3084 18.2488 41.0814
v  45.0335 18.2493 41.7258
v  45.3084 17.9672 41.6341
v  45.3084 17.0998 40.2467
v  45.3084 16.6165 41.1952
v  45.2472 17.0254 40.1926
v  45.2473 16.5304 41.1624
v  45.3231 18.6813 42.2467
v  45.3231 18.7386 42.6086
v  43.2753 16.4058 43.3666
v  43.2753 16.2284 42.2467
v  45.1581 16.2942 42.2467
v  45.1581 16.4684 43.3462
v  45.0335 18.1669 42.2467
v  45.3084 17.8702 42.2467
v  45.0335 18.2494 42.7676
v  45.3084 17.9672 42.8592
v  45.3084 16.4500 42.2467
v  45.3084 16.6165 43.2981
v  45.2472 16.3580 42.2467
v  45.2473 16.5276 43.3222
v  42.1633 10.8878 33.2819
v  45.0822 10.5807 32.9747
v  42.1633 9.5958 34.7947
v  45.0822 9.2444 34.5393
v  42.1633 8.5563 36.4909
v  45.0822 8.1693 36.2937
v  42.1633 7.7950 38.3289
v  45.0822 7.3819 38.1947
v  45.4037 10.2734 32.6674
v  45.4037 9.5795 31.9736
v  45.4037 8.8928 34.2839
v  45.4037 8.0990 33.7072
v  45.4037 7.7821 36.0964
v  45.4037 6.9078 35.6510
v  45.4037 6.9686 38.0604
v  45.4037 6.0354 37.7572
v  44.4762 16.8169 39.1269
v  44.1747 17.3506 39.7281
v  44.6194 17.1588 39.9812
v  45.0541 16.4672 39.3636
v  44.6119 16.8625 40.3892
v  44.1747 16.6841 40.6454
v  44.4762 16.0182 40.2262
v  44.9962 16.1427 39.8349
v  45.9702 14.5141 36.7579
v  45.1275 15.0745 36.2271
v  44.9134 16.1070 37.7078
v  45.6674 15.6553 38.1056
v  45.1264 13.1948 38.4889
v  46.0580 14.0364 37.3264
v  45.6753 15.2513 38.5807
v  44.9134 14.8031 39.2459
v  44.8635 9.4549 34.2001
v  44.0186 10.4484 32.9627
v  44.0379 12.4952 33.8344
v  45.5117 11.4063 34.6616
v  44.7425 13.8352 34.9056
v  45.8915 13.0897 35.6005
v  44.0378 9.3335 37.7937
v  44.0186 8.1169 36.1717
v  44.8698 8.5985 35.3778
v  45.6167 10.6007 35.6756
v  46.0077 12.4411 36.4057
v  44.7438 11.2848 38.0420
v  44.6060 16.9962 40.1670
v  45.0015 16.2628 39.5280
v  45.5331 15.3253 38.1963
v  45.8097 14.1818 37.0378
v  45.0698 11.0315 35.2060
v  44.3240 9.0927 34.7038
v  45.5499 12.7396 36.0466
v  45.0678 9.3413 31.7354
v  43.3562 9.3413 31.7354
v  45.0678 7.8264 33.5091
v  43.3562 7.8264 33.5091
v  45.0678 6.6076 35.4980
v  43.3562 6.6076 35.4980
v  45.0678 5.7149 37.6530
v  43.3562 5.7149 37.6530
v  42.1633 7.3306 40.2633
v  45.0822 6.9015 40.1954
v  42.1633 7.1745 42.2466
v  45.0822 6.7401 42.2466
v  42.1633 7.3306 44.2299
v  45.0822 6.9015 44.2979
v  42.1633 7.7950 46.1644
v  45.0822 7.3819 46.2986
v  45.4037 6.4723 40.1274
v  45.4037 5.5032 39.9739
v  45.4037 6.3055 42.2466
v  45.4037 5.3243 42.2466
v  45.4037 6.4723 44.3659
v  45.4037 5.5032 44.5193
v  45.4037 6.9685 46.4329
v  45.4037 6.0354 46.7361
v  44.4762 15.5629 41.5070
v  44.1747 16.3480 41.6797
v  44.6194 16.3417 41.9972
v  45.0541 15.4192 41.9041
v  44.6119 16.3418 42.5015
v  44.1747 16.3480 42.8136
v  44.4762 15.5629 42.8658
v  44.9962 15.4336 42.4761
v  45.9702 12.3075 40.9440
v  45.1275 12.4488 40.1852
v  44.9134 14.1545 40.7763
v  45.6674 14.0229 41.3635
v  45.1264 12.2576 43.1199
v  46.0580 12.2552 41.6847
v  45.6753 13.9753 41.9854
v  44.9134 14.0037 42.7870
v  44.8635 6.7110 41.8484
v  44.0186 6.7874 40.2633
v  44.0379 8.9557 39.7655
v  45.5117 8.5610 41.0748
v  44.7425 10.6695 39.8446
v  45.8915 10.4747 40.8449
v  44.0378 8.7251 44.8271
v  44.0186 6.7874 44.2299
v  44.8698 6.7104 43.3046
v  45.6167 8.5053 42.3686
v  46.0077 10.4233 41.8776
v  44.7438 10.4496 43.8810
v  44.6060 16.3193 42.2431
v  45.0015 15.3504 42.1572
v  45.5331 13.8092 41.6309
v  45.8097 12.2031 41.3658
v  45.0698 8.5778 41.7355
v  44.3241 6.7140 42.4688
v  45.5499 10.4537 41.4116
v  45.0678 5.1704 39.9212
v  43.3562 5.1704 39.9212
v  45.0678 4.9874 42.2466
v  43.3562 4.9874 42.2466
v  45.0678 5.1704 44.5721
v  43.3562 5.1704 44.5721
v  45.0678 5.7149 46.8402
v  43.3562 5.7149 46.8402
v  45.3231 18.9050 42.9351
v  45.3231 19.1641 43.1943
v  43.2753 17.7223 45.1787
v  43.2753 16.9206 44.3769
v  45.1581 16.9738 44.3382
v  45.1581 17.7610 45.1254
v  45.0335 18.4888 43.2375
v  45.3084 18.2488 43.4119
v  45.0335 18.8618 43.6105
v  45.3084 18.6873 43.8504
v  45.3084 17.0998 44.2467
v  45.3084 17.8526 44.9994
v  45.2472 17.0254 44.3007
v  45.2473 17.7947 45.0712
v  45.3231 19.4906 43.3606
v  45.3231 19.8526 43.4180
v  43.2753 19.8526 45.8708
v  43.2753 18.7326 45.6934
v  45.1581 18.7530 45.6308
v  45.1581 19.8526 45.8050
v  45.0335 19.3317 43.8499
v  45.3084 19.2400 44.1320
v  45.0335 19.8526 43.9324
v  45.3084 19.8526 44.2290
v  45.3084 18.8011 45.4827
v  45.3084 19.8526 45.6493
v  45.2472 18.7727 45.5702
v  45.2473 19.8480 45.7413
v  42.1633 8.5563 48.0024
v  45.0822 8.1693 48.1996
v  42.1634 9.5958 49.6986
v  45.0822 9.2444 49.9540
v  42.1634 10.8878 51.2114
v  45.0822 10.5806 51.5186
v  42.1634 12.4006 52.5034
v  45.0822 12.1452 52.8549
v  45.4037 7.7820 48.3969
v  45.4037 6.9078 48.8423
v  45.4037 8.8928 50.2094
v  45.4037 8.0990 50.7862
v  45.4037 10.2733 51.8259
v  45.4037 9.5795 52.5197
v  45.4037 11.8898 53.2064
v  45.4037 11.3131 54.0002
v  44.4762 15.9474 44.1697
v  44.1747 16.6841 43.8479
v  44.6194 16.8655 44.1085
v  45.0541 16.0645 44.5754
v  44.6119 17.1621 44.5164
v  44.1747 17.3506 44.7652
v  44.4762 16.7461 45.2690
v  44.9962 16.4124 45.0297
v  45.9702 12.9828 45.6277
v  45.1275 12.6511 44.9308
v  44.9134 14.3784 44.4063
v  45.6674 14.6172 44.9588
v  45.1264 14.2214 47.4173
v  46.0581 13.3759 46.2577
v  45.6753 14.9442 45.4899
v  44.9134 15.4383 46.1217
v  44.8635 8.9868 49.6489
v  44.0186 8.1169 48.3216
v  44.0379 9.5785 46.6444
v  45.5117 10.0287 47.9356
v  44.7425 11.0114 45.7010
v  45.8915 11.4418 46.6248
v  44.0378 12.3670 50.8749
v  44.0186 10.4484 51.5307
v  44.8698 9.8422 50.8273
v  45.6167 10.7441 49.0151
v  46.0077 12.0072 47.4904
v  44.7438 13.2061 49.0958
v  44.6061 16.9920 44.3205
v  45.0015 16.1576 44.8206
v  45.5331 14.6014 45.3007
v  45.8097 13.1463 46.0303
v  45.0698 10.4307 48.4603
v  44.3241 9.3538 50.1491
v  45.5499 11.7579 47.0956
v  45.0678 6.6076 48.9953
v  43.3562 6.6076 48.9953
v  45.0678 7.8264 50.9842
v  43.3562 7.8264 50.9842
v  45.0678 9.3413 52.7579
v  43.3562 9.3413 52.7579
v  45.0678 11.1150 54.2729
v  43.3562 11.1150 54.2729
v  42.1634 14.0968 53.5429
v  45.0822 13.8996 53.9299
v  42.1634 15.9348 54.3042
v  45.0822 15.8006 54.7173
v  42.1634 17.8692 54.7686
v  45.0822 17.8013 55.1977
v  42.1634 19.8525 54.9247
v  45.0822 19.8525 55.3591
v  45.4037 13.7023 54.3172
v  45.4037 13.2568 55.1914
v  45.4037 15.6663 55.1307
v  45.4037 15.3631 56.0638
v  45.4037 17.7333 55.6269
v  45.4037 17.5798 56.5960
v  45.4037 19.8525 55.7937
v  45.4037 19.8525 56.7749
v  44.4762 17.8235 46.0978
v  44.1747 18.2304 45.4045
v  44.6194 18.5303 45.5086
v  45.0541 18.1568 46.3572
v  44.6119 19.0100 45.6644
v  44.1747 19.3088 45.7549
v  44.4762 19.1159 46.5177
v  44.9962 18.7052 46.5203
v  45.9702 16.2821 49.0199
v  45.1275 15.6041 48.6510
v  44.9134 16.6933 47.2115
v  45.6674 17.2112 47.5181
v  45.1264 18.3361 49.7397
v  46.0581 16.9704 49.2986
v  45.6753 17.7879 47.7555
v  44.9134 18.5591 47.9763
v  44.8635 15.4129 54.6220
v  44.0186 13.9290 54.0595
v  44.0379 14.1256 51.8434
v  45.5118 15.2487 52.6234
v  44.7425 14.7303 50.2380
v  45.8915 15.6215 50.7323
v  44.0378 18.8681 53.6269
v  44.0186 17.7014 55.2852
v  44.8698 16.7976 55.0725
v  45.6167 16.4621 53.0763
v  46.0077 16.5877 51.1004
v  44.7438 18.5012 51.6944
v  44.6061 18.7573 45.6059
v  45.0015 18.3762 46.5009
v  45.5331 17.3994 47.8040
v  45.8097 16.6510 49.2495
v  45.0698 15.8824 52.8117
v  44.3241 16.0038 54.8108
v  45.5499 16.1539 50.9274
v  45.0678 13.1039 55.4916
v  43.3562 13.1039 55.4916
v  45.0678 15.2589 56.3843
v  43.3562 15.2589 56.3843
v  45.0678 17.5271 56.9288
v  43.3562 17.5271 56.9288
v  45.0678 19.8525 57.1119
v  43.3562 19.8525 57.1119
v  45.3231 20.2145 43.3606
v  45.3231 20.5410 43.1943
v  43.2753 21.9828 45.1787
v  43.2753 20.9725 45.6934
v  45.1581 20.9521 45.6308
v  45.1581 21.9441 45.1254
v  45.0335 20.3735 43.8499
v  45.3084 20.4652 44.1320
v  45.0335 20.8434 43.6104
v  45.3084 21.0178 43.8504
v  45.3084 20.9040 45.4827
v  45.3084 21.8526 44.9994
v  45.2472 20.9324 45.5702
v  45.2473 21.9029 45.0766
v  45.3231 20.8002 42.9351
v  43.2753 22.7846 44.3769
v  45.1581 22.7313 44.3382
v  45.0335 21.2163 43.2375
v  45.3084 21.4563 43.4119
v  45.3084 22.6053 44.2467
v  45.2472 22.6797 44.3007
v  42.1634 21.8358 54.7687
v  45.0822 21.9038 55.1977
v  42.1634 23.7703 54.3042
v  45.0822 23.9045 54.7174
v  42.1634 25.6083 53.5429
v  45.0822 25.8055 53.9300
v  42.1634 27.3045 52.5034
v  45.0822 27.5599 52.8549
v  45.4037 21.9718 55.6269
v  45.4037 22.1253 56.5960
v  45.4037 24.0388 55.1307
v  45.4037 24.3420 56.0639
v  45.4037 26.0028 54.3172
v  45.4037 26.4482 55.1914
v  45.4037 27.8153 53.2065
v  45.4037 28.3920 54.0003
v  44.4762 20.4747 46.5549
v  44.1747 20.3963 45.7549
v  44.6194 20.7002 45.6628
v  45.0541 20.8968 46.5689
v  44.6119 21.1798 45.5069
v  44.1747 21.4747 45.4045
v  44.4762 21.7670 46.1350
v  44.9962 21.4363 46.3785
v  45.9702 20.9453 49.8250
v  45.1275 20.1799 49.9251
v  44.9134 20.2149 48.1203
v  45.6674 20.8141 48.0639
v  45.1264 23.0300 49.2001
v  46.0581 21.6659 49.6458
v  45.6753 21.4203 47.9170
v  44.9134 22.1739 47.6423
v  44.8635 23.5348 54.8681
v  44.0186 22.0037 55.2852
v  44.0379 20.8602 53.3769
v  45.5118 22.2273 53.3477
v  44.7425 20.4058 51.7226
v  45.8915 21.4173 51.5987
v  44.0378 25.7453 52.0321
v  44.0186 25.7761 54.0595
v  44.8698 24.9199 54.4186
v  45.6167 23.4751 53.0009
v  46.0077 22.4153 51.3285
v  44.7438 24.3126 50.6843
v  44.6061 20.9410 45.6081
v  45.0015 21.1588 46.5561
v  45.5331 21.1344 48.1845
v  45.8098 21.3786 49.7939
v  45.0698 22.8506 53.1275
v  44.3241 24.1239 54.6735
v  45.5499 21.9628 51.4435
v  45.0678 22.1780 56.9289
v  43.3562 22.1780 56.9289
v  45.0678 24.4462 56.3843
v  43.3562 24.4462 56.3843
v  45.0678 26.6012 55.4917
v  43.3562 26.6012 55.4917
v  45.0678 28.5901 54.2729
v  43.3562 28.5901 54.2729
v  42.1634 28.8173 51.2114
v  45.0822 29.1245 51.5186
v  42.1633 30.1093 49.6987
v  45.0822 30.4608 49.9540
v  42.1633 31.1488 48.0024
v  45.0822 31.5358 48.1996
v  45.4037 29.4318 51.8259
v  45.4037 30.1256 52.5197
v  45.4037 30.8123 50.2094
v  45.4037 31.6061 50.7862
v  45.4037 31.9231 48.3969
v  45.4037 32.7973 48.8424
v  44.4762 22.8882 45.3664
v  44.1747 22.3545 44.7652
v  44.6194 22.5463 44.5122
v  45.0541 23.2379 45.1297
v  44.6119 22.8426 44.1041
v  44.1747 23.0210 43.8479
v  44.4762 23.6869 44.2671
v  44.9962 23.5625 44.6585
v  45.9702 25.1910 47.7354
v  45.1275 24.6306 48.2662
v  44.9134 23.5981 46.7855
v  45.6674 24.0498 46.3877
v  45.1264 26.5103 46.0044
v  46.0581 25.6687 47.1669
v  45.6753 24.4538 45.9126
v  44.9134 24.9020 45.2474
v  44.8635 30.2502 50.2933
v  44.0186 29.2567 51.5307
v  44.0379 27.2099 50.6589
v  45.5118 28.2988 49.8317
v  44.7425 25.8699 49.5877
v  45.8915 26.6154 48.8929
v  44.0378 30.3716 46.6996
v  44.0186 31.5882 48.3217
v  44.8698 31.1066 49.1155
v  45.6167 29.1044 48.8177
v  46.0077 27.2640 48.0877
v  44.7438 28.4203 46.4514
v  44.6061 22.7089 44.3263
v  45.0015 23.4424 44.9653
v  45.5331 24.3798 46.2970
v  45.8097 25.5233 47.4555
v  45.0698 28.6736 49.2873
v  44.3241 30.6124 49.7896
v  45.5499 26.9655 48.4468
v  45.0678 30.3638 52.7580
v  43.3562 30.3638 52.7580
v  45.0678 31.8787 50.9842
v  43.3562 31.8787 50.9842
v  45.0678 33.0975 48.9954
v  43.3562 33.0975 48.9954
v  42.3996 7.1639 38.1239
v  42.3996 19.8526 42.2467
v  42.3996 6.5109 42.2467
v  42.3996 9.0589 34.4046
v  42.3996 12.0105 31.4530
v  42.3996 15.7298 29.5580
v  42.3996 19.8526 28.9050
v  42.3996 23.9754 29.5580
v  42.3996 27.6946 31.4530
v  42.3996 30.6462 34.4046
v  42.3996 32.5412 38.1239
v  42.3996 33.1942 42.2467
v  42.3996 32.5412 46.3695
v  42.3996 30.6462 50.0887
v  42.3996 27.6946 53.0403
v  42.3996 23.9754 54.9353
v  42.3996 19.8526 55.5883
v  42.3996 15.7298 54.9353
v  42.3996 12.0105 53.0403
v  42.3996 9.0589 50.0887
v  42.3996 7.1639 46.3695
v  39.8588 19.8526 -67.6040
v  39.8588 29.8264 -64.9315
v  47.8008 29.8264 -64.9315
v  47.8008 19.8526 -67.6040
v  39.8588 37.1278 -57.6301
v  47.8008 37.1278 -57.6301
v  39.8588 39.8003 -47.6563
v  47.8008 39.8003 -47.6563
v  39.8588 37.1278 -37.6824
v  47.8008 37.1278 -37.6824
v  39.8588 29.8264 -30.3810
v  47.8008 29.8264 -30.3810
v  39.8588 19.8526 -27.7085
v  47.8008 19.8526 -27.7085
v  39.8588 9.8787 -30.3810
v  47.8008 9.8787 -30.3810
v  39.8588 2.5773 -37.6824
v  47.8008 2.5773 -37.6824
v  39.8588 -0.0952 -47.6563
v  47.8008 -0.0952 -47.6563
v  39.8588 2.5773 -57.6301
v  47.8008 2.5773 -57.6301
v  39.8588 9.8787 -64.9315
v  47.8008 9.8787 -64.9315
v  35.9284 19.8526 -62.6888
v  35.9284 19.8526 -32.6238
v  35.9284 27.3688 -34.6377
v  35.9284 27.3688 -60.6748
v  35.9284 32.8711 -55.1725
v  35.9284 34.8851 -47.6563
v  35.9284 32.8711 -40.1400
v  35.9284 12.3363 -34.6377
v  35.9284 6.8340 -40.1400
v  35.9284 4.8201 -47.6563
v  35.9284 6.8340 -55.1725
v  35.9284 12.3363 -60.6748
v  51.7311 27.0220 -60.0741
v  51.7311 19.8526 -61.9951
v  51.7311 32.2704 -54.8257
v  51.7311 34.1914 -47.6563
v  51.7311 32.2704 -40.4868
v  51.7311 27.0220 -35.2384
v  51.7311 19.8526 -33.3174
v  51.7311 12.6831 -35.2384
v  51.7311 7.4347 -40.4868
v  51.7311 5.5137 -47.6563
v  51.7311 7.4347 -54.8257
v  51.7311 12.6831 -60.0741
v  51.7513 19.8526 -47.6563
v  51.7468 21.0239 -47.6563
v  51.7468 20.9665 -47.2943
v  51.7468 20.9665 -48.0182
v  49.6989 23.2993 -48.7762
v  49.6989 23.4767 -47.6563
v  51.5817 23.4109 -47.6563
v  51.5817 23.2367 -48.7559
v  49.6989 23.2993 -46.5364
v  51.5817 23.2367 -46.5567
v  51.7321 21.7379 -47.0437
v  51.4572 21.4558 -47.1354
v  51.4572 21.5383 -47.6563
v  51.7321 21.8349 -47.6563
v  51.4572 21.4557 -48.1773
v  51.7321 21.7379 -48.2689
v  51.7321 23.2552 -47.6563
v  51.7321 23.0886 -48.7077
v  51.6709 23.3471 -47.6563
v  51.6710 23.1776 -48.7318
v  51.6710 23.1747 -46.5720
v  51.7321 23.0886 -46.6048
v  51.7468 20.8002 -48.3448
v  51.7468 20.5410 -48.6039
v  49.6989 21.9828 -50.5883
v  49.6989 22.7846 -49.7865
v  51.5817 22.7313 -49.7478
v  51.5817 21.9441 -50.5350
v  51.4572 21.2163 -48.6471
v  51.7321 21.4563 -48.8215
v  51.4572 20.8433 -49.0201
v  51.7321 21.0178 -49.2601
v  51.7321 22.6053 -49.6563
v  51.7321 21.8526 -50.4090
v  51.6709 22.6797 -49.7103
v  51.6710 21.9104 -50.4808
v  51.5059 32.3232 -43.6043
v  48.5870 31.9101 -43.7385
v  48.5870 32.3745 -45.6730
v  51.5059 32.8036 -45.6050
v  48.5870 32.5306 -47.6563
v  51.5059 32.9650 -47.6563
v  48.5870 32.3745 -49.6395
v  51.5059 32.8036 -49.7075
v  48.5870 31.9101 -51.5740
v  51.5059 32.3233 -51.7082
v  51.8274 32.7366 -43.4700
v  51.8274 33.2328 -45.5371
v  51.8274 34.2019 -45.3836
v  51.8274 33.6697 -43.1668
v  51.8274 33.3996 -47.6563
v  51.8274 34.3808 -47.6563
v  51.8274 33.2328 -49.7755
v  51.8274 34.2019 -49.9290
v  51.8274 32.7366 -51.8425
v  51.8274 33.6698 -52.1457
v  50.8998 24.1422 -46.9166
v  50.5984 23.3571 -47.0893
v  51.0430 23.3634 -47.4068
v  51.4778 24.2860 -47.3137
v  51.0356 23.3633 -47.9111
v  50.5984 23.3571 -48.2232
v  50.8998 24.1422 -48.2755
v  51.4198 24.2715 -47.8857
v  52.3938 27.3976 -46.3537
v  51.5512 27.2563 -45.5949
v  51.3370 25.5507 -46.1859
v  52.0910 25.6823 -46.7732
v  51.5501 27.4475 -48.5295
v  52.4817 27.4499 -47.0944
v  52.0990 25.7298 -47.3950
v  51.3370 25.7015 -48.1967
v  51.2872 32.9941 -47.2581
v  50.4422 32.9177 -45.6730
v  50.4616 30.7494 -45.1752
v  51.9354 31.1441 -46.4844
v  51.1662 29.0357 -45.2542
v  52.3151 29.2304 -46.2545
v  50.4614 30.9800 -50.2367
v  50.4422 32.9177 -49.6396
v  51.2935 32.9947 -48.7142
v  52.0403 31.1999 -47.7783
v  52.4314 29.2818 -47.2872
v  51.1675 29.2555 -49.2906
v  51.0297 23.3858 -47.6527
v  51.4252 24.3548 -47.5669
v  51.9568 25.8959 -47.0405
v  52.2334 27.5020 -46.7754
v  51.4934 31.1273 -47.1452
v  50.7477 32.9911 -47.8785
v  51.9735 29.2514 -46.8212
v  51.4914 34.5348 -45.3308
v  49.7799 34.5348 -45.3308
v  49.7799 33.9902 -43.0627
v  51.4914 33.9902 -43.0627
v  51.4914 34.7178 -47.6563
v  49.7799 34.7178 -47.6563
v  51.4914 34.5348 -49.9817
v  49.7799 34.5347 -49.9817
v  51.4914 33.9902 -52.2499
v  49.7799 33.9902 -52.2499
v  48.5870 31.1488 -53.4120
v  51.5059 31.5359 -53.6092
v  48.5870 30.1093 -55.1082
v  51.5059 30.4608 -55.3636
v  48.5870 28.8173 -56.6210
v  51.5058 29.1245 -56.9282
v  48.5870 27.3046 -57.9130
v  51.5058 27.5599 -58.2645
v  51.8274 31.9231 -53.8065
v  51.8274 32.7973 -54.2519
v  51.8274 30.8124 -55.6190
v  51.8274 31.6062 -56.1957
v  51.8274 29.4318 -57.2355
v  51.8274 30.1256 -57.9293
v  51.8274 27.8153 -58.6161
v  51.8274 28.3921 -59.4099
v  50.8998 23.7577 -49.5793
v  50.5984 23.0210 -49.2575
v  51.0430 22.8396 -49.5181
v  51.4778 23.6406 -49.9850
v  51.0356 22.5431 -49.9260
v  50.5984 22.3545 -50.1749
v  50.8998 22.9590 -50.6786
v  51.4198 23.2927 -50.4393
v  52.3938 26.7223 -51.0373
v  51.5512 27.0540 -50.3404
v  51.3370 25.3267 -49.8160
v  52.0910 25.0880 -50.3684
v  51.5501 25.4838 -52.8269
v  52.4817 26.3293 -51.6673
v  52.0990 24.7609 -50.8995
v  51.3370 24.2668 -51.5314
v  51.2872 30.7184 -55.0585
v  50.4422 31.5882 -53.7312
v  50.4616 30.1266 -52.0540
v  51.9354 29.6764 -53.3452
v  51.1662 28.6938 -51.1107
v  52.3151 28.2633 -52.0344
v  50.4614 27.3381 -56.2845
v  50.4422 29.2568 -56.9403
v  51.2935 29.8629 -56.2369
v  52.0403 28.9610 -54.4247
v  52.4314 27.6979 -52.9000
v  51.1675 26.4991 -54.5054
v  51.0297 22.7131 -49.7302
v  51.4252 23.5475 -50.2303
v  51.9568 25.1037 -50.7103
v  52.2334 26.5588 -51.4399
v  51.4934 29.2745 -53.8699
v  50.7477 30.3513 -55.5587
v  51.9735 27.9472 -52.5052
v  51.4914 33.0976 -54.4049
v  49.7799 33.0976 -54.4049
v  51.4914 31.8788 -56.3938
v  49.7799 31.8788 -56.3938
v  51.4914 30.3639 -58.1675
v  49.7799 30.3639 -58.1675
v  51.4914 28.5901 -59.6825
v  49.7799 28.5901 -59.6825
v  51.7468 20.2145 -48.7703
v  51.7468 19.8526 -48.8276
v  49.6989 19.8526 -51.2805
v  49.6989 20.9725 -51.1031
v  51.5817 20.9521 -51.0405
v  51.5817 19.8526 -51.2146
v  51.4572 20.3735 -49.2595
v  51.7321 20.4652 -49.5416
v  51.4572 19.8525 -49.3420
v  51.7321 19.8526 -49.6387
v  51.7321 20.9040 -50.8923
v  51.7321 19.8526 -51.0589
v  51.6709 20.9324 -50.9798
v  51.6710 19.8572 -51.1509
v  51.7468 19.4906 -48.7703
v  51.7468 19.1641 -48.6039
v  49.6989 17.7223 -50.5883
v  49.6989 18.7326 -51.1031
v  51.5817 18.7530 -51.0405
v  51.5817 17.7610 -50.5350
v  51.4572 19.3317 -49.2595
v  51.7321 19.2400 -49.5416
v  51.4572 18.8617 -49.0200
v  51.7321 18.6874 -49.2601
v  51.7321 18.8011 -50.8923
v  51.7321 17.8526 -50.4090
v  51.6709 18.7727 -50.9798
v  51.6710 17.8022 -50.4862
v  48.5870 25.6083 -58.9525
v  51.5058 25.8055 -59.3396
v  48.5870 23.7703 -59.7138
v  51.5058 23.9045 -60.1270
v  48.5870 21.8359 -60.1783
v  51.5058 21.9038 -60.6073
v  48.5870 19.8526 -60.3344
v  51.5058 19.8526 -60.7687
v  51.8274 26.0028 -59.7268
v  51.8274 26.4483 -60.6010
v  51.8274 24.0388 -60.5403
v  51.8274 24.3420 -61.4735
v  51.8274 21.9718 -61.0365
v  51.8274 22.1253 -62.0057
v  51.8274 19.8526 -61.2033
v  51.8274 19.8526 -62.1845
v  50.8998 21.8816 -51.5074
v  50.5984 21.4747 -50.8141
v  51.0430 21.1748 -50.9182
v  51.4778 21.5483 -51.7669
v  51.0356 20.6951 -51.0740
v  50.5983 20.3963 -51.1645
v  50.8998 20.5893 -51.9273
v  51.4198 20.9999 -51.9299
v  52.3938 23.4230 -54.4296
v  51.5512 24.1010 -54.0607
v  51.3370 23.0118 -52.6211
v  52.0910 22.4939 -52.9278
v  51.5501 21.3691 -55.1494
v  52.4817 22.7347 -54.7082
v  52.0990 21.9172 -53.1651
v  51.3370 21.1460 -53.3859
v  51.2872 24.2922 -60.0316
v  50.4422 25.7761 -59.4691
v  50.4616 25.5795 -57.2531
v  51.9354 24.4564 -58.0330
v  51.1662 24.9748 -55.6477
v  52.3151 24.0836 -56.1420
v  50.4614 20.8370 -59.0365
v  50.4422 22.0037 -60.6948
v  51.2935 22.9075 -60.4821
v  52.0403 23.2430 -58.4859
v  52.4314 23.1174 -56.5100
v  51.1675 21.2039 -57.1040
v  51.0297 20.9478 -51.0155
v  51.4252 21.3289 -51.9105
v  51.9568 22.3057 -53.2136
v  52.2334 23.0541 -54.6591
v  51.4934 23.8227 -58.2213
v  50.7477 23.7013 -60.2204
v  51.9735 23.5512 -56.3371
v  51.4914 26.6012 -60.9013
v  49.7799 26.6012 -60.9013
v  51.4914 24.4462 -61.7939
v  49.7799 24.4462 -61.7939
v  51.4914 22.1780 -62.3385
v  49.7799 22.1780 -62.3385
v  51.4914 19.8526 -62.5215
v  49.7799 19.8526 -62.5215
v  48.5870 17.8693 -60.1783
v  51.5058 17.8014 -60.6073
v  48.5870 15.9349 -59.7139
v  51.5058 15.8006 -60.1270
v  48.5870 14.0969 -58.9525
v  51.5058 13.8997 -59.3396
v  48.5870 12.4006 -57.9131
v  51.5058 12.1453 -58.2645
v  51.8274 17.7334 -61.0366
v  51.8274 17.5799 -62.0057
v  51.8274 15.6663 -60.5403
v  51.8274 15.3631 -61.4735
v  51.8274 13.7024 -59.7268
v  51.8274 13.2569 -60.6011
v  51.8274 11.8898 -58.6161
v  51.8274 11.3131 -59.4099
v  50.8998 19.2304 -51.9645
v  50.5983 19.3088 -51.1645
v  51.0430 19.0049 -51.0724
v  51.4778 18.8084 -51.9786
v  51.0356 18.5253 -50.9165
v  50.5984 18.2304 -50.8141
v  50.8998 17.9381 -51.5446
v  51.4198 18.2688 -51.7881
v  52.3938 18.7599 -55.2346
v  51.5512 19.5252 -55.3347
v  51.3370 19.4902 -53.5299
v  52.0910 18.8910 -53.4735
v  51.5501 16.6751 -54.6097
v  52.4817 18.0393 -55.0555
v  52.0990 18.2849 -53.3266
v  51.3370 17.5312 -53.0519
v  51.2872 16.1703 -60.2777
v  50.4422 17.7015 -60.6948
v  50.4616 18.8450 -58.7865
v  51.9354 17.4778 -58.7573
v  51.1662 19.2993 -57.1322
v  52.3151 18.2878 -57.0083
v  50.4614 13.9598 -57.4417
v  50.4422 13.9290 -59.4691
v  51.2935 14.7853 -59.8283
v  52.0403 16.2300 -58.4105
v  52.4314 17.2898 -56.7381
v  51.1675 15.3926 -56.0940
v  51.0297 18.7641 -51.0177
v  51.4252 18.5464 -51.9658
v  51.9568 18.5707 -53.5942
v  52.2334 18.3265 -55.2035
v  51.4934 16.8546 -58.5372
v  50.7477 15.5813 -60.0831
v  51.9735 17.7424 -56.8532
v  51.4914 17.5272 -62.3385
v  49.7799 17.5272 -62.3385
v  51.4914 15.2590 -61.7939
v  49.7799 15.2590 -61.7939
v  51.4914 13.1039 -60.9013
v  49.7799 13.1039 -60.9013
v  51.4914 11.1150 -59.6825
v  49.7799 11.1150 -59.6825
v  51.7468 18.9050 -48.3448
v  51.7468 18.7386 -48.0182
v  49.6989 16.4058 -48.7762
v  49.6989 16.9206 -49.7865
v  51.5817 16.9738 -49.7478
v  51.5817 16.4684 -48.7559
v  51.4572 18.4888 -48.6471
v  51.7321 18.2488 -48.8215
v  51.4572 18.2493 -48.1771
v  51.7321 17.9672 -48.2689
v  51.7321 17.0998 -49.6563
v  51.7321 16.6165 -48.7077
v  51.6709 17.0254 -49.7103
v  51.6710 16.5304 -48.7406
v  51.7468 18.6813 -47.6563
v  51.7468 18.7386 -47.2943
v  49.6989 16.4058 -46.5364
v  49.6989 16.2284 -47.6563
v  51.5817 16.2942 -47.6563
v  51.5817 16.4684 -46.5567
v  51.4572 18.1669 -47.6563
v  51.7321 17.8702 -47.6563
v  51.4572 18.2494 -47.1353
v  51.7321 17.9672 -47.0437
v  51.7321 16.4500 -47.6563
v  51.7321 16.6165 -46.6048
v  51.6709 16.3580 -47.6563
v  51.6710 16.5276 -46.5808
v  48.5870 10.8878 -56.6210
v  51.5059 10.5807 -56.9282
v  48.5870 9.5958 -55.1083
v  51.5059 9.2444 -55.3636
v  48.5870 8.5563 -53.4120
v  51.5059 8.1693 -53.6092
v  48.5870 7.7950 -51.5740
v  51.5059 7.3819 -51.7083
v  51.8274 10.2734 -57.2355
v  51.8274 9.5795 -57.9293
v  51.8274 8.8928 -55.6190
v  51.8274 8.0990 -56.1958
v  51.8274 7.7821 -53.8065
v  51.8274 6.9078 -54.2520
v  51.8274 6.9686 -51.8426
v  51.8274 6.0354 -52.1458
v  50.8998 16.8169 -50.7761
v  50.5984 17.3506 -50.1749
v  51.0430 17.1588 -49.9218
v  51.4778 16.4672 -50.5393
v  51.0356 16.8625 -49.5137
v  50.5984 16.6841 -49.2575
v  50.8998 16.0182 -49.6767
v  51.4198 16.1427 -50.0681
v  52.3938 14.5141 -53.1450
v  51.5512 15.0745 -53.6758
v  51.3370 16.1070 -52.1951
v  52.0910 15.6553 -51.7973
v  51.5501 13.1948 -51.4140
v  52.4817 14.0364 -52.5765
v  52.0990 15.2513 -51.3222
v  51.3370 14.8031 -50.6570
v  51.2872 9.4549 -55.7029
v  50.4422 10.4484 -56.9403
v  50.4616 12.4952 -56.0685
v  51.9354 11.4063 -55.2413
v  51.1662 13.8352 -54.9973
v  52.3151 13.0897 -54.3025
v  50.4614 9.3335 -52.1092
v  50.4422 8.1169 -53.7313
v  51.2935 8.5985 -54.5251
v  52.0403 10.6007 -54.2274
v  52.4314 12.4411 -53.4973
v  51.1675 11.2848 -51.8610
v  51.0297 16.9962 -49.7360
v  51.4252 16.2628 -50.3750
v  51.9568 15.3253 -51.7067
v  52.2334 14.1818 -52.8651
v  51.4934 11.0315 -54.6969
v  50.7477 9.0927 -55.1992
v  51.9735 12.7396 -53.8564
v  51.4914 9.3413 -58.1676
v  49.7799 9.3413 -58.1676
v  51.4914 7.8264 -56.3938
v  49.7799 7.8264 -56.3938
v  51.4914 6.6076 -54.4049
v  49.7799 6.6076 -54.4049
v  51.4914 5.7149 -52.2499
v  49.7799 5.7149 -52.2499
v  48.5870 7.3306 -49.6396
v  51.5059 6.9015 -49.7076
v  48.5870 7.1745 -47.6563
v  51.5059 6.7401 -47.6563
v  48.5870 7.3306 -45.6730
v  51.5059 6.9015 -45.6051
v  48.5870 7.7950 -43.7386
v  51.5059 7.3819 -43.6043
v  51.8274 6.4723 -49.7755
v  51.8274 5.5032 -49.9290
v  51.8274 6.3055 -47.6563
v  51.8274 5.3243 -47.6563
v  51.8274 6.4723 -45.5371
v  51.8274 5.5032 -45.3836
v  51.8274 6.9685 -43.4700
v  51.8274 6.0354 -43.1668
v  50.8998 15.5629 -48.3959
v  50.5984 16.3480 -48.2232
v  51.0430 16.3417 -47.9058
v  51.4778 15.4192 -47.9988
v  51.0356 16.3418 -47.4015
v  50.5984 16.3480 -47.0893
v  50.8998 15.5629 -47.0371
v  51.4198 15.4336 -47.4269
v  52.3938 12.3075 -48.9589
v  51.5512 12.4488 -49.7177
v  51.3370 14.1545 -49.1267
v  52.0910 14.0229 -48.5394
v  51.5501 12.2576 -46.7831
v  52.4817 12.2552 -48.2182
v  52.0990 13.9753 -47.9176
v  51.3370 14.0037 -47.1159
v  51.2872 6.7110 -48.0545
v  50.4422 6.7874 -49.6396
v  50.4616 8.9557 -50.1374
v  51.9354 8.5610 -48.8282
v  51.1662 10.6695 -50.0584
v  52.3151 10.4747 -49.0581
v  50.4615 8.7251 -45.0758
v  50.4422 6.7874 -45.6730
v  51.2935 6.7104 -46.5984
v  52.0403 8.5053 -47.5343
v  52.4314 10.4233 -48.0254
v  51.1675 10.4496 -46.0220
v  51.0297 16.3193 -47.6599
v  51.4252 15.3504 -47.7457
v  51.9568 13.8092 -48.2721
v  52.2334 12.2031 -48.5371
v  51.4934 8.5778 -48.1674
v  50.7477 6.7140 -47.4341
v  51.9735 10.4537 -48.4914
v  51.4914 5.1704 -49.9818
v  49.7799 5.1704 -49.9817
v  51.4914 4.9874 -47.6563
v  49.7799 4.9874 -47.6563
v  51.4914 5.1704 -45.3309
v  49.7799 5.1704 -45.3309
v  51.4914 5.7149 -43.0627
v  49.7799 5.7149 -43.0627
v  51.7468 18.9050 -46.9678
v  51.7468 19.1641 -46.7087
v  49.6989 17.7223 -44.7243
v  49.6989 16.9206 -45.5261
v  51.5817 16.9738 -45.5648
v  51.5817 17.7610 -44.7775
v  51.4572 18.4888 -46.6655
v  51.7321 18.2488 -46.4911
v  51.4572 18.8618 -46.2925
v  51.7321 18.6873 -46.0525
v  51.7321 17.0998 -45.6563
v  51.7321 17.8526 -44.9035
v  51.6709 17.0254 -45.6023
v  51.6710 17.7947 -44.8318
v  51.7468 19.4906 -46.5423
v  51.7468 19.8526 -46.4850
v  49.6989 19.8526 -44.0321
v  49.6989 18.7326 -44.2095
v  51.5817 18.7530 -44.2721
v  51.5817 19.8526 -44.0980
v  51.4572 19.3317 -46.0531
v  51.7321 19.2400 -45.7709
v  51.4572 19.8526 -45.9706
v  51.7321 19.8526 -45.6739
v  51.7321 18.8011 -44.4202
v  51.7321 19.8526 -44.2537
v  51.6709 18.7727 -44.3328
v  51.6710 19.8480 -44.1617
v  48.5870 8.5563 -41.9006
v  51.5059 8.1693 -41.7034
v  48.5870 9.5958 -40.2043
v  51.5059 9.2444 -39.9490
v  48.5870 10.8878 -38.6915
v  51.5059 10.5806 -38.3844
v  48.5870 12.4006 -37.3995
v  51.5059 12.1452 -37.0481
v  51.8274 7.7820 -41.5061
v  51.8274 6.9078 -41.0606
v  51.8274 8.8928 -39.6935
v  51.8274 8.0990 -39.1168
v  51.8274 10.2733 -38.0771
v  51.8274 9.5795 -37.3833
v  51.8274 11.8898 -36.6965
v  51.8274 11.3131 -35.9027
v  50.8998 15.9474 -45.7333
v  50.5984 16.6841 -46.0550
v  51.0430 16.8655 -45.7945
v  51.4778 16.0645 -45.3275
v  51.0356 17.1621 -45.3866
v  50.5984 17.3506 -45.1377
v  50.8998 16.7461 -44.6340
v  51.4198 16.4124 -44.8732
v  52.3938 12.9828 -44.2752
v  51.5512 12.6511 -44.9722
v  51.3370 14.3784 -45.4966
v  52.0910 14.6172 -44.9441
v  51.5501 14.2214 -42.4856
v  52.4817 13.3759 -43.6453
v  52.0990 14.9442 -44.4131
v  51.3370 15.4383 -43.7812
v  51.2872 8.9868 -40.2540
v  50.4422 8.1169 -41.5813
v  50.4616 9.5785 -43.2585
v  51.9354 10.0287 -41.9674
v  51.1662 11.0114 -44.2019
v  52.3151 11.4418 -43.2782
v  50.4615 12.3670 -39.0281
v  50.4422 10.4484 -38.3723
v  51.2935 9.8422 -39.0756
v  52.0403 10.7441 -40.8878
v  52.4314 12.0072 -42.4125
v  51.1675 13.2061 -40.8072
v  51.0297 16.9920 -45.5824
v  51.4252 16.1576 -45.0823
v  51.9568 14.6014 -44.6022
v  52.2334 13.1463 -43.8727
v  51.4934 10.4307 -41.4426
v  50.7477 9.3538 -39.7539
v  51.9735 11.7579 -42.8074
v  51.4914 6.6076 -40.9076
v  49.7799 6.6076 -40.9076
v  51.4915 7.8264 -38.9187
v  49.7799 7.8264 -38.9187
v  51.4915 9.3413 -37.1450
v  49.7799 9.3413 -37.1450
v  51.4915 11.1150 -35.6301
v  49.7799 11.1150 -35.6301
v  48.5870 14.0968 -36.3600
v  51.5059 13.8996 -35.9730
v  48.5870 15.9348 -35.5987
v  51.5059 15.8006 -35.1856
v  48.5870 17.8692 -35.1343
v  51.5059 17.8013 -34.7053
v  48.5870 19.8525 -34.9782
v  51.5059 19.8525 -34.5438
v  51.8274 13.7023 -35.5858
v  51.8274 13.2568 -34.7115
v  51.8274 15.6663 -34.7723
v  51.8274 15.3631 -33.8391
v  51.8274 17.7333 -34.2760
v  51.8274 17.5798 -33.3069
v  51.8274 19.8525 -34.1092
v  51.8274 19.8525 -33.1280
v  50.8998 17.8235 -43.8052
v  50.5984 18.2304 -44.4985
v  51.0430 18.5303 -44.3943
v  51.4778 18.1568 -43.5457
v  51.0356 19.0100 -44.2386
v  50.5984 19.3088 -44.1481
v  50.8998 19.1159 -43.3853
v  51.4198 18.7052 -43.3827
v  52.3938 16.2821 -40.8830
v  51.5512 15.6041 -41.2519
v  51.3370 16.6933 -42.6914
v  52.0910 17.2112 -42.3848
v  51.5501 18.3361 -40.1632
v  52.4817 16.9704 -40.6044
v  52.0990 17.7879 -42.1474
v  51.3370 18.5591 -41.9267
v  51.2872 15.4129 -35.2810
v  50.4422 13.9290 -35.8435
v  50.4616 14.1256 -38.0595
v  51.9354 15.2487 -37.2796
v  51.1662 14.7303 -39.6649
v  52.3151 15.6215 -39.1706
v  50.4615 18.8681 -36.2760
v  50.4422 17.7014 -34.6177
v  51.2935 16.7976 -34.8305
v  52.0403 16.4621 -36.8267
v  52.4314 16.5877 -38.8026
v  51.1675 18.5012 -38.2085
v  51.0297 18.7573 -44.2971
v  51.4252 18.3762 -43.4021
v  51.9568 17.3994 -42.0990
v  52.2334 16.6510 -40.6534
v  51.4934 15.8824 -37.0913
v  50.7477 16.0038 -35.0921
v  51.9735 16.1539 -38.9755
v  51.4915 13.1039 -34.4113
v  49.7799 13.1039 -34.4113
v  51.4915 15.2589 -33.5186
v  49.7799 15.2589 -33.5186
v  51.4915 17.5271 -32.9741
v  49.7799 17.5271 -32.9741
v  51.4915 19.8525 -32.7911
v  49.7799 19.8525 -32.7911
v  51.7468 20.2145 -46.5423
v  51.7468 20.5410 -46.7087
v  49.6989 21.9828 -44.7243
v  49.6989 20.9725 -44.2095
v  51.5817 20.9521 -44.2721
v  51.5817 21.9441 -44.7775
v  51.4572 20.3735 -46.0531
v  51.7321 20.4652 -45.7709
v  51.4572 20.8434 -46.2926
v  51.7321 21.0178 -46.0525
v  51.7321 20.9040 -44.4202
v  51.7321 21.8526 -44.9035
v  51.6709 20.9324 -44.3328
v  51.6710 21.9029 -44.8264
v  51.7468 20.8002 -46.9678
v  49.6989 22.7846 -45.5261
v  51.5817 22.7313 -45.5648
v  51.4572 21.2163 -46.6655
v  51.7321 21.4563 -46.4911
v  51.7321 22.6053 -45.6563
v  51.6709 22.6797 -45.6023
v  48.5870 21.8358 -35.1343
v  51.5059 21.9038 -34.7053
v  48.5870 23.7703 -35.5987
v  51.5059 23.9045 -35.1856
v  48.5870 25.6083 -36.3600
v  51.5059 25.8055 -35.9730
v  48.5870 27.3045 -37.3995
v  51.5059 27.5599 -37.0481
v  51.8274 21.9718 -34.2760
v  51.8274 22.1253 -33.3069
v  51.8274 24.0388 -34.7723
v  51.8274 24.3420 -33.8391
v  51.8274 26.0028 -35.5858
v  51.8274 26.4482 -34.7115
v  51.8274 27.8153 -36.6965
v  51.8274 28.3920 -35.9027
v  50.8998 20.4747 -43.3480
v  50.5984 20.3963 -44.1481
v  51.0430 20.7002 -44.2401
v  51.4778 20.8968 -43.3340
v  51.0356 21.1798 -44.3961
v  50.5984 21.4747 -44.4985
v  50.8998 21.7670 -43.7679
v  51.4198 21.4363 -43.5245
v  52.3938 20.9453 -40.0780
v  51.5512 20.1799 -39.9779
v  51.3370 20.2149 -41.7827
v  52.0910 20.8141 -41.8390
v  51.5501 23.0300 -40.7029
v  52.4817 21.6659 -40.2571
v  52.0990 21.4203 -41.9860
v  51.3370 22.1739 -42.2606
v  51.2872 23.5348 -35.0349
v  50.4422 22.0037 -34.6177
v  50.4616 20.8602 -36.5261
v  51.9354 22.2273 -36.5553
v  51.1662 20.4058 -38.1803
v  52.3151 21.4173 -38.3043
v  50.4615 25.7453 -37.8709
v  50.4422 25.7761 -35.8435
v  51.2935 24.9199 -35.4843
v  52.0403 23.4751 -36.9021
v  52.4314 22.4153 -38.5745
v  51.1675 24.3126 -39.2186
v  51.0297 20.9410 -44.2949
v  51.4252 21.1588 -43.3468
v  51.9568 21.1344 -41.7184
v  52.2334 21.3786 -40.1091
v  51.4934 22.8506 -36.7754
v  50.7477 24.1239 -35.2294
v  51.9735 21.9628 -38.4594
v  51.4915 22.1780 -32.9741
v  49.7799 22.1780 -32.9741
v  51.4915 24.4462 -33.5186
v  49.7799 24.4462 -33.5186
v  51.4915 26.6012 -34.4113
v  49.7799 26.6012 -34.4113
v  51.4915 28.5901 -35.6301
v  49.7799 28.5901 -35.6301
v  48.5870 28.8173 -38.6915
v  51.5059 29.1245 -38.3843
v  48.5870 30.1093 -40.2043
v  51.5059 30.4608 -39.9489
v  48.5870 31.1488 -41.9005
v  51.5059 31.5358 -41.7033
v  51.8274 29.4318 -38.0770
v  51.8274 30.1256 -37.3832
v  51.8274 30.8123 -39.6935
v  51.8274 31.6061 -39.1168
v  51.8274 31.9231 -41.5060
v  51.8274 32.7973 -41.0606
v  50.8998 22.8882 -44.5365
v  50.5984 22.3545 -45.1377
v  51.0430 22.5463 -45.3908
v  51.4778 23.2379 -44.7733
v  51.0356 22.8426 -45.7988
v  50.5984 23.0210 -46.0550
v  50.8998 23.6869 -45.6358
v  51.4198 23.5625 -45.2445
v  52.3938 25.1910 -42.1675
v  51.5512 24.6306 -41.6367
v  51.3370 23.5981 -43.1174
v  52.0910 24.0498 -43.5152
v  51.5501 26.5103 -43.8985
v  52.4817 25.6687 -42.7360
v  52.0990 24.4538 -43.9904
v  51.3370 24.9020 -44.6556
v  51.2872 30.2502 -39.6097
v  50.4422 29.2567 -38.3722
v  50.4616 27.2099 -39.2440
v  51.9354 28.2988 -40.0712
v  51.1662 25.8699 -40.3153
v  52.3151 26.6154 -41.0101
v  50.4615 30.3716 -43.2033
v  50.4422 31.5882 -41.5813
v  51.2935 31.1066 -40.7874
v  52.0403 29.1044 -41.0852
v  52.4314 27.2640 -41.8153
v  51.1675 28.4203 -43.4516
v  51.0297 22.7089 -45.5766
v  51.4252 23.4424 -44.9376
v  51.9568 24.3798 -43.6059
v  52.2334 25.5233 -42.4474
v  51.4934 28.6736 -40.6156
v  50.7477 30.6124 -40.1134
v  51.9735 26.9655 -41.4562
v  51.4915 30.3638 -37.1450
v  49.7799 30.3638 -37.1450
v  51.4915 31.8787 -38.9187
v  49.7799 31.8787 -38.9187
v  51.4914 33.0975 -40.9076
v  49.7799 33.0975 -40.9076
v  48.8233 7.1639 -51.7791
v  48.8233 19.8526 -47.6563
v  48.8233 6.5109 -47.6563
v  48.8233 9.0589 -55.4983
v  48.8233 12.0105 -58.4499
v  48.8233 15.7298 -60.3449
v  48.8233 19.8526 -60.9979
v  48.8233 23.9754 -60.3449
v  48.8233 27.6946 -58.4499
v  48.8233 30.6462 -55.4983
v  48.8233 32.5412 -51.7791
v  48.8233 33.1942 -47.6563
v  48.8233 32.5412 -43.5335
v  48.8233 30.6462 -39.8143
v  48.8233 27.6946 -36.8627
v  48.8233 23.9754 -34.9676
v  48.8233 19.8526 -34.3146
v  48.8233 15.7298 -34.9676
v  48.8233 12.0105 -36.8627
v  48.8233 9.0589 -39.8143
v  48.8233 7.1639 -43.5335
v  -33.4351 19.8526 22.2989
v  -41.3771 19.8526 22.2989
v  -41.3771 29.8264 24.9714
v  -33.4351 29.8264 24.9714
v  -41.3771 37.1278 32.2728
v  -33.4351 37.1278 32.2728
v  -41.3771 39.8003 42.2467
v  -33.4351 39.8003 42.2467
v  -41.3771 37.1278 52.2206
v  -33.4351 37.1278 52.2206
v  -41.3771 29.8264 59.5219
v  -33.4351 29.8264 59.5219
v  -41.3771 19.8526 62.1944
v  -33.4351 19.8526 62.1944
v  -41.3771 9.8787 59.5219
v  -33.4351 9.8787 59.5219
v  -41.3771 2.5773 52.2206
v  -33.4351 2.5773 52.2206
v  -41.3771 -0.0952 42.2467
v  -33.4351 -0.0952 42.2467
v  -41.3771 2.5773 32.2728
v  -33.4351 2.5773 32.2728
v  -41.3771 9.8787 24.9714
v  -33.4351 9.8787 24.9714
v  -29.5047 19.8526 27.2142
v  -29.5047 27.3688 29.2282
v  -29.5047 27.3688 55.2652
v  -29.5047 19.8526 57.2792
v  -29.5047 32.8711 34.7304
v  -29.5047 34.8851 42.2467
v  -29.5047 32.8711 49.7629
v  -29.5047 12.3363 55.2652
v  -29.5047 6.8340 49.7629
v  -29.5047 4.8201 42.2467
v  -29.5047 6.8340 34.7304
v  -29.5047 12.3363 29.2282
v  -45.3075 19.8526 27.9078
v  -45.3075 27.0220 29.8289
v  -45.3075 32.2704 35.0773
v  -45.3075 34.1914 42.2467
v  -45.3075 32.2704 49.4161
v  -45.3075 27.0220 54.6645
v  -45.3075 19.8526 56.5855
v  -45.3075 12.6831 54.6645
v  -45.3075 7.4347 49.4161
v  -45.3075 5.5137 42.2467
v  -45.3075 7.4347 35.0773
v  -45.3075 12.6831 29.8289
v  -45.3277 19.8526 42.2467
v  -45.3231 20.9665 42.6086
v  -45.3231 21.0239 42.2467
v  -45.3231 20.9665 41.8847
v  -43.2753 23.2993 41.1267
v  -45.1581 23.2367 41.1471
v  -45.1581 23.4109 42.2467
v  -43.2753 23.4767 42.2467
v  -45.1581 23.2367 43.3462
v  -43.2753 23.2993 43.3666
v  -45.3084 21.7379 42.8592
v  -45.3084 21.8349 42.2467
v  -45.0335 21.5383 42.2467
v  -45.0335 21.4558 42.7675
v  -45.3084 21.7379 41.6341
v  -45.0335 21.4557 41.7257
v  -45.3084 23.2552 42.2467
v  -45.3084 23.0886 41.1952
v  -45.2473 23.1776 41.1711
v  -45.2472 23.3471 42.2467
v  -45.2473 23.1747 43.3309
v  -45.3084 23.0886 43.2981
v  -45.3231 20.8002 41.5582
v  -45.3231 20.5410 41.2991
v  -43.2753 21.9828 39.3147
v  -45.1580 21.9441 39.3679
v  -45.1581 22.7313 40.1551
v  -43.2753 22.7846 40.1164
v  -45.3084 21.4563 41.0814
v  -45.0335 21.2163 41.2558
v  -45.3084 21.0178 40.6429
v  -45.0335 20.8433 40.8829
v  -45.3084 22.6053 40.2467
v  -45.3084 21.8526 39.4939
v  -45.2473 21.9104 39.4222
v  -45.2472 22.6797 40.1926
v  -45.0822 32.3232 46.2987
v  -45.0822 32.8036 44.2979
v  -42.1633 32.3745 44.2300
v  -42.1633 31.9101 46.1644
v  -45.0822 32.9650 42.2467
v  -42.1633 32.5306 42.2467
v  -45.0822 32.8036 40.1954
v  -42.1633 32.3745 40.2634
v  -45.0822 32.3233 38.1947
v  -42.1633 31.9101 38.3290
v  -45.4037 32.7366 46.4329
v  -45.4037 33.6697 46.7362
v  -45.4037 34.2019 44.5194
v  -45.4037 33.2328 44.3659
v  -45.4037 34.3808 42.2467
v  -45.4037 33.3996 42.2467
v  -45.4037 34.2019 39.9739
v  -45.4037 33.2328 40.1274
v  -45.4037 33.6698 37.7572
v  -45.4037 32.7366 38.0604
v  -44.4762 24.1422 42.9863
v  -45.0541 24.2860 42.5892
v  -44.6194 23.3634 42.4962
v  -44.1747 23.3571 42.8136
v  -44.6119 23.3633 41.9919
v  -44.9962 24.2715 42.0172
v  -44.4762 24.1422 41.6275
v  -44.1747 23.3571 41.6797
v  -45.9702 27.3976 43.5493
v  -45.6674 25.6823 43.1298
v  -44.9134 25.5507 43.7171
v  -45.1275 27.2563 44.3081
v  -45.1264 27.4475 41.3734
v  -44.9134 25.7015 41.7063
v  -45.6753 25.7298 42.5079
v  -46.0580 27.4499 42.8086
v  -44.8635 32.9941 42.6449
v  -45.5117 31.1441 43.4185
v  -44.0379 30.7494 44.7278
v  -44.0186 32.9177 44.2300
v  -45.8915 29.2304 43.6484
v  -44.7425 29.0357 44.6487
v  -44.0378 30.9800 39.6662
v  -45.6167 31.1999 42.1247
v  -44.8698 32.9947 41.1887
v  -44.0186 32.9177 40.2634
v  -44.7438 29.2555 40.6123
v  -46.0077 29.2818 42.6158
v  -45.0015 24.3548 42.3361
v  -44.6060 23.3858 42.2502
v  -45.8097 27.5020 43.1275
v  -45.5331 25.8959 42.8624
v  -44.3241 32.9911 42.0245
v  -45.0698 31.1273 42.7577
v  -45.5499 29.2514 43.0817
v  -45.0678 34.5348 44.5721
v  -45.0678 33.9902 46.8403
v  -43.3562 33.9902 46.8403
v  -43.3562 34.5348 44.5721
v  -45.0678 34.7178 42.2467
v  -43.3562 34.7178 42.2467
v  -45.0678 34.5348 39.9212
v  -43.3562 34.5347 39.9212
v  -45.0678 33.9902 37.6531
v  -43.3562 33.9902 37.6531
v  -45.0822 31.5359 36.2938
v  -42.1633 31.1488 36.4910
v  -45.0822 30.4608 34.5394
v  -42.1633 30.1093 34.7947
v  -45.0822 29.1245 32.9748
v  -42.1633 28.8173 33.2820
v  -45.0822 27.5599 31.6385
v  -42.1633 27.3046 31.9899
v  -45.4037 32.7973 35.6510
v  -45.4037 31.9231 36.0965
v  -45.4037 31.6062 33.7072
v  -45.4037 30.8124 34.2839
v  -45.4037 30.1256 31.9737
v  -45.4037 29.4318 32.6675
v  -45.4037 28.3921 30.4931
v  -45.4037 27.8153 31.2869
v  -44.4762 23.7577 40.3237
v  -45.0541 23.6406 39.9179
v  -44.6194 22.8396 40.3849
v  -44.1747 23.0210 40.6454
v  -44.6119 22.5431 39.9769
v  -44.9962 23.2927 39.4636
v  -44.4762 22.9590 39.2244
v  -44.1747 22.3545 39.7281
v  -45.9702 26.7223 38.8656
v  -45.6674 25.0880 39.5345
v  -44.9134 25.3267 40.0870
v  -45.1275 27.0540 39.5626
v  -45.1264 25.4838 37.0760
v  -44.9134 24.2668 38.3716
v  -45.6753 24.7609 39.0035
v  -46.0580 26.3293 38.2356
v  -44.8635 30.7184 34.8444
v  -45.5117 29.6764 36.5578
v  -44.0379 30.1266 37.8489
v  -44.0186 31.5882 36.1717
v  -45.8915 28.2633 37.8686
v  -44.7425 28.6938 38.7923
v  -44.0378 27.3381 33.6185
v  -45.6167 28.9610 35.4782
v  -44.8698 29.8629 33.6660
v  -44.0186 29.2568 32.9627
v  -44.7438 26.4991 35.3976
v  -46.0077 27.6979 37.0029
v  -45.0015 23.5475 39.6727
v  -44.6060 22.7131 40.1728
v  -45.8097 26.5588 38.4631
v  -45.5331 25.1037 39.1926
v  -44.3240 30.3513 34.3443
v  -45.0698 29.2745 36.0330
v  -45.5499 27.9472 37.3978
v  -45.0678 33.0976 35.4980
v  -43.3562 33.0976 35.4980
v  -45.0678 31.8788 33.5091
v  -43.3562 31.8788 33.5091
v  -45.0678 30.3639 31.7354
v  -43.3562 30.3639 31.7354
v  -45.0678 28.5901 30.2205
v  -43.3562 28.5901 30.2205
v  -45.3231 20.2145 41.1327
v  -45.3231 19.8526 41.0754
v  -43.2753 19.8526 38.6225
v  -45.1580 19.8526 38.6883
v  -45.1580 20.9521 38.8625
v  -43.2753 20.9725 38.7999
v  -45.3084 20.4652 40.3613
v  -45.0335 20.3735 40.6435
v  -45.3084 19.8526 40.2643
v  -45.0335 19.8525 40.5610
v  -45.3084 20.9040 39.0106
v  -45.3084 19.8526 38.8441
v  -45.2473 19.8572 38.7520
v  -45.2472 20.9324 38.9232
v  -45.3231 19.4906 41.1327
v  -45.3231 19.1641 41.2991
v  -43.2753 17.7223 39.3147
v  -45.1581 17.7610 39.3679
v  -45.1580 18.7530 38.8625
v  -43.2753 18.7326 38.7999
v  -45.3084 19.2400 40.3613
v  -45.0335 19.3317 40.6435
v  -45.3084 18.6874 40.6429
v  -45.0335 18.8617 40.8829
v  -45.3084 18.8011 39.0106
v  -45.3084 17.8526 39.4939
v  -45.2473 17.8022 39.4167
v  -45.2472 18.7727 38.9232
v  -45.0822 25.8055 30.5634
v  -42.1633 25.6083 30.9504
v  -45.0822 23.9045 29.7760
v  -42.1633 23.7703 30.1891
v  -45.0822 21.9038 29.2956
v  -42.1633 21.8359 29.7247
v  -45.0822 19.8526 29.1342
v  -42.1633 19.8526 29.5686
v  -45.4037 26.4483 29.3019
v  -45.4037 26.0028 30.1761
v  -45.4037 24.3420 28.4295
v  -45.4037 24.0388 29.3627
v  -45.4037 22.1253 27.8973
v  -45.4037 21.9718 28.8664
v  -45.4037 19.8526 27.7184
v  -45.4037 19.8526 28.6996
v  -44.4762 21.8816 38.3955
v  -45.0541 21.5483 38.1361
v  -44.6193 21.1748 38.9847
v  -44.1747 21.4747 39.0889
v  -44.6119 20.6951 38.8290
v  -44.9962 20.9999 37.9731
v  -44.4762 20.5893 37.9756
v  -44.1747 20.3963 38.7385
v  -45.9701 23.4230 35.4734
v  -45.6674 22.4939 36.9752
v  -44.9134 23.0118 37.2818
v  -45.1275 24.1010 35.8423
v  -45.1264 21.3691 34.7536
v  -44.9134 21.1460 36.5170
v  -45.6753 21.9172 36.7378
v  -46.0580 22.7347 35.1948
v  -44.8635 24.2922 29.8713
v  -45.5117 24.4564 31.8699
v  -44.0379 25.5795 32.6499
v  -44.0186 25.7761 30.4338
v  -45.8915 24.0836 33.7610
v  -44.7425 24.9748 34.2553
v  -44.0378 20.8370 30.8664
v  -45.6167 23.2430 31.4170
v  -44.8698 22.9075 29.4208
v  -44.0186 22.0037 29.2081
v  -44.7438 21.2039 32.7989
v  -46.0077 23.1174 33.3930
v  -45.0015 21.3289 37.9924
v  -44.6060 20.9478 38.8875
v  -45.8097 23.0541 35.2438
v  -45.5331 22.3057 36.6894
v  -44.3240 23.7013 29.6825
v  -45.0697 23.8227 31.6816
v  -45.5499 23.5512 33.5659
v  -45.0678 26.6012 29.0017
v  -43.3562 26.6012 29.0017
v  -45.0678 24.4462 28.1090
v  -43.3562 24.4462 28.1090
v  -45.0678 22.1780 27.5645
v  -43.3562 22.1780 27.5645
v  -45.0678 19.8526 27.3815
v  -43.3562 19.8526 27.3815
v  -45.0822 17.8014 29.2956
v  -42.1633 17.8693 29.7247
v  -45.0822 15.8006 29.7760
v  -42.1633 15.9349 30.1891
v  -45.0822 13.8997 30.5634
v  -42.1633 14.0969 30.9504
v  -45.0822 12.1453 31.6384
v  -42.1633 12.4006 31.9899
v  -45.4037 17.5799 27.8973
v  -45.4037 17.7334 28.8664
v  -45.4037 15.3631 28.4295
v  -45.4037 15.6663 29.3626
v  -45.4037 13.2569 29.3019
v  -45.4037 13.7024 30.1761
v  -45.4037 11.3131 30.4930
v  -45.4037 11.8898 31.2869
v  -44.4762 19.2304 37.9384
v  -45.0541 18.8084 37.9244
v  -44.6193 19.0049 38.8305
v  -44.1747 19.3088 38.7385
v  -44.6119 18.5253 38.9865
v  -44.9962 18.2688 38.1149
v  -44.4762 17.9381 38.3583
v  -44.1747 18.2304 39.0889
v  -45.9701 18.7599 34.6683
v  -45.6674 18.8910 36.4294
v  -44.9134 19.4902 36.3731
v  -45.1275 19.5252 34.5683
v  -45.1264 16.6751 35.2933
v  -44.9134 17.5312 36.8510
v  -45.6753 18.2849 36.5763
v  -46.0580 18.0393 34.8475
v  -44.8635 16.1703 29.6252
v  -45.5117 17.4778 31.1457
v  -44.0379 18.8450 31.1165
v  -44.0186 17.7015 29.2081
v  -45.8914 18.2878 32.8946
v  -44.7425 19.2993 32.7707
v  -44.0378 13.9598 32.4612
v  -45.6167 16.2300 31.4924
v  -44.8698 14.7853 30.0747
v  -44.0186 13.9290 30.4338
v  -44.7438 15.3926 33.8090
v  -46.0077 17.2898 33.1648
v  -45.0015 18.5464 37.9372
v  -44.6060 18.7641 38.8853
v  -45.8097 18.3265 34.6994
v  -45.5331 18.5707 36.3088
v  -44.3240 15.5813 29.8198
v  -45.0697 16.8546 31.3658
v  -45.5499 17.7424 33.0498
v  -45.0678 17.5272 27.5645
v  -43.3562 17.5272 27.5645
v  -45.0678 15.2590 28.1090
v  -43.3562 15.2590 28.1090
v  -45.0678 13.1039 29.0017
v  -43.3562 13.1039 29.0017
v  -45.0678 11.1150 30.2204
v  -43.3562 11.1150 30.2205
v  -45.3231 18.9050 41.5582
v  -45.3231 18.7386 41.8847
v  -43.2753 16.4058 41.1267
v  -45.1581 16.4684 41.1471
v  -45.1581 16.9738 40.1551
v  -43.2753 16.9206 40.1164
v  -45.3084 18.2488 41.0814
v  -45.0335 18.4888 41.2558
v  -45.3084 17.9672 41.6341
v  -45.0335 18.2493 41.7258
v  -45.3084 17.0998 40.2467
v  -45.3084 16.6165 41.1952
v  -45.2473 16.5304 41.1624
v  -45.2472 17.0254 40.1926
v  -45.3231 18.6813 42.2467
v  -45.3231 18.7386 42.6086
v  -43.2753 16.4058 43.3666
v  -45.1581 16.4684 43.3462
v  -45.1581 16.2942 42.2467
v  -43.2753 16.2284 42.2467
v  -45.3084 17.8702 42.2467
v  -45.0335 18.1669 42.2467
v  -45.3084 17.9672 42.8592
v  -45.0335 18.2494 42.7676
v  -45.3084 16.4500 42.2467
v  -45.3084 16.6165 43.2981
v  -45.2473 16.5276 43.3222
v  -45.2472 16.3580 42.2467
v  -45.0822 10.5807 32.9747
v  -42.1633 10.8878 33.2819
v  -45.0822 9.2444 34.5393
v  -42.1633 9.5958 34.7947
v  -45.0822 8.1693 36.2937
v  -42.1633 8.5563 36.4909
v  -45.0822 7.3819 38.1947
v  -42.1633 7.7950 38.3289
v  -45.4037 9.5795 31.9736
v  -45.4037 10.2734 32.6674
v  -45.4037 8.0990 33.7072
v  -45.4037 8.8928 34.2839
v  -45.4037 6.9078 35.6510
v  -45.4037 7.7821 36.0964
v  -45.4037 6.0354 37.7572
v  -45.4037 6.9686 38.0604
v  -44.4762 16.8169 39.1269
v  -45.0541 16.4672 39.3636
v  -44.6194 17.1588 39.9812
v  -44.1747 17.3506 39.7281
v  -44.6119 16.8625 40.3892
v  -44.9962 16.1427 39.8349
v  -44.4762 16.0182 40.2262
v  -44.1747 16.6841 40.6454
v  -45.9702 14.5141 36.7579
v  -45.6674 15.6553 38.1056
v  -44.9134 16.1070 37.7078
v  -45.1275 15.0745 36.2271
v  -45.1264 13.1948 38.4889
v  -44.9134 14.8031 39.2459
v  -45.6753 15.2513 38.5807
v  -46.0580 14.0364 37.3264
v  -44.8635 9.4549 34.2001
v  -45.5117 11.4063 34.6616
v  -44.0379 12.4952 33.8344
v  -44.0186 10.4484 32.9627
v  -45.8915 13.0897 35.6005
v  -44.7425 13.8352 34.9056
v  -44.0378 9.3335 37.7937
v  -45.6167 10.6007 35.6756
v  -44.8698 8.5985 35.3778
v  -44.0186 8.1169 36.1717
v  -44.7438 11.2848 38.0420
v  -46.0077 12.4411 36.4057
v  -45.0015 16.2628 39.5280
v  -44.6060 16.9962 40.1670
v  -45.8097 14.1818 37.0378
v  -45.5331 15.3253 38.1963
v  -44.3240 9.0927 34.7038
v  -45.0698 11.0315 35.2060
v  -45.5499 12.7396 36.0466
v  -45.0678 9.3413 31.7354
v  -43.3562 9.3413 31.7354
v  -45.0678 7.8264 33.5091
v  -43.3562 7.8264 33.5091
v  -45.0678 6.6076 35.4980
v  -43.3562 6.6076 35.4980
v  -45.0678 5.7149 37.6530
v  -43.3562 5.7149 37.6530
v  -45.0822 6.9015 40.1954
v  -42.1633 7.3306 40.2633
v  -45.0822 6.7401 42.2466
v  -42.1633 7.1745 42.2466
v  -45.0822 6.9015 44.2979
v  -42.1633 7.3306 44.2299
v  -45.0822 7.3819 46.2986
v  -42.1633 7.7950 46.1644
v  -45.4037 5.5032 39.9739
v  -45.4037 6.4723 40.1274
v  -45.4037 5.3243 42.2466
v  -45.4037 6.3055 42.2466
v  -45.4037 5.5032 44.5193
v  -45.4037 6.4723 44.3659
v  -45.4037 6.0354 46.7361
v  -45.4037 6.9685 46.4329
v  -44.4762 15.5629 41.5070
v  -45.0541 15.4192 41.9041
v  -44.6194 16.3417 41.9972
v  -44.1747 16.3480 41.6797
v  -44.6119 16.3418 42.5015
v  -44.9962 15.4336 42.4761
v  -44.4762 15.5629 42.8658
v  -44.1747 16.3480 42.8136
v  -45.9702 12.3075 40.9440
v  -45.6674 14.0229 41.3635
v  -44.9134 14.1545 40.7763
v  -45.1275 12.4488 40.1852
v  -45.1264 12.2576 43.1199
v  -44.9134 14.0037 42.7870
v  -45.6753 13.9753 41.9854
v  -46.0580 12.2552 41.6847
v  -44.8635 6.7110 41.8484
v  -45.5117 8.5610 41.0748
v  -44.0379 8.9557 39.7655
v  -44.0186 6.7874 40.2633
v  -45.8915 10.4747 40.8449
v  -44.7425 10.6695 39.8446
v  -44.0378 8.7251 44.8271
v  -45.6167 8.5053 42.3686
v  -44.8698 6.7104 43.3046
v  -44.0186 6.7874 44.2299
v  -44.7438 10.4496 43.8810
v  -46.0077 10.4233 41.8776
v  -45.0015 15.3504 42.1572
v  -44.6060 16.3193 42.2431
v  -45.8097 12.2031 41.3658
v  -45.5331 13.8092 41.6309
v  -44.3241 6.7140 42.4688
v  -45.0698 8.5778 41.7355
v  -45.5499 10.4537 41.4116
v  -45.0678 5.1704 39.9212
v  -43.3562 5.1704 39.9212
v  -45.0678 4.9874 42.2466
v  -43.3562 4.9874 42.2466
v  -45.0678 5.1704 44.5721
v  -43.3562 5.1704 44.5721
v  -45.0678 5.7149 46.8402
v  -43.3562 5.7149 46.8402
v  -45.3231 18.9050 42.9351
v  -45.3231 19.1641 43.1943
v  -43.2753 17.7223 45.1787
v  -45.1581 17.7610 45.1254
v  -45.1581 16.9738 44.3382
v  -43.2753 16.9206 44.3769
v  -45.3084 18.2488 43.4119
v  -45.0335 18.4888 43.2375
v  -45.3084 18.6873 43.8504
v  -45.0335 18.8618 43.6105
v  -45.3084 17.0998 44.2467
v  -45.3084 17.8526 44.9994
v  -45.2473 17.7947 45.0712
v  -45.2472 17.0254 44.3007
v  -45.3231 19.4906 43.3606
v  -45.3231 19.8526 43.4180
v  -43.2753 19.8526 45.8708
v  -45.1581 19.8526 45.8050
v  -45.1581 18.7530 45.6308
v  -43.2753 18.7326 45.6934
v  -45.3084 19.2400 44.1320
v  -45.0335 19.3317 43.8499
v  -45.3084 19.8526 44.2290
v  -45.0335 19.8526 43.9324
v  -45.3084 18.8011 45.4827
v  -45.3084 19.8526 45.6493
v  -45.2473 19.8480 45.7413
v  -45.2472 18.7727 45.5702
v  -45.0822 8.1693 48.1996
v  -42.1633 8.5563 48.0024
v  -45.0822 9.2444 49.9540
v  -42.1634 9.5958 49.6986
v  -45.0822 10.5806 51.5186
v  -42.1634 10.8878 51.2114
v  -45.0822 12.1452 52.8549
v  -42.1634 12.4006 52.5034
v  -45.4037 6.9078 48.8423
v  -45.4037 7.7820 48.3969
v  -45.4037 8.0990 50.7862
v  -45.4037 8.8928 50.2094
v  -45.4037 9.5795 52.5197
v  -45.4037 10.2733 51.8259
v  -45.4037 11.3131 54.0002
v  -45.4037 11.8898 53.2064
v  -44.4762 15.9474 44.1697
v  -45.0541 16.0645 44.5754
v  -44.6194 16.8655 44.1085
v  -44.1747 16.6841 43.8479
v  -44.6119 17.1621 44.5164
v  -44.9962 16.4124 45.0297
v  -44.4762 16.7461 45.2690
v  -44.1747 17.3506 44.7652
v  -45.9702 12.9828 45.6277
v  -45.6674 14.6172 44.9588
v  -44.9134 14.3784 44.4063
v  -45.1275 12.6511 44.9308
v  -45.1264 14.2214 47.4173
v  -44.9134 15.4383 46.1217
v  -45.6753 14.9442 45.4899
v  -46.0581 13.3759 46.2577
v  -44.8635 8.9868 49.6489
v  -45.5117 10.0287 47.9356
v  -44.0379 9.5785 46.6444
v  -44.0186 8.1169 48.3216
v  -45.8915 11.4418 46.6248
v  -44.7425 11.0114 45.7010
v  -44.0378 12.3670 50.8749
v  -45.6167 10.7441 49.0151
v  -44.8698 9.8422 50.8273
v  -44.0186 10.4484 51.5307
v  -44.7438 13.2061 49.0958
v  -46.0077 12.0072 47.4904
v  -45.0015 16.1576 44.8206
v  -44.6061 16.9920 44.3205
v  -45.8097 13.1463 46.0303
v  -45.5331 14.6014 45.3007
v  -44.3241 9.3538 50.1491
v  -45.0698 10.4307 48.4603
v  -45.5499 11.7579 47.0956
v  -45.0678 6.6076 48.9953
v  -43.3562 6.6076 48.9953
v  -45.0678 7.8264 50.9842
v  -43.3562 7.8264 50.9842
v  -45.0678 9.3413 52.7579
v  -43.3562 9.3413 52.7579
v  -45.0678 11.1150 54.2729
v  -43.3562 11.1150 54.2729
v  -45.0822 13.8996 53.9299
v  -42.1634 14.0968 53.5429
v  -45.0822 15.8006 54.7173
v  -42.1634 15.9348 54.3042
v  -45.0822 17.8013 55.1977
v  -42.1634 17.8692 54.7686
v  -45.0822 19.8525 55.3591
v  -42.1634 19.8525 54.9247
v  -45.4037 13.2568 55.1914
v  -45.4037 13.7023 54.3172
v  -45.4037 15.3631 56.0638
v  -45.4037 15.6663 55.1307
v  -45.4037 17.5798 56.5960
v  -45.4037 17.7333 55.6269
v  -45.4037 19.8525 56.7749
v  -45.4037 19.8525 55.7937
v  -44.4762 17.8235 46.0978
v  -45.0541 18.1568 46.3572
v  -44.6194 18.5303 45.5086
v  -44.1747 18.2304 45.4045
v  -44.6119 19.0100 45.6644
v  -44.9962 18.7052 46.5203
v  -44.4762 19.1159 46.5177
v  -44.1747 19.3088 45.7549
v  -45.9702 16.2821 49.0199
v  -45.6674 17.2112 47.5181
v  -44.9134 16.6933 47.2115
v  -45.1275 15.6041 48.6510
v  -45.1264 18.3361 49.7397
v  -44.9134 18.5591 47.9763
v  -45.6753 17.7879 47.7555
v  -46.0581 16.9704 49.2986
v  -44.8635 15.4129 54.6220
v  -45.5118 15.2487 52.6234
v  -44.0379 14.1256 51.8434
v  -44.0186 13.9290 54.0595
v  -45.8915 15.6215 50.7323
v  -44.7425 14.7303 50.2380
v  -44.0378 18.8681 53.6269
v  -45.6167 16.4621 53.0763
v  -44.8698 16.7976 55.0725
v  -44.0186 17.7014 55.2852
v  -44.7438 18.5012 51.6944
v  -46.0077 16.5877 51.1004
v  -45.0015 18.3762 46.5009
v  -44.6061 18.7573 45.6059
v  -45.8097 16.6510 49.2495
v  -45.5331 17.3994 47.8040
v  -44.3241 16.0038 54.8108
v  -45.0698 15.8824 52.8117
v  -45.5499 16.1539 50.9274
v  -45.0678 13.1039 55.4916
v  -43.3562 13.1039 55.4916
v  -45.0678 15.2589 56.3843
v  -43.3562 15.2589 56.3843
v  -45.0678 17.5271 56.9288
v  -43.3562 17.5271 56.9288
v  -45.0678 19.8525 57.1119
v  -43.3562 19.8525 57.1119
v  -45.3231 20.2145 43.3606
v  -45.3231 20.5410 43.1943
v  -43.2753 21.9828 45.1787
v  -45.1581 21.9441 45.1254
v  -45.1581 20.9521 45.6308
v  -43.2753 20.9725 45.6934
v  -45.3084 20.4652 44.1320
v  -45.0335 20.3735 43.8499
v  -45.3084 21.0178 43.8504
v  -45.0335 20.8434 43.6104
v  -45.3084 20.9040 45.4827
v  -45.3084 21.8526 44.9994
v  -45.2473 21.9029 45.0766
v  -45.2472 20.9324 45.5702
v  -45.3231 20.8002 42.9351
v  -45.1581 22.7313 44.3382
v  -43.2753 22.7846 44.3769
v  -45.3084 21.4563 43.4119
v  -45.0335 21.2163 43.2375
v  -45.3084 22.6053 44.2467
v  -45.2472 22.6797 44.3007
v  -45.0822 21.9038 55.1977
v  -42.1634 21.8358 54.7687
v  -45.0822 23.9045 54.7174
v  -42.1634 23.7703 54.3042
v  -45.0822 25.8055 53.9300
v  -42.1634 25.6083 53.5429
v  -45.0822 27.5599 52.8549
v  -42.1634 27.3045 52.5034
v  -45.4037 22.1253 56.5960
v  -45.4037 21.9718 55.6269
v  -45.4037 24.3420 56.0639
v  -45.4037 24.0388 55.1307
v  -45.4037 26.4482 55.1914
v  -45.4037 26.0028 54.3172
v  -45.4037 28.3920 54.0003
v  -45.4037 27.8153 53.2065
v  -44.4762 20.4747 46.5549
v  -45.0541 20.8968 46.5689
v  -44.6194 20.7002 45.6628
v  -44.1747 20.3963 45.7549
v  -44.6119 21.1798 45.5069
v  -44.9962 21.4363 46.3785
v  -44.4762 21.7670 46.1350
v  -44.1747 21.4747 45.4045
v  -45.9702 20.9453 49.8250
v  -45.6674 20.8141 48.0639
v  -44.9134 20.2149 48.1203
v  -45.1275 20.1799 49.9251
v  -45.1264 23.0300 49.2001
v  -44.9134 22.1739 47.6423
v  -45.6753 21.4203 47.9170
v  -46.0581 21.6659 49.6458
v  -44.8635 23.5348 54.8681
v  -45.5118 22.2273 53.3477
v  -44.0379 20.8602 53.3769
v  -44.0186 22.0037 55.2852
v  -45.8915 21.4173 51.5987
v  -44.7425 20.4058 51.7226
v  -44.0378 25.7453 52.0321
v  -45.6167 23.4751 53.0009
v  -44.8698 24.9199 54.4186
v  -44.0186 25.7761 54.0595
v  -44.7438 24.3126 50.6843
v  -46.0077 22.4153 51.3285
v  -45.0015 21.1588 46.5561
v  -44.6061 20.9410 45.6081
v  -45.8098 21.3786 49.7939
v  -45.5331 21.1344 48.1845
v  -44.3241 24.1239 54.6735
v  -45.0698 22.8506 53.1275
v  -45.5499 21.9628 51.4435
v  -45.0678 22.1780 56.9289
v  -43.3562 22.1780 56.9289
v  -45.0678 24.4462 56.3843
v  -43.3562 24.4462 56.3843
v  -45.0678 26.6012 55.4917
v  -43.3562 26.6012 55.4917
v  -45.0678 28.5901 54.2729
v  -43.3562 28.5901 54.2729
v  -45.0822 29.1245 51.5186
v  -42.1634 28.8173 51.2114
v  -45.0822 30.4608 49.9540
v  -42.1633 30.1093 49.6987
v  -45.0822 31.5358 48.1996
v  -42.1633 31.1488 48.0024
v  -45.4037 30.1256 52.5197
v  -45.4037 29.4318 51.8259
v  -45.4037 31.6061 50.7862
v  -45.4037 30.8123 50.2094
v  -45.4037 32.7973 48.8424
v  -45.4037 31.9231 48.3969
v  -44.4762 22.8882 45.3664
v  -45.0541 23.2379 45.1297
v  -44.6194 22.5463 44.5122
v  -44.1747 22.3545 44.7652
v  -44.6119 22.8426 44.1041
v  -44.9962 23.5625 44.6585
v  -44.4762 23.6869 44.2671
v  -44.1747 23.0210 43.8479
v  -45.9702 25.1910 47.7354
v  -45.6674 24.0498 46.3877
v  -44.9134 23.5981 46.7855
v  -45.1275 24.6306 48.2662
v  -45.1264 26.5103 46.0044
v  -44.9134 24.9020 45.2474
v  -45.6753 24.4538 45.9126
v  -46.0581 25.6687 47.1669
v  -44.8635 30.2502 50.2933
v  -45.5118 28.2988 49.8317
v  -44.0379 27.2099 50.6589
v  -44.0186 29.2567 51.5307
v  -45.8915 26.6154 48.8929
v  -44.7425 25.8699 49.5877
v  -44.0378 30.3716 46.6996
v  -45.6167 29.1044 48.8177
v  -44.8698 31.1066 49.1155
v  -44.0186 31.5882 48.3217
v  -44.7438 28.4203 46.4514
v  -46.0077 27.2640 48.0877
v  -45.0015 23.4424 44.9653
v  -44.6061 22.7089 44.3263
v  -45.8097 25.5233 47.4555
v  -45.5331 24.3798 46.2970
v  -44.3241 30.6124 49.7896
v  -45.0698 28.6736 49.2873
v  -45.5499 26.9655 48.4468
v  -45.0678 30.3638 52.7580
v  -43.3562 30.3638 52.7580
v  -45.0678 31.8787 50.9842
v  -43.3562 31.8787 50.9842
v  -45.0678 33.0975 48.9954
v  -43.3562 33.0975 48.9954
v  -42.3996 7.1639 38.1239
v  -42.3996 6.5109 42.2467
v  -42.3996 19.8526 42.2467
v  -42.3996 9.0589 34.4046
v  -42.3996 12.0105 31.4530
v  -42.3996 15.7298 29.5580
v  -42.3996 19.8526 28.9050
v  -42.3996 23.9754 29.5580
v  -42.3996 27.6946 31.4530
v  -42.3996 30.6462 34.4046
v  -42.3996 32.5412 38.1239
v  -42.3996 33.1942 42.2467
v  -42.3996 32.5412 46.3695
v  -42.3996 30.6462 50.0887
v  -42.3996 27.6946 53.0403
v  -42.3996 23.9754 54.9353
v  -42.3996 19.8526 55.5883
v  -42.3996 15.7298 54.9353
v  -42.3996 12.0105 53.0403
v  -42.3996 9.0589 50.0887
v  -42.3996 7.1639 46.3695
v  -39.8588 19.8526 -67.6040
v  -47.8008 19.8526 -67.6040
v  -47.8008 29.8264 -64.9315
v  -39.8588 29.8264 -64.9315
v  -47.8008 37.1278 -57.6301
v  -39.8588 37.1278 -57.6301
v  -47.8008 39.8003 -47.6563
v  -39.8588 39.8003 -47.6563
v  -47.8008 37.1278 -37.6824
v  -39.8588 37.1278 -37.6824
v  -47.8008 29.8264 -30.3810
v  -39.8588 29.8264 -30.3810
v  -47.8008 19.8526 -27.7085
v  -39.8588 19.8526 -27.7085
v  -47.8008 9.8787 -30.3810
v  -39.8588 9.8787 -30.3810
v  -47.8008 2.5773 -37.6824
v  -39.8588 2.5773 -37.6824
v  -47.8008 -0.0952 -47.6563
v  -39.8588 -0.0952 -47.6563
v  -47.8008 2.5773 -57.6301
v  -39.8588 2.5773 -57.6301
v  -47.8008 9.8787 -64.9315
v  -39.8588 9.8787 -64.9315
v  -35.9284 19.8526 -62.6888
v  -35.9284 27.3688 -60.6748
v  -35.9284 27.3688 -34.6377
v  -35.9284 19.8526 -32.6238
v  -35.9284 32.8711 -55.1725
v  -35.9284 34.8851 -47.6563
v  -35.9284 32.8711 -40.1400
v  -35.9284 12.3363 -34.6377
v  -35.9284 6.8340 -40.1400
v  -35.9284 4.8201 -47.6563
v  -35.9284 6.8340 -55.1725
v  -35.9284 12.3363 -60.6748
v  -51.7311 19.8526 -61.9951
v  -51.7311 27.0220 -60.0741
v  -51.7311 32.2704 -54.8257
v  -51.7311 34.1914 -47.6563
v  -51.7311 32.2704 -40.4868
v  -51.7311 27.0220 -35.2384
v  -51.7311 19.8526 -33.3174
v  -51.7311 12.6831 -35.2384
v  -51.7311 7.4347 -40.4868
v  -51.7311 5.5137 -47.6563
v  -51.7311 7.4347 -54.8257
v  -51.7311 12.6831 -60.0741
v  -51.7513 19.8526 -47.6563
v  -51.7468 20.9665 -47.2943
v  -51.7468 21.0239 -47.6563
v  -51.7468 20.9665 -48.0182
v  -49.6989 23.2993 -48.7762
v  -51.5817 23.2367 -48.7559
v  -51.5817 23.4109 -47.6563
v  -49.6989 23.4767 -47.6563
v  -51.5817 23.2367 -46.5567
v  -49.6989 23.2993 -46.5364
v  -51.7321 21.7379 -47.0437
v  -51.7321 21.8349 -47.6563
v  -51.4572 21.5383 -47.6563
v  -51.4572 21.4558 -47.1354
v  -51.7321 21.7379 -48.2689
v  -51.4572 21.4557 -48.1773
v  -51.7321 23.2552 -47.6563
v  -51.7321 23.0886 -48.7077
v  -51.6710 23.1776 -48.7318
v  -51.6709 23.3471 -47.6563
v  -51.6710 23.1747 -46.5720
v  -51.7321 23.0886 -46.6048
v  -51.7468 20.8002 -48.3448
v  -51.7468 20.5410 -48.6039
v  -49.6989 21.9828 -50.5883
v  -51.5817 21.9441 -50.5350
v  -51.5817 22.7313 -49.7478
v  -49.6989 22.7846 -49.7865
v  -51.7321 21.4563 -48.8215
v  -51.4572 21.2163 -48.6471
v  -51.7321 21.0178 -49.2601
v  -51.4572 20.8433 -49.0201
v  -51.7321 22.6053 -49.6563
v  -51.7321 21.8526 -50.4090
v  -51.6710 21.9104 -50.4808
v  -51.6709 22.6797 -49.7103
v  -51.5059 32.3232 -43.6043
v  -51.5059 32.8036 -45.6050
v  -48.5870 32.3745 -45.6730
v  -48.5870 31.9101 -43.7385
v  -51.5059 32.9650 -47.6563
v  -48.5870 32.5306 -47.6563
v  -51.5059 32.8036 -49.7075
v  -48.5870 32.3745 -49.6395
v  -51.5059 32.3233 -51.7082
v  -48.5870 31.9101 -51.5740
v  -51.8274 32.7366 -43.4700
v  -51.8274 33.6697 -43.1668
v  -51.8274 34.2019 -45.3836
v  -51.8274 33.2328 -45.5371
v  -51.8274 34.3808 -47.6563
v  -51.8274 33.3996 -47.6563
v  -51.8274 34.2019 -49.9290
v  -51.8274 33.2328 -49.7755
v  -51.8274 33.6698 -52.1457
v  -51.8274 32.7366 -51.8425
v  -50.8998 24.1422 -46.9166
v  -51.4778 24.2860 -47.3137
v  -51.0430 23.3634 -47.4068
v  -50.5984 23.3571 -47.0893
v  -51.0356 23.3633 -47.9111
v  -51.4198 24.2715 -47.8857
v  -50.8998 24.1422 -48.2755
v  -50.5984 23.3571 -48.2232
v  -52.3938 27.3976 -46.3537
v  -52.0910 25.6823 -46.7732
v  -51.3370 25.5507 -46.1859
v  -51.5512 27.2563 -45.5949
v  -51.5501 27.4475 -48.5295
v  -51.3370 25.7015 -48.1967
v  -52.0990 25.7298 -47.3950
v  -52.4817 27.4499 -47.0944
v  -51.2872 32.9941 -47.2581
v  -51.9354 31.1441 -46.4844
v  -50.4616 30.7494 -45.1752
v  -50.4422 32.9177 -45.6730
v  -52.3151 29.2304 -46.2545
v  -51.1662 29.0357 -45.2542
v  -50.4614 30.9800 -50.2367
v  -52.0403 31.1999 -47.7783
v  -51.2935 32.9947 -48.7142
v  -50.4422 32.9177 -49.6396
v  -51.1675 29.2555 -49.2906
v  -52.4314 29.2818 -47.2872
v  -51.4252 24.3548 -47.5669
v  -51.0297 23.3858 -47.6527
v  -52.2334 27.5020 -46.7754
v  -51.9568 25.8959 -47.0405
v  -50.7477 32.9911 -47.8785
v  -51.4934 31.1273 -47.1452
v  -51.9735 29.2514 -46.8212
v  -51.4914 34.5348 -45.3308
v  -51.4914 33.9902 -43.0627
v  -49.7799 33.9902 -43.0627
v  -49.7799 34.5348 -45.3308
v  -51.4914 34.7178 -47.6563
v  -49.7799 34.7178 -47.6563
v  -51.4914 34.5348 -49.9817
v  -49.7799 34.5347 -49.9817
v  -51.4914 33.9902 -52.2499
v  -49.7799 33.9902 -52.2499
v  -51.5059 31.5359 -53.6092
v  -48.5870 31.1488 -53.4120
v  -51.5059 30.4608 -55.3636
v  -48.5870 30.1093 -55.1082
v  -51.5058 29.1245 -56.9282
v  -48.5870 28.8173 -56.6210
v  -51.5058 27.5599 -58.2645
v  -48.5870 27.3046 -57.9130
v  -51.8274 32.7973 -54.2519
v  -51.8274 31.9231 -53.8065
v  -51.8274 31.6062 -56.1957
v  -51.8274 30.8124 -55.6190
v  -51.8274 30.1256 -57.9293
v  -51.8274 29.4318 -57.2355
v  -51.8274 28.3921 -59.4099
v  -51.8274 27.8153 -58.6161
v  -50.8998 23.7577 -49.5793
v  -51.4778 23.6406 -49.9850
v  -51.0430 22.8396 -49.5181
v  -50.5984 23.0210 -49.2575
v  -51.0356 22.5431 -49.9260
v  -51.4198 23.2927 -50.4393
v  -50.8998 22.9590 -50.6786
v  -50.5984 22.3545 -50.1749
v  -52.3938 26.7223 -51.0373
v  -52.0910 25.0880 -50.3684
v  -51.3370 25.3267 -49.8160
v  -51.5512 27.0540 -50.3404
v  -51.5501 25.4838 -52.8269
v  -51.3370 24.2668 -51.5314
v  -52.0990 24.7609 -50.8995
v  -52.4817 26.3293 -51.6673
v  -51.2872 30.7184 -55.0585
v  -51.9354 29.6764 -53.3452
v  -50.4616 30.1266 -52.0540
v  -50.4422 31.5882 -53.7312
v  -52.3151 28.2633 -52.0344
v  -51.1662 28.6938 -51.1107
v  -50.4614 27.3381 -56.2845
v  -52.0403 28.9610 -54.4247
v  -51.2935 29.8629 -56.2369
v  -50.4422 29.2568 -56.9403
v  -51.1675 26.4991 -54.5054
v  -52.4314 27.6979 -52.9000
v  -51.4252 23.5475 -50.2303
v  -51.0297 22.7131 -49.7302
v  -52.2334 26.5588 -51.4399
v  -51.9568 25.1037 -50.7103
v  -50.7477 30.3513 -55.5587
v  -51.4934 29.2745 -53.8699
v  -51.9735 27.9472 -52.5052
v  -51.4914 33.0976 -54.4049
v  -49.7799 33.0976 -54.4049
v  -51.4914 31.8788 -56.3938
v  -49.7799 31.8788 -56.3938
v  -51.4914 30.3639 -58.1675
v  -49.7799 30.3639 -58.1675
v  -51.4914 28.5901 -59.6825
v  -49.7799 28.5901 -59.6825
v  -51.7468 20.2145 -48.7703
v  -51.7468 19.8526 -48.8276
v  -49.6989 19.8526 -51.2805
v  -51.5817 19.8526 -51.2146
v  -51.5817 20.9521 -51.0405
v  -49.6989 20.9725 -51.1031
v  -51.7321 20.4652 -49.5416
v  -51.4572 20.3735 -49.2595
v  -51.7321 19.8526 -49.6387
v  -51.4572 19.8525 -49.3420
v  -51.7321 20.9040 -50.8923
v  -51.7321 19.8526 -51.0589
v  -51.6710 19.8572 -51.1509
v  -51.6709 20.9324 -50.9798
v  -51.7468 19.4906 -48.7703
v  -51.7468 19.1641 -48.6039
v  -49.6989 17.7223 -50.5883
v  -51.5817 17.7610 -50.5350
v  -51.5817 18.7530 -51.0405
v  -49.6989 18.7326 -51.1031
v  -51.7321 19.2400 -49.5416
v  -51.4572 19.3317 -49.2595
v  -51.7321 18.6874 -49.2601
v  -51.4572 18.8617 -49.0200
v  -51.7321 18.8011 -50.8923
v  -51.7321 17.8526 -50.4090
v  -51.6710 17.8022 -50.4862
v  -51.6709 18.7727 -50.9798
v  -51.5058 25.8055 -59.3396
v  -48.5870 25.6083 -58.9525
v  -51.5058 23.9045 -60.1270
v  -48.5870 23.7703 -59.7138
v  -51.5058 21.9038 -60.6073
v  -48.5870 21.8359 -60.1783
v  -51.5058 19.8526 -60.7687
v  -48.5870 19.8526 -60.3344
v  -51.8274 26.4483 -60.6010
v  -51.8274 26.0028 -59.7268
v  -51.8274 24.3420 -61.4735
v  -51.8274 24.0388 -60.5403
v  -51.8274 22.1253 -62.0057
v  -51.8274 21.9718 -61.0365
v  -51.8274 19.8526 -62.1845
v  -51.8274 19.8526 -61.2033
v  -50.8998 21.8816 -51.5074
v  -51.4778 21.5483 -51.7669
v  -51.0430 21.1748 -50.9182
v  -50.5984 21.4747 -50.8141
v  -51.0356 20.6951 -51.0740
v  -51.4198 20.9999 -51.9299
v  -50.8998 20.5893 -51.9273
v  -50.5983 20.3963 -51.1645
v  -52.3938 23.4230 -54.4296
v  -52.0910 22.4939 -52.9278
v  -51.3370 23.0118 -52.6211
v  -51.5512 24.1010 -54.0607
v  -51.5501 21.3691 -55.1494
v  -51.3370 21.1460 -53.3859
v  -52.0990 21.9172 -53.1651
v  -52.4817 22.7347 -54.7082
v  -51.2872 24.2922 -60.0316
v  -51.9354 24.4564 -58.0330
v  -50.4616 25.5795 -57.2531
v  -50.4422 25.7761 -59.4691
v  -52.3151 24.0836 -56.1420
v  -51.1662 24.9748 -55.6477
v  -50.4614 20.8370 -59.0365
v  -52.0403 23.2430 -58.4859
v  -51.2935 22.9075 -60.4821
v  -50.4422 22.0037 -60.6948
v  -51.1675 21.2039 -57.1040
v  -52.4314 23.1174 -56.5100
v  -51.4252 21.3289 -51.9105
v  -51.0297 20.9478 -51.0155
v  -52.2334 23.0541 -54.6591
v  -51.9568 22.3057 -53.2136
v  -50.7477 23.7013 -60.2204
v  -51.4934 23.8227 -58.2213
v  -51.9735 23.5512 -56.3371
v  -51.4914 26.6012 -60.9013
v  -49.7799 26.6012 -60.9013
v  -51.4914 24.4462 -61.7939
v  -49.7799 24.4462 -61.7939
v  -51.4914 22.1780 -62.3385
v  -49.7799 22.1780 -62.3385
v  -51.4914 19.8526 -62.5215
v  -49.7799 19.8526 -62.5215
v  -51.5058 17.8014 -60.6073
v  -48.5870 17.8693 -60.1783
v  -51.5058 15.8006 -60.1270
v  -48.5870 15.9349 -59.7139
v  -51.5058 13.8997 -59.3396
v  -48.5870 14.0969 -58.9525
v  -51.5058 12.1453 -58.2645
v  -48.5870 12.4006 -57.9131
v  -51.8274 17.5799 -62.0057
v  -51.8274 17.7334 -61.0366
v  -51.8274 15.3631 -61.4735
v  -51.8274 15.6663 -60.5403
v  -51.8274 13.2569 -60.6011
v  -51.8274 13.7024 -59.7268
v  -51.8274 11.3131 -59.4099
v  -51.8274 11.8898 -58.6161
v  -50.8998 19.2304 -51.9645
v  -51.4778 18.8084 -51.9786
v  -51.0430 19.0049 -51.0724
v  -50.5983 19.3088 -51.1645
v  -51.0356 18.5253 -50.9165
v  -51.4198 18.2688 -51.7881
v  -50.8998 17.9381 -51.5446
v  -50.5984 18.2304 -50.8141
v  -52.3938 18.7599 -55.2346
v  -52.0910 18.8910 -53.4735
v  -51.3370 19.4902 -53.5299
v  -51.5512 19.5252 -55.3347
v  -51.5501 16.6751 -54.6097
v  -51.3370 17.5312 -53.0519
v  -52.0990 18.2849 -53.3266
v  -52.4817 18.0393 -55.0555
v  -51.2872 16.1703 -60.2777
v  -51.9354 17.4778 -58.7573
v  -50.4616 18.8450 -58.7865
v  -50.4422 17.7015 -60.6948
v  -52.3151 18.2878 -57.0083
v  -51.1662 19.2993 -57.1322
v  -50.4614 13.9598 -57.4417
v  -52.0403 16.2300 -58.4105
v  -51.2935 14.7853 -59.8283
v  -50.4422 13.9290 -59.4691
v  -51.1675 15.3926 -56.0940
v  -52.4314 17.2898 -56.7381
v  -51.4252 18.5464 -51.9658
v  -51.0297 18.7641 -51.0177
v  -52.2334 18.3265 -55.2035
v  -51.9568 18.5707 -53.5942
v  -50.7477 15.5813 -60.0831
v  -51.4934 16.8546 -58.5372
v  -51.9735 17.7424 -56.8532
v  -51.4914 17.5272 -62.3385
v  -49.7799 17.5272 -62.3385
v  -51.4914 15.2590 -61.7939
v  -49.7799 15.2590 -61.7939
v  -51.4914 13.1039 -60.9013
v  -49.7799 13.1039 -60.9013
v  -51.4914 11.1150 -59.6825
v  -49.7799 11.1150 -59.6825
v  -51.7468 18.9050 -48.3448
v  -51.7468 18.7386 -48.0182
v  -49.6989 16.4058 -48.7762
v  -51.5817 16.4684 -48.7559
v  -51.5817 16.9738 -49.7478
v  -49.6989 16.9206 -49.7865
v  -51.7321 18.2488 -48.8215
v  -51.4572 18.4888 -48.6471
v  -51.7321 17.9672 -48.2689
v  -51.4572 18.2493 -48.1771
v  -51.7321 17.0998 -49.6563
v  -51.7321 16.6165 -48.7077
v  -51.6710 16.5304 -48.7406
v  -51.6709 17.0254 -49.7103
v  -51.7468 18.6813 -47.6563
v  -51.7468 18.7386 -47.2943
v  -49.6989 16.4058 -46.5364
v  -51.5817 16.4684 -46.5567
v  -51.5817 16.2942 -47.6563
v  -49.6989 16.2284 -47.6563
v  -51.7321 17.8702 -47.6563
v  -51.4572 18.1669 -47.6563
v  -51.7321 17.9672 -47.0437
v  -51.4572 18.2494 -47.1353
v  -51.7321 16.4500 -47.6563
v  -51.7321 16.6165 -46.6048
v  -51.6710 16.5276 -46.5808
v  -51.6709 16.3580 -47.6563
v  -51.5059 10.5807 -56.9282
v  -48.5870 10.8878 -56.6210
v  -51.5059 9.2444 -55.3636
v  -48.5870 9.5958 -55.1083
v  -51.5059 8.1693 -53.6092
v  -48.5870 8.5563 -53.4120
v  -51.5059 7.3819 -51.7083
v  -48.5870 7.7950 -51.5740
v  -51.8274 9.5795 -57.9293
v  -51.8274 10.2734 -57.2355
v  -51.8274 8.0990 -56.1958
v  -51.8274 8.8928 -55.6190
v  -51.8274 6.9078 -54.2520
v  -51.8274 7.7821 -53.8065
v  -51.8274 6.0354 -52.1458
v  -51.8274 6.9686 -51.8426
v  -50.8998 16.8169 -50.7761
v  -51.4778 16.4672 -50.5393
v  -51.0430 17.1588 -49.9218
v  -50.5984 17.3506 -50.1749
v  -51.0356 16.8625 -49.5137
v  -51.4198 16.1427 -50.0681
v  -50.8998 16.0182 -49.6767
v  -50.5984 16.6841 -49.2575
v  -52.3938 14.5141 -53.1450
v  -52.0910 15.6553 -51.7973
v  -51.3370 16.1070 -52.1951
v  -51.5512 15.0745 -53.6758
v  -51.5501 13.1948 -51.4140
v  -51.3370 14.8031 -50.6570
v  -52.0990 15.2513 -51.3222
v  -52.4817 14.0364 -52.5765
v  -51.2872 9.4549 -55.7029
v  -51.9354 11.4063 -55.2413
v  -50.4616 12.4952 -56.0685
v  -50.4422 10.4484 -56.9403
v  -52.3151 13.0897 -54.3025
v  -51.1662 13.8352 -54.9973
v  -50.4614 9.3335 -52.1092
v  -52.0403 10.6007 -54.2274
v  -51.2935 8.5985 -54.5251
v  -50.4422 8.1169 -53.7313
v  -51.1675 11.2848 -51.8610
v  -52.4314 12.4411 -53.4973
v  -51.4252 16.2628 -50.3750
v  -51.0297 16.9962 -49.7360
v  -52.2334 14.1818 -52.8651
v  -51.9568 15.3253 -51.7067
v  -50.7477 9.0927 -55.1992
v  -51.4934 11.0315 -54.6969
v  -51.9735 12.7396 -53.8564
v  -51.4914 9.3413 -58.1676
v  -49.7799 9.3413 -58.1676
v  -51.4914 7.8264 -56.3938
v  -49.7799 7.8264 -56.3938
v  -51.4914 6.6076 -54.4049
v  -49.7799 6.6076 -54.4049
v  -51.4914 5.7149 -52.2499
v  -49.7799 5.7149 -52.2499
v  -51.5059 6.9015 -49.7076
v  -48.5870 7.3306 -49.6396
v  -51.5059 6.7401 -47.6563
v  -48.5870 7.1745 -47.6563
v  -51.5059 6.9015 -45.6051
v  -48.5870 7.3306 -45.6730
v  -51.5059 7.3819 -43.6043
v  -48.5870 7.7950 -43.7386
v  -51.8274 5.5032 -49.9290
v  -51.8274 6.4723 -49.7755
v  -51.8274 5.3243 -47.6563
v  -51.8274 6.3055 -47.6563
v  -51.8274 5.5032 -45.3836
v  -51.8274 6.4723 -45.5371
v  -51.8274 6.0354 -43.1668
v  -51.8274 6.9685 -43.4700
v  -50.8998 15.5629 -48.3959
v  -51.4778 15.4192 -47.9988
v  -51.0430 16.3417 -47.9058
v  -50.5984 16.3480 -48.2232
v  -51.0356 16.3418 -47.4015
v  -51.4198 15.4336 -47.4269
v  -50.8998 15.5629 -47.0371
v  -50.5984 16.3480 -47.0893
v  -52.3938 12.3075 -48.9589
v  -52.0910 14.0229 -48.5394
v  -51.3370 14.1545 -49.1267
v  -51.5512 12.4488 -49.7177
v  -51.5501 12.2576 -46.7831
v  -51.3370 14.0037 -47.1159
v  -52.0990 13.9753 -47.9176
v  -52.4817 12.2552 -48.2182
v  -51.2872 6.7110 -48.0545
v  -51.9354 8.5610 -48.8282
v  -50.4616 8.9557 -50.1374
v  -50.4422 6.7874 -49.6396
v  -52.3151 10.4747 -49.0581
v  -51.1662 10.6695 -50.0584
v  -50.4615 8.7251 -45.0758
v  -52.0403 8.5053 -47.5343
v  -51.2935 6.7104 -46.5984
v  -50.4422 6.7874 -45.6730
v  -51.1675 10.4496 -46.0220
v  -52.4314 10.4233 -48.0254
v  -51.4252 15.3504 -47.7457
v  -51.0297 16.3193 -47.6599
v  -52.2334 12.2031 -48.5371
v  -51.9568 13.8092 -48.2721
v  -50.7477 6.7140 -47.4341
v  -51.4934 8.5778 -48.1674
v  -51.9735 10.4537 -48.4914
v  -51.4914 5.1704 -49.9818
v  -49.7799 5.1704 -49.9817
v  -51.4914 4.9874 -47.6563
v  -49.7799 4.9874 -47.6563
v  -51.4914 5.1704 -45.3309
v  -49.7799 5.1704 -45.3309
v  -51.4914 5.7149 -43.0627
v  -49.7799 5.7149 -43.0627
v  -51.7468 18.9050 -46.9678
v  -51.7468 19.1641 -46.7087
v  -49.6989 17.7223 -44.7243
v  -51.5817 17.7610 -44.7775
v  -51.5817 16.9738 -45.5648
v  -49.6989 16.9206 -45.5261
v  -51.7321 18.2488 -46.4911
v  -51.4572 18.4888 -46.6655
v  -51.7321 18.6873 -46.0525
v  -51.4572 18.8618 -46.2925
v  -51.7321 17.0998 -45.6563
v  -51.7321 17.8526 -44.9035
v  -51.6710 17.7947 -44.8318
v  -51.6709 17.0254 -45.6023
v  -51.7468 19.4906 -46.5423
v  -51.7468 19.8526 -46.4850
v  -49.6989 19.8526 -44.0321
v  -51.5817 19.8526 -44.0980
v  -51.5817 18.7530 -44.2721
v  -49.6989 18.7326 -44.2095
v  -51.7321 19.2400 -45.7709
v  -51.4572 19.3317 -46.0531
v  -51.7321 19.8526 -45.6739
v  -51.4572 19.8526 -45.9706
v  -51.7321 18.8011 -44.4202
v  -51.7321 19.8526 -44.2537
v  -51.6710 19.8480 -44.1617
v  -51.6709 18.7727 -44.3328
v  -51.5059 8.1693 -41.7034
v  -48.5870 8.5563 -41.9006
v  -51.5059 9.2444 -39.9490
v  -48.5870 9.5958 -40.2043
v  -51.5059 10.5806 -38.3844
v  -48.5870 10.8878 -38.6915
v  -51.5059 12.1452 -37.0481
v  -48.5870 12.4006 -37.3995
v  -51.8274 6.9078 -41.0606
v  -51.8274 7.7820 -41.5061
v  -51.8274 8.0990 -39.1168
v  -51.8274 8.8928 -39.6935
v  -51.8274 9.5795 -37.3833
v  -51.8274 10.2733 -38.0771
v  -51.8274 11.3131 -35.9027
v  -51.8274 11.8898 -36.6965
v  -50.8998 15.9474 -45.7333
v  -51.4778 16.0645 -45.3275
v  -51.0430 16.8655 -45.7945
v  -50.5984 16.6841 -46.0550
v  -51.0356 17.1621 -45.3866
v  -51.4198 16.4124 -44.8732
v  -50.8998 16.7461 -44.6340
v  -50.5984 17.3506 -45.1377
v  -52.3938 12.9828 -44.2752
v  -52.0910 14.6172 -44.9441
v  -51.3370 14.3784 -45.4966
v  -51.5512 12.6511 -44.9722
v  -51.5501 14.2214 -42.4856
v  -51.3370 15.4383 -43.7812
v  -52.0990 14.9442 -44.4131
v  -52.4817 13.3759 -43.6453
v  -51.2872 8.9868 -40.2540
v  -51.9354 10.0287 -41.9674
v  -50.4616 9.5785 -43.2585
v  -50.4422 8.1169 -41.5813
v  -52.3151 11.4418 -43.2782
v  -51.1662 11.0114 -44.2019
v  -50.4615 12.3670 -39.0281
v  -52.0403 10.7441 -40.8878
v  -51.2935 9.8422 -39.0756
v  -50.4422 10.4484 -38.3723
v  -51.1675 13.2061 -40.8072
v  -52.4314 12.0072 -42.4125
v  -51.4252 16.1576 -45.0823
v  -51.0297 16.9920 -45.5824
v  -52.2334 13.1463 -43.8727
v  -51.9568 14.6014 -44.6022
v  -50.7477 9.3538 -39.7539
v  -51.4934 10.4307 -41.4426
v  -51.9735 11.7579 -42.8074
v  -51.4914 6.6076 -40.9076
v  -49.7799 6.6076 -40.9076
v  -51.4915 7.8264 -38.9187
v  -49.7799 7.8264 -38.9187
v  -51.4915 9.3413 -37.1450
v  -49.7799 9.3413 -37.1450
v  -51.4915 11.1150 -35.6301
v  -49.7799 11.1150 -35.6301
v  -51.5059 13.8996 -35.9730
v  -48.5870 14.0968 -36.3600
v  -51.5059 15.8006 -35.1856
v  -48.5870 15.9348 -35.5987
v  -51.5059 17.8013 -34.7053
v  -48.5870 17.8692 -35.1343
v  -51.5059 19.8525 -34.5438
v  -48.5870 19.8525 -34.9782
v  -51.8274 13.2568 -34.7115
v  -51.8274 13.7023 -35.5858
v  -51.8274 15.3631 -33.8391
v  -51.8274 15.6663 -34.7723
v  -51.8274 17.5798 -33.3069
v  -51.8274 17.7333 -34.2760
v  -51.8274 19.8525 -33.1280
v  -51.8274 19.8525 -34.1092
v  -50.8998 17.8235 -43.8052
v  -51.4778 18.1568 -43.5457
v  -51.0430 18.5303 -44.3943
v  -50.5984 18.2304 -44.4985
v  -51.0356 19.0100 -44.2386
v  -51.4198 18.7052 -43.3827
v  -50.8998 19.1159 -43.3853
v  -50.5984 19.3088 -44.1481
v  -52.3938 16.2821 -40.8830
v  -52.0910 17.2112 -42.3848
v  -51.3370 16.6933 -42.6914
v  -51.5512 15.6041 -41.2519
v  -51.5501 18.3361 -40.1632
v  -51.3370 18.5591 -41.9267
v  -52.0990 17.7879 -42.1474
v  -52.4817 16.9704 -40.6044
v  -51.2872 15.4129 -35.2810
v  -51.9354 15.2487 -37.2796
v  -50.4616 14.1256 -38.0595
v  -50.4422 13.9290 -35.8435
v  -52.3151 15.6215 -39.1706
v  -51.1662 14.7303 -39.6649
v  -50.4615 18.8681 -36.2760
v  -52.0403 16.4621 -36.8267
v  -51.2935 16.7976 -34.8305
v  -50.4422 17.7014 -34.6177
v  -51.1675 18.5012 -38.2085
v  -52.4314 16.5877 -38.8026
v  -51.4252 18.3762 -43.4021
v  -51.0297 18.7573 -44.2971
v  -52.2334 16.6510 -40.6534
v  -51.9568 17.3994 -42.0990
v  -50.7477 16.0038 -35.0921
v  -51.4934 15.8824 -37.0913
v  -51.9735 16.1539 -38.9755
v  -51.4915 13.1039 -34.4113
v  -49.7799 13.1039 -34.4113
v  -51.4915 15.2589 -33.5186
v  -49.7799 15.2589 -33.5186
v  -51.4915 17.5271 -32.9741
v  -49.7799 17.5271 -32.9741
v  -51.4915 19.8525 -32.7911
v  -49.7799 19.8525 -32.7911
v  -51.7468 20.2145 -46.5423
v  -51.7468 20.5410 -46.7087
v  -49.6989 21.9828 -44.7243
v  -51.5817 21.9441 -44.7775
v  -51.5817 20.9521 -44.2721
v  -49.6989 20.9725 -44.2095
v  -51.7321 20.4652 -45.7709
v  -51.4572 20.3735 -46.0531
v  -51.7321 21.0178 -46.0525
v  -51.4572 20.8434 -46.2926
v  -51.7321 20.9040 -44.4202
v  -51.7321 21.8526 -44.9035
v  -51.6710 21.9029 -44.8264
v  -51.6709 20.9324 -44.3328
v  -51.7468 20.8002 -46.9678
v  -51.5817 22.7313 -45.5648
v  -49.6989 22.7846 -45.5261
v  -51.7321 21.4563 -46.4911
v  -51.4572 21.2163 -46.6655
v  -51.7321 22.6053 -45.6563
v  -51.6709 22.6797 -45.6023
v  -51.5059 21.9038 -34.7053
v  -48.5870 21.8358 -35.1343
v  -51.5059 23.9045 -35.1856
v  -48.5870 23.7703 -35.5987
v  -51.5059 25.8055 -35.9730
v  -48.5870 25.6083 -36.3600
v  -51.5059 27.5599 -37.0481
v  -48.5870 27.3045 -37.3995
v  -51.8274 22.1253 -33.3069
v  -51.8274 21.9718 -34.2760
v  -51.8274 24.3420 -33.8391
v  -51.8274 24.0388 -34.7723
v  -51.8274 26.4482 -34.7115
v  -51.8274 26.0028 -35.5858
v  -51.8274 28.3920 -35.9027
v  -51.8274 27.8153 -36.6965
v  -50.8998 20.4747 -43.3480
v  -51.4778 20.8968 -43.3340
v  -51.0430 20.7002 -44.2401
v  -50.5984 20.3963 -44.1481
v  -51.0356 21.1798 -44.3961
v  -51.4198 21.4363 -43.5245
v  -50.8998 21.7670 -43.7679
v  -50.5984 21.4747 -44.4985
v  -52.3938 20.9453 -40.0780
v  -52.0910 20.8141 -41.8390
v  -51.3370 20.2149 -41.7827
v  -51.5512 20.1799 -39.9779
v  -51.5501 23.0300 -40.7029
v  -51.3370 22.1739 -42.2606
v  -52.0990 21.4203 -41.9860
v  -52.4817 21.6659 -40.2571
v  -51.2872 23.5348 -35.0349
v  -51.9354 22.2273 -36.5553
v  -50.4616 20.8602 -36.5261
v  -50.4422 22.0037 -34.6177
v  -52.3151 21.4173 -38.3043
v  -51.1662 20.4058 -38.1803
v  -50.4615 25.7453 -37.8709
v  -52.0403 23.4751 -36.9021
v  -51.2935 24.9199 -35.4843
v  -50.4422 25.7761 -35.8435
v  -51.1675 24.3126 -39.2186
v  -52.4314 22.4153 -38.5745
v  -51.4252 21.1588 -43.3468
v  -51.0297 20.9410 -44.2949
v  -52.2334 21.3786 -40.1091
v  -51.9568 21.1344 -41.7184
v  -50.7477 24.1239 -35.2294
v  -51.4934 22.8506 -36.7754
v  -51.9735 21.9628 -38.4594
v  -51.4915 22.1780 -32.9741
v  -49.7799 22.1780 -32.9741
v  -51.4915 24.4462 -33.5186
v  -49.7799 24.4462 -33.5186
v  -51.4915 26.6012 -34.4113
v  -49.7799 26.6012 -34.4113
v  -51.4915 28.5901 -35.6301
v  -49.7799 28.5901 -35.6301
v  -51.5059 29.1245 -38.3843
v  -48.5870 28.8173 -38.6915
v  -51.5059 30.4608 -39.9489
v  -48.5870 30.1093 -40.2043
v  -51.5059 31.5358 -41.7033
v  -48.5870 31.1488 -41.9005
v  -51.8274 30.1256 -37.3832
v  -51.8274 29.4318 -38.0770
v  -51.8274 31.6061 -39.1168
v  -51.8274 30.8123 -39.6935
v  -51.8274 32.7973 -41.0606
v  -51.8274 31.9231 -41.5060
v  -50.8998 22.8882 -44.5365
v  -51.4778 23.2379 -44.7733
v  -51.0430 22.5463 -45.3908
v  -50.5984 22.3545 -45.1377
v  -51.0356 22.8426 -45.7988
v  -51.4198 23.5625 -45.2445
v  -50.8998 23.6869 -45.6358
v  -50.5984 23.0210 -46.0550
v  -52.3938 25.1910 -42.1675
v  -52.0910 24.0498 -43.5152
v  -51.3370 23.5981 -43.1174
v  -51.5512 24.6306 -41.6367
v  -51.5501 26.5103 -43.8985
v  -51.3370 24.9020 -44.6556
v  -52.0990 24.4538 -43.9904
v  -52.4817 25.6687 -42.7360
v  -51.2872 30.2502 -39.6097
v  -51.9354 28.2988 -40.0712
v  -50.4616 27.2099 -39.2440
v  -50.4422 29.2567 -38.3722
v  -52.3151 26.6154 -41.0101
v  -51.1662 25.8699 -40.3153
v  -50.4615 30.3716 -43.2033
v  -52.0403 29.1044 -41.0852
v  -51.2935 31.1066 -40.7874
v  -50.4422 31.5882 -41.5813
v  -51.1675 28.4203 -43.4516
v  -52.4314 27.2640 -41.8153
v  -51.4252 23.4424 -44.9376
v  -51.0297 22.7089 -45.5766
v  -52.2334 25.5233 -42.4474
v  -51.9568 24.3798 -43.6059
v  -50.7477 30.6124 -40.1134
v  -51.4934 28.6736 -40.6156
v  -51.9735 26.9655 -41.4562
v  -51.4915 30.3638 -37.1450
v  -49.7799 30.3638 -37.1450
v  -51.4915 31.8787 -38.9187
v  -49.7799 31.8787 -38.9187
v  -51.4914 33.0975 -40.9076
v  -49.7799 33.0975 -40.9076
v  -48.8233 7.1639 -51.7791
v  -48.8233 6.5109 -47.6563
v  -48.8233 19.8526 -47.6563
v  -48.8233 9.0589 -55.4983
v  -48.8233 12.0105 -58.4499
v  -48.8233 15.7298 -60.3449
v  -48.8233 19.8526 -60.9979
v  -48.8233 23.9754 -60.3449
v  -48.8233 27.6946 -58.4499
v  -48.8233 30.6462 -55.4983
v  -48.8233 32.5412 -51.7791
v  -48.8233 33.1942 -47.6563
v  -48.8233 32.5412 -43.5335
v  -48.8233 30.6462 -39.8143
v  -48.8233 27.6946 -36.8627
v  -48.8233 23.9754 -34.9676
v  -48.8233 19.8526 -34.3146
v  -48.8233 15.7298 -34.9676
v  -48.8233 12.0105 -36.8627
v  -48.8233 9.0589 -39.8143
v  -48.8233 7.1639 -43.5335
# 8171 vertices

vn 0.8465 -0.5040 0.1717
vn 0.6918 -0.7134 0.1117
vn 0.9863 0.0098 0.1649
vn 0.9801 0.0093 0.1981
vn 0.2024 0.5807 0.7885
vn 0.2300 0.2507 0.9403
vn 0.5851 0.4548 0.6714
vn 0.5434 -0.4095 -0.7328
vn 0.8984 -0.3984 -0.1851
vn 0.9228 -0.2645 -0.2802
vn 0.5958 0.7994 -0.0772
vn 0.1237 0.9849 -0.1215
vn 0.1692 0.8718 0.4598
vn 0.6503 0.6262 0.4301
vn 0.6913 -0.7185 0.0773
vn 0.6331 -0.6931 -0.3447
vn 0.9892 0.0006 0.1469
vn 0.5606 0.7188 -0.4111
vn 0.0859 0.8698 -0.4858
vn 0.1136 0.9657 0.2335
vn 0.6806 0.6591 0.3199
vn -0.0007 0.7832 0.6218
vn 0.1576 0.7826 0.6022
vn 0.2060 0.6717 0.7116
vn -0.0123 0.6636 0.7480
vn 0.0759 0.8866 0.4562
vn 0.1400 0.8813 0.4514
vn 0.2628 0.5632 0.7834
vn 0.6970 0.1957 0.6899
vn 0.4793 0.2069 0.8529
vn 0.4201 0.5104 0.7503
vn 0.0000 0.8208 -0.5712
vn 0.0000 0.9766 0.2151
vn 0.6233 0.7511 0.2176
vn 0.4971 0.6793 -0.5398
vn 0.7818 -0.0135 0.6234
vn 0.9229 -0.0116 0.3848
vn 0.9330 0.0225 0.3592
vn 0.7546 0.0877 0.6503
vn 0.8011 0.4868 0.3482
vn 0.8157 0.5054 0.2814
vn 0.7500 0.5995 0.2795
vn 0.7980 0.4989 0.3380
vn 0.0812 0.9399 0.3316
vn 0.1298 0.9337 0.3337
vn 0.0990 0.7820 0.6153
vn 0.7038 0.5172 0.4870
vn 0.6801 0.6315 0.3724
vn 0.1871 0.8778 0.4410
vn 0.9631 0.0336 0.2670
vn 0.8091 0.5122 0.2881
vn 0.7797 0.5798 0.2366
vn 0.9723 0.1057 0.2084
vn 0.7950 0.5131 0.3236
vn 0.8179 0.5753 0.0066
vn 0.5005 0.8641 -0.0532
vn 0.5272 0.8158 0.2377
vn 0.9136 0.0089 0.4064
vn 0.8660 0.0272 0.4993
vn 0.8716 -0.0242 0.4897
vn 0.9142 -0.0494 0.4023
vn 0.9577 0.0204 0.2870
vn 0.9548 -0.0358 0.2949
vn 0.1550 0.9861 -0.0590
vn 0.1196 0.9915 0.0514
vn 0.3194 0.9470 0.0342
vn 0.3419 0.9375 -0.0648
vn 0.5324 0.8460 0.0306
vn 0.5182 0.7969 -0.3105
vn -0.0026 0.8742 -0.4856
vn 0.8846 -0.4658 -0.0202
vn 0.8100 0.5037 0.3004
vn 0.8049 0.5476 0.2288
vn 0.8819 -0.4685 0.0519
vn 0.8537 -0.5010 -0.1422
vn 0.8777 -0.4792 0.0020
vn 0.3895 -0.9210 0.0053
vn 0.3743 -0.9086 -0.1854
vn -0.0000 0.8975 0.4410
vn 0.0000 0.8037 0.5950
vn -0.0000 -1.0000 -0.0002
vn 0.6062 -0.7494 0.2663
vn 0.6843 -0.7205 0.1117
vn 0.0000 -1.0000 0.0000
vn 0.1566 0.1315 -0.9789
vn 0.1090 -0.7598 -0.6410
vn -0.0000 -0.7587 -0.6515
vn -0.0000 0.1336 -0.9910
vn -0.0000 -1.0000 -0.0006
vn 0.1174 -0.9798 -0.1621
vn 0.0038 -1.0000 -0.0038
vn -0.0000 -1.0000 0.0001
vn -0.0000 0.2277 0.9737
vn 0.1463 0.2160 0.9654
vn 0.0706 0.5655 0.8217
vn -0.0000 0.5913 0.8065
vn 0.0000 0.9479 0.3186
vn 0.1729 -0.3599 -0.9168
vn 0.0515 -0.8306 -0.5546
vn -0.0000 -0.8414 -0.5404
vn 0.0000 -0.3859 -0.9225
vn 0.0000 0.8155 0.5787
vn 0.0888 0.8180 0.5684
vn 0.1103 0.9430 -0.3141
vn 0.0000 0.9315 -0.3637
vn 0.5273 0.3332 -0.7816
vn 0.6726 0.1289 -0.7287
vn 0.3707 0.1646 -0.9140
vn 0.2284 0.7299 -0.6443
vn 0.2129 0.9767 -0.0262
vn 0.0936 0.9949 -0.0384
vn 0.0659 0.6884 -0.7223
vn 0.1975 0.8562 0.4773
vn 0.3370 0.1327 0.9321
vn 0.5304 0.0802 0.8440
vn 0.3184 0.8595 0.3999
vn 0.2411 -0.0905 0.9663
vn 0.1983 0.7581 0.6213
vn 0.0000 0.7566 0.6539
vn -0.0000 -0.0743 0.9972
vn 0.8008 -0.5036 0.3241
vn 0.7832 0.5029 0.3657
vn 0.7030 0.5500 0.4508
vn 0.7693 -0.4424 0.4608
vn 0.4125 -0.3805 -0.8277
vn 0.0416 -0.3401 -0.9395
vn 0.0802 -0.5667 -0.8200
vn 0.4172 -0.0217 -0.9085
vn -0.1780 -0.0576 -0.9823
vn -0.1333 0.2130 -0.9679
vn 0.7220 -0.5373 -0.4360
vn 0.4888 -0.6837 -0.5419
vn 0.8396 -0.4546 -0.2972
vn 0.7413 0.5123 -0.4337
vn 0.7574 0.6518 -0.0393
vn 0.4058 0.9076 -0.1075
vn 0.4467 0.7990 -0.4026
vn 0.9664 0.2556 0.0259
vn 0.8757 0.2057 -0.4369
vn 0.9996 0.0266 -0.0075
vn 0.9979 0.0650 0.0046
vn 0.9949 -0.0999 -0.0122
vn 0.9946 -0.1022 -0.0191
vn 0.8732 -0.2570 -0.4140
vn 0.2364 0.5532 0.7988
vn 0.1182 0.5601 0.8199
vn 0.0000 0.6918 0.7221
vn 0.2253 0.5289 0.8182
vn 0.7796 0.2995 0.5499
vn 0.7496 0.3829 0.5399
vn 0.0747 0.6438 0.7615
vn 0.2015 -0.0465 -0.9784
vn 0.8418 -0.4894 0.2279
vn 0.7898 0.5446 0.2821
vn 0.9719 0.1430 0.1870
vn 0.7396 0.4722 0.4796
vn 0.7662 0.3154 0.5598
vn 0.5072 0.8036 0.3114
vn 0.7271 0.0866 0.6811
vn 0.8835 -0.1220 0.4522
vn 0.5606 0.7884 0.2534
vn 0.6221 0.6833 0.3822
vn 0.8536 -0.1358 0.5029
vn 0.9062 -0.1517 0.3947
vn 0.6608 0.6724 0.3336
vn 0.9438 -0.1770 0.2790
vn 0.7256 0.6346 0.2660
vn 0.9638 -0.1877 0.1891
vn 0.7394 0.6380 0.2152
vn 0.9730 -0.1866 0.1359
vn 0.7460 0.6339 0.2041
vn 0.8982 -0.2198 -0.3807
vn 0.9249 -0.1678 -0.3413
vn 0.9930 0.0741 0.0918
vn 0.9926 0.0220 0.1196
vn 0.8226 -0.3405 -0.4553
vn 0.6559 -0.5324 -0.5351
vn 0.9487 0.2565 0.1849
vn 0.9551 0.2295 0.1876
vn 0.9781 0.1192 0.1705
vn 0.9401 0.2381 0.2439
vn 0.9065 0.2438 0.3448
vn 0.8748 0.2102 0.4366
vn 0.2791 0.8417 0.4623
vn 0.2666 0.6840 0.6791
vn 0.0709 0.6265 0.7762
vn 0.1953 0.6151 0.7639
vn 0.0000 0.5349 0.8449
vn -0.0000 0.6281 0.7781
vn 0.0000 0.8561 0.5167
vn 0.0616 0.8671 0.4943
vn 0.0000 0.5067 0.8621
vn 0.4376 0.4594 0.7730
vn 0.2501 0.4776 0.8422
vn 0.5787 0.4709 0.6658
vn 0.8950 0.1403 0.4234
vn 0.8388 0.1268 0.5296
vn 0.9442 0.0907 0.3166
vn 0.9702 0.0613 0.2345
vn 0.9819 0.0598 0.1796
vn 0.7571 0.5669 0.3246
vn 0.4565 0.5421 0.7055
vn 0.8729 0.2571 0.4147
vn 0.9757 0.0779 0.2047
vn 0.3080 0.3860 0.8696
vn 0.9236 0.2446 0.2953
vn 0.7100 0.5618 0.4245
vn 0.4626 0.7654 0.4474
vn 0.3360 0.5835 0.7393
vn 0.5040 0.4629 0.7292
vn 0.8398 0.2349 0.4894
vn 0.9867 0.0091 0.1621
vn 0.8193 0.5200 0.2417
vn 0.7970 0.5572 0.2330
vn 0.6696 0.7051 0.2335
vn 0.7074 0.6609 0.2504
vn 0.0887 0.9579 0.2730
vn 0.2130 0.9413 0.2618
vn 0.1892 0.9079 0.3740
vn 0.9779 0.1122 0.1763
vn 0.7960 0.5649 0.2176
vn 0.7977 0.5578 0.2294
vn -0.0000 -1.0000 0.0000
vn 0.3778 0.6555 0.6539
vn 0.0771 0.9600 0.2693
vn 0.0000 0.9894 0.1452
vn -0.0000 0.7411 0.6714
vn 0.8869 0.3983 0.2341
vn 0.8875 0.4123 0.2059
vn 0.9536 0.2244 0.2008
vn 0.7500 0.6228 0.2227
vn 0.9836 0.0616 0.1693
vn 0.9965 0.0789 0.0281
vn 0.9714 -0.0400 -0.2341
vn 0.9360 -0.3116 0.1635
vn 0.8758 -0.4249 -0.2288
vn 0.8537 0.2715 0.4445
vn 0.8448 0.3278 0.4230
vn 0.5995 0.3438 0.7228
vn 0.5897 0.3583 0.7238
vn 0.9154 0.1368 -0.3786
vn 0.7942 0.3081 0.5238
vn 0.7949 0.2950 0.5303
vn 0.9263 -0.0558 -0.3727
vn 0.7908 -0.1639 -0.5898
vn 0.7359 -0.5503 -0.3945
vn 0.0117 -0.9748 -0.2229
vn -0.0000 -0.9774 -0.2112
vn 0.7894 -0.5929 -0.1591
vn 0.6815 -0.7160 -0.1512
vn 0.7671 -0.3008 -0.5666
vn 0.5181 0.2054 -0.8303
vn 0.7705 -0.4291 -0.4714
vn 0.5866 -0.4761 -0.6552
vn 0.4604 0.0635 -0.8854
vn 0.4122 0.0920 -0.9064
vn 0.3568 -0.5676 -0.7420
vn 0.9774 -0.1985 0.0723
vn 0.8316 0.2012 0.5176
vn 0.2955 0.4622 -0.8361
vn 0.3854 0.7020 -0.5989
vn 0.6791 0.5041 -0.5336
vn 0.9669 0.2539 -0.0255
vn 0.7543 0.5866 -0.2948
vn 0.9418 0.2542 -0.2199
vn 0.8687 0.2118 -0.4478
vn 0.8536 0.2520 0.4560
vn 0.5768 0.3899 0.7178
vn 0.5771 0.3862 0.7196
vn 0.8690 0.1992 0.4530
vn 0.5157 -0.5555 0.6523
vn 0.6848 -0.5301 0.5000
vn 0.0537 0.4752 0.8782
vn 0.0967 0.8995 0.4260
vn 0.1998 0.8472 0.4922
vn 0.1413 0.4626 0.8752
vn 0.0000 0.4670 0.8842
vn 0.0000 0.9085 0.4178
vn 0.4554 0.8324 0.3158
vn 0.2523 0.4607 0.8510
vn 0.3907 0.3924 0.8327
vn 0.7246 0.6038 0.3322
vn 0.9047 0.3384 0.2590
vn 0.3788 0.3227 0.8674
vn 0.5776 0.3910 0.7166
vn 0.7806 0.5400 -0.3148
vn 0.3724 0.9277 -0.0255
vn 0.3802 0.8812 0.2810
vn 0.2949 0.9042 -0.3090
vn 0.4950 0.8165 -0.2970
vn 0.0973 0.9911 -0.0903
vn 0.0000 0.9950 -0.1002
vn -0.0000 0.9108 0.4128
vn 0.1161 0.9106 0.3967
vn 0.7959 0.5263 -0.2994
vn 0.9331 0.1607 -0.3217
vn 0.9582 0.0105 -0.2859
vn 0.8405 0.2842 0.4613
vn 0.9644 -0.0565 -0.2582
vn 0.9635 -0.0979 -0.2493
vn 0.9445 -0.2064 -0.2556
vn 0.7064 -0.7004 -0.1020
vn 0.4037 -0.9128 -0.0616
vn 0.0000 0.7323 0.6810
vn -0.5639 0.6029 0.5643
vn -0.6026 -0.4181 0.6797
vn 0.0000 -0.5155 0.8569
vn 0.9651 -0.0101 -0.2617
vn 0.6961 0.3259 0.6397
vn 0.5273 0.6066 0.5950
vn 0.8024 0.5935 0.0631
vn 0.9982 0.0391 0.0451
vn 0.8389 0.2545 0.4812
vn -0.0000 0.6832 -0.7302
vn 0.0000 0.9410 -0.3384
vn 0.0932 0.9381 -0.3335
vn -0.2032 0.6273 0.7518
vn 0.0000 0.8654 0.5010
vn -0.2766 0.1099 0.9547
vn 0.0000 -0.3349 0.9423
vn 0.2693 0.9594 -0.0840
vn 0.2239 0.9390 0.2612
vn 0.4136 0.8545 0.3144
vn 0.2771 0.7617 -0.5857
vn 0.5942 0.7613 0.2595
vn 0.1992 0.9412 0.2729
vn 0.1940 0.9249 0.3272
vn 0.6389 0.7116 0.2924
vn 0.8101 0.4065 0.4225
vn 0.7390 0.4698 0.4828
vn 0.0634 0.9157 -0.3967
vn 0.0168 0.9951 -0.0979
vn 0.8656 0.2948 -0.4047
vn 0.0659 0.9021 -0.4264
vn 0.0915 0.8718 0.4812
vn 0.8415 0.2062 0.4993
vn 0.4397 0.8232 -0.3591
vn -0.2457 0.8956 -0.3708
vn -0.3055 0.9330 -0.1902
vn 0.4471 0.8725 -0.1971
vn 0.8322 0.3069 0.4617
vn 0.7212 0.3698 0.5858
vn 0.5556 0.7955 0.2418
vn 0.1772 0.9545 0.2400
vn -0.3078 0.4687 -0.8280
vn -0.2360 0.7354 -0.6352
vn 0.6075 0.7114 0.3534
vn 0.7426 0.3197 0.5885
vn 0.8933 -0.0261 0.4486
vn 0.8814 0.0308 0.4714
vn 0.7676 0.4510 0.4554
vn 0.7850 0.4613 0.4134
vn 0.7878 0.5689 -0.2361
vn 0.6648 0.5362 0.5201
vn 0.8600 0.1511 -0.4874
vn 0.9860 0.1667 -0.0010
vn 0.9558 0.2074 -0.2083
vn 0.9389 0.0484 -0.3407
vn 0.8682 0.0528 -0.4935
vn 0.8661 -0.2991 -0.4006
vn 0.8648 -0.3603 -0.3497
vn 0.9501 -0.3113 0.0215
vn 0.9522 -0.2725 0.1378
vn 0.9052 -0.4170 -0.0819
vn 0.6741 -0.5562 -0.4860
vn 0.0111 -0.9438 -0.3303
vn 0.0062 -1.0000 -0.0068
vn -0.0000 -1.0000 -0.0016
vn 0.7101 -0.7041 0.0015
vn 0.3384 -0.8613 -0.3790
vn 0.6470 -0.7207 -0.2489
vn 0.7094 -0.7048 0.0014
vn 0.5775 0.3903 0.7170
vn 0.5175 -0.6247 -0.5848
vn 0.4672 -0.7564 -0.4578
vn 0.6872 -0.5579 -0.4654
vn 0.8552 -0.4211 -0.3024
vn 0.9858 -0.1674 -0.0139
vn 0.9742 -0.1999 0.1050
vn 0.9390 -0.3017 0.1652
vn 0.8625 -0.1998 -0.4650
vn 0.9545 -0.2828 -0.0945
vn 0.9181 -0.3370 -0.2086
vn 0.8859 -0.4613 -0.0483
vn 0.8344 0.1145 -0.5391
vn 0.7071 -0.3894 -0.5903
vn 0.6680 -0.0180 -0.7440
vn 0.4685 0.0855 -0.8793
vn 0.3845 -0.5001 -0.7759
vn 0.4924 -0.4350 -0.7538
vn 0.1737 0.8980 -0.4043
vn -0.4279 0.6458 -0.6324
vn 0.4752 0.7089 -0.5212
vn 0.0000 0.3769 -0.9263
vn 0.1525 0.3717 -0.9158
vn 0.1018 0.8095 -0.5782
vn 0.0556 0.4194 -0.9061
vn 0.0000 0.4245 -0.9054
vn 0.0000 0.8174 -0.5760
vn -0.6192 -0.0445 -0.7840
vn -0.5502 0.1773 -0.8160
vn -0.2675 0.2202 -0.9381
vn -0.7895 0.5629 -0.2446
vn -0.8294 0.5469 -0.1141
vn -0.7680 0.3077 -0.5617
vn -0.7081 0.5078 -0.4906
vn -0.0000 -0.7126 0.7016
vn 0.0000 -0.7019 -0.7122
vn 0.0020 -0.7135 -0.7007
vn -0.0001 -0.7013 0.7129
vn 0.0000 0.7114 -0.7028
vn 0.0006 0.7017 -0.7124
vn -0.0000 0.7022 0.7120
vn -0.0016 0.7122 0.7020
vn 0.4426 -0.1610 -0.8821
vn 0.4156 -0.1095 -0.9029
vn 0.4048 0.1024 -0.9087
vn 0.3845 -0.2511 -0.8883
vn 0.3849 -0.5046 -0.7728
vn 0.6266 -0.4209 -0.6559
vn 0.7944 -0.4410 -0.4177
vn 0.9149 -0.1227 -0.3845
vn 0.6937 0.0096 -0.7202
vn 0.5340 -0.2526 -0.8069
vn 0.4908 -0.0200 -0.8710
vn 0.1410 -0.7081 -0.6919
vn 0.1743 0.3033 -0.9368
vn 0.0000 -0.7189 -0.6951
vn -0.0000 0.2964 -0.9551
vn 0.0664 -0.9187 -0.3894
vn 0.1876 0.2014 -0.9614
vn -0.0000 0.1890 -0.9820
vn 0.0000 -0.9217 -0.3879
vn -0.3193 -0.8443 -0.4303
vn -0.2708 0.0567 -0.9610
vn 0.0000 0.9940 -0.1098
vn 0.0348 0.9914 -0.1260
vn 0.0000 0.9940 -0.1096
vn -0.0000 0.8873 0.4612
vn 0.0720 0.8938 0.4426
vn 0.0220 0.9916 -0.1273
vn -0.5322 0.6716 0.5155
vn 0.0000 0.7640 0.6452
vn 0.0000 0.9939 -0.1101
vn -0.6613 0.7443 -0.0930
vn -0.6294 0.2486 -0.7362
vn -0.5484 0.5759 -0.6063
vn 0.0000 0.6753 -0.7375
vn 0.0000 0.0895 -0.9960
vn -0.6567 0.3694 0.6575
vn -0.9636 0.2653 -0.0332
vn 0.0000 0.2274 0.9738
vn 0.1398 0.9749 0.1730
vn 0.3005 0.9362 0.1825
vn 0.4733 0.8682 0.1490
vn 0.5197 0.8543 -0.0116
vn 0.9997 -0.0106 0.0214
vn 0.8265 0.5617 0.0374
vn 0.7930 0.5031 -0.3436
vn 0.8706 -0.0148 -0.4917
vn 0.8116 -0.4620 -0.3576
vn -0.0015 0.9093 0.4162
vn 0.9792 0.2012 0.0277
vn 0.0204 0.9918 -0.1262
vn 0.7880 0.6027 -0.1260
vn 0.9672 0.2448 -0.0673
vn -0.2512 0.9540 0.1637
vn 0.4592 0.8592 0.2257
vn 0.9842 0.1750 -0.0278
vn 0.8516 -0.1934 0.4871
vn -0.8290 0.5471 -0.1161
vn -0.8582 0.5071 -0.0798
vn -0.8548 0.5132 -0.0775
vn 0.5437 -0.2868 0.7887
vn 0.5008 -0.3625 0.7860
vn 0.5130 -0.2864 0.8092
vn 0.1783 0.0851 0.9803
vn 0.3751 0.0795 0.9236
vn 0.2643 0.7056 0.6575
vn 0.1258 0.7291 0.6728
vn 0.3193 0.2787 0.9057
vn 0.2600 -0.6405 0.7226
vn 0.1993 -0.2964 0.9340
vn 0.5007 0.2174 0.8379
vn 0.4875 0.1372 0.8622
vn 0.5141 0.3727 0.7725
vn 0.4155 0.0244 0.9093
vn 0.3726 0.0725 0.9251
vn 0.7513 -0.2558 0.6084
vn 0.5481 -0.5002 0.6704
vn 0.1754 0.1668 0.9703
vn 0.4178 0.3383 0.8432
vn 0.1629 0.7695 0.6175
vn 0.3272 0.7268 0.6039
vn 0.7316 0.2763 0.6232
vn 0.1179 0.5049 0.8551
vn 0.3633 0.5350 0.7628
vn 0.8551 0.1059 0.5075
vn 0.2575 0.1483 0.9548
vn 0.7062 0.0512 0.7062
vn 0.4309 -0.4119 0.8029
vn 0.5275 0.0047 0.8495
vn 0.4273 -0.6137 0.6639
vn 0.4488 -0.4525 0.7706
vn -0.0000 0.1550 0.9879
vn 0.0000 -0.6413 0.7673
vn 0.1223 -0.6506 0.7495
vn 0.2371 0.5494 0.8012
vn 0.6849 0.5380 0.4914
vn 0.4544 0.5337 0.7132
vn 0.5689 0.0320 0.8218
vn 0.2628 0.4312 0.8632
vn 0.8501 0.4557 0.2641
vn 0.8566 0.4607 0.2322
vn 0.7666 0.6420 -0.0122
vn 0.0000 0.5631 0.8264
vn 0.8887 0.0697 0.4532
vn 0.7638 0.2293 0.6033
vn 0.2401 0.7890 0.5655
vn 0.3743 0.5022 0.7795
vn 0.7209 0.2622 0.6415
vn 0.8524 0.2206 0.4742
vn 0.7577 0.5966 0.2644
vn 0.4479 0.8557 0.2590
vn 0.4618 0.7579 0.4608
vn 0.7593 0.6236 -0.1858
vn 0.4487 0.8821 -0.1432
vn 0.6190 0.7184 -0.3173
vn 0.6249 0.7253 -0.2889
vn 0.5954 0.7146 0.3671
vn 0.6061 0.7266 0.3236
vn -0.0986 -0.1164 -0.9883
vn -0.1679 -0.1969 -0.9659
vn -0.5952 -0.7144 -0.3679
vn -0.5838 -0.7015 -0.4087
vn 0.6200 0.7195 -0.3128
vn 0.6259 0.7265 -0.2834
vn 0.5959 0.7151 0.3654
vn 0.6065 0.7270 0.3218
vn -0.1045 -0.1233 -0.9869
vn -0.1739 -0.2038 -0.9634
vn -0.5948 -0.7139 -0.3695
vn -0.5833 -0.7010 -0.4103
vn 0.6243 0.7246 -0.2919
vn 0.6307 0.7321 -0.2574
vn 0.5981 0.7176 0.3567
vn 0.6084 0.7292 0.3132
vn -0.1328 -0.1560 -0.9788
vn -0.2019 -0.2362 -0.9505
vn -0.5927 -0.7115 -0.3775
vn -0.5810 -0.6983 -0.4181
vn 0.2520 -0.6941 0.6743
vn 0.2222 0.7852 0.5780
vn -0.2926 0.6034 0.7418
vn -0.3240 -0.5302 0.7835
vn -0.0000 -0.6919 0.7220
vn -0.0000 0.7647 0.6443
vn 0.0934 0.7698 0.6315
vn 0.1232 -0.6669 0.7349
vn -0.0000 0.7019 0.7123
vn 0.0000 0.0675 0.9977
vn 0.2009 0.7789 0.5941
vn 0.7829 0.5404 0.3084
vn 0.0093 0.9952 0.0976
vn 0.0000 0.9989 0.0464
vn -0.0000 0.9943 0.1065
vn -0.3050 0.9455 0.1139
vn 0.5443 0.6981 0.4652
vn 0.6150 0.5152 0.5969
vn 0.8534 -0.5018 0.1412
vn 0.8012 0.5494 0.2371
vn -0.0000 0.7776 0.6288
vn 0.7699 0.5098 0.3839
vn 0.6686 0.5735 0.4733
vn 0.8434 0.3497 0.4079
vn 0.9050 -0.3410 -0.2545
vn 0.8710 -0.4845 0.0812
vn 0.8038 0.5541 0.2163
vn 0.7445 0.3337 0.5783
vn 0.7474 0.5931 0.2993
vn 0.2911 0.7532 0.5899
vn 0.4302 -0.1182 0.8950
vn 0.5528 -0.2236 0.8027
vn 0.0901 0.6868 0.7212
vn -0.0000 -0.9239 -0.3827
vn 0.3435 -0.8677 -0.3594
vn 0.3435 -0.9392 -0.0000
vn -0.0000 -1.0000 -0.0000
vn -0.0000 -0.7071 -0.7071
vn 0.3435 -0.6641 -0.6641
vn 0.0000 -0.3827 -0.9239
vn 0.3435 -0.3594 -0.8677
vn 0.0000 0.0000 -1.0000
vn 0.3435 -0.0000 -0.9392
vn 0.0000 0.3827 -0.9239
vn 0.3435 0.3594 -0.8677
vn 0.0000 0.7071 -0.7071
vn 0.3435 0.6641 -0.6641
vn 0.0000 0.9239 -0.3827
vn 0.3435 0.8677 -0.3594
vn 0.0000 1.0000 -0.0000
vn 0.3435 0.9392 -0.0000
vn 0.0000 0.9239 0.3827
vn 0.3435 0.8677 0.3594
vn 0.0000 0.7071 0.7071
vn 0.3435 0.6641 0.6641
vn 0.0000 0.3827 0.9239
vn 0.3435 0.3594 0.8677
vn 0.0000 0.0000 1.0000
vn 0.3435 -0.0000 0.9392
vn -0.0000 -0.3827 0.9239
vn 0.3435 -0.3594 0.8677
vn -0.0000 -0.7071 0.7071
vn 0.3435 -0.6641 0.6641
vn -0.0000 -0.9239 0.3827
vn 0.3435 -0.8677 0.3594
vn 0.3865 -0.8521 -0.3529
vn 0.9169 -0.3687 -0.1527
vn 0.9169 -0.3991 -0.0000
vn 0.3866 -0.9223 -0.0000
vn 0.3866 -0.6521 -0.6521
vn 0.9169 -0.2822 -0.2822
vn 0.3866 -0.3529 -0.8521
vn 0.9169 -0.1527 -0.3687
vn 0.3866 -0.0000 -0.9223
vn 0.9169 -0.0000 -0.3991
vn 0.3866 0.3529 -0.8521
vn 0.9169 0.1527 -0.3687
vn 0.3866 0.6521 -0.6521
vn 0.9169 0.2822 -0.2822
vn 0.3866 0.8521 -0.3529
vn 0.9169 0.3687 -0.1527
vn 0.3866 0.9223 -0.0000
vn 0.9169 0.3991 -0.0000
vn 0.3866 0.8521 0.3529
vn 0.9169 0.3687 0.1527
vn 0.3865 0.6522 0.6521
vn 0.9169 0.2822 0.2822
vn 0.3866 0.3529 0.8521
vn 0.9169 0.1527 0.3687
vn 0.3866 -0.0000 0.9223
vn 0.9169 -0.0000 0.3991
vn 0.3866 -0.3529 0.8521
vn 0.9169 -0.1527 0.3687
vn 0.3866 -0.6521 0.6521
vn 0.9169 -0.2822 0.2822
vn 0.3866 -0.8521 0.3529
vn 0.9169 -0.3687 0.1527
vn 1.0000 -0.0000 -0.0000
vn 0.2826 -0.5619 0.7774
vn 0.7218 -0.6911 -0.0363
vn 0.7203 0.6839 0.1163
vn 0.2826 0.5619 0.7774
vn 0.8293 -0.3063 -0.4673
vn 0.4347 -0.4050 -0.8043
vn 0.3566 0.6773 -0.6435
vn 0.7146 0.6135 -0.3362
vn 0.0000 -0.9404 -0.3400
vn 0.0643 -0.9381 -0.3404
vn -0.1215 -0.7300 0.6726
vn 0.0000 -0.7256 0.6881
vn -0.1214 0.7305 0.6720
vn 0.0000 0.7261 0.6876
vn 0.2848 -0.4256 -0.8589
vn 0.1571 -0.4261 -0.8910
vn 0.1283 0.6852 -0.7170
vn 0.2276 0.6960 -0.6810
vn 0.1116 -0.9392 -0.3248
vn 0.1953 -0.9250 -0.3258
vn -0.3230 -0.7324 0.5994
vn -0.2260 -0.7196 0.6566
vn -0.3226 0.7330 0.5988
vn -0.2258 0.7202 0.6560
vn -0.7071 -0.7071 -0.0000
vn 0.7071 -0.7071 -0.0000
vn 0.7071 0.7071 -0.0000
vn -0.7071 0.7071 -0.0000
vn 0.0001 1.0000 -0.0015
vn 0.0003 1.0000 -0.0015
vn -0.0000 1.0000 -0.0015
vn 0.0005 1.0000 -0.0015
vn 0.0000 -0.4301 -0.9028
vn 0.0000 0.6893 -0.7245
vn -0.0000 0.0000 1.0000
vn 0.4423 -0.2553 0.8598
vn 0.5107 0.0000 0.8598
vn 0.2553 -0.4423 0.8598
vn 0.0000 -0.5107 0.8598
vn -0.2553 -0.4423 0.8598
vn -0.4423 -0.2553 0.8598
vn -0.5107 0.0000 0.8598
vn -0.4423 0.2553 0.8598
vn -0.2553 0.4423 0.8598
vn 0.0000 0.5107 0.8598
vn 0.2553 0.4423 0.8598
vn 0.4423 0.2553 0.8598
vn 0.8458 -0.4883 0.2146
vn 0.8467 -0.4889 -0.2099
vn 0.9777 0.0000 -0.2099
vn 0.9767 0.0000 0.2146
vn 0.4883 -0.8458 0.2146
vn 0.4889 -0.8467 -0.2099
vn 0.0000 -0.9767 0.2146
vn -0.0000 -0.9777 -0.2099
vn -0.4883 -0.8458 0.2146
vn -0.4889 -0.8467 -0.2099
vn -0.8458 -0.4883 0.2146
vn -0.8467 -0.4889 -0.2099
vn -0.9767 0.0000 0.2147
vn -0.9777 0.0000 -0.2099
vn -0.8458 0.4883 0.2146
vn -0.8467 0.4889 -0.2099
vn -0.4883 0.8458 0.2147
vn -0.4889 0.8467 -0.2099
vn 0.0000 0.9767 0.2147
vn -0.0000 0.9777 -0.2099
vn 0.4883 0.8458 0.2147
vn 0.4889 0.8467 -0.2099
vn 0.8458 0.4883 0.2146
vn 0.8467 0.4889 -0.2099
vn -0.4644 0.6017 0.6498
vn 0.4644 0.6017 0.6498
vn 0.8278 0.3812 0.4116
vn -0.8278 0.3812 0.4116
vn 0.8278 -0.3812 -0.4116
vn 0.4644 -0.6017 -0.6498
vn -0.8278 -0.3812 -0.4116
vn -0.4644 -0.6017 -0.6498
vn 0.0000 -1.0000 -0.0000
vn 0.0000 -0.7071 -0.7071
vn 0.0000 -0.7071 0.7071
vn 0.9324 -0.3615 -0.0000
vn 0.6593 -0.3615 -0.6593
vn 0.7071 0.0000 -0.7071
vn 1.0000 0.0000 -0.0000
vn 0.0000 -0.3615 -0.9324
vn -0.6593 -0.3616 -0.6593
vn -0.7071 0.0000 -0.7071
vn -0.9324 -0.3615 0.0000
vn -1.0000 0.0000 0.0000
vn -0.6593 -0.3615 0.6593
vn -0.7071 0.0000 0.7071
vn 0.0000 -0.3615 0.9324
vn 0.6593 -0.3615 0.6593
vn 0.7071 0.0000 0.7071
vn 0.3704 -0.8518 0.3704
vn 0.5238 -0.8518 0.0000
vn 0.9527 0.3030 0.0224
vn 0.8790 0.1397 -0.4560
vn 0.9678 0.2496 0.0317
vn 0.9833 0.1790 0.0328
vn 0.9755 0.2183 0.0276
vn 0.9683 -0.1099 -0.2245
vn 0.9733 -0.0402 -0.2259
vn 0.7293 0.5492 0.4080
vn 0.8630 0.3713 0.3427
vn 0.7402 0.4663 0.4844
vn 0.8753 0.0091 0.4835
vn 0.9241 -0.1742 -0.3402
vn 0.8791 0.1037 -0.4652
vn 0.6585 0.5309 0.5334
vn 0.7480 0.5691 -0.3416
vn 0.6333 0.6634 0.3986
vn 0.9230 -0.2173 0.3176
vn 0.9792 -0.1657 -0.1173
vn 0.9821 0.0602 -0.1783
vn 0.9559 0.2428 0.1653
vn 0.9669 0.2553 -0.0012
vn 0.8697 0.0946 -0.4844
vn 0.9626 0.2669 -0.0457
vn 0.8303 0.5044 0.2371
vn 0.9401 0.0087 -0.3409
vn 0.7458 0.4699 0.4722
vn -0.5394 0.5800 -0.6105
vn 0.0594 0.4193 -0.9059
vn 0.1590 0.3713 -0.9148
vn -0.0000 0.4245 -0.9054
vn -0.6165 -0.0606 -0.7850
vn -0.5483 0.1670 -0.8194
vn -0.3113 0.1887 -0.9314
vn -0.7869 0.5603 -0.2586
vn -0.7650 0.2991 -0.5704
vn -0.6820 0.4850 -0.5474
vn -0.5323 0.8431 -0.0763
vn 0.8724 0.1841 0.4528
vn 0.9923 0.0085 0.1235
vn 0.8843 0.1335 0.4474
vn 0.0414 0.9979 0.0495
vn 0.0000 0.9996 0.0273
vn 0.9953 0.0868 -0.0437
vn 0.8123 0.4828 0.3272
vn 0.9049 -0.1986 0.3763
vn 0.8213 0.4745 0.3167
vn 0.9915 0.1028 -0.0798
vn 0.3133 0.9447 0.0972
vn 0.7994 0.6005 0.0163
vn 0.5113 0.8541 0.0956
vn 0.9560 0.2806 0.0856
vn 0.7884 0.5941 0.1596
vn 0.9796 0.0855 0.1819
vn 0.9815 0.1878 -0.0367
vn 0.2744 0.8413 0.4657
vn 0.8428 0.3297 0.4254
vn 0.7202 0.6821 -0.1267
vn 0.1067 0.9887 -0.1057
vn -0.0000 0.5571 -0.8304
vn 0.2658 0.9120 -0.3123
vn 0.4997 0.7062 0.5016
vn 0.3423 0.5974 0.7252
vn 0.4254 0.7391 0.5223
vn 0.4854 0.8576 -0.1701
vn 0.4470 0.8242 0.3475
vn 0.4344 0.8701 0.2329
vn 0.1328 0.9451 0.2985
vn 0.0000 0.9429 0.3332
vn 0.4248 0.8729 0.2399
vn 0.3884 0.8782 0.2789
vn 0.4164 0.8886 0.1921
vn 0.4691 0.3132 0.8257
vn 0.4590 0.3774 0.8043
vn 0.7095 -0.3247 0.6255
vn 0.4314 0.3994 0.8089
vn 0.4006 0.8977 0.1833
vn 0.4784 0.6222 0.6197
vn 0.4187 0.8855 0.2014
vn 0.1204 0.9545 0.2727
vn 0.9222 0.2422 0.3015
vn 0.8776 0.3858 0.2847
vn -0.0605 0.8950 0.4419
vn -0.2216 0.7765 0.5898
vn 0.9453 0.1295 0.2996
vn 0.9451 0.1559 0.2871
vn -0.3213 0.6352 0.7023
vn -0.1233 0.5638 0.8167
vn -0.0360 0.9636 0.2650
vn -0.0516 0.9452 0.3223
vn 0.8112 0.5265 0.2544
vn -0.0419 0.9730 0.2272
vn 0.7406 0.6274 0.2404
vn 0.7033 0.6737 0.2271
vn 0.7592 0.6230 0.1884
vn -0.0773 0.7728 0.6299
vn 0.0097 0.9016 0.4325
vn 0.0965 0.8882 0.4491
vn 0.0818 0.7409 0.6666
vn -0.0000 0.8797 0.4756
vn 0.0803 0.9645 0.2517
vn -0.0000 0.9920 0.1262
vn 0.0094 0.9760 0.2176
vn 0.1109 0.9290 0.3530
vn 0.2114 0.9613 0.1767
vn 0.1030 0.9525 0.2867
vn 0.0990 0.9327 0.3468
vn 0.6400 0.7372 0.2167
vn 0.4789 0.7412 0.4704
vn 0.9574 -0.2510 0.1425
vn 0.9326 -0.3561 0.0588
vn 0.8334 0.4373 0.3378
vn 0.8408 -0.5333 0.0928
vn 0.7369 0.6710 -0.0823
vn 0.9494 -0.2278 0.2160
vn 0.8889 0.4438 0.1134
vn 0.9877 -0.0617 0.1436
vn 0.8893 0.3717 0.2665
vn 0.9139 -0.2660 0.3066
vn 0.7082 -0.5606 0.4292
vn 0.7399 0.5619 0.3698
vn 0.8671 0.2266 0.4435
vn 0.8600 0.1498 0.4878
vn -0.0000 0.8592 0.5116
vn -0.1832 0.9800 0.0773
vn -0.1990 0.9271 -0.3175
vn 0.0000 0.7231 -0.6907
vn -0.5304 0.8410 -0.1068
vn 0.4141 0.9028 -0.1159
vn 0.7083 0.7032 0.0619
vn 0.2635 0.8050 -0.5315
vn 0.1805 0.9609 -0.2098
vn -0.1682 0.9671 0.1907
vn -0.3273 0.8973 0.2961
vn 0.7115 0.5549 -0.4311
vn 0.4118 0.8983 0.1533
vn 0.5915 0.7177 0.3675
vn 0.5613 0.6723 0.4827
vn 0.6361 0.7690 0.0626
vn 0.1515 0.9791 0.1356
vn 0.5731 0.7083 -0.4122
vn 0.2907 0.8412 -0.4558
vn -0.1896 0.8875 -0.4200
vn -0.2903 0.9363 0.1978
vn 0.6046 0.7392 0.2968
vn -0.3872 0.7942 -0.4682
vn 0.7226 0.5116 0.4649
vn 0.0000 0.9633 0.2683
vn 0.0000 0.8565 0.5161
vn 0.6909 0.5137 0.5086
vn 0.7393 0.6241 0.2529
vn 0.2450 0.9655 0.0887
vn 0.3515 0.9334 -0.0723
vn 0.3751 0.9234 -0.0811
vn 0.5975 0.6610 0.4539
vn 0.7033 0.6489 -0.2903
vn 0.6565 0.6862 0.3132
vn 0.7153 0.6982 -0.0292
vn 0.7291 0.6483 -0.2193
vn 0.6179 0.7566 0.2137
vn 0.8980 0.1482 0.4144
vn 0.9890 -0.0556 0.1369
vn 0.9294 0.1764 0.3242
vn 0.9984 0.0545 0.0122
vn 0.9496 -0.3120 -0.0314
vn 0.9595 -0.1626 0.2299
vn 0.8951 -0.4456 -0.0179
vn 0.9394 0.3094 -0.1477
vn 0.4806 0.8736 -0.0770
vn 0.7916 0.6085 -0.0558
vn 0.9553 0.2859 0.0752
vn 0.9695 0.2416 0.0413
vn 0.9564 0.2830 0.0718
vn 0.9088 0.3675 0.1978
vn 0.9225 0.3423 0.1785
vn 0.8448 0.4899 0.2153
vn 0.8022 0.5114 0.3082
vn 0.0000 0.9995 -0.0329
vn 0.0010 -0.4955 -0.8686
vn -0.0015 -0.8535 0.5211
vn -0.0000 -0.8592 0.5117
vn 0.0000 -0.5158 -0.8567
vn -0.0009 0.5352 0.8448
vn -0.0000 0.5126 0.8586
vn 0.0015 0.8616 -0.5075
vn 0.0000 0.8561 -0.5167
vn 0.0000 -0.8592 0.5116
vn 0.0000 -0.5159 -0.8566
vn 0.9037 -0.2257 0.3640
vn 0.9845 -0.0373 0.1712
vn 0.9893 -0.1168 0.0872
vn -0.3435 -0.8677 -0.3594
vn -0.3435 -0.9392 -0.0000
vn -0.3435 -0.6641 -0.6641
vn -0.3435 -0.3594 -0.8677
vn -0.3435 0.0000 -0.9392
vn -0.3435 0.3594 -0.8677
vn -0.3435 0.6641 -0.6641
vn -0.3435 0.8677 -0.3594
vn -0.3435 0.9392 -0.0000
vn -0.3435 0.8677 0.3594
vn -0.3435 0.6641 0.6641
vn -0.3435 0.3594 0.8677
vn -0.3435 0.0000 0.9392
vn -0.3435 -0.3594 0.8677
vn -0.3435 -0.6641 0.6641
vn -0.3435 -0.8677 0.3594
vn 0.1847 0.0352 0.9822
vn 0.0000 0.0556 0.9985
vn 0.8130 0.4416 0.3794
vn 0.8478 0.4472 0.2850
vn 0.8814 0.4164 0.2231
vn 0.8867 0.4174 0.1988
vn 0.9748 -0.1914 0.1145
vn 0.6273 0.5079 0.5904
vn 0.8505 -0.1676 0.4986
vn 0.8995 -0.1642 0.4050
vn 0.0862 0.4040 0.9107
vn 0.0000 0.3694 0.9293
vn 0.3232 0.2839 0.9028
vn 0.5004 0.3289 0.8009
vn 0.7284 0.2434 0.6405
vn 0.9081 0.2394 0.3434
vn 0.8402 0.2097 0.5000
vn 0.8936 0.1969 0.4034
vn 0.9361 0.1897 0.2962
vn 0.9637 0.1536 0.2185
vn 0.9737 0.1414 0.1786
vn 0.9669 0.1576 0.2006
vn 0.9756 0.1343 0.1739
vn 0.7328 0.1034 0.6725
vn 0.8545 0.2112 0.4746
vn 0.9199 0.1768 0.3500
vn 0.8073 -0.4661 0.3621
vn 0.6551 -0.3782 -0.6541
vn 0.7564 0.0000 -0.6541
vn 0.9321 -0.0000 0.3621
vn 0.4661 -0.8072 0.3621
vn 0.3782 -0.6551 -0.6541
vn -0.0000 -0.9321 0.3621
vn -0.0000 -0.7564 -0.6541
vn -0.4661 -0.8073 0.3621
vn -0.3782 -0.6551 -0.6541
vn -0.8072 -0.4661 0.3621
vn -0.6551 -0.3782 -0.6541
vn -0.9321 0.0000 0.3621
vn -0.7564 0.0000 -0.6541
vn -0.8072 0.4661 0.3621
vn -0.6551 0.3782 -0.6541
vn -0.4661 0.8072 0.3621
vn -0.3782 0.6551 -0.6541
vn -0.0000 0.9321 0.3621
vn -0.0000 0.7564 -0.6541
vn 0.4661 0.8072 0.3621
vn 0.3782 0.6551 -0.6541
vn 0.8072 0.4661 0.3621
vn 0.6551 0.3782 -0.6541
vn 0.8621 -0.4977 0.0949
vn 0.9955 0.0000 0.0949
vn 0.4977 -0.8621 0.0949
vn -0.0000 -0.9955 0.0949
vn -0.4977 -0.8621 0.0949
vn -0.8621 -0.4977 0.0949
vn -0.9955 0.0000 0.0949
vn -0.8621 0.4977 0.0949
vn -0.4977 0.8621 0.0949
vn -0.0000 0.9955 0.0949
vn 0.4977 0.8621 0.0949
vn 0.8621 0.4977 0.0949
vn 0.5882 -0.3396 0.7340
vn 0.7677 -0.4432 0.4629
vn 0.8864 -0.0000 0.4628
vn 0.6792 0.0000 0.7340
vn 0.3396 -0.5882 0.7340
vn 0.4432 -0.7677 0.4628
vn 0.0000 -0.6792 0.7340
vn -0.0000 -0.8864 0.4629
vn -0.3396 -0.5882 0.7340
vn -0.4432 -0.7677 0.4628
vn -0.5882 -0.3396 0.7340
vn -0.7677 -0.4432 0.4629
vn -0.6792 0.0000 0.7340
vn -0.8864 -0.0000 0.4629
vn -0.5882 0.3396 0.7340
vn -0.7677 0.4432 0.4629
vn -0.3396 0.5882 0.7340
vn -0.4432 0.7677 0.4629
vn -0.0000 0.6792 0.7340
vn -0.0000 0.8864 0.4629
vn 0.3396 0.5882 0.7340
vn 0.4432 0.7677 0.4628
vn 0.5882 0.3396 0.7340
vn 0.7677 0.4432 0.4629
vn -0.0000 0.3827 -0.9239
vn -0.0000 0.3827 0.9239
vn 0.0000 -0.3827 0.9239
vn 0.0000 -0.5910 -0.8067
vn 0.1521 -0.5767 -0.8027
vn 0.0521 0.9984 -0.0196
vn 0.0405 0.9675 0.2498
vn 0.2090 0.9702 0.1224
vn -0.1376 0.7741 0.6180
vn 0.4855 0.6205 0.6159
vn 0.5193 0.7705 -0.3697
vn -0.1089 0.9154 -0.3875
vn -0.3012 0.0035 -0.9536
vn -0.3010 0.2469 -0.9211
vn 0.3515 0.2423 -0.9043
vn 0.3517 0.0035 -0.9361
vn -0.3010 0.4768 -0.8259
vn 0.3515 0.4681 -0.8108
vn -0.3010 0.6743 -0.6743
vn 0.3507 0.6691 -0.6552
vn -0.2913 0.8253 -0.4838
vn 0.2154 0.8175 -0.5341
vn -0.3010 0.9211 -0.2468
vn 0.0000 0.9659 -0.2588
vn -0.3010 0.9536 -0.0000
vn -0.3010 0.9211 0.2468
vn 0.0000 0.9659 0.2588
vn -0.2915 0.8253 0.4836
vn 0.2370 0.8076 0.5401
vn -0.3010 0.6743 0.6743
vn 0.3493 0.6678 0.6573
vn -0.3010 0.4768 0.8259
vn 0.3515 0.4681 0.8108
vn -0.3010 0.2469 0.9211
vn 0.3515 0.2424 0.9043
vn -0.3012 0.0035 0.9536
vn 0.3517 0.0035 0.9361
vn -0.2395 -0.7728 0.5877
vn 0.2793 -0.7182 0.6373
vn -0.2395 -0.7728 -0.5877
vn 0.2793 -0.7182 -0.6373
vn 0.7275 0.0022 -0.6862
vn 0.8749 0.0006 0.4843
vn 0.6997 -0.6593 0.2752
vn 0.5675 -0.4966 -0.6568
vn 0.7240 -0.1765 -0.6668
vn 0.8748 0.1254 0.4681
vn 0.7208 -0.3449 -0.6012
vn 0.8748 0.2423 0.4196
vn 0.7180 -0.4910 -0.4933
vn 0.8748 0.3426 0.3426
vn 0.7159 -0.6041 -0.3501
vn 0.8748 0.4197 0.2423
vn 0.7145 -0.6756 -0.1816
vn 0.8748 0.4681 0.1254
vn 0.7141 -0.7001 -0.0000
vn 0.8748 0.4846 -0.0000
vn 0.7145 -0.6756 0.1816
vn 0.8748 0.4681 -0.1254
vn 0.7159 -0.6041 0.3501
vn 0.8748 0.4196 -0.2423
vn 0.7180 -0.4910 0.4933
vn 0.8748 0.3426 -0.3426
vn 0.7208 -0.3449 0.6012
vn 0.8748 0.2423 -0.4197
vn 0.7240 -0.1765 0.6668
vn 0.8748 0.1254 -0.4681
vn 0.7275 0.0022 0.6862
vn 0.8749 0.0006 -0.4843
vn 0.5674 -0.4968 0.6567
vn 0.6997 -0.6593 -0.2752
vn -0.8754 0.0006 -0.4835
vn -0.8754 0.0006 0.4835
vn -0.8752 0.1252 0.4673
vn -0.8752 0.1252 -0.4673
vn -0.8752 0.2419 -0.4189
vn -0.8752 0.3421 -0.3421
vn -0.8752 0.4189 -0.2419
vn -0.8752 0.4673 -0.1252
vn -0.8752 0.4837 -0.0000
vn -0.8752 0.4673 0.1252
vn -0.8752 0.4189 0.2419
vn -0.8752 0.3421 0.3421
vn -0.8752 0.2419 0.4189
vn -0.6065 -0.7681 0.2055
vn 0.3003 0.0035 0.9538
vn 0.2354 -0.7305 0.6411
vn 0.3001 0.2469 0.9214
vn 0.3002 0.4769 0.8261
vn 0.3002 0.6745 0.6745
vn 0.2912 0.8371 0.4631
vn 0.1876 0.9611 0.2028
vn 0.1798 0.9837 -0.0000
vn 0.1876 0.9611 -0.2028
vn 0.2912 0.8371 -0.4631
vn 0.3002 0.6745 -0.6745
vn 0.3002 0.4769 -0.8261
vn 0.3002 0.2469 -0.9214
vn 0.3003 0.0035 -0.9538
vn 0.2357 -0.7304 -0.6411
vn -0.6065 -0.7680 -0.2056
vn 0.6364 -0.6361 -0.4363
vn 0.6677 -0.0024 -0.7445
vn 0.6640 -0.1958 -0.7217
vn 0.6605 -0.3772 -0.6492
vn 0.6576 -0.5339 -0.5315
vn 0.6553 -0.6548 -0.3766
vn 0.6539 -0.7310 -0.1952
vn 0.6534 -0.7570 -0.0000
vn 0.6539 -0.7310 0.1952
vn 0.6553 -0.6548 0.3766
vn 0.6576 -0.5339 0.5315
vn 0.6605 -0.3772 0.6492
vn 0.6640 -0.1958 0.7217
vn 0.6677 -0.0024 0.7445
vn 0.6364 -0.6361 0.4363
vn -0.0279 -0.9560 -0.2919
vn -0.0275 -0.9560 0.2920
vn -0.3515 0.2423 -0.9043
vn -0.3517 0.0034 -0.9361
vn -0.3515 0.4681 -0.8108
vn -0.3526 0.6631 -0.6603
vn -0.3680 0.8715 -0.3240
vn 0.4030 0.8293 -0.3871
vn 0.4147 0.9100 -0.0000
vn 0.4026 0.8310 0.3839
vn -0.3526 0.6631 0.6603
vn -0.3680 0.8715 0.3240
vn -0.3515 0.4681 0.8108
vn -0.3514 0.2423 0.9043
vn -0.3517 0.0034 0.9361
vn -0.2793 -0.7182 0.6373
vn -0.2793 -0.7182 -0.6373
vn -0.0000 0.2588 -0.9659
vn -0.0000 0.0032 -1.0000
vn 0.0000 0.5000 -0.8660
vn 0.0601 0.8440 -0.5330
vn 0.1003 0.8386 0.5354
vn -0.0000 0.5000 0.8660
vn 0.0000 0.2588 0.9659
vn -0.0000 0.0032 1.0000
vn 0.3277 0.9448 0.0000
vn 0.1120 0.9585 0.2623
vn 0.1120 0.9585 -0.2623
vn -0.3010 0.2468 -0.9211
vn 0.3517 0.0034 -0.9361
vn -0.3010 0.2468 0.9211
vn 0.2793 -0.7182 -0.6374
vn 0.5675 -0.4968 0.6566
vn -0.6065 -0.7680 0.2056
vn 0.3002 0.2469 0.9214
vn 0.3002 0.4770 -0.8261
vn 0.3001 0.2469 -0.9214
vn -0.6065 -0.7681 -0.2055
vn -0.2793 -0.7182 0.6374
vn -0.0000 0.5000 -0.8660
vn -0.0000 0.2588 0.9659
vn -0.0000 0.9311 0.3646
vn -0.0643 0.9833 0.1700
vn 0.1681 0.9667 0.1929
vn 0.0888 0.9551 0.2825
vn 0.1062 0.9737 -0.2014
vn 0.2450 0.9695 0.0033
vn -0.3704 -0.8518 0.3704
vn -0.0000 -0.8518 0.5238
vn -0.5238 -0.8518 -0.0000
vn -0.0000 -0.8518 -0.5238
vn 0.3704 -0.8518 -0.3704
vn -0.3704 -0.8518 -0.3704
vn -0.4742 -0.0000 -0.8804
vn -0.4107 -0.2371 -0.8804
vn -0.2371 -0.4107 -0.8804
vn 0.0000 -0.4742 -0.8804
vn 0.4742 -0.0000 -0.8804
vn 0.4107 0.2371 -0.8804
vn 0.4107 -0.2371 -0.8804
vn 0.2371 -0.4107 -0.8804
vn -0.4107 0.2371 -0.8804
vn -0.2371 0.4107 -0.8804
vn -0.0000 0.4742 -0.8804
vn 0.2371 0.4107 -0.8804
vn -0.5605 -0.0000 -0.8282
vn -0.0000 0.0000 -1.0000
vn -0.4854 -0.2802 -0.8282
vn -0.2802 -0.4854 -0.8282
vn 0.0000 -0.5605 -0.8282
vn 0.5605 -0.0000 -0.8282
vn 0.4854 0.2802 -0.8282
vn 0.4854 -0.2802 -0.8282
vn 0.2802 -0.4854 -0.8282
vn -0.4854 0.2802 -0.8282
vn -0.2802 0.4854 -0.8282
vn -0.0000 0.5605 -0.8282
vn 0.2802 0.4854 -0.8282
vn -0.0000 0.8802 0.4747
vn -0.2378 0.8998 0.3657
vn 0.3338 0.7847 0.5223
vn 0.1732 0.9840 -0.0414
vn -1.0000 0.0000 -0.0000
vn 0.7764 0.6303 -0.0000
vn 0.5490 0.6303 -0.5490
vn 0.0000 0.6303 -0.7763
vn -0.5489 0.6303 -0.5489
vn -0.7763 0.6303 0.0000
vn -0.5490 0.6303 0.5490
vn -0.0000 0.6303 0.7764
vn 0.5490 0.6303 0.5490
vn 0.0000 -0.9087 0.4174
vn 0.0771 -0.9096 0.4082
vn 0.1766 -0.1571 0.9717
vn -0.0000 -0.1566 0.9877
vn 0.1558 -0.9116 0.3804
vn 0.3592 -0.1581 0.9198
vn 0.2725 -0.9048 0.3273
vn 0.5907 -0.1552 0.7918
vn 0.7012 -0.7062 0.0977
vn 0.8630 -0.1469 0.4834
vn 0.5774 -0.5774 -0.5773
vn 0.5774 0.5774 -0.5773
vn 0.0000 1.0000 0.0000
vn -0.3935 0.7683 -0.5049
vn -0.7078 0.6721 -0.2173
vn -0.0000 1.0000 -0.0000
vn -0.2181 0.7968 -0.5636
vn 0.0000 0.8064 -0.5914
vn -0.1038 0.8038 -0.5858
vn 0.1039 0.8274 0.5519
vn 0.0000 0.8267 0.5627
vn 0.2111 0.8289 0.5181
vn 0.3638 0.8178 0.4459
vn 0.7042 0.6921 0.1585
vn 0.3491 0.6599 -0.6654
vn -0.1920 0.8321 -0.5203
vn -0.0925 0.8345 -0.5432
vn -0.3175 0.8353 -0.4489
vn 0.0000 0.8346 -0.5509
vn -0.8893 0.0155 0.4571
vn -0.9548 0.0167 -0.2966
vn -0.6634 0.6870 -0.2966
vn -0.6178 0.6398 0.4571
vn -0.6398 -0.6178 0.4571
vn -0.6870 -0.6634 -0.2966
vn -0.0155 -0.8893 0.4571
vn -0.0167 -0.9548 -0.2966
vn 0.6178 -0.6398 0.4571
vn 0.6634 -0.6870 -0.2966
vn 0.8893 -0.0155 0.4571
vn 0.9548 -0.0167 -0.2966
vn 0.6398 0.6178 0.4571
vn 0.6870 0.6634 -0.2966
vn 0.0155 0.8893 0.4571
vn 0.0167 0.9548 -0.2966
vn -0.5219 0.5405 0.6599
vn -0.5405 -0.5219 0.6599
vn -0.0131 -0.7512 0.6599
vn 0.0131 0.7512 0.6600
vn 0.8213 0.5705 0.0000
vn 0.1773 0.9842 0.0000
vn -0.5705 0.8213 0.0000
vn -0.5706 0.8212 0.0000
vn -0.9842 0.1773 0.0000
vn -0.8213 -0.5705 -0.0000
vn -0.1773 -0.9842 -0.0000
vn 0.5706 -0.8212 -0.0000
vn 0.5706 -0.8213 -0.0000
vn 0.9842 -0.1772 -0.0000
vn 0.9842 -0.1773 -0.0000
vn -0.0366 -0.9595 0.2793
vn -0.7043 -0.6526 0.2793
vn -0.7043 -0.6526 -0.2793
vn -0.0366 -0.9595 -0.2793
vn 0.6526 -0.7043 0.2793
vn 0.6526 -0.7043 -0.2794
vn 0.9595 -0.0366 0.2793
vn 0.9595 -0.0366 -0.2793
vn 0.7043 0.6526 0.2793
vn 0.7043 0.6526 -0.2793
vn 0.0366 0.9595 0.2793
vn 0.0366 0.9595 -0.2793
vn -0.6526 0.7043 0.2793
vn -0.6526 0.7043 -0.2793
vn -0.9595 0.0366 0.2793
vn -0.9595 0.0366 -0.2793
vn -0.7758 0.0296 -0.6303
vn -0.5277 0.5695 -0.6303
vn -0.5695 -0.5277 -0.6303
vn 0.2295 -0.3824 0.8950
vn 0.2355 0.3787 0.8951
vn -0.2295 0.3824 0.8950
vn -0.2355 -0.3787 0.8950
vn 0.8517 0.3472 -0.3924
vn 0.8165 0.3283 0.4749
vn 0.8113 -0.3410 0.4749
vn 0.8462 -0.3606 -0.3924
vn -0.3472 0.8517 -0.3924
vn -0.3282 0.8165 0.4749
vn 0.3410 0.8113 0.4749
vn 0.3606 0.8462 -0.3924
vn -0.8517 -0.3472 -0.3924
vn -0.8165 -0.3283 0.4749
vn -0.8113 0.3410 0.4749
vn -0.8462 0.3606 -0.3924
vn 0.3472 -0.8517 -0.3924
vn 0.3283 -0.8165 0.4749
vn -0.3410 -0.8113 0.4749
vn -0.3606 -0.8462 -0.3924
vn 0.1464 -0.9233 0.3550
vn -0.2648 -0.8880 0.3759
vn -0.2706 -0.9623 -0.0276
vn 0.2055 -0.9784 -0.0217
vn 0.2973 0.8780 0.3752
vn 0.3204 0.9469 -0.0269
vn -0.2923 0.9560 -0.0247
vn -0.2691 0.8900 0.3680
vn 0.9368 0.1883 -0.2950
vn 0.9368 0.1883 0.2950
vn 0.9359 -0.1962 0.2925
vn 0.9350 -0.1935 -0.2973
vn 0.3237 -0.1646 -0.9317
vn 0.0518 -0.3316 -0.9420
vn 0.0887 0.3263 -0.9411
vn 0.3388 0.1271 -0.9322
vn 0.8379 -0.5379 -0.0926
vn 0.8028 -0.4962 0.3307
vn 0.3581 -0.4043 0.8416
vn -0.1467 -0.4067 0.9017
vn -0.1254 0.4121 0.9025
vn 0.1529 0.4044 0.9017
vn 0.8172 0.4214 0.3933
vn 0.3880 0.1380 0.9112
vn -0.7954 -0.4521 0.4037
vn -0.3842 -0.1301 0.9140
vn -0.3925 0.2159 0.8941
vn -0.8229 0.4323 0.3686
vn -0.8675 -0.4895 -0.0887
vn -0.8805 0.4657 -0.0883
vn -0.4089 0.8348 -0.3687
vn -0.4089 0.8348 0.3687
vn 0.4178 0.8317 0.3657
vn 0.4184 0.8299 -0.3691
vn 0.6101 0.2519 0.7512
vn 0.4183 0.6990 -0.5800
vn 0.7125 0.5377 -0.4508
vn 0.7093 0.2220 0.6690
vn -0.4121 0.7062 -0.5758
vn -0.7044 0.5524 -0.4458
vn -0.6086 0.2680 0.7468
vn -0.7029 0.2422 0.6688
vn 0.3899 0.9208 0.0061
vn 0.3519 0.8309 -0.4310
vn -0.3388 0.8364 -0.4310
vn -0.3754 0.9269 0.0061
vn -0.3899 -0.9208 0.0061
vn -0.3519 -0.8309 -0.4310
vn 0.3388 -0.8364 -0.4310
vn 0.3754 -0.9269 0.0061
vn 0.9274 0.3741 0.0043
vn 0.8374 0.3374 -0.4300
vn 0.8310 -0.3518 -0.4309
vn 0.9210 -0.3895 0.0055
vn -0.8305 0.3523 -0.4314
vn -0.9213 0.3888 0.0044
vn -0.9275 -0.3739 0.0036
vn -0.8368 -0.3383 -0.4305
vn -0.1522 -0.4399 -0.8851
vn -0.1452 0.4422 -0.8851
vn 0.1522 0.4399 -0.8851
vn 0.1452 -0.4422 -0.8851
vn -0.4703 -0.1766 0.8646
vn 0.4640 -0.1864 0.8660
vn 0.4711 0.6700 0.5737
vn -0.4564 0.6809 0.5728
vn -0.6534 -0.4297 0.6233
vn 0.6439 -0.4451 0.6224
vn 0.5854 0.7587 0.2858
vn -0.5723 0.7693 0.2841
vn -0.4252 -0.1509 -0.8924
vn -0.4228 0.1576 -0.8924
vn 0.4252 0.1509 -0.8924
vn 0.4228 -0.1576 -0.8924
vn 0.0296 0.7758 -0.6303
vn 0.5695 0.5277 -0.6303
vn 0.5277 -0.5695 -0.6303
vn -0.0296 -0.7758 -0.6303
vn 0.7758 -0.0296 -0.6303
vn 0.5219 -0.5405 0.6599
vn 0.5405 0.5219 0.6599
vn -0.7512 0.0131 0.6599
vn 0.7512 -0.0131 0.6600
vn -0.3889 0.1409 0.9104
vn -0.3911 -0.1347 0.9104
vn -0.0712 -0.3302 -0.9412
vn -0.0794 0.3284 -0.9412
vn -0.3373 -0.1426 -0.9305
vn -0.3410 0.1336 -0.9305
vn -0.0296 -0.7758 0.6303
vn 0.0214 0.5621 0.8268
vn 0.4126 0.3823 0.8268
vn -0.5695 -0.5277 0.6303
vn 0.5277 -0.5695 0.6303
vn -0.3823 0.4126 0.8268
vn 0.7758 -0.0296 0.6303
vn -0.5621 0.0214 0.8268
vn 0.5695 0.5277 0.6302
vn -0.4126 -0.3823 0.8268
vn 0.0296 0.7758 0.6303
vn -0.0214 -0.5621 0.8268
vn -0.5277 0.5695 0.6303
vn 0.3823 -0.4126 0.8268
vn -0.7758 0.0296 0.6303
vn 0.5621 -0.0214 0.8268
vn 0.8559 -0.3722 -0.3590
vn 0.8616 0.3587 -0.3590
vn 0.3781 0.8562 -0.3520
vn -0.3646 0.8621 -0.3520
vn -0.8559 0.3722 -0.3590
vn -0.8616 -0.3587 -0.3590
vn -0.3781 -0.8562 -0.3520
vn 0.3646 -0.8621 -0.3520
vn 0.9892 0.1037 0.1034
vn 0.9892 0.1037 -0.1033
vn 0.8910 0.4437 -0.0961
vn 0.9872 -0.1149 0.1110
vn 0.9866 -0.1165 -0.1146
vn 0.5733 0.5685 0.5901
vn 0.5733 0.5685 -0.5900
vn 0.5752 -0.5743 0.5825
vn 0.5693 -0.5678 -0.5945
vn 0.3889 -0.1409 0.9104
vn 0.3911 0.1347 0.9104
vn 0.8436 0.3396 0.4160
vn 0.8381 -0.3528 0.4160
vn -0.3227 0.8485 0.4195
vn 0.3360 0.8433 0.4195
vn 0.0078 0.9981 0.0615
vn -0.8436 -0.3396 0.4160
vn -0.8381 0.3528 0.4160
vn 0.3227 -0.8485 0.4195
vn -0.3360 -0.8433 0.4195
vn 0.3477 -0.8074 -0.4766
vn 0.3315 -0.7582 0.5615
vn -0.3420 -0.7539 0.5610
vn -0.3591 -0.8031 -0.4755
vn 0.8097 0.3360 0.4811
vn 0.9269 0.3649 0.0881
vn 0.3928 0.9166 0.0741
vn 0.3282 -0.8165 0.4749
vn 0.3783 -0.9227 0.0741
vn 0.9210 -0.3794 0.0881
vn 0.8043 -0.3486 0.4811
vn -0.3783 0.9227 0.0741
vn -0.9210 0.3794 0.0881
vn -0.8043 0.3486 0.4811
vn -0.8097 -0.3360 0.4811
vn -0.9269 -0.3649 0.0881
vn -0.3928 -0.9167 0.0741
vn 0.9264 0.3754 0.0293
vn 0.9204 -0.3899 0.0293
vn -0.3754 0.9264 0.0293
vn 0.3899 0.9204 0.0293
vn -0.9264 -0.3754 0.0293
vn -0.9204 0.3899 0.0293
vn 0.3754 -0.9264 0.0293
vn -0.3899 -0.9204 0.0293
vn 0.8283 -0.3507 0.4369
vn 0.8337 0.3377 0.4369
vn 0.3507 0.8283 0.4369
vn -0.3377 0.8337 0.4369
vn -0.8283 0.3507 0.4369
vn -0.8337 -0.3377 0.4369
vn -0.3507 -0.8283 0.4369
vn 0.3377 -0.8337 0.4369
vn 0.9208 -0.3899 0.0019
vn 0.9269 0.3754 0.0019
vn 0.3899 0.9208 0.0019
vn -0.3754 0.9269 0.0019
vn -0.9208 0.3899 0.0019
vn -0.9269 -0.3754 0.0019
vn -0.3899 -0.9208 0.0019
vn 0.3754 -0.9269 0.0019
vn -0.3392 -0.8654 0.3688
vn -0.3392 -0.8654 -0.3688
vn 0.4407 -0.8147 -0.3768
vn 0.4407 -0.8148 0.3768
vn -0.3181 -0.3167 -0.8936
vn -0.3171 0.3188 -0.8932
vn 0.3300 0.3554 -0.8745
vn 0.4211 -0.3417 -0.8402
vn -0.3365 0.8691 -0.3626
vn -0.3362 0.8640 0.3748
vn 0.3495 0.8471 0.4003
vn 0.3500 0.8524 -0.3884
vn -0.3170 0.3182 0.8935
vn -0.3181 -0.3167 0.8936
vn 0.4211 -0.3417 0.8402
vn 0.3295 0.3544 0.8751
vn 0.5786 0.5763 0.5772
vn 0.5785 0.5764 -0.5772
vn 0.5755 -0.5823 0.5743
vn 0.5769 -0.5744 -0.5808
vn -0.8670 -0.3351 0.3688
vn -0.8647 0.3385 0.3711
vn -0.8652 0.3424 -0.3662
vn -0.8670 -0.3351 -0.3688
vn 0.8647 -0.3407 0.3689
vn 0.3161 -0.3193 0.8934
vn 0.3338 -0.8676 0.3687
vn 0.3337 -0.8676 -0.3686
vn 0.3161 -0.3193 -0.8934
vn 0.8647 -0.3407 -0.3689
vn 0.3192 0.3162 -0.8934
vn 0.3419 0.8669 -0.3627
vn 0.8675 0.3368 -0.3660
vn 0.8669 0.3329 0.3710
vn 0.3417 0.8618 0.3750
vn 0.3191 0.3156 0.8937
vn 0.0053 1.0000 0.0000
vn -0.1452 0.9768 0.1573
vn -0.1452 0.9768 -0.1573
vn 0.0052 1.0000 -0.0000
vn 0.1543 0.9758 0.1547
vn 0.0052 1.0000 0.0000
vn 0.1555 0.9750 -0.1588
vn 0.9936 0.0823 0.0770
vn 0.9936 0.0823 -0.0770
vn 0.9930 -0.0902 0.0766
vn 0.9924 -0.0921 -0.0811
vn -0.1048 0.0877 0.9906
vn 0.7574 0.6232 -0.1949
vn -0.1061 -0.0857 0.9907
vn 0.1025 -0.0866 0.9910
vn -0.1970 0.3971 0.8964
vn 0.1985 0.3956 0.8967
vn -0.2023 -0.3943 0.8964
vn 0.1932 -0.3976 0.8970
vn -0.3523 -0.8488 -0.3943
vn -0.3523 -0.8488 0.3943
vn -0.4217 0.3428 -0.8394
vn -0.3308 -0.3540 -0.8748
vn -0.4372 0.8138 0.3828
vn -0.4393 0.8181 -0.3710
vn -0.3307 -0.3541 0.8748
vn -0.4186 0.3424 0.8411
vn 0.5518 -0.7670 -0.3274
vn -0.4188 -0.8321 -0.3636
vn -0.4188 -0.8321 0.3636
vn 0.5519 -0.7670 0.3273
vn 0.3526 0.2806 -0.8927
vn -0.4761 0.2655 -0.8384
vn -0.3528 -0.2808 -0.8926
vn 0.4745 -0.2660 -0.8391
vn 0.4174 0.8298 0.3705
vn -0.5484 0.7664 0.3344
vn -0.5553 0.7675 -0.3202
vn 0.4202 0.8344 -0.3567
vn 0.4746 -0.2660 0.8391
vn -0.3528 -0.2808 0.8926
vn -0.4730 0.2665 0.8398
vn 0.3530 0.2810 0.8924
vn 0.7443 0.6264 -0.2317
vn 0.7289 0.6376 0.2493
vn 0.3762 0.8942 -0.2428
vn 0.3676 0.8991 0.2376
vn 0.8416 0.2372 -0.4853
vn 0.8369 0.2541 0.4848
vn -0.0160 0.8766 -0.4810
vn -0.0383 0.8714 0.4891
vn -0.9692 -0.1763 -0.1717
vn -0.9685 0.1822 -0.1699
vn -0.9682 -0.1776 0.1762
vn -0.9676 0.1833 0.1737
vn -0.7944 -0.4133 -0.4451
vn -0.7913 0.4187 -0.4455
vn -0.7938 -0.4098 0.4494
vn -0.7909 0.4157 0.4491
vn -0.6924 0.7171 0.0796
vn -0.9967 0.0174 0.0796
vn -0.7171 -0.6924 0.0796
vn -0.0174 -0.9967 0.0796
vn 0.6924 -0.7171 0.0796
vn 0.9967 -0.0174 0.0796
vn 0.7171 0.6924 0.0796
vn 0.0174 0.9967 0.0796
vn -0.9683 0.0169 -0.2492
vn -0.6727 0.6967 -0.2492
vn -0.6385 0.6612 0.3940
vn -0.9190 0.0161 0.3940
vn -0.6967 -0.6727 -0.2492
vn -0.6612 -0.6385 0.3940
vn -0.0169 -0.9683 -0.2492
vn -0.0161 -0.9190 0.3940
vn 0.6727 -0.6967 -0.2492
vn 0.6385 -0.6612 0.3940
vn 0.9683 -0.0169 -0.2492
vn 0.9190 -0.0161 0.3940
vn 0.6967 0.6727 -0.2492
vn 0.6612 0.6385 0.3940
vn 0.0169 0.9683 -0.2492
vn 0.0161 0.9190 0.3940
vn -0.6384 0.6612 0.3940
vn 0.6384 -0.6612 0.3940
vn -0.6612 -0.6384 0.3940
vn -0.0361 -0.9463 0.3212
vn -0.6947 -0.6436 0.3212
vn 0.6436 -0.6947 0.3212
vn 0.9463 -0.0361 0.3212
vn 0.6947 0.6436 0.3212
vn 0.0361 0.9463 0.3212
vn -0.6436 0.6947 0.3212
vn -0.9463 0.0361 0.3212
vn 0.9890 -0.1270 -0.0764
vn 0.9660 -0.1648 0.1990
vn 0.9906 0.1126 -0.0775
vn 0.9681 0.1507 0.2000
vn -0.9890 0.1270 -0.0764
vn -0.9660 0.1648 0.1990
vn -0.9906 -0.1126 -0.0775
vn -0.9681 -0.1507 0.2000
vn 0.8599 -0.3766 -0.3445
vn 0.8516 -0.3503 0.3900
vn 0.8653 0.3614 -0.3474
vn 0.8562 0.3352 0.3931
vn -0.8599 0.3766 -0.3445
vn -0.8516 0.3503 0.3900
vn -0.8653 -0.3614 -0.3474
vn -0.8562 -0.3352 0.3931
vn -0.2284 -0.8547 -0.4663
vn 0.1750 -0.8694 -0.4621
vn -0.7276 -0.4576 -0.5111
vn -0.7402 0.4365 -0.5114
vn -0.2449 0.8519 -0.4629
vn 0.2667 0.8441 -0.4651
vn 0.7471 0.4169 -0.5178
vn 0.6978 -0.5037 -0.5093
vn 0.9977 -0.0556 -0.0395
vn 0.9973 -0.0534 0.0500
vn 0.9986 0.0409 -0.0323
vn 0.9980 0.0376 0.0506
vn 0.9789 -0.1203 -0.1655
vn 0.9775 -0.1205 0.1732
vn 0.9791 0.1116 -0.1698
vn 0.9778 0.1119 0.1774
vn 0.9283 0.0000 -0.3718
vn 0.8723 0.3175 -0.3718
vn 0.8353 0.3040 0.4582
vn 0.8889 0.0000 0.4582
vn 0.7111 0.5967 -0.3718
vn 0.6809 0.5713 0.4582
vn 0.4642 0.8039 -0.3718
vn 0.4444 0.7698 0.4582
vn 0.1612 0.9142 -0.3718
vn 0.1543 0.8754 0.4582
vn -0.1612 0.9142 -0.3718
vn -0.1543 0.8754 0.4582
vn -0.4642 0.8039 -0.3718
vn -0.4444 0.7698 0.4582
vn -0.7111 0.5967 -0.3718
vn -0.6809 0.5713 0.4582
vn -0.8723 0.3175 -0.3718
vn -0.8353 0.3040 0.4582
vn -0.9283 0.0000 -0.3718
vn -0.8889 0.0000 0.4582
vn -0.8723 -0.3175 -0.3718
vn -0.8353 -0.3040 0.4582
vn -0.7111 -0.5967 -0.3718
vn -0.6809 -0.5713 0.4582
vn -0.4642 -0.8039 -0.3718
vn -0.4444 -0.7698 0.4582
vn -0.1612 -0.9142 -0.3718
vn -0.1543 -0.8754 0.4582
vn 0.1612 -0.9142 -0.3718
vn 0.1543 -0.8753 0.4582
vn 0.4642 -0.8039 -0.3718
vn 0.4444 -0.7698 0.4582
vn 0.7111 -0.5967 -0.3718
vn 0.6809 -0.5713 0.4582
vn 0.8723 -0.3175 -0.3718
vn 0.8353 -0.3040 0.4582
vn -0.5186 0.1888 -0.8339
vn -0.4228 0.3547 -0.8339
vn -0.2759 0.4780 -0.8339
vn -0.0958 0.5435 -0.8339
vn 0.0958 0.5435 -0.8339
vn 0.2759 0.4780 -0.8339
vn 0.4228 0.3547 -0.8339
vn 0.5186 0.1888 -0.8339
vn 0.5519 0.0000 -0.8339
vn 0.5186 -0.1888 -0.8339
vn 0.4228 -0.3548 -0.8339
vn 0.2759 -0.4780 -0.8339
vn 0.0958 -0.5435 -0.8339
vn -0.0958 -0.5435 -0.8339
vn -0.2759 -0.4780 -0.8339
vn -0.4228 -0.3548 -0.8339
vn -0.5186 -0.1888 -0.8339
vn -0.5519 0.0000 -0.8339
vn 0.4140 0.0000 -0.9103
vn 0.3891 0.1416 -0.9103
vn 0.3172 0.2661 -0.9103
vn 0.2070 0.3586 -0.9103
vn 0.0719 0.4077 -0.9103
vn -0.0719 0.4077 -0.9103
vn -0.2070 0.3586 -0.9103
vn -0.3172 0.2661 -0.9103
vn -0.3891 0.1416 -0.9103
vn -0.4140 0.0000 -0.9103
vn -0.3891 -0.1416 -0.9103
vn -0.3172 -0.2661 -0.9103
vn -0.2070 -0.3586 -0.9103
vn -0.0719 -0.4077 -0.9103
vn 0.0719 -0.4077 -0.9103
vn 0.2070 -0.3586 -0.9103
vn 0.3172 -0.2661 -0.9103
vn 0.3891 -0.1416 -0.9103
vn 0.6809 0.5713 -0.4582
vn 0.7660 0.6428 -0.0000
vn 0.9397 0.3420 -0.0000
vn 0.8353 0.3040 -0.4582
vn 0.4444 0.7698 -0.4582
vn 0.5000 0.8660 -0.0000
vn 0.1543 0.8754 -0.4582
vn 0.1736 0.9848 -0.0000
vn -0.1543 0.8754 -0.4582
vn -0.1736 0.9848 -0.0000
vn -0.4444 0.7698 -0.4582
vn -0.5000 0.8660 -0.0000
vn -0.6809 0.5713 -0.4582
vn -0.7660 0.6428 -0.0000
vn -0.8353 0.3040 -0.4582
vn -0.9397 0.3420 -0.0000
vn -0.4444 -0.7698 -0.4582
vn -0.5000 -0.8660 -0.0000
vn -0.7660 -0.6428 -0.0000
vn -0.6809 -0.5713 -0.4582
vn -0.1543 -0.8754 -0.4582
vn -0.1736 -0.9848 -0.0000
vn 0.1543 -0.8753 -0.4582
vn 0.1736 -0.9848 -0.0000
vn 0.4444 -0.7698 -0.4582
vn 0.5000 -0.8660 -0.0000
vn 0.6809 -0.5713 -0.4582
vn 0.7660 -0.6428 -0.0000
vn 0.5000 0.8660 0.0000
vn -0.9397 -0.3420 0.0000
vn -0.5000 -0.8660 0.0000
vn -0.1737 -0.9848 0.0000
vn 0.1737 -0.9848 -0.0000
vn 0.5000 -0.8660 0.0000
vn 0.9397 -0.3420 0.0000
vn 0.8889 0.0000 -0.4582
vn -0.8889 0.0000 -0.4582
vn -0.8353 -0.3040 -0.4582
vn 0.8353 -0.3040 -0.4582
vn -0.4680 -0.0000 -0.8837
vn -0.4397 -0.1601 -0.8838
vn -0.4397 0.1600 -0.8838
vn -0.3585 0.3008 -0.8838
vn -0.2340 0.4053 -0.8838
vn -0.0813 0.4608 -0.8838
vn 0.0813 0.4608 -0.8838
vn 0.2340 0.4053 -0.8838
vn 0.3585 0.3008 -0.8838
vn 0.4397 0.1600 -0.8838
vn 0.4680 -0.0000 -0.8837
vn 0.4397 -0.1600 -0.8838
vn 0.3585 -0.3008 -0.8838
vn 0.2340 -0.4053 -0.8838
vn 0.0813 -0.4609 -0.8837
vn -0.0813 -0.4609 -0.8837
vn -0.2340 -0.4053 -0.8838
vn -0.3585 -0.3008 -0.8837
vn 0.6458 0.7179 -0.2601
vn 0.6036 0.6477 0.4650
vn -0.6342 0.7292 -0.2571
vn -0.5884 0.6603 0.4668
vn 0.1926 -0.7323 0.6532
vn 0.6822 -0.4022 0.6106
vn 0.6909 0.3886 0.6097
vn 0.2010 0.7304 0.6528
vn -0.1926 0.7323 0.6532
vn -0.6822 0.4022 0.6107
vn -0.6909 -0.3886 0.6097
vn -0.2010 -0.7304 0.6528
vn -0.1656 0.7069 0.6876
vn -0.1613 0.9171 -0.3645
vn 0.1702 0.9155 -0.3646
vn 0.1729 0.7037 0.6891
vn -0.4639 0.2896 0.8372
vn -0.7419 0.5005 -0.4462
vn -0.4665 -0.2779 0.8397
vn -0.7520 -0.4834 -0.4482
vn -0.1729 -0.7037 0.6892
vn -0.1702 -0.9155 -0.3647
vn 0.1656 -0.7069 0.6876
vn 0.1613 -0.9171 -0.3645
vn 0.4639 -0.2896 0.8372
vn 0.7419 -0.5005 -0.4462
vn 0.4666 0.2779 0.8397
vn 0.7520 0.4834 -0.4482
vn 0.2143 0.7776 0.5911
vn -0.2059 0.7806 0.5901
vn -0.0347 0.2731 0.9614
vn 0.0371 0.2726 0.9614
vn -0.6586 0.3980 0.6387
vn -0.1623 0.1173 0.9797
vn -0.6660 -0.3841 0.6394
vn -0.1641 -0.1129 0.9800
vn -0.2143 -0.7776 0.5911
vn -0.0371 -0.2726 0.9614
vn 0.2059 -0.7806 0.5901
vn 0.0347 -0.2731 0.9614
vn 0.6586 -0.3980 0.6387
vn 0.1623 -0.1173 0.9797
vn 0.6660 0.3841 0.6394
vn 0.1641 0.1129 0.9800
vn 0.1622 -0.6168 0.7702
vn -0.1690 -0.6142 0.7708
vn 0.4707 -0.2776 0.8375
vn 0.4739 0.2666 0.8392
vn 0.1690 0.6142 0.7708
vn -0.1622 0.6168 0.7703
vn -0.4708 0.2776 0.8374
vn -0.4739 -0.2666 0.8392
vn -0.2699 0.8766 -0.3985
vn 0.2803 0.8732 -0.3988
vn 0.2095 0.7761 0.5947
vn 0.2822 0.9315 0.2296
vn -0.2713 0.9351 0.2281
vn -0.2013 0.7792 0.5936
vn -0.8068 0.4553 -0.3766
vn -0.8174 0.4666 0.3377
vn -0.6467 0.3961 0.6518
vn -0.8158 -0.4395 -0.3758
vn -0.8258 -0.4498 0.3401
vn -0.6540 -0.3822 0.6528
vn -0.2803 -0.8732 -0.3988
vn -0.2822 -0.9315 0.2296
vn -0.2095 -0.7761 0.5947
vn 0.2699 -0.8766 -0.3985
vn 0.2713 -0.9351 0.2281
vn 0.2013 -0.7792 0.5936
vn 0.8068 -0.4553 -0.3766
vn 0.8174 -0.4666 0.3377
vn 0.6467 -0.3961 0.6518
vn 0.8158 0.4395 -0.3758
vn 0.8258 0.4498 0.3401
vn 0.6540 0.3822 0.6528
vn 0.0078 0.9963 0.0857
vn 0.9028 0.4248 0.0671
vn 0.9101 0.4090 0.0665
vn 0.9116 0.4017 0.0870
vn 0.8990 0.4288 0.0885
vn 0.0029 0.3715 -0.9284
vn -0.9036 0.4233 0.0665
vn -0.8960 0.4389 0.0671
vn -0.8922 0.4429 0.0885
vn -0.9052 0.4159 0.0870
vn 0.0021 0.2621 0.9650
vn 0.0021 0.2620 0.9651
vn 0.8947 0.4415 0.0678
vn 0.9023 0.4259 0.0671
vn 0.9040 0.4185 0.0880
vn 0.8908 0.4454 0.0894
vn -0.8955 0.4400 0.0672
vn -0.8877 0.4555 0.0678
vn -0.8837 0.4594 0.0894
vn -0.8973 0.4326 0.0880
vn 0.0020 0.2621 0.9650
vn 0.9107 0.4076 0.0664
vn 0.9177 0.3918 0.0658
vn 0.9191 0.3844 0.0861
vn 0.9071 0.4117 0.0876
vn -0.9114 0.4062 0.0658
vn -0.9042 0.4219 0.0664
vn -0.9005 0.4259 0.0876
vn -0.9130 0.3988 0.0861
vn 0.0021 0.2621 0.9651
vn 0.0020 0.2621 0.9651
vn 0.0067 0.8514 -0.5245
vn 0.0060 0.7676 0.6409
vn 0.6471 0.5265 -0.5514
vn 0.6267 0.5261 -0.5748
vn 0.5798 0.4480 0.6805
vn 0.6219 0.4554 0.6371
vn -0.6388 0.5366 -0.5514
vn -0.6184 0.5359 -0.5748
vn -0.6147 0.4651 0.6371
vn -0.5727 0.4571 0.6805
vn 0.6449 0.5371 -0.5437
vn 0.6200 0.5363 -0.5727
vn 0.5733 0.4577 0.6796
vn 0.6201 0.4668 0.6306
vn -0.6364 0.5472 -0.5437
vn -0.6115 0.5460 -0.5727
vn -0.6126 0.4765 0.6306
vn -0.5660 0.4667 0.6796
vn 0.6491 0.5157 -0.5592
vn 0.6335 0.5157 -0.5769
vn 0.5864 0.4380 0.6814
vn 0.6235 0.4438 0.6436
vn -0.6410 0.5258 -0.5592
vn -0.6253 0.5255 -0.5769
vn -0.6165 0.4536 0.6436
vn -0.5795 0.4471 0.6814
vn -0.5340 0.8389 0.1058
vn -0.5200 0.8476 0.1056
vn 0.5332 0.8394 0.1057
vn 0.5471 0.8304 0.1058
vn -0.5261 0.8438 0.1057
vn -0.5120 0.8525 0.1056
vn 0.5253 0.8443 0.1056
vn 0.5393 0.8354 0.1057
vn 0.5411 0.8343 0.1057
vn 0.5549 0.8252 0.1058
vn -0.5419 0.8338 0.1058
vn -0.5280 0.8426 0.1057
vn -0.4435 0.7968 -0.4103
vn 0.4559 0.7898 -0.4104
vn 0.4140 0.7258 0.5494
vn -0.4025 0.7322 0.5494
vn -0.4359 0.8006 -0.4111
vn 0.4484 0.7936 -0.4111
vn 0.4066 0.7292 0.5503
vn -0.3952 0.7355 0.5503
vn 0.4214 0.7222 0.5484
vn -0.4100 0.7288 0.5484
vn -0.4511 0.7929 -0.4096
vn 0.4635 0.7857 -0.4096
vn -0.6947 -0.6436 -0.3212
vn -0.0361 -0.9463 -0.3212
vn 0.6436 -0.6947 -0.3212
vn 0.9463 -0.0361 -0.3212
vn 0.6947 0.6436 -0.3212
vn 0.0361 0.9463 -0.3212
vn -0.6436 0.6947 -0.3212
vn -0.9463 0.0361 -0.3212
vn -0.4374 0.0167 -0.8991
vn -0.2975 0.3211 -0.8991
vn 0.0167 0.4374 -0.8991
vn 0.3211 0.2975 -0.8991
vn 0.4374 -0.0167 -0.8991
vn 0.2975 -0.3211 -0.8991
vn -0.0167 -0.4374 -0.8991
vn -0.3211 -0.2975 -0.8991
vn -0.9288 0.0354 0.3689
vn -0.6317 0.6818 0.3689
vn -0.6317 0.6818 -0.3689
vn -0.9288 0.0354 -0.3689
vn 0.0354 0.9288 0.3689
vn 0.0354 0.9288 -0.3688
vn 0.6818 0.6317 0.3689
vn 0.6818 0.6317 -0.3689
vn 0.9288 -0.0354 0.3689
vn 0.9288 -0.0354 -0.3689
vn 0.6317 -0.6818 0.3689
vn 0.6317 -0.6818 -0.3688
vn -0.0354 -0.9288 0.3689
vn -0.0354 -0.9288 -0.3689
vn -0.6818 -0.6317 0.3688
vn -0.6818 -0.6317 -0.3688
vn -0.4374 0.0167 0.8991
vn -0.3211 -0.2975 0.8991
vn -0.0167 -0.4374 0.8991
vn 0.2975 -0.3211 0.8991
vn 0.4374 -0.0167 0.8991
vn 0.3211 0.2975 0.8991
vn 0.0167 0.4374 0.8991
vn -0.2975 0.3211 0.8991
vn -0.9907 0.1024 0.0897
vn -0.9913 -0.0963 0.0902
vn -0.9903 0.1035 -0.0923
vn -0.9910 -0.0973 -0.0924
vn -0.9660 0.1279 0.2247
vn -0.9667 -0.1226 0.2248
vn -0.9663 0.1254 -0.2249
vn -0.9669 -0.1205 -0.2250
vn -0.9245 -0.2697 -0.2694
vn -0.9239 -0.2681 0.2730
vn -0.9225 0.2730 0.2728
vn -0.9230 0.2742 -0.2699
vn -0.9866 -0.1161 -0.1148
vn -0.9841 0.1353 -0.1151
vn -0.9854 -0.1102 0.1298
vn -0.9828 0.1286 0.1324
vn -0.8966 -0.3502 -0.2709
vn -0.8843 -0.3482 0.3110
vn -0.8798 0.3578 0.3131
vn -0.8921 0.3600 -0.2729
vn 0.1657 -0.9664 0.1967
vn 0.1850 -0.9765 -0.1107
vn -0.1798 -0.9640 0.1957
vn -0.1991 -0.9738 -0.1094
vn -0.9397 -0.3420 -0.0000
vn 0.9397 -0.3420 -0.0000
vn -0.8465 -0.5040 0.1717
vn -0.9801 0.0093 0.1981
vn -0.9863 0.0098 0.1649
vn -0.6918 -0.7134 0.1117
vn -0.2024 0.5807 0.7885
vn -0.5851 0.4548 0.6714
vn -0.2300 0.2507 0.9403
vn -0.5434 -0.4095 -0.7328
vn -0.9228 -0.2645 -0.2802
vn -0.8984 -0.3984 -0.1851
vn -0.5958 0.7994 -0.0772
vn -0.6503 0.6262 0.4301
vn -0.1692 0.8718 0.4598
vn -0.1237 0.9849 -0.1215
vn -0.6913 -0.7185 0.0773
vn -0.9892 0.0006 0.1469
vn -0.6331 -0.6931 -0.3447
vn -0.5606 0.7188 -0.4111
vn -0.6806 0.6591 0.3199
vn -0.1136 0.9657 0.2335
vn -0.0859 0.8698 -0.4858
vn 0.0007 0.7832 0.6218
vn 0.0123 0.6636 0.7480
vn -0.2060 0.6717 0.7116
vn -0.1576 0.7826 0.6022
vn -0.1400 0.8813 0.4514
vn -0.0759 0.8866 0.4562
vn -0.2628 0.5632 0.7834
vn -0.4201 0.5104 0.7503
vn -0.4793 0.2069 0.8529
vn -0.6970 0.1957 0.6899
vn -0.4971 0.6793 -0.5398
vn -0.6233 0.7511 0.2176
vn -0.7818 -0.0135 0.6234
vn -0.7546 0.0877 0.6503
vn -0.9330 0.0225 0.3592
vn -0.9229 -0.0116 0.3848
vn -0.8011 0.4868 0.3482
vn -0.7980 0.4989 0.3380
vn -0.7500 0.5995 0.2795
vn -0.8157 0.5054 0.2814
vn -0.1298 0.9337 0.3337
vn -0.0812 0.9399 0.3316
vn -0.0990 0.7820 0.6153
vn -0.1871 0.8778 0.4410
vn -0.6801 0.6315 0.3724
vn -0.7038 0.5172 0.4870
vn -0.9631 0.0336 0.2670
vn -0.9723 0.1057 0.2084
vn -0.7797 0.5798 0.2366
vn -0.8091 0.5122 0.2881
vn -0.7950 0.5131 0.3236
vn -0.5272 0.8158 0.2377
vn -0.5005 0.8641 -0.0532
vn -0.8179 0.5753 0.0066
vn -0.9136 0.0089 0.4064
vn -0.9142 -0.0494 0.4023
vn -0.8716 -0.0242 0.4897
vn -0.8660 0.0272 0.4993
vn -0.9548 -0.0358 0.2949
vn -0.9577 0.0204 0.2870
vn -0.1550 0.9861 -0.0590
vn -0.3419 0.9375 -0.0648
vn -0.3194 0.9470 0.0342
vn -0.1196 0.9915 0.0514
vn -0.5324 0.8460 0.0306
vn 0.0026 0.8742 -0.4856
vn -0.5182 0.7969 -0.3104
vn -0.8846 -0.4658 -0.0202
vn -0.8819 -0.4685 0.0519
vn -0.8049 0.5476 0.2288
vn -0.8100 0.5037 0.3004
vn -0.8537 -0.5010 -0.1422
vn -0.3743 -0.9086 -0.1854
vn -0.3895 -0.9210 0.0053
vn -0.8777 -0.4792 0.0020
vn -0.6843 -0.7205 0.1117
vn -0.6062 -0.7494 0.2663
vn -0.1566 0.1315 -0.9789
vn -0.1090 -0.7598 -0.6410
vn -0.0038 -1.0000 -0.0038
vn -0.1174 -0.9798 -0.1621
vn -0.0706 0.5655 0.8217
vn -0.1463 0.2160 0.9654
vn -0.1729 -0.3599 -0.9168
vn -0.0515 -0.8306 -0.5546
vn -0.1103 0.9430 -0.3141
vn -0.0888 0.8180 0.5684
vn -0.5273 0.3332 -0.7816
vn -0.3707 0.1646 -0.9140
vn -0.6726 0.1289 -0.7287
vn -0.2284 0.7299 -0.6443
vn -0.0659 0.6884 -0.7223
vn -0.0936 0.9949 -0.0384
vn -0.2129 0.9767 -0.0262
vn -0.1975 0.8562 0.4773
vn -0.3184 0.8595 0.3999
vn -0.5304 0.0802 0.8440
vn -0.3370 0.1327 0.9321
vn -0.2411 -0.0905 0.9663
vn -0.1983 0.7581 0.6213
vn -0.8008 -0.5036 0.3241
vn -0.7693 -0.4424 0.4608
vn -0.7030 0.5500 0.4508
vn -0.7832 0.5029 0.3657
vn -0.4125 -0.3805 -0.8277
vn -0.0802 -0.5667 -0.8200
vn -0.0416 -0.3401 -0.9395
vn 0.1333 0.2130 -0.9679
vn 0.1780 -0.0576 -0.9823
vn -0.4172 -0.0217 -0.9085
vn -0.7220 -0.5373 -0.4360
vn -0.8396 -0.4546 -0.2972
vn -0.4888 -0.6837 -0.5419
vn -0.7413 0.5123 -0.4337
vn -0.4467 0.7990 -0.4026
vn -0.4058 0.9076 -0.1075
vn -0.7574 0.6518 -0.0393
vn -0.8757 0.2057 -0.4369
vn -0.9664 0.2556 0.0259
vn -0.9996 0.0266 -0.0075
vn -0.9946 -0.1022 -0.0191
vn -0.9949 -0.0999 -0.0122
vn -0.9979 0.0650 0.0046
vn -0.8732 -0.2570 -0.4140
vn -0.1182 0.5601 0.8199
vn -0.2364 0.5532 0.7988
vn -0.2253 0.5289 0.8182
vn -0.0747 0.6438 0.7615
vn -0.7496 0.3829 0.5399
vn -0.7796 0.2995 0.5499
vn -0.2015 -0.0465 -0.9784
vn -0.8418 -0.4894 0.2279
vn -0.7898 0.5446 0.2821
vn -0.9719 0.1430 0.1870
vn -0.7662 0.3154 0.5598
vn -0.7396 0.4722 0.4796
vn -0.5072 0.8036 0.3114
vn -0.5606 0.7884 0.2534
vn -0.8835 -0.1220 0.4522
vn -0.7271 0.0866 0.6811
vn -0.6221 0.6833 0.3822
vn -0.6608 0.6724 0.3336
vn -0.9062 -0.1517 0.3947
vn -0.8536 -0.1358 0.5029
vn -0.7256 0.6346 0.2660
vn -0.9438 -0.1770 0.2790
vn -0.7394 0.6380 0.2152
vn -0.9638 -0.1877 0.1891
vn -0.7460 0.6339 0.2041
vn -0.9730 -0.1865 0.1359
vn -0.8982 -0.2198 -0.3807
vn -0.9926 0.0220 0.1196
vn -0.9930 0.0741 0.0918
vn -0.9249 -0.1678 -0.3413
vn -0.8226 -0.3405 -0.4553
vn -0.6559 -0.5324 -0.5351
vn -0.9781 0.1192 0.1705
vn -0.9551 0.2295 0.1876
vn -0.9487 0.2565 0.1849
vn -0.9065 0.2438 0.3448
vn -0.9401 0.2381 0.2439
vn -0.8748 0.2102 0.4366
vn -0.2791 0.8417 0.4623
vn -0.1953 0.6151 0.7639
vn -0.0709 0.6265 0.7762
vn -0.2666 0.6840 0.6791
vn -0.0616 0.8671 0.4943
vn -0.2501 0.4776 0.8422
vn -0.4376 0.4594 0.7730
vn -0.5787 0.4709 0.6658
vn -0.8388 0.1267 0.5296
vn -0.8950 0.1403 0.4234
vn -0.9442 0.0907 0.3166
vn -0.9702 0.0613 0.2345
vn -0.9819 0.0598 0.1796
vn -0.7571 0.5669 0.3246
vn -0.9757 0.0779 0.2047
vn -0.8729 0.2571 0.4147
vn -0.4565 0.5421 0.7055
vn -0.9236 0.2446 0.2953
vn -0.3080 0.3860 0.8696
vn -0.7100 0.5618 0.4245
vn -0.5040 0.4629 0.7292
vn -0.3360 0.5835 0.7393
vn -0.4626 0.7654 0.4474
vn -0.9867 0.0091 0.1621
vn -0.8398 0.2349 0.4894
vn -0.8193 0.5200 0.2417
vn -0.7074 0.6609 0.2504
vn -0.6695 0.7051 0.2335
vn -0.7970 0.5572 0.2330
vn -0.0887 0.9579 0.2730
vn -0.1892 0.9079 0.3740
vn -0.2130 0.9413 0.2618
vn -0.7977 0.5578 0.2294
vn -0.7960 0.5649 0.2176
vn -0.9779 0.1122 0.1763
vn -0.3778 0.6555 0.6539
vn -0.0771 0.9600 0.2693
vn -0.8875 0.4123 0.2059
vn -0.8869 0.3983 0.2341
vn -0.9536 0.2244 0.2008
vn -0.7500 0.6228 0.2227
vn -0.9836 0.0616 0.1693
vn -0.9965 0.0789 0.0281
vn -0.9360 -0.3116 0.1635
vn -0.9714 -0.0400 -0.2341
vn -0.8758 -0.4249 -0.2288
vn -0.8537 0.2715 0.4445
vn -0.5897 0.3583 0.7238
vn -0.5995 0.3438 0.7228
vn -0.8448 0.3278 0.4230
vn -0.9154 0.1368 -0.3786
vn -0.9263 -0.0558 -0.3727
vn -0.7949 0.2950 0.5303
vn -0.7942 0.3081 0.5238
vn -0.7908 -0.1639 -0.5898
vn -0.7359 -0.5503 -0.3945
vn -0.0117 -0.9748 -0.2229
vn -0.7894 -0.5929 -0.1591
vn -0.6815 -0.7160 -0.1512
vn -0.7671 -0.3008 -0.5666
vn -0.7705 -0.4291 -0.4714
vn -0.5181 0.2054 -0.8303
vn -0.5866 -0.4761 -0.6552
vn -0.3568 -0.5676 -0.7420
vn -0.4122 0.0920 -0.9064
vn -0.4604 0.0635 -0.8854
vn -0.8316 0.2012 0.5176
vn -0.9774 -0.1985 0.0723
vn -0.6791 0.5041 -0.5336
vn -0.3854 0.7020 -0.5989
vn -0.2955 0.4622 -0.8361
vn -0.9669 0.2539 -0.0255
vn -0.7543 0.5866 -0.2948
vn -0.8687 0.2118 -0.4478
vn -0.9418 0.2542 -0.2199
vn -0.8536 0.2520 0.4560
vn -0.8690 0.1992 0.4530
vn -0.5771 0.3862 0.7196
vn -0.5768 0.3899 0.7178
vn -0.6848 -0.5301 0.5000
vn -0.5157 -0.5555 0.6523
vn -0.0537 0.4752 0.8782
vn -0.1413 0.4626 0.8752
vn -0.1998 0.8472 0.4922
vn -0.0967 0.8995 0.4260
vn -0.2523 0.4607 0.8510
vn -0.4554 0.8324 0.3158
vn -0.3907 0.3924 0.8327
vn -0.3788 0.3227 0.8674
vn -0.9046 0.3384 0.2590
vn -0.7246 0.6038 0.3322
vn -0.5776 0.3910 0.7166
vn -0.7806 0.5400 -0.3148
vn -0.3802 0.8812 0.2810
vn -0.3724 0.9277 -0.0255
vn -0.2949 0.9042 -0.3090
vn -0.4950 0.8165 -0.2970
vn -0.0973 0.9911 -0.0903
vn -0.1161 0.9106 0.3967
vn -0.7959 0.5263 -0.2994
vn -0.9331 0.1607 -0.3217
vn -0.9582 0.0105 -0.2859
vn -0.9644 -0.0565 -0.2582
vn -0.8405 0.2842 0.4613
vn -0.9635 -0.0979 -0.2493
vn -0.9445 -0.2064 -0.2556
vn -0.7064 -0.7004 -0.1020
vn -0.4037 -0.9128 -0.0616
vn 0.6026 -0.4181 0.6797
vn 0.5639 0.6029 0.5643
vn -0.6962 0.3259 0.6397
vn -0.9651 -0.0101 -0.2617
vn -0.5273 0.6066 0.5950
vn -0.8389 0.2545 0.4812
vn -0.9982 0.0391 0.0451
vn -0.8024 0.5935 0.0631
vn -0.0932 0.9381 -0.3335
vn 0.2032 0.6273 0.7518
vn 0.2766 0.1099 0.9547
vn -0.2693 0.9594 -0.0840
vn -0.2771 0.7617 -0.5857
vn -0.4136 0.8545 0.3144
vn -0.2239 0.9390 0.2612
vn -0.5942 0.7613 0.2595
vn -0.6389 0.7116 0.2924
vn -0.1940 0.9249 0.3272
vn -0.1992 0.9412 0.2729
vn -0.8101 0.4065 0.4225
vn -0.7390 0.4698 0.4828
vn -0.0168 0.9951 -0.0979
vn -0.0634 0.9157 -0.3967
vn -0.8656 0.2948 -0.4047
vn -0.8415 0.2062 0.4993
vn -0.0915 0.8718 0.4812
vn -0.0659 0.9021 -0.4264
vn -0.4397 0.8232 -0.3591
vn -0.4471 0.8725 -0.1971
vn 0.3055 0.9330 -0.1902
vn 0.2457 0.8956 -0.3708
vn -0.8322 0.3069 0.4617
vn -0.7212 0.3698 0.5858
vn -0.5556 0.7955 0.2418
vn -0.1772 0.9545 0.2400
vn 0.2360 0.7354 -0.6352
vn 0.3078 0.4687 -0.8280
vn -0.6075 0.7114 0.3534
vn -0.7426 0.3197 0.5885
vn -0.8933 -0.0261 0.4486
vn -0.8814 0.0308 0.4714
vn -0.7850 0.4613 0.4134
vn -0.7676 0.4510 0.4554
vn -0.7878 0.5689 -0.2361
vn -0.6648 0.5362 0.5201
vn -0.9860 0.1667 -0.0010
vn -0.8600 0.1511 -0.4874
vn -0.8682 0.0528 -0.4935
vn -0.9389 0.0484 -0.3407
vn -0.9558 0.2074 -0.2083
vn -0.8661 -0.2991 -0.4006
vn -0.8648 -0.3603 -0.3497
vn -0.9501 -0.3113 0.0215
vn -0.9522 -0.2725 0.1378
vn -0.9052 -0.4170 -0.0819
vn -0.6741 -0.5562 -0.4860
vn -0.0062 -1.0000 -0.0068
vn -0.0111 -0.9438 -0.3303
vn -0.7101 -0.7041 0.0015
vn -0.3384 -0.8613 -0.3790
vn -0.7094 -0.7048 0.0014
vn -0.6470 -0.7207 -0.2489
vn -0.5775 0.3903 0.7170
vn -0.5175 -0.6247 -0.5848
vn -0.4672 -0.7564 -0.4578
vn -0.6872 -0.5579 -0.4654
vn -0.8552 -0.4211 -0.3024
vn -0.9858 -0.1674 -0.0139
vn -0.9390 -0.3017 0.1652
vn -0.9742 -0.1999 0.1050
vn -0.8625 -0.1998 -0.4650
vn -0.9545 -0.2828 -0.0945
vn -0.9181 -0.3370 -0.2086
vn -0.8859 -0.4613 -0.0483
vn -0.8344 0.1145 -0.5391
vn -0.7071 -0.3893 -0.5903
vn -0.6680 -0.0180 -0.7440
vn -0.3845 -0.5001 -0.7759
vn -0.4685 0.0855 -0.8793
vn -0.4924 -0.4350 -0.7538
vn -0.1737 0.8980 -0.4043
vn -0.4752 0.7089 -0.5212
vn 0.4279 0.6458 -0.6324
vn -0.1525 0.3717 -0.9158
vn -0.1018 0.8095 -0.5782
vn -0.0556 0.4194 -0.9061
vn 0.5502 0.1773 -0.8160
vn 0.6192 -0.0445 -0.7840
vn 0.2675 0.2202 -0.9381
vn 0.8294 0.5469 -0.1141
vn 0.7895 0.5629 -0.2446
vn 0.7082 0.5078 -0.4906
vn 0.7680 0.3077 -0.5617
vn 0.0001 -0.7013 0.7129
vn -0.0020 -0.7135 -0.7007
vn -0.0006 0.7017 -0.7124
vn 0.0016 0.7122 0.7020
vn -0.4426 -0.1610 -0.8821
vn -0.4048 0.1024 -0.9087
vn -0.4156 -0.1095 -0.9029
vn -0.3845 -0.2511 -0.8883
vn -0.3849 -0.5046 -0.7728
vn -0.6266 -0.4209 -0.6559
vn -0.7944 -0.4410 -0.4177
vn -0.9149 -0.1227 -0.3845
vn -0.6937 0.0096 -0.7202
vn -0.5340 -0.2526 -0.8069
vn -0.4908 -0.0200 -0.8710
vn -0.1743 0.3033 -0.9368
vn -0.1410 -0.7081 -0.6919
vn -0.0664 -0.9187 -0.3894
vn -0.1876 0.2014 -0.9614
vn 0.3193 -0.8443 -0.4303
vn 0.2708 0.0567 -0.9610
vn -0.0348 0.9914 -0.1260
vn -0.0220 0.9916 -0.1273
vn -0.0719 0.8938 0.4426
vn 0.5322 0.6716 0.5154
vn 0.6613 0.7443 -0.0930
vn 0.6294 0.2486 -0.7362
vn 0.5484 0.5759 -0.6063
vn 0.6567 0.3695 0.6575
vn 0.9636 0.2653 -0.0332
vn -0.1398 0.9749 0.1730
vn -0.3005 0.9362 0.1825
vn -0.5197 0.8543 -0.0116
vn -0.4733 0.8682 0.1490
vn -0.9997 -0.0106 0.0214
vn -0.8265 0.5617 0.0374
vn -0.7930 0.5031 -0.3436
vn -0.8706 -0.0148 -0.4917
vn -0.8116 -0.4620 -0.3576
vn 0.0015 0.9093 0.4162
vn -0.9792 0.2012 0.0277
vn -0.0204 0.9918 -0.1262
vn -0.7880 0.6027 -0.1260
vn -0.9672 0.2448 -0.0673
vn -0.4592 0.8592 0.2257
vn 0.2512 0.9540 0.1637
vn -0.9842 0.1750 -0.0278
vn -0.8516 -0.1934 0.4871
vn 0.8290 0.5471 -0.1161
vn 0.8548 0.5132 -0.0775
vn 0.8582 0.5071 -0.0798
vn -0.5437 -0.2868 0.7887
vn -0.5008 -0.3625 0.7860
vn -0.5130 -0.2864 0.8092
vn -0.1783 0.0851 0.9803
vn -0.1258 0.7291 0.6727
vn -0.2643 0.7056 0.6575
vn -0.3751 0.0795 0.9236
vn -0.3193 0.2787 0.9057
vn -0.5007 0.2174 0.8379
vn -0.1993 -0.2964 0.9340
vn -0.2600 -0.6405 0.7226
vn -0.4875 0.1372 0.8622
vn -0.5141 0.3727 0.7725
vn -0.4155 0.0244 0.9093
vn -0.5481 -0.5002 0.6704
vn -0.7513 -0.2558 0.6084
vn -0.3726 0.0725 0.9251
vn -0.4178 0.3383 0.8432
vn -0.1754 0.1668 0.9703
vn -0.1629 0.7695 0.6175
vn -0.3272 0.7268 0.6039
vn -0.3633 0.5350 0.7628
vn -0.1179 0.5049 0.8551
vn -0.7316 0.2763 0.6232
vn -0.2575 0.1483 0.9548
vn -0.8551 0.1059 0.5075
vn -0.4309 -0.4119 0.8029
vn -0.7062 0.0512 0.7062
vn -0.4273 -0.6137 0.6639
vn -0.5275 0.0047 0.8495
vn -0.4488 -0.4525 0.7706
vn -0.1223 -0.6506 0.7495
vn -0.2371 0.5494 0.8012
vn -0.4544 0.5337 0.7132
vn -0.6849 0.5380 0.4914
vn -0.5689 0.0320 0.8218
vn -0.2628 0.4312 0.8632
vn -0.8501 0.4557 0.2641
vn -0.8566 0.4607 0.2322
vn -0.7666 0.6420 -0.0122
vn -0.8887 0.0697 0.4532
vn -0.7638 0.2293 0.6033
vn -0.2401 0.7890 0.5655
vn -0.3743 0.5022 0.7795
vn -0.7209 0.2622 0.6415
vn -0.8524 0.2206 0.4742
vn -0.4479 0.8557 0.2590
vn -0.7577 0.5966 0.2644
vn -0.7593 0.6236 -0.1858
vn -0.4618 0.7579 0.4608
vn -0.4487 0.8821 -0.1432
vn -0.6190 0.7184 -0.3173
vn -0.6061 0.7266 0.3236
vn -0.5954 0.7146 0.3671
vn -0.6249 0.7253 -0.2889
vn 0.0986 -0.1164 -0.9883
vn 0.1679 -0.1969 -0.9659
vn 0.5838 -0.7015 -0.4087
vn 0.5952 -0.7144 -0.3679
vn -0.6200 0.7195 -0.3128
vn -0.6065 0.7270 0.3218
vn -0.5959 0.7152 0.3654
vn -0.6259 0.7265 -0.2835
vn 0.1045 -0.1233 -0.9869
vn 0.1739 -0.2038 -0.9634
vn 0.5833 -0.7010 -0.4103
vn 0.5948 -0.7139 -0.3695
vn -0.6243 0.7246 -0.2919
vn -0.6084 0.7292 0.3132
vn -0.5981 0.7176 0.3567
vn -0.6307 0.7321 -0.2574
vn 0.1328 -0.1560 -0.9788
vn 0.2019 -0.2362 -0.9505
vn 0.5810 -0.6983 -0.4181
vn 0.5927 -0.7115 -0.3775
vn -0.2520 -0.6941 0.6743
vn 0.3240 -0.5302 0.7835
vn 0.2926 0.6034 0.7418
vn -0.2222 0.7852 0.5780
vn -0.1232 -0.6669 0.7349
vn -0.0934 0.7698 0.6315
vn -0.2009 0.7789 0.5941
vn -0.7829 0.5404 0.3084
vn -0.0093 0.9952 0.0976
vn 0.3050 0.9455 0.1139
vn -0.5443 0.6981 0.4652
vn -0.6150 0.5152 0.5969
vn -0.8012 0.5494 0.2371
vn -0.8534 -0.5018 0.1412
vn -0.7699 0.5098 0.3839
vn -0.6686 0.5735 0.4733
vn -0.8434 0.3497 0.4079
vn -0.9050 -0.3410 -0.2545
vn -0.8038 0.5541 0.2163
vn -0.8710 -0.4845 0.0812
vn -0.7445 0.3337 0.5783
vn -0.7474 0.5931 0.2993
vn -0.2911 0.7532 0.5899
vn -0.5528 -0.2236 0.8027
vn -0.4302 -0.1182 0.8950
vn -0.0901 0.6868 0.7212
vn 0.0000 -0.9239 -0.3827
vn -0.0000 -0.3827 -0.9239
vn -0.3435 -0.0000 -0.9392
vn -0.0000 0.9239 -0.3827
vn -0.3435 -0.0000 0.9392
vn 0.0000 -0.9239 0.3827
vn -0.3865 -0.8521 -0.3529
vn -0.3866 -0.9223 -0.0000
vn -0.9169 -0.3991 -0.0000
vn -0.9169 -0.3687 -0.1527
vn -0.3866 -0.6521 -0.6521
vn -0.9169 -0.2822 -0.2822
vn -0.3866 -0.3529 -0.8521
vn -0.9169 -0.1527 -0.3687
vn -0.3866 -0.0000 -0.9223
vn -0.9169 -0.0000 -0.3991
vn -0.3866 0.3529 -0.8521
vn -0.9169 0.1527 -0.3687
vn -0.3866 0.6521 -0.6521
vn -0.9169 0.2822 -0.2822
vn -0.3866 0.8521 -0.3529
vn -0.9169 0.3687 -0.1527
vn -0.3866 0.9223 -0.0000
vn -0.9169 0.3991 -0.0000
vn -0.3866 0.8521 0.3529
vn -0.9169 0.3687 0.1527
vn -0.3866 0.6521 0.6521
vn -0.9169 0.2822 0.2822
vn -0.3866 0.3529 0.8521
vn -0.9169 0.1527 0.3687
vn -0.3866 -0.0000 0.9223
vn -0.9169 -0.0000 0.3991
vn -0.3866 -0.3529 0.8521
vn -0.9169 -0.1527 0.3687
vn -0.3866 -0.6521 0.6521
vn -0.9169 -0.2822 0.2822
vn -0.3865 -0.8521 0.3529
vn -0.9169 -0.3687 0.1527
vn -1.0000 -0.0000 -0.0000
vn -0.2826 -0.5619 0.7774
vn -0.2826 0.5619 0.7774
vn -0.7203 0.6839 0.1163
vn -0.7218 -0.6911 -0.0363
vn -0.8293 -0.3063 -0.4673
vn -0.7146 0.6135 -0.3362
vn -0.3566 0.6773 -0.6435
vn -0.4347 -0.4050 -0.8043
vn 0.1215 -0.7300 0.6726
vn -0.0643 -0.9381 -0.3404
vn 0.1214 0.7305 0.6720
vn -0.2848 -0.4256 -0.8589
vn -0.2276 0.6960 -0.6810
vn -0.1283 0.6853 -0.7169
vn -0.1571 -0.4260 -0.8910
vn -0.1116 -0.9392 -0.3248
vn 0.2260 -0.7196 0.6566
vn 0.3230 -0.7324 0.5994
vn -0.1953 -0.9250 -0.3258
vn 0.2258 0.7202 0.6560
vn 0.3226 0.7330 0.5988
vn -0.0001 1.0000 -0.0015
vn -0.0003 1.0000 -0.0015
vn -0.0005 1.0000 -0.0015
vn -0.0000 -0.5107 0.8598
vn -0.9767 0.0000 0.2146
vn -0.0000 -0.9767 0.2146
vn 0.0000 -0.9777 -0.2099
vn 0.9767 0.0000 0.2147
vn -0.0000 0.9767 0.2147
vn 0.0000 0.9777 -0.2099
vn -0.9324 -0.3615 -0.0000
vn -0.6593 -0.3615 -0.6593
vn -0.0000 -0.3615 -0.9324
vn 0.6593 -0.3616 -0.6593
vn 1.0000 0.0000 0.0000
vn 0.9324 -0.3615 0.0000
vn -0.0000 -0.3615 0.9324
vn -0.5238 -0.8518 0.0000
vn -0.8790 0.1397 -0.4560
vn -0.9527 0.3030 0.0224
vn -0.9678 0.2496 0.0317
vn -0.9833 0.1790 0.0328
vn -0.9755 0.2183 0.0276
vn -0.9733 -0.0402 -0.2259
vn -0.9683 -0.1099 -0.2245
vn -0.7293 0.5492 0.4080
vn -0.8630 0.3713 0.3427
vn -0.7402 0.4663 0.4844
vn -0.8753 0.0091 0.4835
vn -0.6585 0.5309 0.5334
vn -0.8791 0.1037 -0.4652
vn -0.9241 -0.1742 -0.3402
vn -0.7480 0.5691 -0.3416
vn -0.6332 0.6634 0.3986
vn -0.9792 -0.1657 -0.1173
vn -0.9230 -0.2173 0.3176
vn -0.9559 0.2428 0.1653
vn -0.9821 0.0602 -0.1783
vn -0.8697 0.0946 -0.4844
vn -0.9669 0.2553 -0.0012
vn -0.9626 0.2669 -0.0457
vn -0.8303 0.5044 0.2371
vn -0.9401 0.0087 -0.3409
vn -0.7458 0.4699 0.4722
vn -0.0594 0.4193 -0.9059
vn 0.5394 0.5800 -0.6105
vn -0.1590 0.3713 -0.9148
vn 0.5483 0.1670 -0.8194
vn 0.6165 -0.0606 -0.7850
vn 0.3113 0.1887 -0.9314
vn 0.7869 0.5603 -0.2586
vn 0.6820 0.4850 -0.5474
vn 0.7650 0.2991 -0.5704
vn 0.5323 0.8431 -0.0763
vn -0.8724 0.1841 0.4528
vn -0.8843 0.1335 0.4474
vn -0.9923 0.0085 0.1235
vn -0.0414 0.9979 0.0495
vn -0.9953 0.0868 -0.0437
vn -0.8123 0.4828 0.3272
vn -0.9915 0.1028 -0.0798
vn -0.8213 0.4745 0.3167
vn -0.9049 -0.1986 0.3763
vn -0.7994 0.6005 0.0163
vn -0.3133 0.9447 0.0972
vn -0.5113 0.8541 0.0956
vn -0.7884 0.5941 0.1596
vn -0.9560 0.2806 0.0856
vn -0.9796 0.0855 0.1819
vn -0.9815 0.1878 -0.0367
vn -0.2744 0.8413 0.4657
vn -0.8428 0.3297 0.4254
vn -0.7202 0.6821 -0.1267
vn -0.1067 0.9887 -0.1057
vn -0.4085 0.5629 0.7185
vn -0.4254 0.7391 0.5223
vn -0.3423 0.5974 0.7252
vn -0.4997 0.7062 0.5016
vn -0.4854 0.8576 -0.1701
vn -0.4344 0.8701 0.2329
vn -0.4470 0.8242 0.3475
vn -0.1328 0.9451 0.2985
vn -0.3884 0.8782 0.2790
vn -0.4248 0.8729 0.2399
vn -0.4164 0.8886 0.1921
vn -0.4590 0.3774 0.8043
vn -0.4691 0.3132 0.8257
vn -0.7095 -0.3247 0.6255
vn -0.4314 0.3994 0.8089
vn -0.4006 0.8977 0.1833
vn -0.4784 0.6222 0.6197
vn -0.4187 0.8855 0.2014
vn -0.1204 0.9545 0.2727
vn -0.8776 0.3858 0.2847
vn -0.9222 0.2422 0.3015
vn 0.2216 0.7765 0.5898
vn 0.0605 0.8950 0.4419
vn -0.9451 0.1559 0.2871
vn -0.9453 0.1295 0.2996
vn 0.1233 0.5638 0.8167
vn 0.3213 0.6352 0.7023
vn 0.0516 0.9452 0.3223
vn 0.0360 0.9636 0.2650
vn -0.8112 0.5265 0.2544
vn 0.0419 0.9730 0.2272
vn -0.7033 0.6737 0.2271
vn -0.7406 0.6274 0.2404
vn -0.7592 0.6230 0.1884
vn 0.0773 0.7728 0.6299
vn -0.0097 0.9016 0.4325
vn -0.0818 0.7409 0.6666
vn -0.0965 0.8882 0.4491
vn -0.0803 0.9645 0.2517
vn -0.0094 0.9760 0.2176
vn -0.2114 0.9613 0.1767
vn -0.1109 0.9290 0.3530
vn -0.0990 0.9327 0.3468
vn -0.1030 0.9525 0.2867
vn -0.4789 0.7412 0.4704
vn -0.6400 0.7372 0.2167
vn -0.9574 -0.2510 0.1425
vn -0.9326 -0.3561 0.0588
vn -0.8334 0.4373 0.3378
vn -0.8408 -0.5333 0.0928
vn -0.9494 -0.2278 0.2160
vn -0.7369 0.6710 -0.0823
vn -0.8889 0.4438 0.1134
vn -0.9877 -0.0617 0.1436
vn -0.9139 -0.2660 0.3066
vn -0.8893 0.3717 0.2665
vn -0.7082 -0.5606 0.4292
vn -0.7399 0.5619 0.3698
vn -0.8671 0.2266 0.4435
vn -0.8600 0.1498 0.4878
vn 0.8582 0.5071 -0.0799
vn 0.1832 0.9800 0.0773
vn 0.1990 0.9271 -0.3175
vn 0.5304 0.8410 -0.1068
vn -0.7083 0.7032 0.0619
vn -0.4141 0.9028 -0.1159
vn -0.2635 0.8050 -0.5315
vn -0.1805 0.9609 -0.2098
vn 0.1682 0.9671 0.1907
vn 0.3273 0.8973 0.2961
vn -0.7115 0.5549 -0.4311
vn -0.5915 0.7177 0.3675
vn -0.4118 0.8983 0.1533
vn -0.6361 0.7690 0.0626
vn -0.5613 0.6723 0.4827
vn -0.1515 0.9791 0.1356
vn -0.2907 0.8412 -0.4558
vn -0.5731 0.7083 -0.4122
vn 0.1896 0.8875 -0.4200
vn 0.2903 0.9363 0.1978
vn -0.6046 0.7392 0.2968
vn 0.3872 0.7942 -0.4682
vn -0.7226 0.5116 0.4649
vn -0.7393 0.6241 0.2529
vn -0.6909 0.5137 0.5086
vn -0.2450 0.9655 0.0887
vn -0.3515 0.9334 -0.0723
vn -0.3751 0.9234 -0.0811
vn -0.7033 0.6489 -0.2903
vn -0.5975 0.6610 0.4539
vn -0.7153 0.6982 -0.0292
vn -0.6565 0.6862 0.3132
vn -0.7291 0.6483 -0.2193
vn -0.6179 0.7566 0.2137
vn -0.8980 0.1482 0.4144
vn -0.9890 -0.0556 0.1369
vn -0.9984 0.0545 0.0122
vn -0.9294 0.1764 0.3242
vn -0.9595 -0.1626 0.2299
vn -0.9496 -0.3120 -0.0314
vn -0.9394 0.3094 -0.1477
vn -0.8951 -0.4456 -0.0179
vn -0.7916 0.6085 -0.0558
vn -0.4806 0.8736 -0.0770
vn -0.9553 0.2859 0.0752
vn -0.9564 0.2830 0.0718
vn -0.9695 0.2416 0.0413
vn -0.9088 0.3675 0.1978
vn -0.9225 0.3423 0.1785
vn -0.8448 0.4899 0.2153
vn -0.8022 0.5114 0.3082
vn -0.0010 -0.4955 -0.8686
vn 0.0015 -0.8535 0.5211
vn 0.0009 0.5351 0.8448
vn -0.0015 0.8617 -0.5075
vn 0.0009 0.5352 0.8448
vn -0.9037 -0.2257 0.3640
vn -0.9845 -0.0373 0.1712
vn -0.9893 -0.1168 0.0872
vn 0.3435 0.0000 -0.9392
vn 0.3435 0.0000 0.9392
vn -0.1847 0.0352 0.9822
vn -0.8130 0.4416 0.3794
vn -0.8478 0.4472 0.2850
vn -0.8814 0.4164 0.2231
vn -0.8867 0.4174 0.1988
vn -0.9748 -0.1914 0.1145
vn -0.6273 0.5079 0.5904
vn -0.8505 -0.1676 0.4986
vn -0.8995 -0.1642 0.4050
vn -0.0862 0.4040 0.9107
vn -0.5004 0.3289 0.8009
vn -0.3232 0.2839 0.9028
vn -0.9081 0.2394 0.3434
vn -0.7284 0.2434 0.6405
vn -0.8936 0.1968 0.4034
vn -0.8402 0.2097 0.5000
vn -0.9361 0.1897 0.2962
vn -0.9637 0.1536 0.2185
vn -0.9737 0.1414 0.1786
vn -0.9756 0.1343 0.1739
vn -0.9669 0.1576 0.2006
vn -0.7328 0.1034 0.6725
vn -0.8545 0.2112 0.4746
vn -0.9199 0.1768 0.3500
vn -0.8073 -0.4661 0.3621
vn -0.9321 -0.0000 0.3621
vn -0.4661 -0.8072 0.3621
vn 0.0000 -0.9321 0.3621
vn 0.0000 -0.7564 -0.6541
vn 0.4661 -0.8073 0.3621
vn 0.8072 -0.4661 0.3621
vn 0.9321 0.0000 0.3621
vn 0.0000 0.9321 0.3621
vn 0.0000 0.7564 -0.6541
vn 0.0000 -0.9955 0.0949
vn 0.0000 0.9955 0.0949
vn -0.8864 -0.0000 0.4628
vn 0.0000 -0.8864 0.4629
vn 0.8864 -0.0000 0.4629
vn 0.4432 0.7677 0.4629
vn 0.0000 0.6792 0.7340
vn 0.0000 0.8864 0.4629
vn -0.4432 0.7677 0.4628
vn -0.0000 0.7071 -0.7071
vn -0.0000 0.7071 0.7071
vn -0.1521 -0.5767 -0.8027
vn -0.0521 0.9984 -0.0196
vn -0.0405 0.9675 0.2498
vn -0.2090 0.9702 0.1224
vn -0.4855 0.6205 0.6159
vn 0.1376 0.7741 0.6180
vn -0.5193 0.7705 -0.3697
vn 0.1089 0.9154 -0.3875
vn 0.3012 0.0035 -0.9536
vn -0.3517 0.0035 -0.9361
vn -0.3514 0.2424 -0.9043
vn 0.3010 0.2468 -0.9211
vn 0.3010 0.4768 -0.8259
vn -0.3507 0.6691 -0.6552
vn 0.3010 0.6743 -0.6743
vn -0.2154 0.8175 -0.5341
vn 0.2913 0.8253 -0.4838
vn -0.0000 0.9659 -0.2588
vn 0.3010 0.9211 -0.2468
vn 0.3010 0.9536 -0.0000
vn -0.0000 0.9659 0.2588
vn 0.3010 0.9211 0.2468
vn -0.2370 0.8076 0.5401
vn 0.2915 0.8253 0.4836
vn -0.3493 0.6678 0.6573
vn 0.3010 0.6743 0.6743
vn -0.3514 0.4681 0.8108
vn 0.3010 0.4768 0.8259
vn -0.3515 0.2424 0.9043
vn 0.3010 0.2468 0.9211
vn -0.3517 0.0035 0.9361
vn 0.3012 0.0035 0.9536
vn 0.2395 -0.7728 0.5877
vn 0.2396 -0.7728 -0.5877
vn -0.7275 0.0022 -0.6862
vn -0.5675 -0.4966 -0.6568
vn -0.6997 -0.6593 0.2752
vn -0.8749 0.0006 0.4843
vn -0.7240 -0.1765 -0.6668
vn -0.8748 0.1254 0.4681
vn -0.7208 -0.3449 -0.6012
vn -0.8748 0.2423 0.4196
vn -0.7180 -0.4910 -0.4933
vn -0.8748 0.3426 0.3426
vn -0.7159 -0.6041 -0.3501
vn -0.8748 0.4197 0.2423
vn -0.7145 -0.6756 -0.1816
vn -0.8748 0.4681 0.1254
vn -0.7141 -0.7001 -0.0000
vn -0.8748 0.4846 -0.0000
vn -0.7145 -0.6756 0.1816
vn -0.8748 0.4681 -0.1254
vn -0.7159 -0.6041 0.3501
vn -0.8748 0.4196 -0.2423
vn -0.7180 -0.4910 0.4933
vn -0.8748 0.3426 -0.3426
vn -0.7208 -0.3449 0.6012
vn -0.8748 0.2423 -0.4197
vn -0.7240 -0.1765 0.6668
vn -0.8748 0.1254 -0.4681
vn -0.7275 0.0022 0.6862
vn -0.8749 0.0006 -0.4843
vn -0.5674 -0.4968 0.6567
vn -0.6997 -0.6593 -0.2752
vn 0.8754 0.0006 -0.4835
vn 0.8752 0.1252 -0.4673
vn 0.8752 0.1252 0.4673
vn 0.8754 0.0006 0.4835
vn 0.8752 0.2419 -0.4189
vn 0.8752 0.3421 -0.3421
vn 0.8752 0.4189 -0.2419
vn 0.8752 0.4673 -0.1252
vn 0.8752 0.4837 -0.0000
vn 0.8752 0.4673 0.1252
vn 0.8752 0.4189 0.2419
vn 0.8752 0.3421 0.3421
vn 0.8752 0.2419 0.4189
vn 0.6065 -0.7681 0.2055
vn -0.2354 -0.7305 0.6411
vn -0.3003 0.0035 0.9538
vn -0.3001 0.2469 0.9214
vn -0.3002 0.4769 0.8261
vn -0.3002 0.6745 0.6745
vn -0.2912 0.8371 0.4631
vn -0.1876 0.9611 0.2028
vn -0.1798 0.9837 -0.0000
vn -0.1876 0.9611 -0.2028
vn -0.2912 0.8371 -0.4631
vn -0.3002 0.6745 -0.6745
vn -0.3002 0.4770 -0.8261
vn -0.3001 0.2469 -0.9214
vn -0.3003 0.0035 -0.9538
vn -0.2357 -0.7304 -0.6411
vn 0.6065 -0.7680 -0.2056
vn -0.6677 -0.0024 -0.7445
vn -0.6364 -0.6361 -0.4363
vn -0.6640 -0.1958 -0.7217
vn -0.6605 -0.3772 -0.6492
vn -0.6576 -0.5339 -0.5315
vn -0.6553 -0.6548 -0.3766
vn -0.6539 -0.7310 -0.1952
vn -0.6534 -0.7570 0.0000
vn -0.6539 -0.7310 0.1952
vn -0.6553 -0.6548 0.3766
vn -0.6576 -0.5339 0.5315
vn -0.6605 -0.3772 0.6492
vn -0.6640 -0.1958 0.7217
vn -0.6677 -0.0024 0.7445
vn -0.6364 -0.6361 0.4363
vn 0.0279 -0.9560 -0.2919
vn 0.0275 -0.9560 0.2920
vn 0.3526 0.6631 -0.6603
vn 0.3680 0.8715 -0.3240
vn -0.4030 0.8293 -0.3871
vn -0.4147 0.9100 -0.0000
vn -0.4026 0.8310 0.3839
vn 0.3526 0.6631 0.6603
vn 0.3680 0.8715 0.3240
vn 0.3514 0.2423 0.9043
vn 0.3517 0.0034 0.9361
vn 0.0000 0.0032 -1.0000
vn 0.0000 0.2588 -0.9659
vn -0.0601 0.8440 -0.5330
vn -0.1003 0.8386 0.5354
vn 0.0000 0.5000 0.8660
vn 0.0000 0.0032 1.0000
vn -0.1120 0.9585 0.2623
vn -0.3276 0.9448 0.0000
vn -0.1120 0.9585 -0.2623
vn 0.2395 -0.7728 -0.5877
vn 0.6065 -0.7680 0.2056
vn -0.3002 0.2469 0.9214
vn -0.3002 0.4769 -0.8261
vn -0.3002 0.2469 -0.9214
vn 0.6065 -0.7681 -0.2055
vn 0.3514 0.4681 0.8108
vn 0.3515 0.2423 0.9043
vn 0.2793 -0.7182 0.6374
vn 0.0643 0.9833 0.1700
vn -0.1681 0.9667 0.1929
vn -0.0888 0.9551 0.2825
vn -0.2450 0.9695 0.0033
vn -0.1062 0.9737 -0.2014
vn 0.0000 -0.8518 0.5238
vn 0.5238 -0.8518 -0.0000
vn 0.0000 -0.8518 -0.5238
vn 0.0000 0.4742 -0.8804
vn -0.0000 -0.5605 -0.8282
vn 0.0000 0.5605 -0.8282
vn 0.2378 0.8998 0.3657
vn -0.1732 0.9840 -0.0414
vn -0.3338 0.7847 0.5223
vn -0.5490 0.6303 -0.5490
vn -0.7764 0.6303 -0.0000
vn -0.0000 0.6303 -0.7763
vn 0.5489 0.6303 -0.5489
vn 0.7763 0.6303 0.0000
vn 0.0000 0.6303 0.7764
vn -0.1766 -0.1571 0.9717
vn -0.0771 -0.9096 0.4082
vn -0.3592 -0.1581 0.9198
vn -0.1558 -0.9116 0.3804
vn -0.5907 -0.1552 0.7918
vn -0.2725 -0.9048 0.3273
vn -0.8630 -0.1469 0.4834
vn -0.7012 -0.7062 0.0977
vn -0.5774 -0.5774 -0.5773
vn -0.5774 0.5774 -0.5773
vn 0.7078 0.6721 -0.2173
vn 0.3935 0.7683 -0.5049
vn 0.2181 0.7968 -0.5636
vn 0.1038 0.8038 -0.5858
vn -0.1039 0.8274 0.5519
vn -0.2111 0.8289 0.5181
vn -0.3638 0.8178 0.4459
vn -0.7042 0.6921 0.1585
vn -0.3491 0.6599 -0.6654
vn 0.0925 0.8345 -0.5432
vn 0.1920 0.8321 -0.5203
vn 0.3175 0.8353 -0.4489
vn 0.8893 0.0155 0.4571
vn 0.6178 0.6398 0.4571
vn 0.6634 0.6870 -0.2966
vn 0.9548 0.0167 -0.2966
vn 0.6398 -0.6178 0.4571
vn 0.6870 -0.6634 -0.2966
vn 0.0155 -0.8893 0.4571
vn 0.0167 -0.9548 -0.2966
vn -0.6178 -0.6398 0.4571
vn -0.6634 -0.6870 -0.2966
vn -0.8893 -0.0155 0.4571
vn -0.9548 -0.0167 -0.2966
vn -0.6398 0.6178 0.4571
vn -0.6870 0.6634 -0.2966
vn -0.0155 0.8893 0.4571
vn -0.0167 0.9548 -0.2966
vn 0.5219 0.5405 0.6599
vn -0.0131 0.7512 0.6600
vn 0.0131 -0.7512 0.6599
vn 0.5405 -0.5219 0.6599
vn -0.8213 0.5705 0.0000
vn -0.1773 0.9842 0.0000
vn 0.5706 0.8212 0.0000
vn 0.5705 0.8213 0.0000
vn 0.9842 0.1773 0.0000
vn 0.8213 -0.5705 -0.0000
vn 0.1773 -0.9842 -0.0000
vn -0.5706 -0.8213 -0.0000
vn -0.5706 -0.8212 -0.0000
vn -0.9842 -0.1773 -0.0000
vn -0.9842 -0.1772 -0.0000
vn 0.0366 -0.9595 0.2793
vn 0.0366 -0.9595 -0.2793
vn 0.7043 -0.6526 -0.2793
vn 0.7043 -0.6526 0.2793
vn -0.6526 -0.7043 0.2793
vn -0.6526 -0.7043 -0.2794
vn -0.9595 -0.0366 0.2793
vn -0.9595 -0.0366 -0.2793
vn -0.7043 0.6526 0.2793
vn -0.7043 0.6526 -0.2793
vn -0.0366 0.9595 0.2793
vn -0.0366 0.9595 -0.2793
vn 0.6526 0.7043 0.2793
vn 0.6526 0.7043 -0.2793
vn 0.9595 0.0366 0.2793
vn 0.9595 0.0366 -0.2793
vn 0.7758 0.0296 -0.6303
vn 0.5695 -0.5277 -0.6303
vn 0.5277 0.5695 -0.6303
vn -0.2295 -0.3824 0.8950
vn 0.2355 -0.3787 0.8950
vn 0.2295 0.3824 0.8950
vn -0.2355 0.3787 0.8951
vn -0.8517 0.3472 -0.3924
vn -0.8462 -0.3606 -0.3924
vn -0.8113 -0.3410 0.4749
vn -0.8165 0.3283 0.4749
vn 0.3472 0.8517 -0.3924
vn -0.3606 0.8462 -0.3924
vn -0.3410 0.8113 0.4749
vn 0.3282 0.8165 0.4749
vn 0.8517 -0.3472 -0.3924
vn 0.8462 0.3606 -0.3924
vn 0.8113 0.3410 0.4749
vn 0.8165 -0.3283 0.4749
vn -0.3472 -0.8517 -0.3924
vn 0.3606 -0.8462 -0.3924
vn 0.3410 -0.8113 0.4749
vn -0.3283 -0.8165 0.4749
vn -0.1464 -0.9233 0.3550
vn -0.2055 -0.9784 -0.0217
vn 0.2706 -0.9623 -0.0276
vn 0.2648 -0.8880 0.3759
vn -0.2973 0.8780 0.3752
vn 0.2691 0.8900 0.3680
vn 0.2923 0.9560 -0.0247
vn -0.3204 0.9469 -0.0269
vn -0.9368 0.1883 -0.2950
vn -0.9350 -0.1935 -0.2973
vn -0.9359 -0.1962 0.2925
vn -0.9368 0.1883 0.2950
vn -0.3237 -0.1646 -0.9317
vn -0.3388 0.1271 -0.9322
vn -0.0887 0.3263 -0.9411
vn -0.0518 -0.3316 -0.9420
vn -0.8028 -0.4962 0.3307
vn -0.8379 -0.5379 -0.0926
vn 0.1467 -0.4067 0.9017
vn -0.3581 -0.4043 0.8416
vn -0.1529 0.4044 0.9017
vn 0.1254 0.4121 0.9025
vn -0.8172 0.4214 0.3933
vn -0.3880 0.1380 0.9112
vn 0.7954 -0.4521 0.4037
vn 0.8229 0.4323 0.3686
vn 0.3925 0.2159 0.8941
vn 0.3842 -0.1301 0.9140
vn 0.8675 -0.4895 -0.0887
vn 0.8805 0.4657 -0.0883
vn 0.4089 0.8348 -0.3687
vn -0.4184 0.8299 -0.3691
vn -0.4178 0.8317 0.3657
vn 0.4089 0.8348 0.3687
vn -0.6101 0.2519 0.7512
vn -0.7093 0.2220 0.6690
vn -0.7125 0.5377 -0.4508
vn -0.4183 0.6990 -0.5800
vn 0.7044 0.5524 -0.4458
vn 0.4121 0.7062 -0.5758
vn 0.7029 0.2422 0.6688
vn 0.6086 0.2680 0.7468
vn -0.3899 0.9208 0.0061
vn 0.3754 0.9269 0.0061
vn 0.3388 0.8364 -0.4310
vn -0.3519 0.8309 -0.4310
vn 0.3899 -0.9208 0.0061
vn -0.3754 -0.9269 0.0061
vn -0.3388 -0.8364 -0.4310
vn 0.3519 -0.8309 -0.4310
vn -0.9274 0.3741 0.0043
vn -0.8374 0.3374 -0.4300
vn -0.9210 -0.3895 0.0055
vn -0.8310 -0.3518 -0.4309
vn 0.9213 0.3888 0.0044
vn 0.8305 0.3523 -0.4314
vn 0.9275 -0.3739 0.0036
vn 0.8368 -0.3383 -0.4305
vn 0.1522 -0.4399 -0.8851
vn -0.1452 -0.4422 -0.8851
vn -0.1522 0.4399 -0.8851
vn 0.1452 0.4422 -0.8851
vn 0.4703 -0.1766 0.8646
vn 0.4564 0.6809 0.5728
vn -0.4711 0.6700 0.5737
vn -0.4640 -0.1864 0.8660
vn 0.6534 -0.4297 0.6233
vn -0.6439 -0.4451 0.6224
vn -0.5854 0.7587 0.2858
vn 0.5723 0.7693 0.2841
vn 0.4228 0.1576 -0.8924
vn 0.4252 -0.1509 -0.8924
vn -0.4228 -0.1576 -0.8924
vn -0.4252 0.1509 -0.8924
vn -0.0296 0.7758 -0.6303
vn 0.0296 -0.7758 -0.6303
vn -0.5277 -0.5695 -0.6303
vn -0.5695 0.5277 -0.6303
vn -0.7758 -0.0296 -0.6303
vn -0.5405 0.5219 0.6599
vn -0.5219 -0.5405 0.6599
vn 0.7512 0.0131 0.6599
vn -0.7512 -0.0131 0.6600
vn 0.3911 -0.1347 0.9104
vn 0.3889 0.1409 0.9104
vn 0.0794 0.3284 -0.9412
vn 0.0712 -0.3302 -0.9412
vn 0.3410 0.1336 -0.9305
vn 0.3373 -0.1426 -0.9305
vn 0.0296 -0.7758 0.6303
vn 0.5695 -0.5277 0.6303
vn -0.4126 0.3823 0.8268
vn -0.0214 0.5621 0.8268
vn -0.5277 -0.5695 0.6303
vn 0.3823 0.4126 0.8268
vn -0.7758 -0.0296 0.6303
vn 0.5621 0.0214 0.8268
vn -0.5695 0.5277 0.6302
vn 0.4126 -0.3823 0.8268
vn -0.0296 0.7758 0.6303
vn 0.0214 -0.5621 0.8268
vn 0.5277 0.5695 0.6303
vn -0.3823 -0.4126 0.8268
vn 0.7758 0.0296 0.6303
vn -0.5621 -0.0214 0.8268
vn -0.8559 -0.3722 -0.3590
vn -0.8616 0.3587 -0.3590
vn -0.3781 0.8562 -0.3520
vn 0.3646 0.8621 -0.3520
vn 0.8559 0.3722 -0.3590
vn 0.8616 -0.3587 -0.3590
vn 0.3781 -0.8562 -0.3520
vn -0.3646 -0.8621 -0.3520
vn -0.9892 0.1037 -0.1033
vn -0.9892 0.1037 0.1034
vn -0.9872 -0.1149 0.1110
vn -0.8910 0.4437 -0.0961
vn -0.9866 -0.1165 -0.1146
vn -0.5733 0.5685 -0.5900
vn -0.5733 0.5685 0.5901
vn -0.5752 -0.5743 0.5825
vn -0.5693 -0.5678 -0.5945
vn -0.3911 0.1347 0.9104
vn -0.3889 -0.1409 0.9104
vn -0.8381 -0.3528 0.4160
vn -0.8436 0.3396 0.4160
vn -0.3360 0.8433 0.4195
vn 0.3227 0.8485 0.4195
vn -0.0078 0.9981 0.0615
vn 0.8381 0.3528 0.4160
vn 0.8436 -0.3396 0.4160
vn 0.3360 -0.8433 0.4195
vn -0.3227 -0.8485 0.4195
vn -0.3477 -0.8074 -0.4766
vn 0.3591 -0.8031 -0.4755
vn 0.3420 -0.7539 0.5610
vn -0.3315 -0.7582 0.5615
vn -0.8097 0.3360 0.4811
vn -0.3928 0.9166 0.0741
vn -0.9269 0.3649 0.0881
vn -0.3282 -0.8165 0.4749
vn -0.8043 -0.3486 0.4811
vn -0.9210 -0.3794 0.0881
vn -0.3783 -0.9227 0.0741
vn 0.8043 0.3486 0.4811
vn 0.9210 0.3794 0.0881
vn 0.3783 0.9227 0.0741
vn 0.8097 -0.3360 0.4811
vn 0.3928 -0.9167 0.0741
vn 0.9269 -0.3649 0.0881
vn -0.9204 -0.3899 0.0293
vn -0.9264 0.3754 0.0293
vn -0.3899 0.9204 0.0293
vn 0.3754 0.9264 0.0293
vn 0.9204 0.3899 0.0293
vn 0.9264 -0.3754 0.0293
vn 0.3899 -0.9204 0.0293
vn -0.3754 -0.9264 0.0293
vn -0.8283 -0.3507 0.4369
vn -0.8337 0.3377 0.4369
vn -0.3507 0.8283 0.4369
vn 0.3377 0.8337 0.4369
vn 0.8283 0.3507 0.4369
vn 0.8337 -0.3377 0.4369
vn 0.3507 -0.8283 0.4369
vn -0.3377 -0.8337 0.4369
vn -0.9269 0.3754 0.0019
vn -0.9208 -0.3899 0.0019
vn 0.3754 0.9269 0.0019
vn -0.3899 0.9208 0.0019
vn 0.9269 -0.3754 0.0019
vn 0.9208 0.3899 0.0019
vn -0.3754 -0.9269 0.0019
vn 0.3899 -0.9208 0.0019
vn 0.3392 -0.8654 0.3688
vn -0.4407 -0.8148 0.3768
vn -0.4407 -0.8147 -0.3768
vn 0.3392 -0.8654 -0.3688
vn 0.3181 -0.3167 -0.8936
vn -0.4211 -0.3417 -0.8402
vn -0.3300 0.3554 -0.8745
vn 0.3171 0.3188 -0.8932
vn 0.3365 0.8691 -0.3626
vn -0.3500 0.8524 -0.3884
vn -0.3495 0.8471 0.4003
vn 0.3362 0.8640 0.3748
vn 0.3170 0.3182 0.8935
vn -0.3295 0.3544 0.8751
vn -0.4211 -0.3417 0.8402
vn 0.3181 -0.3167 0.8936
vn -0.5785 0.5764 -0.5772
vn -0.5786 0.5763 0.5772
vn -0.5755 -0.5823 0.5743
vn -0.5769 -0.5744 -0.5808
vn 0.8670 -0.3351 0.3688
vn 0.8670 -0.3351 -0.3688
vn 0.8652 0.3424 -0.3662
vn 0.8647 0.3385 0.3711
vn -0.8647 -0.3407 0.3689
vn -0.3338 -0.8676 0.3687
vn -0.3161 -0.3193 0.8934
vn -0.3337 -0.8676 -0.3686
vn -0.8647 -0.3407 -0.3689
vn -0.3161 -0.3193 -0.8934
vn -0.3192 0.3162 -0.8934
vn -0.8675 0.3368 -0.3660
vn -0.3419 0.8669 -0.3627
vn -0.8669 0.3329 0.3710
vn -0.3191 0.3156 0.8937
vn -0.3417 0.8618 0.3750
vn -0.0053 1.0000 0.0000
vn -0.0052 1.0000 -0.0000
vn 0.1452 0.9768 -0.1573
vn 0.1452 0.9768 0.1573
vn -0.1543 0.9758 0.1547
vn -0.0052 1.0000 0.0000
vn -0.1555 0.9750 -0.1588
vn -0.9936 0.0823 -0.0770
vn -0.9936 0.0823 0.0770
vn -0.9930 -0.0902 0.0766
vn -0.9924 -0.0921 -0.0811
vn -0.7574 0.6232 -0.1949
vn 0.1048 0.0877 0.9906
vn 0.1061 -0.0857 0.9907
vn -0.1025 -0.0866 0.9910
vn -0.1985 0.3956 0.8967
vn 0.1970 0.3971 0.8964
vn 0.2023 -0.3943 0.8964
vn -0.1932 -0.3976 0.8970
vn 0.3523 -0.8488 -0.3943
vn 0.3523 -0.8488 0.3943
vn 0.4217 0.3428 -0.8394
vn 0.3308 -0.3540 -0.8748
vn 0.4372 0.8138 0.3828
vn 0.4393 0.8181 -0.3710
vn 0.3307 -0.3541 0.8748
vn 0.4186 0.3424 0.8411
vn -0.5518 -0.7670 -0.3274
vn -0.5519 -0.7670 0.3273
vn 0.4188 -0.8321 0.3636
vn 0.4188 -0.8321 -0.3636
vn -0.3526 0.2806 -0.8927
vn -0.4745 -0.2660 -0.8391
vn 0.3528 -0.2808 -0.8926
vn 0.4761 0.2655 -0.8384
vn -0.4174 0.8298 0.3705
vn -0.4202 0.8344 -0.3567
vn 0.5553 0.7675 -0.3202
vn 0.5484 0.7664 0.3344
vn -0.4746 -0.2660 0.8391
vn -0.3530 0.2810 0.8924
vn 0.4730 0.2665 0.8398
vn 0.3528 -0.2808 0.8926
vn -0.7289 0.6376 0.2493
vn -0.7443 0.6264 -0.2317
vn -0.3762 0.8942 -0.2428
vn -0.3676 0.8991 0.2376
vn -0.8369 0.2541 0.4848
vn -0.8416 0.2372 -0.4853
vn 0.0160 0.8766 -0.4810
vn 0.0383 0.8714 0.4891
vn 0.9685 0.1822 -0.1699
vn 0.9692 -0.1763 -0.1717
vn 0.9682 -0.1776 0.1762
vn 0.9676 0.1833 0.1737
vn 0.7913 0.4187 -0.4455
vn 0.7944 -0.4133 -0.4451
vn 0.7938 -0.4098 0.4494
vn 0.7909 0.4157 0.4491
vn 0.9967 0.0174 0.0796
vn 0.6924 0.7171 0.0796
vn 0.7171 -0.6924 0.0796
vn 0.0174 -0.9967 0.0796
vn -0.6924 -0.7171 0.0796
vn -0.9967 -0.0174 0.0796
vn -0.7171 0.6924 0.0796
vn -0.0174 0.9967 0.0796
vn 0.6727 0.6967 -0.2492
vn 0.9683 0.0169 -0.2492
vn 0.9190 0.0161 0.3940
vn 0.6385 0.6612 0.3940
vn 0.6967 -0.6727 -0.2492
vn 0.6612 -0.6385 0.3940
vn 0.0169 -0.9683 -0.2492
vn 0.0161 -0.9190 0.3940
vn -0.6727 -0.6967 -0.2492
vn -0.6385 -0.6612 0.3940
vn -0.9683 -0.0169 -0.2492
vn -0.9190 -0.0161 0.3940
vn -0.6967 0.6727 -0.2492
vn -0.6612 0.6385 0.3940
vn -0.0169 0.9683 -0.2492
vn -0.0161 0.9190 0.3940
vn 0.6384 0.6612 0.3940
vn -0.6384 -0.6612 0.3940
vn 0.6612 -0.6384 0.3940
vn 0.0361 -0.9463 0.3212
vn 0.6947 -0.6436 0.3212
vn -0.6436 -0.6947 0.3212
vn -0.9463 -0.0361 0.3212
vn -0.6947 0.6436 0.3212
vn -0.0361 0.9463 0.3212
vn 0.6436 0.6947 0.3212
vn 0.9463 0.0361 0.3212
vn -0.9660 -0.1648 0.1990
vn -0.9890 -0.1270 -0.0764
vn -0.9906 0.1126 -0.0775
vn -0.9681 0.1507 0.2000
vn 0.9660 0.1648 0.1990
vn 0.9890 0.1270 -0.0764
vn 0.9906 -0.1126 -0.0775
vn 0.9681 -0.1507 0.2000
vn -0.8516 -0.3503 0.3900
vn -0.8599 -0.3766 -0.3445
vn -0.8653 0.3614 -0.3474
vn -0.8562 0.3352 0.3931
vn 0.8516 0.3503 0.3900
vn 0.8599 0.3766 -0.3445
vn 0.8653 -0.3614 -0.3474
vn 0.8562 -0.3352 0.3931
vn -0.1750 -0.8694 -0.4621
vn 0.2284 -0.8547 -0.4663
vn 0.7276 -0.4576 -0.5111
vn 0.7402 0.4365 -0.5114
vn 0.2449 0.8519 -0.4629
vn -0.2667 0.8441 -0.4651
vn -0.7471 0.4169 -0.5178
vn -0.6978 -0.5037 -0.5093
vn -0.9973 -0.0534 0.0500
vn -0.9977 -0.0556 -0.0395
vn -0.9986 0.0409 -0.0323
vn -0.9980 0.0376 0.0506
vn -0.9775 -0.1205 0.1732
vn -0.9789 -0.1203 -0.1655
vn -0.9791 0.1116 -0.1698
vn -0.9778 0.1119 0.1774
vn 0.1543 -0.8754 0.4582
vn -0.1543 -0.8753 0.4582
vn 0.1543 -0.8754 -0.4582
vn -0.1543 -0.8753 -0.4582
vn -0.5000 0.8660 0.0000
vn 0.1737 -0.9848 0.0000
vn -0.1737 -0.9848 -0.0000
vn 0.4397 -0.1601 -0.8838
vn -0.4397 -0.1600 -0.8838
vn -0.3585 -0.3008 -0.8838
vn 0.3585 -0.3008 -0.8837
vn -0.6036 0.6477 0.4650
vn -0.6458 0.7179 -0.2601
vn 0.6342 0.7292 -0.2571
vn 0.5884 0.6603 0.4668
vn -0.1926 -0.7323 0.6532
vn 0.2010 -0.7304 0.6528
vn 0.6909 -0.3886 0.6097
vn 0.6822 0.4022 0.6107
vn 0.1926 0.7323 0.6532
vn -0.2010 0.7304 0.6528
vn -0.6909 0.3886 0.6097
vn -0.6822 -0.4022 0.6106
vn 0.1656 0.7069 0.6876
vn -0.1729 0.7037 0.6891
vn -0.1702 0.9155 -0.3646
vn 0.1613 0.9171 -0.3645
vn 0.4639 0.2896 0.8372
vn 0.7419 0.5005 -0.4462
vn 0.4665 -0.2779 0.8397
vn 0.7520 -0.4834 -0.4482
vn 0.1729 -0.7037 0.6892
vn 0.1702 -0.9155 -0.3647
vn -0.1656 -0.7069 0.6876
vn -0.1613 -0.9171 -0.3645
vn -0.4639 -0.2896 0.8372
vn -0.7419 -0.5005 -0.4462
vn -0.4666 0.2779 0.8397
vn -0.7520 0.4834 -0.4482
vn -0.2143 0.7776 0.5911
vn -0.0371 0.2726 0.9614
vn 0.0347 0.2731 0.9614
vn 0.2059 0.7806 0.5901
vn 0.1623 0.1173 0.9797
vn 0.6586 0.3980 0.6387
vn 0.1641 -0.1129 0.9800
vn 0.6660 -0.3841 0.6394
vn 0.0371 -0.2726 0.9614
vn 0.2143 -0.7776 0.5911
vn -0.0347 -0.2731 0.9614
vn -0.2059 -0.7806 0.5901
vn -0.1623 -0.1173 0.9797
vn -0.6586 -0.3980 0.6387
vn -0.1641 0.1129 0.9800
vn -0.6660 0.3841 0.6394
vn 0.1690 -0.6142 0.7708
vn -0.1622 -0.6168 0.7702
vn -0.4707 -0.2776 0.8375
vn -0.4739 0.2666 0.8392
vn -0.1690 0.6142 0.7708
vn 0.1622 0.6168 0.7703
vn 0.4708 0.2776 0.8374
vn 0.4739 -0.2666 0.8392
vn 0.2699 0.8766 -0.3985
vn -0.2803 0.8732 -0.3988
vn -0.2095 0.7761 0.5947
vn 0.2013 0.7792 0.5936
vn 0.2713 0.9351 0.2281
vn -0.2822 0.9315 0.2296
vn 0.8068 0.4553 -0.3766
vn 0.6467 0.3961 0.6518
vn 0.8174 0.4666 0.3377
vn 0.8158 -0.4395 -0.3758
vn 0.6540 -0.3822 0.6528
vn 0.8258 -0.4498 0.3401
vn 0.2803 -0.8732 -0.3988
vn 0.2095 -0.7761 0.5947
vn 0.2822 -0.9315 0.2296
vn -0.2699 -0.8766 -0.3985
vn -0.2013 -0.7792 0.5936
vn -0.2713 -0.9351 0.2281
vn -0.8068 -0.4553 -0.3766
vn -0.6467 -0.3961 0.6518
vn -0.8174 -0.4666 0.3377
vn -0.8158 0.4395 -0.3758
vn -0.6540 0.3822 0.6528
vn -0.8258 0.4498 0.3401
vn -0.0078 0.9963 0.0857
vn -0.9028 0.4248 0.0671
vn -0.8990 0.4288 0.0885
vn -0.9116 0.4017 0.0870
vn -0.9101 0.4090 0.0665
vn -0.0029 0.3715 -0.9284
vn 0.9036 0.4233 0.0665
vn 0.9052 0.4159 0.0870
vn 0.8922 0.4429 0.0885
vn 0.8960 0.4389 0.0671
vn -0.0021 0.2621 0.9650
vn -0.0021 0.2620 0.9651
vn -0.8947 0.4415 0.0678
vn -0.8908 0.4454 0.0894
vn -0.9040 0.4185 0.0880
vn -0.9023 0.4259 0.0671
vn 0.8955 0.4400 0.0672
vn 0.8973 0.4326 0.0880
vn 0.8837 0.4594 0.0894
vn 0.8877 0.4555 0.0678
vn -0.0020 0.2621 0.9650
vn -0.9107 0.4076 0.0664
vn -0.9071 0.4117 0.0876
vn -0.9191 0.3844 0.0861
vn -0.9177 0.3918 0.0658
vn 0.9114 0.4062 0.0658
vn 0.9130 0.3988 0.0861
vn 0.9005 0.4259 0.0876
vn 0.9042 0.4219 0.0664
vn -0.0021 0.2621 0.9651
vn -0.0020 0.2621 0.9651
vn -0.0067 0.8514 -0.5245
vn -0.0060 0.7676 0.6409
vn -0.6267 0.5261 -0.5748
vn -0.6471 0.5265 -0.5514
vn -0.5798 0.4480 0.6805
vn -0.6219 0.4554 0.6371
vn 0.6184 0.5359 -0.5748
vn 0.6388 0.5366 -0.5514
vn 0.5727 0.4571 0.6805
vn 0.6147 0.4651 0.6371
vn -0.6200 0.5363 -0.5727
vn -0.6449 0.5371 -0.5437
vn -0.5733 0.4577 0.6796
vn -0.6201 0.4668 0.6306
vn 0.6115 0.5460 -0.5727
vn 0.6364 0.5472 -0.5437
vn 0.5660 0.4667 0.6796
vn 0.6126 0.4765 0.6306
vn -0.6335 0.5157 -0.5769
vn -0.6491 0.5157 -0.5592
vn -0.5864 0.4380 0.6814
vn -0.6235 0.4438 0.6436
vn 0.6253 0.5255 -0.5769
vn 0.6410 0.5258 -0.5592
vn 0.5795 0.4471 0.6814
vn 0.6165 0.4536 0.6436
vn 0.5200 0.8476 0.1056
vn 0.5340 0.8389 0.1058
vn -0.5471 0.8304 0.1058
vn -0.5332 0.8394 0.1057
vn 0.5120 0.8525 0.1056
vn 0.5261 0.8438 0.1057
vn -0.5393 0.8354 0.1057
vn -0.5253 0.8443 0.1056
vn -0.5549 0.8252 0.1058
vn -0.5411 0.8343 0.1057
vn 0.5280 0.8426 0.1057
vn 0.5419 0.8338 0.1058
vn 0.4435 0.7968 -0.4103
vn -0.4559 0.7898 -0.4104
vn -0.4140 0.7258 0.5494
vn 0.4025 0.7322 0.5494
vn 0.4359 0.8006 -0.4111
vn -0.4484 0.7936 -0.4111
vn -0.4066 0.7292 0.5503
vn 0.3952 0.7355 0.5503
vn -0.4214 0.7222 0.5484
vn 0.4100 0.7288 0.5484
vn 0.4511 0.7929 -0.4096
vn -0.4635 0.7857 -0.4096
vn 0.6947 -0.6436 -0.3212
vn 0.0361 -0.9463 -0.3212
vn -0.6436 -0.6947 -0.3212
vn -0.9463 -0.0361 -0.3212
vn -0.6947 0.6436 -0.3212
vn -0.0361 0.9463 -0.3212
vn 0.6436 0.6947 -0.3212
vn 0.9463 0.0361 -0.3212
vn 0.4374 0.0167 -0.8991
vn 0.3211 -0.2975 -0.8991
vn 0.0167 -0.4374 -0.8991
vn -0.2975 -0.3211 -0.8991
vn -0.4374 -0.0167 -0.8991
vn -0.3211 0.2975 -0.8991
vn -0.0167 0.4374 -0.8991
vn 0.2975 0.3211 -0.8991
vn 0.9288 0.0354 0.3689
vn 0.9288 0.0354 -0.3689
vn 0.6317 0.6818 -0.3689
vn 0.6317 0.6818 0.3689
vn -0.0354 0.9288 -0.3688
vn -0.0354 0.9288 0.3689
vn -0.6818 0.6317 -0.3689
vn -0.6818 0.6317 0.3689
vn -0.9288 -0.0354 -0.3689
vn -0.9288 -0.0354 0.3689
vn -0.6317 -0.6818 -0.3688
vn -0.6317 -0.6818 0.3689
vn 0.0354 -0.9288 -0.3689
vn 0.0354 -0.9288 0.3689
vn 0.6818 -0.6317 -0.3688
vn 0.6818 -0.6317 0.3688
vn 0.4374 0.0167 0.8991
vn 0.2975 0.3211 0.8991
vn -0.0167 0.4374 0.8991
vn -0.3211 0.2975 0.8991
vn -0.4374 -0.0167 0.8991
vn -0.2975 -0.3211 0.8991
vn 0.0167 -0.4374 0.8991
vn 0.3211 -0.2975 0.8991
vn 0.9913 -0.0963 0.0902
vn 0.9907 0.1024 0.0897
vn 0.9903 0.1035 -0.0923
vn 0.9910 -0.0973 -0.0924
vn 0.9667 -0.1226 0.2248
vn 0.9660 0.1279 0.2247
vn 0.9663 0.1254 -0.2249
vn 0.9669 -0.1205 -0.2250
vn 0.9245 -0.2697 -0.2694
vn 0.9230 0.2742 -0.2699
vn 0.9225 0.2730 0.2728
vn 0.9239 -0.2681 0.2730
vn 0.9841 0.1353 -0.1151
vn 0.9866 -0.1161 -0.1148
vn 0.9854 -0.1102 0.1298
vn 0.9828 0.1286 0.1324
vn 0.8966 -0.3502 -0.2709
vn 0.8921 0.3600 -0.2729
vn 0.8798 0.3578 0.3131
vn 0.8843 -0.3482 0.3110
vn -0.1850 -0.9765 -0.1107
vn -0.1657 -0.9664 0.1967
vn 0.1798 -0.9640 0.1957
vn 0.1991 -0.9738 -0.1094
vn -0.4943 0.8244 0.2757
vn -0.1121 0.9370 0.3310
vn -0.2148 0.7871 -0.5783
vn -0.4894 0.6968 -0.5243
vn 0.0000 -0.0099 -1.0000
vn -0.2826 -0.2877 -0.9151
vn -0.1368 0.2144 -0.9671
vn 0.0000 0.2253 -0.9743
vn -0.5356 0.6307 -0.5616
vn -0.5573 0.7651 -0.3226
vn -0.0974 0.9113 -0.4001
vn -0.1200 0.7392 -0.6628
vn 0.0000 0.9206 -0.3904
vn 0.0000 0.7683 -0.6401
vn -0.4249 -0.4570 -0.7814
vn -0.4426 0.1016 -0.8909
vn 0.2274 0.3755 -0.8985
vn -0.1444 -0.4966 -0.8559
vn 0.0000 -0.5001 -0.8659
vn -0.0758 -0.5084 -0.8578
vn 0.0857 0.1902 -0.9780
vn 0.0000 0.3912 -0.9203
vn -0.1318 0.4984 -0.8568
vn -0.4920 0.1911 -0.8494
vn -0.5538 0.4132 -0.7229
vn 0.0000 0.5172 -0.8558
vn -0.4586 -0.1507 -0.8758
vn -0.0000 0.9434 0.3317
vn 0.0000 0.9703 -0.2419
vn -0.7858 0.6021 -0.1416
vn -0.6056 0.6754 0.4207
vn -0.0747 0.6311 0.7721
vn -0.8260 0.4030 -0.3941
vn -0.8707 0.4509 -0.1964
vn -0.0973 -0.8178 -0.5672
vn -0.5012 -0.5231 -0.6893
vn -0.7891 -0.0356 -0.6132
vn -0.6464 -0.0311 -0.7624
vn -0.0502 -0.8210 -0.5687
vn -0.7574 0.1411 -0.6375
vn -0.8539 0.2494 -0.4567
vn 0.0000 0.6344 0.7730
vn 0.0945 0.9582 0.2701
vn -0.4967 0.8622 0.0998
vn 0.1171 0.9795 0.1637
vn -0.8770 0.4714 -0.0930
vn -0.8697 0.4489 -0.2052
vn 0.4943 0.8244 0.2757
vn 0.4894 0.6968 -0.5244
vn 0.2148 0.7871 -0.5783
vn 0.1121 0.9370 0.3310
vn 0.1368 0.2144 -0.9671
vn 0.2826 -0.2877 -0.9151
vn 0.5356 0.6307 -0.5616
vn 0.1200 0.7392 -0.6628
vn 0.0974 0.9113 -0.4001
vn 0.5573 0.7651 -0.3226
vn 0.4249 -0.4570 -0.7814
vn 0.1444 -0.4966 -0.8559
vn -0.2274 0.3755 -0.8985
vn 0.4324 0.1684 -0.8858
vn -0.0857 0.1902 -0.9780
vn 0.0758 -0.5084 -0.8578
vn 0.1318 0.4984 -0.8568
vn 0.5538 0.4132 -0.7229
vn 0.4920 0.1911 -0.8494
vn 0.4505 -0.1948 -0.8713
vn 0.6056 0.6754 0.4207
vn 0.7858 0.6021 -0.1416
vn 0.0747 0.6311 0.7721
vn 0.8707 0.4509 -0.1964
vn 0.8260 0.4030 -0.3941
vn 0.5012 -0.5231 -0.6893
vn 0.0973 -0.8178 -0.5672
vn 0.6696 -0.0309 -0.7421
vn 0.0502 -0.8210 -0.5687
vn 0.8539 0.2494 -0.4567
vn 0.7574 0.1411 -0.6375
vn 0.4967 0.8622 0.0998
vn -0.0945 0.9582 0.2701
vn 0.1966 0.6575 -0.7273
vn 0.0000 0.6938 -0.7202
vn 0.8770 0.4714 -0.0930
vn 0.8697 0.4489 -0.2052
vn -0.6506 0.6646 0.3675
vn -0.0775 0.6309 0.7720
vn -0.8107 0.3868 -0.4394
vn -0.1014 -0.8175 -0.5670
vn -0.5564 -0.4542 -0.6958
vn -0.7886 -0.0422 -0.6135
vn 0.0000 -0.8223 -0.5691
vn -0.0000 -0.8223 -0.5691
vn -0.7565 0.1340 -0.6401
vn -0.8509 0.2409 -0.4669
vn 0.6506 0.6646 0.3675
vn 0.0775 0.6309 0.7720
vn 0.8107 0.3868 -0.4394
vn 0.5564 -0.4542 -0.6958
vn 0.1014 -0.8175 -0.5670
vn 0.7886 -0.0422 -0.6135
vn 0.8509 0.2408 -0.4669
vn 0.7565 0.1340 -0.6401
vn 0.0717 -0.1725 -0.9824
vn 0.0444 0.0056 -0.9990
vn -0.3661 -0.5937 -0.7165
vn 0.0000 0.4757 -0.8796
vn 0.0000 -0.5917 -0.8061
vn -0.2855 -0.4707 -0.8348
vn -0.2879 0.3956 -0.8721
vn -0.1171 0.9795 0.1637
vn -0.1966 0.6575 -0.7273
vn 0.0000 0.9757 0.2193
vn -0.2699 -0.2891 -0.9185
vn 0.0335 0.1291 -0.9911
vn 0.0000 -0.1068 -0.9943
vn 0.2736 -0.2888 -0.9175
vn -0.0335 0.1291 -0.9911
vn 0.0000 -0.5672 -0.8236
vn 0.3661 -0.5937 -0.7165
vn -0.2125 0.8924 -0.3980
vn 0.0473 0.9961 -0.0745
vn 0.2125 0.8924 -0.3980
vn -0.0473 0.9961 -0.0745
vn 0.0000 0.9609 -0.2770
vn 0.0000 0.4724 -0.8814
vn 0.2879 0.3956 -0.8721
vn 0.0000 -0.5503 -0.8349
vn -0.0717 -0.1725 -0.9824
vn 0.2855 -0.4708 -0.8348
vn -0.0444 0.0056 -0.9990
vn -0.4076 -0.0000 -0.9132
vn -0.4076 0.4566 -0.7908
vn 0.4330 0.4507 -0.7806
vn 0.4330 0.0000 -0.9014
vn -0.4077 0.7908 -0.4566
vn 0.4330 0.7806 -0.4507
vn -0.4076 0.9132 -0.0000
vn 0.4330 0.9014 0.0000
vn -0.4076 0.7908 0.4566
vn 0.4330 0.7806 0.4507
vn -0.4076 0.4565 0.7908
vn 0.4330 0.4507 0.7806
vn -0.4076 -0.0000 0.9132
vn 0.4330 0.0000 0.9014
vn -0.4076 -0.4566 0.7908
vn 0.4330 -0.4507 0.7806
vn -0.4076 -0.7908 0.4566
vn 0.4330 -0.7806 0.4507
vn -0.4076 -0.9131 0.0000
vn 0.4330 -0.9014 0.0000
vn -0.4077 -0.7908 -0.4566
vn 0.4330 -0.7806 -0.4507
vn -0.4077 -0.4566 -0.7908
vn 0.4330 -0.4507 -0.7806
vn -0.9258 -0.0000 -0.3781
vn -0.9258 -0.0000 0.3781
vn -0.9258 0.1891 0.3275
vn -0.9258 0.1891 -0.3275
vn -0.9258 0.3275 -0.1891
vn -0.9258 0.3781 0.0000
vn -0.9258 0.3275 0.1891
vn -0.9258 -0.1891 0.3275
vn -0.9258 -0.3275 0.1891
vn -0.9258 -0.3781 -0.0000
vn -0.9258 -0.3275 -0.1891
vn -0.9258 -0.1891 -0.3275
vn 0.8189 0.2869 -0.4970
vn 0.8189 -0.0000 -0.5739
vn 0.8189 0.4970 -0.2869
vn 0.8189 0.5739 -0.0000
vn 0.8189 0.4970 0.2869
vn 0.8189 0.2869 0.4970
vn 0.8189 -0.0000 0.5739
vn 0.8189 -0.2869 0.4970
vn 0.8189 -0.4970 0.2869
vn 0.8189 -0.5739 -0.0000
vn 0.8189 -0.4970 -0.2869
vn 0.8189 -0.2869 -0.4970
vn 0.9604 0.2787 -0.0000
vn 0.9604 0.2650 0.0861
vn 0.9604 0.2650 -0.0861
vn 0.0349 0.9505 -0.3088
vn 0.0349 0.9994 0.0000
vn 0.3137 0.9495 0.0000
vn 0.3133 0.9027 -0.2950
vn 0.0349 0.9505 0.3088
vn 0.3133 0.9037 0.2920
vn 0.9431 -0.3163 -0.1028
vn 0.9847 -0.1656 -0.0538
vn 0.9847 -0.1742 0.0000
vn 0.9431 -0.3326 0.0000
vn 0.9847 -0.1656 0.0538
vn 0.9431 -0.3163 0.1028
vn 0.9489 0.3155 -0.0000
vn 0.9491 0.2991 -0.0987
vn 0.7101 0.7041 0.0005
vn 0.7100 0.6708 -0.2143
vn 0.7100 0.6687 0.2209
vn 0.9491 0.3000 0.0959
vn 0.9604 0.2254 -0.1638
vn 0.9604 0.1638 -0.2254
vn 0.0349 0.5874 -0.8085
vn 0.0349 0.8085 -0.5874
vn 0.3137 0.7682 -0.5581
vn 0.3132 0.5569 -0.7692
vn 0.9847 -0.1409 0.1024
vn 0.9431 -0.2690 0.1955
vn 0.9847 -0.1024 0.1409
vn 0.9431 -0.1955 0.2690
vn 0.9489 0.2552 -0.1854
vn 0.9491 0.1839 -0.2557
vn 0.7101 0.5699 -0.4135
vn 0.7100 0.4167 -0.5677
vn 0.5234 -0.8104 -0.2633
vn 0.1472 -0.9407 -0.3057
vn 0.1472 -0.9769 -0.1547
vn 0.5234 -0.8416 -0.1333
vn 0.1472 -0.9891 -0.0000
vn 0.5234 -0.8521 -0.0000
vn 0.1472 -0.9769 0.1547
vn 0.5235 -0.8416 0.1333
vn 0.1472 -0.9407 0.3056
vn 0.5235 -0.8104 0.2633
vn 0.9543 -0.2842 -0.0924
vn 0.9543 -0.2952 -0.0468
vn 0.9174 0.3931 0.0623
vn 0.9174 0.3786 0.1230
vn 0.9543 -0.2989 -0.0000
vn 0.9174 0.3980 -0.0000
vn 0.9543 -0.2952 0.0468
vn 0.9174 0.3931 -0.0623
vn 0.9543 -0.2842 0.0924
vn 0.9174 0.3786 -0.1230
vn 0.5805 -0.4381 0.6863
vn 0.5424 -0.3738 0.7523
vn 0.8040 -0.4213 0.4197
vn 0.8699 -0.4530 0.1949
vn 0.8132 -0.3307 -0.4790
vn 0.5623 -0.2680 -0.7823
vn 0.6197 -0.2321 -0.7498
vn 0.8588 -0.2709 -0.4348
vn 0.9657 -0.0954 0.2415
vn 0.6754 -0.1515 0.7218
vn 0.6018 -0.4221 0.6780
vn 0.9381 -0.3208 0.1303
vn 0.8332 -0.1157 -0.5407
vn 0.9902 -0.1042 0.0933
vn 0.9438 -0.3178 -0.0911
vn 0.7151 -0.1892 -0.6730
vn 0.9374 0.2134 -0.2752
vn 0.8742 0.1161 0.4716
vn 0.6201 0.2004 0.7585
vn 0.9342 0.3117 0.1738
vn 0.6399 0.1218 0.7587
vn 0.9741 0.1246 0.1889
vn 0.8309 0.1166 -0.5441
vn 0.7100 0.2138 -0.6710
vn 0.9290 0.2394 -0.2822
vn 0.9428 0.3237 0.0790
vn 0.9829 0.1359 0.1245
vn 0.8455 0.0190 -0.5336
vn 0.9262 -0.3770 -0.0112
vn 0.9391 -0.3329 -0.0845
vn 0.9757 -0.2151 -0.0426
vn 0.9914 0.0000 0.1307
vn 0.9512 0.3084 0.0114
vn 0.9208 0.3871 0.0475
vn 0.9742 0.2066 0.0903
vn 0.3768 0.9149 0.1449
vn 0.0000 0.9877 0.1564
vn 0.0000 0.9511 0.3090
vn 0.3768 0.8810 0.2862
vn 0.3768 0.9263 0.0000
vn 0.3768 0.9149 -0.1449
vn -0.0000 0.9877 -0.1564
vn 0.3768 0.8810 -0.2862
vn 0.0000 0.9511 -0.3090
vn 0.1472 -0.8813 0.4490
vn 0.5235 -0.7592 0.3868
vn 0.1472 -0.8002 0.5814
vn 0.5235 -0.6893 0.5008
vn 0.1472 -0.6994 0.6994
vn 0.5234 -0.6025 0.6025
vn 0.1472 -0.5814 0.8002
vn 0.5234 -0.5008 0.6893
vn 0.9543 -0.2663 0.1357
vn 0.9174 0.3547 -0.1807
vn 0.9543 -0.2418 0.1757
vn 0.9174 0.3220 -0.2340
vn 0.9543 -0.2113 0.2113
vn 0.9174 0.2815 -0.2815
vn 0.9543 -0.1757 0.2418
vn 0.9174 0.2340 -0.3220
vn 0.5805 0.0490 0.8128
vn 0.5424 0.1398 0.8284
vn 0.8040 -0.0941 0.5872
vn 0.8699 -0.2520 0.4239
vn 0.8132 -0.5491 -0.1931
vn 0.5623 -0.6766 -0.4754
vn 0.6197 -0.6284 -0.4702
vn 0.8588 -0.4747 -0.1925
vn 0.9657 0.0648 0.2515
vn 0.6754 0.3017 0.6730
vn 0.6018 0.0571 0.7966
vn 0.9381 -0.1829 0.2940
vn 0.8332 -0.4114 -0.3694
vn 0.9902 -0.0294 0.1368
vn 0.9438 -0.3107 0.1132
vn 0.7151 -0.5486 -0.4332
vn 0.9374 0.0109 -0.3480
vn 0.8742 0.3711 0.3133
vn 0.6201 0.6079 0.4958
vn 0.9342 0.3543 -0.0426
vn 0.6399 0.5445 0.5423
vn 0.9741 0.2118 0.0796
vn 0.8309 -0.2255 -0.5087
vn 0.7100 -0.2214 -0.6685
vn 0.9290 0.0278 -0.3690
vn 0.9428 0.3084 -0.1263
vn 0.9829 0.1832 0.0208
vn 0.8455 -0.2983 -0.4429
vn 0.9262 -0.3116 0.2125
vn 0.9392 -0.3190 0.1273
vn 0.9757 -0.1990 0.0920
vn 0.9914 0.0769 0.1057
vn 0.9512 0.2561 -0.1721
vn 0.9208 0.3411 -0.1891
vn 0.9742 0.2202 -0.0484
vn 0.3768 0.8254 -0.4205
vn -0.0000 0.8910 -0.4540
vn 0.3768 0.7494 -0.5445
vn -0.0000 0.8090 -0.5878
vn 0.3768 0.6550 -0.6550
vn 0.3768 0.5445 -0.7494
vn -0.0000 0.5878 -0.8090
vn 0.9604 0.0861 -0.2650
vn 0.9604 0.0000 -0.2787
vn 0.0349 -0.0000 -0.9994
vn 0.0349 0.3088 -0.9505
vn 0.3137 0.2934 -0.9031
vn 0.3133 -0.0016 -0.9497
vn 0.9847 -0.0538 0.1656
vn 0.9431 -0.1028 0.3163
vn 0.9847 0.0000 0.1742
vn 0.9431 -0.0000 0.3326
vn 0.9489 0.0975 -0.3000
vn 0.9491 -0.0015 -0.3150
vn 0.7101 0.2180 -0.6695
vn 0.7100 0.0035 -0.7042
vn 0.9604 -0.0861 -0.2650
vn 0.9604 -0.1638 -0.2254
vn 0.0349 -0.5874 -0.8085
vn 0.0349 -0.3088 -0.9505
vn 0.3137 -0.2934 -0.9031
vn 0.3133 -0.5595 -0.7674
vn 0.9847 0.0538 0.1656
vn 0.9431 0.1028 0.3163
vn 0.9847 0.1024 0.1409
vn 0.9431 0.1955 0.2691
vn 0.9489 -0.0975 -0.3000
vn 0.9491 -0.1863 -0.2539
vn 0.7101 -0.2171 -0.6698
vn 0.7100 -0.4111 -0.5718
vn 0.1472 -0.4490 0.8813
vn 0.5234 -0.3868 0.7592
vn 0.1472 -0.3057 0.9407
vn 0.5234 -0.2633 0.8104
vn 0.1472 -0.1547 0.9769
vn 0.5234 -0.1333 0.8416
vn 0.1472 -0.0000 0.9891
vn 0.5234 -0.0000 0.8521
vn 0.9543 -0.1357 0.2663
vn 0.9174 0.1807 -0.3547
vn 0.9543 -0.0924 0.2842
vn 0.9174 0.1230 -0.3786
vn 0.9543 -0.0468 0.2952
vn 0.9174 0.0623 -0.3931
vn 0.9543 -0.0000 0.2989
vn 0.9174 0.0000 -0.3980
vn 0.5805 0.5174 0.6287
vn 0.5424 0.6000 0.5880
vn 0.8040 0.2690 0.5303
vn 0.8699 0.0453 0.4911
vn 0.8132 -0.5577 0.1665
vn 0.5623 -0.8268 0.0131
vn 0.6197 -0.7848 -0.0110
vn 0.8588 -0.4972 0.1233
vn 0.9657 0.2002 0.1654
vn 0.6754 0.6396 0.3671
vn 0.6018 0.5144 0.6110
vn 0.9381 0.0248 0.3453
vn 0.8332 -0.5500 -0.0570
vn 0.9902 0.0566 0.1279
vn 0.9438 -0.1848 0.2742
vn 0.7151 -0.6985 -0.0280
vn 0.9374 -0.1957 -0.2880
vn 0.8742 0.4844 0.0353
vn 0.6201 0.7833 0.0438
vn 0.9342 0.2616 -0.2427
vn 0.6399 0.7592 0.1187
vn 0.9741 0.2182 -0.0601
vn 0.8309 -0.4814 -0.2790
vn 0.7100 -0.5720 -0.4107
vn 0.9290 -0.1944 -0.3149
vn 0.9428 0.1752 -0.2835
vn 0.9829 0.1604 -0.0908
vn 0.8455 -0.5017 -0.1830
vn 0.9262 -0.1272 0.3551
vn 0.9392 -0.1833 0.2905
vn 0.9757 -0.1069 0.1914
vn 0.9914 0.1243 0.0404
vn 0.9512 0.1061 -0.2898
vn 0.9208 0.1648 -0.3535
vn 0.9742 0.1497 -0.1686
vn 0.3768 0.4205 -0.8253
vn -0.0000 0.4540 -0.8910
vn 0.3768 0.2862 -0.8810
vn -0.0000 0.3090 -0.9511
vn 0.3768 0.1449 -0.9149
vn -0.0000 0.1564 -0.9877
vn 0.3768 0.0000 -0.9263
vn 0.1472 0.1547 0.9769
vn 0.5234 0.1333 0.8416
vn 0.1472 0.3056 0.9407
vn 0.5234 0.2633 0.8104
vn 0.1472 0.4490 0.8813
vn 0.5234 0.3868 0.7592
vn 0.1472 0.5814 0.8002
vn 0.5234 0.5008 0.6893
vn 0.9543 0.0468 0.2952
vn 0.9174 -0.0623 -0.3931
vn 0.9543 0.0924 0.2842
vn 0.9174 -0.1230 -0.3786
vn 0.9543 0.1357 0.2663
vn 0.9174 -0.1807 -0.3547
vn 0.9543 0.1757 0.2418
vn 0.9174 -0.2340 -0.3220
vn 0.5805 0.7881 0.2045
vn 0.5425 0.8310 0.1230
vn 0.8040 0.5294 0.2709
vn 0.8699 0.3253 0.3706
vn 0.8132 -0.3534 0.4625
vn 0.5623 -0.6612 0.4966
vn 0.6197 -0.6413 0.4524
vn 0.8588 -0.3298 0.3920
vn 0.9657 0.2592 0.0161
vn 0.6754 0.7332 -0.0789
vn 0.6018 0.7753 0.1919
vn 0.9381 0.2230 0.2648
vn 0.8332 -0.4785 0.2772
vn 0.9902 0.1210 0.0703
vn 0.9438 0.0116 0.3304
vn 0.7151 -0.5816 0.3879
vn 0.9374 -0.3276 -0.1179
vn 0.8742 0.4126 -0.2561
vn 0.6201 0.6594 -0.4250
vn 0.9342 0.0689 -0.3501
vn 0.6399 0.6840 -0.3502
vn 0.9741 0.1412 -0.1769
vn 0.8309 -0.5535 0.0572
vn 0.7100 -0.7042 0.0040
vn 0.9290 -0.3424 -0.1405
vn 0.9428 -0.0249 -0.3323
vn 0.9829 0.0764 -0.1678
vn 0.8455 -0.5134 0.1468
vn 0.9262 0.1058 0.3620
vn 0.9392 0.0225 0.3428
vn 0.9757 0.0260 0.2177
vn 0.9914 0.1243 -0.0404
vn 0.9512 -0.0845 -0.2968
vn 0.9208 -0.0745 -0.3828
vn 0.9742 0.0220 -0.2244
vn 0.3768 -0.1449 -0.9149
vn 0.0000 -0.1564 -0.9877
vn 0.3768 -0.2862 -0.8810
vn -0.0000 -0.3090 -0.9511
vn 0.3768 -0.4205 -0.8253
vn 0.0000 -0.4540 -0.8910
vn 0.3768 -0.5445 -0.7494
vn -0.0000 -0.5878 -0.8090
vn 0.9604 -0.2254 -0.1638
vn 0.9604 -0.2650 -0.0861
vn 0.0349 -0.9505 -0.3088
vn 0.0349 -0.8085 -0.5874
vn 0.3137 -0.7682 -0.5581
vn 0.3133 -0.9037 -0.2920
vn 0.9847 0.1409 0.1024
vn 0.9431 0.2691 0.1955
vn 0.9847 0.1656 0.0538
vn 0.9431 0.3163 0.1028
vn 0.9489 -0.2552 -0.1854
vn 0.9491 -0.3000 -0.0959
vn 0.7101 -0.5694 -0.4143
vn 0.7100 -0.6687 -0.2209
vn 0.9604 -0.2787 -0.0000
vn 0.9604 -0.2650 0.0861
vn 0.0349 -0.9505 0.3088
vn 0.0349 -0.9994 -0.0000
vn 0.3137 -0.9495 -0.0000
vn 0.3133 -0.9027 0.2950
vn 0.9847 0.1742 -0.0000
vn 0.9431 0.3326 0.0000
vn 0.9847 0.1656 -0.0538
vn 0.9431 0.3163 -0.1028
vn 0.9489 -0.3155 -0.0000
vn 0.9491 -0.2991 0.0987
vn 0.7101 -0.7041 -0.0005
vn 0.7100 -0.6708 0.2143
vn 0.1472 0.6994 0.6994
vn 0.5234 0.6025 0.6025
vn 0.1472 0.8002 0.5814
vn 0.5234 0.6893 0.5008
vn 0.1472 0.8813 0.4490
vn 0.5234 0.7592 0.3868
vn 0.1472 0.9407 0.3057
vn 0.5234 0.8104 0.2633
vn 0.9543 0.2113 0.2113
vn 0.9174 -0.2815 -0.2815
vn 0.9543 0.2418 0.1757
vn 0.9174 -0.3220 -0.2340
vn 0.9543 0.2663 0.1357
vn 0.9174 -0.3547 -0.1807
vn 0.9543 0.2842 0.0924
vn 0.9174 -0.3786 -0.1230
vn 0.5805 0.7578 -0.2978
vn 0.5424 0.7446 -0.3889
vn 0.8040 0.5875 -0.0920
vn 0.8699 0.4810 0.1086
vn 0.8132 -0.0140 0.5819
vn 0.5623 -0.2430 0.7904
vn 0.6197 -0.2529 0.7430
vn 0.8588 -0.0364 0.5109
vn 0.9657 0.2192 -0.1393
vn 0.6754 0.5468 -0.4948
vn 0.6018 0.7400 -0.3004
vn 0.9381 0.3361 0.0832
vn 0.8332 -0.2242 0.5055
vn 0.9902 0.1392 -0.0143
vn 0.9438 0.2036 0.2605
vn 0.7151 -0.2425 0.6557
vn 0.9374 -0.3344 0.0972
vn 0.8742 0.1833 -0.4497
vn 0.6201 0.2837 -0.7314
vn 0.9342 -0.1500 -0.3238
vn 0.6399 0.3475 -0.6854
vn 0.9741 0.0102 -0.2261
vn 0.8309 -0.4141 0.3716
vn 0.7100 -0.5674 0.4171
vn 0.9290 -0.3596 0.0876
vn 0.9428 -0.2154 -0.2542
vn 0.9829 -0.0368 -0.1806
vn 0.8455 -0.3290 0.4206
vn 0.9262 0.2984 0.2307
vn 0.9392 0.2197 0.2641
vn 0.9757 0.1490 0.1608
vn 0.9914 0.0768 -0.1058
vn 0.9512 -0.2428 -0.1904
vn 0.9208 -0.2853 -0.2660
vn 0.9742 -0.1141 -0.1945
vn 0.3768 -0.6550 -0.6550
vn 0.3768 -0.7494 -0.5445
vn -0.0000 -0.8090 -0.5878
vn 0.3768 -0.8253 -0.4205
vn -0.0000 -0.8910 -0.4540
vn 0.3768 -0.8810 -0.2862
vn -0.0000 -0.9511 -0.3090
vn 0.1472 0.9769 0.1547
vn 0.5234 0.8416 0.1333
vn 0.1472 0.9891 0.0000
vn 0.5234 0.8521 0.0000
vn 0.1472 0.9769 -0.1547
vn 0.5234 0.8416 -0.1333
vn 0.1472 0.9407 -0.3056
vn 0.5234 0.8104 -0.2633
vn 0.9543 0.2952 0.0468
vn 0.9174 -0.3931 -0.0623
vn 0.9543 0.2989 -0.0000
vn 0.9174 -0.3980 -0.0000
vn 0.9543 0.2952 -0.0468
vn 0.9174 -0.3931 0.0623
vn 0.9543 0.2842 -0.0924
vn 0.9174 -0.3786 0.1230
vn 0.5805 0.4381 -0.6863
vn 0.5424 0.3738 -0.7523
vn 0.8040 0.4213 -0.4197
vn 0.8699 0.4530 -0.1949
vn 0.8132 0.3307 0.4790
vn 0.5623 0.2680 0.7823
vn 0.6197 0.2321 0.7498
vn 0.8588 0.2709 0.4348
vn 0.9657 0.0954 -0.2415
vn 0.6754 0.1515 -0.7218
vn 0.6018 0.4221 -0.6780
vn 0.9381 0.3208 -0.1303
vn 0.8332 0.1157 0.5407
vn 0.9902 0.1042 -0.0933
vn 0.9438 0.3178 0.0911
vn 0.7151 0.1892 0.6730
vn 0.9374 -0.2134 0.2752
vn 0.8742 -0.1161 -0.4716
vn 0.6201 -0.2004 -0.7585
vn 0.9342 -0.3117 -0.1738
vn 0.6399 -0.1218 -0.7587
vn 0.9741 -0.1246 -0.1889
vn 0.8309 -0.1166 0.5441
vn 0.7100 -0.2138 0.6710
vn 0.9290 -0.2394 0.2822
vn 0.9428 -0.3237 -0.0790
vn 0.9829 -0.1359 -0.1245
vn 0.8455 -0.0190 0.5336
vn 0.9262 0.3770 0.0112
vn 0.9391 0.3329 0.0845
vn 0.9757 0.2151 0.0426
vn 0.9914 -0.0000 -0.1307
vn 0.9512 -0.3084 -0.0114
vn 0.9208 -0.3871 -0.0475
vn 0.9742 -0.2066 -0.0903
vn 0.3768 -0.9149 -0.1449
vn -0.0000 -0.9877 -0.1564
vn 0.3768 -0.9263 -0.0000
vn 0.3768 -0.9149 0.1449
vn 0.0000 -0.9877 0.1564
vn 0.3768 -0.8810 0.2862
vn 0.0000 -0.9511 0.3090
vn 0.9604 -0.2254 0.1638
vn 0.9604 -0.1638 0.2254
vn 0.0349 -0.5874 0.8085
vn 0.0349 -0.8085 0.5874
vn 0.3137 -0.7682 0.5581
vn 0.3133 -0.5569 0.7692
vn 0.9847 0.1409 -0.1024
vn 0.9431 0.2690 -0.1955
vn 0.9847 0.1024 -0.1409
vn 0.9431 0.1955 -0.2690
vn 0.9489 -0.2552 0.1854
vn 0.9491 -0.1839 0.2557
vn 0.7101 -0.5699 0.4135
vn 0.7100 -0.4167 0.5677
vn 0.9604 -0.0861 0.2650
vn 0.9604 -0.0000 0.2787
vn 0.0349 -0.0000 0.9994
vn 0.0349 -0.3088 0.9505
vn 0.3137 -0.2934 0.9030
vn 0.3133 0.0016 0.9497
vn 0.9847 0.0538 -0.1656
vn 0.9431 0.1028 -0.3163
vn 0.9847 -0.0000 -0.1742
vn 0.9431 0.0000 -0.3326
vn 0.9489 -0.0975 0.3000
vn 0.9491 0.0015 0.3150
vn 0.7101 -0.2180 0.6695
vn 0.7100 -0.0035 0.7042
vn 0.1472 0.8813 -0.4490
vn 0.5234 0.7592 -0.3868
vn 0.1472 0.8002 -0.5814
vn 0.5234 0.6893 -0.5008
vn 0.1472 0.6994 -0.6994
vn 0.5234 0.6025 -0.6025
vn 0.1472 0.5814 -0.8002
vn 0.5234 0.5008 -0.6893
vn 0.9543 0.2663 -0.1357
vn 0.9174 -0.3547 0.1807
vn 0.9543 0.2418 -0.1757
vn 0.9174 -0.3220 0.2340
vn 0.9543 0.2113 -0.2113
vn 0.9174 -0.2815 0.2815
vn 0.9543 0.1757 -0.2418
vn 0.9174 -0.2340 0.3220
vn 0.5805 -0.0490 -0.8128
vn 0.5424 -0.1398 -0.8284
vn 0.8040 0.0941 -0.5872
vn 0.8699 0.2520 -0.4239
vn 0.8132 0.5491 0.1931
vn 0.5623 0.6766 0.4754
vn 0.6197 0.6284 0.4702
vn 0.8588 0.4747 0.1925
vn 0.9657 -0.0648 -0.2515
vn 0.6754 -0.3017 -0.6730
vn 0.6018 -0.0571 -0.7966
vn 0.9381 0.1829 -0.2940
vn 0.8332 0.4114 0.3694
vn 0.9902 0.0294 -0.1368
vn 0.9438 0.3107 -0.1132
vn 0.7151 0.5486 0.4332
vn 0.9374 -0.0109 0.3480
vn 0.8742 -0.3711 -0.3133
vn 0.6201 -0.6079 -0.4958
vn 0.9342 -0.3543 0.0426
vn 0.6399 -0.5445 -0.5423
vn 0.9741 -0.2118 -0.0796
vn 0.8309 0.2255 0.5087
vn 0.7100 0.2214 0.6685
vn 0.9290 -0.0278 0.3690
vn 0.9428 -0.3084 0.1263
vn 0.9829 -0.1832 -0.0208
vn 0.8455 0.2983 0.4429
vn 0.9262 0.3116 -0.2125
vn 0.9392 0.3190 -0.1273
vn 0.9757 0.1990 -0.0920
vn 0.9914 -0.0769 -0.1057
vn 0.9512 -0.2561 0.1721
vn 0.9208 -0.3411 0.1891
vn 0.9742 -0.2202 0.0484
vn 0.3768 -0.8253 0.4205
vn 0.0000 -0.8910 0.4540
vn 0.3768 -0.7494 0.5445
vn -0.0000 -0.8090 0.5878
vn 0.3768 -0.6550 0.6550
vn 0.3768 -0.5445 0.7494
vn -0.0000 -0.5878 0.8090
vn 0.1472 0.4490 -0.8813
vn 0.5234 0.3868 -0.7592
vn 0.1472 0.3057 -0.9407
vn 0.5234 0.2633 -0.8104
vn 0.1472 0.1547 -0.9769
vn 0.5234 0.1333 -0.8416
vn 0.1472 0.0000 -0.9891
vn 0.5234 0.0000 -0.8521
vn 0.9543 0.1357 -0.2663
vn 0.9174 -0.1807 0.3547
vn 0.9543 0.0924 -0.2842
vn 0.9174 -0.1230 0.3786
vn 0.9543 0.0468 -0.2952
vn 0.9174 -0.0623 0.3931
vn 0.9543 0.0000 -0.2989
vn 0.9174 -0.0000 0.3980
vn 0.5805 -0.5174 -0.6287
vn 0.5424 -0.6000 -0.5880
vn 0.8040 -0.2690 -0.5303
vn 0.8699 -0.0453 -0.4911
vn 0.8132 0.5577 -0.1665
vn 0.5623 0.8268 -0.0131
vn 0.6197 0.7848 0.0110
vn 0.8588 0.4972 -0.1233
vn 0.9657 -0.2002 -0.1654
vn 0.6754 -0.6396 -0.3671
vn 0.6018 -0.5144 -0.6110
vn 0.9381 -0.0248 -0.3454
vn 0.8332 0.5500 0.0570
vn 0.9902 -0.0566 -0.1279
vn 0.9438 0.1848 -0.2742
vn 0.7151 0.6985 0.0280
vn 0.9374 0.1957 0.2880
vn 0.8742 -0.4844 -0.0353
vn 0.6201 -0.7833 -0.0438
vn 0.9342 -0.2616 0.2427
vn 0.6399 -0.7592 -0.1187
vn 0.9741 -0.2182 0.0601
vn 0.8309 0.4814 0.2790
vn 0.7100 0.5720 0.4107
vn 0.9290 0.1944 0.3149
vn 0.9428 -0.1752 0.2835
vn 0.9829 -0.1604 0.0908
vn 0.8455 0.5017 0.1830
vn 0.9262 0.1272 -0.3551
vn 0.9391 0.1833 -0.2905
vn 0.9757 0.1069 -0.1914
vn 0.9914 -0.1243 -0.0404
vn 0.9512 -0.1061 0.2898
vn 0.9208 -0.1648 0.3535
vn 0.9742 -0.1497 0.1686
vn 0.3768 -0.4205 0.8253
vn 0.0000 -0.4540 0.8910
vn 0.3768 -0.2862 0.8810
vn -0.0000 -0.3090 0.9511
vn 0.3768 -0.1449 0.9149
vn -0.0000 -0.1564 0.9877
vn 0.3768 -0.0000 0.9263
vn 0.9604 0.0861 0.2650
vn 0.9604 0.1638 0.2254
vn 0.0349 0.5874 0.8085
vn 0.0349 0.3088 0.9505
vn 0.3137 0.2934 0.9030
vn 0.3133 0.5595 0.7674
vn 0.9847 -0.0538 -0.1656
vn 0.9431 -0.1028 -0.3163
vn 0.9847 -0.1024 -0.1409
vn 0.9431 -0.1955 -0.2691
vn 0.9489 0.0975 0.3000
vn 0.9491 0.1863 0.2539
vn 0.7101 0.2171 0.6698
vn 0.7100 0.4111 0.5718
vn 0.9604 0.2254 0.1638
vn 0.0349 0.8085 0.5874
vn 0.3137 0.7682 0.5581
vn 0.9847 -0.1409 -0.1024
vn 0.9431 -0.2690 -0.1955
vn 0.9489 0.2552 0.1854
vn 0.7101 0.5694 0.4143
vn 0.1472 -0.1547 -0.9769
vn 0.5234 -0.1333 -0.8416
vn 0.1472 -0.3056 -0.9407
vn 0.5234 -0.2633 -0.8104
vn 0.1472 -0.4490 -0.8813
vn 0.5234 -0.3868 -0.7592
vn 0.1472 -0.5814 -0.8002
vn 0.5234 -0.5008 -0.6893
vn 0.9543 -0.0468 -0.2952
vn 0.9174 0.0623 0.3931
vn 0.9543 -0.0924 -0.2842
vn 0.9174 0.1230 0.3786
vn 0.9543 -0.1357 -0.2663
vn 0.9174 0.1807 0.3547
vn 0.9543 -0.1757 -0.2418
vn 0.9174 0.2340 0.3220
vn 0.5805 -0.7881 -0.2045
vn 0.5424 -0.8310 -0.1230
vn 0.8040 -0.5293 -0.2709
vn 0.8699 -0.3253 -0.3706
vn 0.8132 0.3534 -0.4625
vn 0.5623 0.6612 -0.4966
vn 0.6197 0.6414 -0.4524
vn 0.8588 0.3298 -0.3920
vn 0.9657 -0.2592 -0.0161
vn 0.6754 -0.7332 0.0789
vn 0.6018 -0.7753 -0.1919
vn 0.9381 -0.2230 -0.2648
vn 0.8332 0.4785 -0.2772
vn 0.9902 -0.1210 -0.0703
vn 0.9438 -0.0116 -0.3304
vn 0.7151 0.5816 -0.3879
vn 0.9374 0.3276 0.1179
vn 0.8742 -0.4126 0.2561
vn 0.6201 -0.6594 0.4250
vn 0.9342 -0.0689 0.3501
vn 0.6399 -0.6840 0.3503
vn 0.9741 -0.1412 0.1769
vn 0.8309 0.5535 -0.0572
vn 0.7100 0.7042 -0.0040
vn 0.9290 0.3424 0.1405
vn 0.9428 0.0249 0.3323
vn 0.9829 -0.0764 0.1678
vn 0.8455 0.5134 -0.1468
vn 0.9262 -0.1058 -0.3620
vn 0.9391 -0.0225 -0.3428
vn 0.9757 -0.0260 -0.2177
vn 0.9914 -0.1243 0.0404
vn 0.9512 0.0845 0.2968
vn 0.9208 0.0745 0.3828
vn 0.9742 -0.0220 0.2244
vn 0.3768 0.1449 0.9149
vn 0.0000 0.1564 0.9877
vn 0.3768 0.2862 0.8810
vn 0.0000 0.3090 0.9511
vn 0.3768 0.4205 0.8253
vn 0.0000 0.4540 0.8910
vn 0.3768 0.5445 0.7494
vn 0.0000 0.5878 0.8090
vn 0.1472 -0.6994 -0.6994
vn 0.5234 -0.6025 -0.6025
vn 0.1472 -0.8002 -0.5814
vn 0.5234 -0.6893 -0.5008
vn 0.1472 -0.8813 -0.4490
vn 0.5234 -0.7592 -0.3868
vn 0.9543 -0.2113 -0.2113
vn 0.9174 0.2815 0.2815
vn 0.9543 -0.2418 -0.1757
vn 0.9174 0.3220 0.2340
vn 0.9543 -0.2663 -0.1357
vn 0.9174 0.3547 0.1807
vn 0.5805 -0.7578 0.2978
vn 0.5424 -0.7446 0.3889
vn 0.8040 -0.5875 0.0920
vn 0.8699 -0.4810 -0.1086
vn 0.8132 0.0140 -0.5819
vn 0.5623 0.2430 -0.7904
vn 0.6197 0.2529 -0.7430
vn 0.8588 0.0364 -0.5109
vn 0.9657 -0.2192 0.1393
vn 0.6754 -0.5468 0.4948
vn 0.6018 -0.7400 0.3004
vn 0.9381 -0.3361 -0.0832
vn 0.8332 0.2242 -0.5055
vn 0.9902 -0.1392 0.0143
vn 0.9438 -0.2036 -0.2605
vn 0.7151 0.2425 -0.6557
vn 0.9374 0.3344 -0.0972
vn 0.8742 -0.1833 0.4497
vn 0.6201 -0.2837 0.7314
vn 0.9342 0.1500 0.3238
vn 0.6399 -0.3475 0.6854
vn 0.9741 -0.0103 0.2261
vn 0.8309 0.4141 -0.3716
vn 0.7100 0.5674 -0.4171
vn 0.9290 0.3596 -0.0876
vn 0.9428 0.2154 0.2542
vn 0.9829 0.0368 0.1806
vn 0.8455 0.3290 -0.4206
vn 0.9262 -0.2984 -0.2307
vn 0.9391 -0.2197 -0.2641
vn 0.9757 -0.1490 -0.1608
vn 0.9914 -0.0768 0.1058
vn 0.9512 0.2428 0.1904
vn 0.9208 0.2853 0.2660
vn 0.9742 0.1141 0.1945
vn 0.3768 0.6550 0.6550
vn 0.3768 0.7494 0.5445
vn -0.0000 0.8090 0.5878
vn 0.3768 0.8253 0.4205
vn 0.0000 0.8910 0.4540
vn 0.4330 0.9014 -0.0000
vn -0.4076 0.4566 0.7908
vn 0.1472 0.0000 0.9891
vn -0.0000 -0.0000 -1.0000
vn 0.0000 -0.3090 -0.9511
vn 0.0000 -0.5878 -0.8090
vn 0.4076 -0.0000 -0.9132
vn -0.4330 0.0000 -0.9014
vn -0.4330 0.4507 -0.7806
vn 0.4076 0.4566 -0.7908
vn -0.4330 0.7806 -0.4507
vn 0.4077 0.7908 -0.4566
vn -0.4330 0.9014 0.0000
vn 0.4076 0.9132 -0.0000
vn -0.4330 0.7806 0.4507
vn 0.4076 0.7908 0.4566
vn -0.4330 0.4507 0.7806
vn 0.4076 0.4565 0.7908
vn -0.4330 0.0000 0.9014
vn 0.4076 -0.0000 0.9132
vn -0.4330 -0.4507 0.7806
vn 0.4076 -0.4566 0.7908
vn -0.4330 -0.7806 0.4507
vn 0.4076 -0.7908 0.4566
vn -0.4330 -0.9014 0.0000
vn 0.4076 -0.9131 0.0000
vn -0.4330 -0.7806 -0.4507
vn 0.4077 -0.7908 -0.4566
vn -0.4330 -0.4507 -0.7806
vn 0.4077 -0.4566 -0.7908
vn 0.9258 -0.0000 -0.3781
vn 0.9258 0.1891 -0.3275
vn 0.9258 0.1891 0.3275
vn 0.9258 -0.0000 0.3781
vn 0.9258 0.3275 -0.1891
vn 0.9258 0.3781 0.0000
vn 0.9258 0.3275 0.1891
vn 0.9258 -0.1891 0.3275
vn 0.9258 -0.3275 0.1891
vn 0.9258 -0.3781 -0.0000
vn 0.9258 -0.3275 -0.1891
vn 0.9258 -0.1891 -0.3275
vn -0.8189 -0.0000 -0.5739
vn -0.8189 0.2869 -0.4970
vn -0.8189 0.4970 -0.2869
vn -0.8189 0.5739 -0.0000
vn -0.8189 0.4970 0.2869
vn -0.8189 0.2869 0.4970
vn -0.8189 -0.0000 0.5739
vn -0.8189 -0.2869 0.4970
vn -0.8189 -0.4970 0.2869
vn -0.8189 -0.5739 -0.0000
vn -0.8189 -0.4970 -0.2869
vn -0.8189 -0.2869 -0.4970
vn -0.9604 0.2650 0.0861
vn -0.9604 0.2787 -0.0000
vn -0.9604 0.2650 -0.0861
vn -0.0349 0.9505 -0.3088
vn -0.3133 0.9027 -0.2950
vn -0.3137 0.9495 0.0000
vn -0.0349 0.9994 0.0000
vn -0.3133 0.9037 0.2920
vn -0.0349 0.9505 0.3088
vn -0.9431 -0.3163 -0.1028
vn -0.9431 -0.3326 0.0000
vn -0.9847 -0.1742 0.0000
vn -0.9847 -0.1656 -0.0538
vn -0.9431 -0.3163 0.1028
vn -0.9847 -0.1656 0.0538
vn -0.9489 0.3155 -0.0000
vn -0.9491 0.2991 -0.0987
vn -0.7100 0.6708 -0.2143
vn -0.7101 0.7041 0.0005
vn -0.7100 0.6687 0.2209
vn -0.9491 0.3000 0.0959
vn -0.9604 0.2254 -0.1638
vn -0.9604 0.1638 -0.2254
vn -0.0349 0.5874 -0.8085
vn -0.3132 0.5569 -0.7692
vn -0.3137 0.7682 -0.5581
vn -0.0349 0.8085 -0.5874
vn -0.9431 -0.2690 0.1955
vn -0.9847 -0.1409 0.1024
vn -0.9431 -0.1955 0.2690
vn -0.9847 -0.1024 0.1409
vn -0.9489 0.2552 -0.1854
vn -0.9491 0.1839 -0.2557
vn -0.7100 0.4167 -0.5677
vn -0.7101 0.5699 -0.4135
vn -0.5234 -0.8104 -0.2633
vn -0.5234 -0.8416 -0.1333
vn -0.1472 -0.9769 -0.1547
vn -0.1472 -0.9407 -0.3057
vn -0.5234 -0.8521 -0.0000
vn -0.1472 -0.9891 -0.0000
vn -0.5235 -0.8416 0.1333
vn -0.1472 -0.9769 0.1547
vn -0.5235 -0.8104 0.2633
vn -0.1472 -0.9407 0.3056
vn -0.9543 -0.2842 -0.0924
vn -0.9174 0.3786 0.1230
vn -0.9174 0.3931 0.0623
vn -0.9543 -0.2952 -0.0468
vn -0.9174 0.3980 -0.0000
vn -0.9543 -0.2989 -0.0000
vn -0.9174 0.3931 -0.0623
vn -0.9543 -0.2952 0.0468
vn -0.9174 0.3786 -0.1230
vn -0.9543 -0.2842 0.0924
vn -0.5805 -0.4381 0.6863
vn -0.8699 -0.4530 0.1949
vn -0.8040 -0.4213 0.4197
vn -0.5424 -0.3738 0.7523
vn -0.8132 -0.3307 -0.4790
vn -0.8588 -0.2709 -0.4348
vn -0.6197 -0.2321 -0.7498
vn -0.5623 -0.2680 -0.7823
vn -0.9657 -0.0954 0.2415
vn -0.9381 -0.3208 0.1303
vn -0.6018 -0.4221 0.6780
vn -0.6754 -0.1515 0.7218
vn -0.8332 -0.1157 -0.5407
vn -0.7151 -0.1892 -0.6730
vn -0.9438 -0.3178 -0.0911
vn -0.9902 -0.1042 0.0933
vn -0.9374 0.2134 -0.2752
vn -0.9342 0.3117 0.1738
vn -0.6201 0.2004 0.7585
vn -0.8742 0.1161 0.4716
vn -0.9741 0.1246 0.1889
vn -0.6399 0.1218 0.7587
vn -0.8309 0.1166 -0.5441
vn -0.9428 0.3237 0.0790
vn -0.9290 0.2394 -0.2822
vn -0.7100 0.2138 -0.6710
vn -0.8455 0.0190 -0.5336
vn -0.9829 0.1359 0.1245
vn -0.9391 -0.3329 -0.0845
vn -0.9262 -0.3770 -0.0112
vn -0.9914 0.0000 0.1307
vn -0.9757 -0.2151 -0.0426
vn -0.9208 0.3871 0.0475
vn -0.9512 0.3084 0.0114
vn -0.9742 0.2066 0.0903
vn -0.3768 0.9149 0.1449
vn -0.3768 0.8810 0.2862
vn -0.3768 0.9263 0.0000
vn -0.3768 0.9149 -0.1449
vn 0.0000 0.9877 -0.1564
vn -0.3768 0.8810 -0.2862
vn -0.5235 -0.7592 0.3868
vn -0.1472 -0.8813 0.4490
vn -0.5235 -0.6893 0.5008
vn -0.1472 -0.8002 0.5814
vn -0.5234 -0.6025 0.6025
vn -0.1472 -0.6994 0.6994
vn -0.5234 -0.5008 0.6893
vn -0.1472 -0.5814 0.8002
vn -0.9174 0.3547 -0.1807
vn -0.9543 -0.2663 0.1357
vn -0.9174 0.3220 -0.2340
vn -0.9543 -0.2418 0.1757
vn -0.9174 0.2815 -0.2815
vn -0.9543 -0.2113 0.2113
vn -0.9174 0.2340 -0.3220
vn -0.9543 -0.1757 0.2418
vn -0.5805 0.0490 0.8128
vn -0.8699 -0.2520 0.4239
vn -0.8040 -0.0941 0.5872
vn -0.5424 0.1398 0.8284
vn -0.8132 -0.5491 -0.1931
vn -0.8588 -0.4747 -0.1925
vn -0.6197 -0.6284 -0.4702
vn -0.5623 -0.6766 -0.4754
vn -0.9657 0.0648 0.2515
vn -0.9381 -0.1829 0.2940
vn -0.6018 0.0571 0.7966
vn -0.6754 0.3017 0.6730
vn -0.8332 -0.4114 -0.3694
vn -0.7151 -0.5486 -0.4332
vn -0.9438 -0.3107 0.1132
vn -0.9902 -0.0294 0.1368
vn -0.9374 0.0109 -0.3480
vn -0.9342 0.3543 -0.0426
vn -0.6201 0.6079 0.4958
vn -0.8742 0.3711 0.3133
vn -0.9741 0.2118 0.0796
vn -0.6399 0.5445 0.5423
vn -0.8309 -0.2255 -0.5087
vn -0.9428 0.3084 -0.1263
vn -0.9290 0.0278 -0.3690
vn -0.7100 -0.2214 -0.6685
vn -0.8455 -0.2983 -0.4429
vn -0.9829 0.1832 0.0208
vn -0.9392 -0.3190 0.1273
vn -0.9262 -0.3116 0.2125
vn -0.9914 0.0769 0.1057
vn -0.9757 -0.1990 0.0920
vn -0.9208 0.3411 -0.1891
vn -0.9512 0.2561 -0.1721
vn -0.9742 0.2202 -0.0484
vn -0.3768 0.8254 -0.4205
vn 0.0000 0.8910 -0.4540
vn -0.3768 0.7494 -0.5445
vn 0.0000 0.8090 -0.5878
vn -0.3768 0.6550 -0.6550
vn -0.3768 0.5445 -0.7494
vn 0.0000 0.5878 -0.8090
vn -0.9604 0.0861 -0.2650
vn -0.9604 0.0000 -0.2787
vn -0.0349 -0.0000 -0.9994
vn -0.3133 -0.0016 -0.9497
vn -0.3137 0.2934 -0.9031
vn -0.0349 0.3088 -0.9505
vn -0.9431 -0.1028 0.3163
vn -0.9847 -0.0538 0.1656
vn -0.9431 -0.0000 0.3326
vn -0.9847 0.0000 0.1742
vn -0.9489 0.0975 -0.3000
vn -0.9491 -0.0015 -0.3150
vn -0.7100 0.0035 -0.7042
vn -0.7101 0.2180 -0.6695
vn -0.9604 -0.0861 -0.2650
vn -0.9604 -0.1638 -0.2254
vn -0.0349 -0.5874 -0.8085
vn -0.3133 -0.5595 -0.7674
vn -0.3137 -0.2934 -0.9031
vn -0.0349 -0.3088 -0.9505
vn -0.9431 0.1028 0.3163
vn -0.9847 0.0538 0.1656
vn -0.9431 0.1955 0.2691
vn -0.9847 0.1024 0.1409
vn -0.9489 -0.0975 -0.3000
vn -0.9491 -0.1863 -0.2539
vn -0.7100 -0.4111 -0.5718
vn -0.7101 -0.2171 -0.6698
vn -0.5234 -0.3868 0.7592
vn -0.1472 -0.4490 0.8813
vn -0.5234 -0.2633 0.8104
vn -0.1472 -0.3057 0.9407
vn -0.5234 -0.1333 0.8416
vn -0.1472 -0.1547 0.9769
vn -0.5234 -0.0000 0.8521
vn -0.1472 -0.0000 0.9891
vn -0.9174 0.1807 -0.3547
vn -0.9543 -0.1357 0.2663
vn -0.9174 0.1230 -0.3786
vn -0.9543 -0.0924 0.2842
vn -0.9174 0.0623 -0.3931
vn -0.9543 -0.0468 0.2952
vn -0.9174 0.0000 -0.3980
vn -0.9543 -0.0000 0.2989
vn -0.5805 0.5174 0.6287
vn -0.8699 0.0453 0.4911
vn -0.8040 0.2690 0.5303
vn -0.5424 0.6000 0.5880
vn -0.8132 -0.5577 0.1665
vn -0.8588 -0.4972 0.1233
vn -0.6197 -0.7848 -0.0110
vn -0.5623 -0.8268 0.0131
vn -0.9657 0.2002 0.1654
vn -0.9381 0.0248 0.3453
vn -0.6018 0.5144 0.6110
vn -0.6754 0.6396 0.3671
vn -0.8332 -0.5500 -0.0570
vn -0.7151 -0.6985 -0.0280
vn -0.9438 -0.1848 0.2742
vn -0.9902 0.0566 0.1279
vn -0.9374 -0.1957 -0.2880
vn -0.9342 0.2616 -0.2427
vn -0.6201 0.7833 0.0438
vn -0.8742 0.4844 0.0353
vn -0.9741 0.2182 -0.0601
vn -0.6399 0.7592 0.1187
vn -0.8309 -0.4814 -0.2790
vn -0.9428 0.1752 -0.2835
vn -0.9290 -0.1944 -0.3149
vn -0.7100 -0.5720 -0.4107
vn -0.8455 -0.5017 -0.1830
vn -0.9829 0.1604 -0.0908
vn -0.9392 -0.1833 0.2905
vn -0.9262 -0.1272 0.3551
vn -0.9914 0.1243 0.0404
vn -0.9757 -0.1069 0.1914
vn -0.9208 0.1648 -0.3535
vn -0.9512 0.1061 -0.2898
vn -0.9742 0.1497 -0.1686
vn -0.3768 0.4205 -0.8253
vn 0.0000 0.4540 -0.8910
vn -0.3768 0.2862 -0.8810
vn 0.0000 0.3090 -0.9511
vn -0.3768 0.1449 -0.9149
vn 0.0000 0.1564 -0.9877
vn -0.3768 0.0000 -0.9263
vn -0.5234 0.1333 0.8416
vn -0.1472 0.1547 0.9769
vn -0.5234 0.2633 0.8104
vn -0.1472 0.3056 0.9407
vn -0.5234 0.3868 0.7592
vn -0.1472 0.4490 0.8813
vn -0.5234 0.5008 0.6893
vn -0.1472 0.5814 0.8002
vn -0.9174 -0.0623 -0.3931
vn -0.9543 0.0468 0.2952
vn -0.9174 -0.1230 -0.3786
vn -0.9543 0.0924 0.2842
vn -0.9174 -0.1807 -0.3547
vn -0.9543 0.1357 0.2663
vn -0.9174 -0.2340 -0.3220
vn -0.9543 0.1757 0.2418
vn -0.5805 0.7881 0.2045
vn -0.8699 0.3253 0.3706
vn -0.8040 0.5294 0.2709
vn -0.5425 0.8310 0.1230
vn -0.8132 -0.3534 0.4625
vn -0.8588 -0.3298 0.3920
vn -0.6197 -0.6413 0.4524
vn -0.5623 -0.6612 0.4966
vn -0.9657 0.2592 0.0161
vn -0.9381 0.2230 0.2648
vn -0.6018 0.7753 0.1919
vn -0.6754 0.7332 -0.0789
vn -0.8332 -0.4785 0.2772
vn -0.7151 -0.5816 0.3879
vn -0.9438 0.0116 0.3304
vn -0.9902 0.1210 0.0703
vn -0.9374 -0.3276 -0.1179
vn -0.9342 0.0689 -0.3501
vn -0.6201 0.6594 -0.4250
vn -0.8742 0.4126 -0.2561
vn -0.9741 0.1412 -0.1769
vn -0.6399 0.6840 -0.3502
vn -0.8309 -0.5535 0.0572
vn -0.9428 -0.0249 -0.3323
vn -0.9290 -0.3424 -0.1405
vn -0.7100 -0.7042 0.0040
vn -0.8455 -0.5134 0.1468
vn -0.9829 0.0764 -0.1678
vn -0.9392 0.0225 0.3428
vn -0.9262 0.1058 0.3620
vn -0.9914 0.1243 -0.0404
vn -0.9757 0.0260 0.2177
vn -0.9208 -0.0745 -0.3828
vn -0.9512 -0.0845 -0.2968
vn -0.9742 0.0220 -0.2244
vn -0.3768 -0.1449 -0.9149
vn -0.0000 -0.1564 -0.9877
vn -0.3768 -0.2862 -0.8810
vn -0.3768 -0.4205 -0.8253
vn -0.0000 -0.4540 -0.8910
vn -0.3768 -0.5445 -0.7494
vn -0.9604 -0.2254 -0.1638
vn -0.9604 -0.2650 -0.0861
vn -0.0349 -0.9505 -0.3088
vn -0.3133 -0.9037 -0.2920
vn -0.3137 -0.7682 -0.5581
vn -0.0349 -0.8085 -0.5874
vn -0.9431 0.2691 0.1955
vn -0.9847 0.1409 0.1024
vn -0.9431 0.3163 0.1028
vn -0.9847 0.1656 0.0538
vn -0.9489 -0.2552 -0.1854
vn -0.9491 -0.3000 -0.0959
vn -0.7100 -0.6687 -0.2209
vn -0.7101 -0.5694 -0.4143
vn -0.9604 -0.2787 -0.0000
vn -0.9604 -0.2650 0.0861
vn -0.0349 -0.9505 0.3088
vn -0.3133 -0.9027 0.2950
vn -0.3137 -0.9495 -0.0000
vn -0.0349 -0.9994 -0.0000
vn -0.9431 0.3326 0.0000
vn -0.9847 0.1742 -0.0000
vn -0.9431 0.3163 -0.1028
vn -0.9847 0.1656 -0.0538
vn -0.9489 -0.3155 -0.0000
vn -0.9491 -0.2991 0.0987
vn -0.7100 -0.6708 0.2143
vn -0.7101 -0.7041 -0.0005
vn -0.5234 0.6025 0.6025
vn -0.1472 0.6994 0.6994
vn -0.5234 0.6893 0.5008
vn -0.1472 0.8002 0.5814
vn -0.5234 0.7592 0.3868
vn -0.1472 0.8813 0.4490
vn -0.5234 0.8104 0.2633
vn -0.1472 0.9407 0.3057
vn -0.9174 -0.2815 -0.2815
vn -0.9543 0.2113 0.2113
vn -0.9174 -0.3220 -0.2340
vn -0.9543 0.2418 0.1757
vn -0.9174 -0.3547 -0.1807
vn -0.9543 0.2663 0.1357
vn -0.9174 -0.3786 -0.1230
vn -0.9543 0.2842 0.0924
vn -0.5805 0.7578 -0.2978
vn -0.8699 0.4810 0.1086
vn -0.8040 0.5875 -0.0920
vn -0.5424 0.7446 -0.3889
vn -0.8132 -0.0140 0.5819
vn -0.8588 -0.0364 0.5109
vn -0.6197 -0.2529 0.7430
vn -0.5623 -0.2430 0.7904
vn -0.9657 0.2192 -0.1393
vn -0.9381 0.3361 0.0832
vn -0.6018 0.7400 -0.3004
vn -0.6754 0.5468 -0.4948
vn -0.8332 -0.2242 0.5055
vn -0.7151 -0.2425 0.6557
vn -0.9438 0.2036 0.2605
vn -0.9902 0.1392 -0.0143
vn -0.9374 -0.3344 0.0972
vn -0.9342 -0.1500 -0.3238
vn -0.6201 0.2837 -0.7314
vn -0.8742 0.1833 -0.4497
vn -0.9741 0.0102 -0.2261
vn -0.6399 0.3475 -0.6854
vn -0.8309 -0.4141 0.3716
vn -0.9428 -0.2154 -0.2542
vn -0.9290 -0.3596 0.0876
vn -0.7100 -0.5674 0.4171
vn -0.8455 -0.3290 0.4206
vn -0.9829 -0.0368 -0.1806
vn -0.9392 0.2197 0.2641
vn -0.9262 0.2984 0.2307
vn -0.9914 0.0768 -0.1058
vn -0.9757 0.1490 0.1608
vn -0.9208 -0.2853 -0.2660
vn -0.9512 -0.2428 -0.1904
vn -0.9742 -0.1141 -0.1945
vn -0.3768 -0.6550 -0.6550
vn -0.3768 -0.7494 -0.5445
vn 0.0000 -0.8090 -0.5878
vn -0.3768 -0.8253 -0.4205
vn 0.0000 -0.8910 -0.4540
vn -0.3768 -0.8810 -0.2862
vn 0.0000 -0.9511 -0.3090
vn -0.5234 0.8416 0.1333
vn -0.1472 0.9769 0.1547
vn -0.5234 0.8521 0.0000
vn -0.1472 0.9891 0.0000
vn -0.5234 0.8416 -0.1333
vn -0.1472 0.9769 -0.1547
vn -0.5234 0.8104 -0.2633
vn -0.1472 0.9407 -0.3056
vn -0.9174 -0.3931 -0.0623
vn -0.9543 0.2952 0.0468
vn -0.9174 -0.3980 -0.0000
vn -0.9543 0.2989 -0.0000
vn -0.9174 -0.3931 0.0623
vn -0.9543 0.2952 -0.0468
vn -0.9174 -0.3786 0.1230
vn -0.9543 0.2842 -0.0924
vn -0.5805 0.4381 -0.6863
vn -0.8699 0.4530 -0.1949
vn -0.8040 0.4213 -0.4197
vn -0.5424 0.3738 -0.7523
vn -0.8132 0.3307 0.4790
vn -0.8588 0.2709 0.4348
vn -0.6197 0.2321 0.7498
vn -0.5623 0.2680 0.7823
vn -0.9657 0.0954 -0.2415
vn -0.9381 0.3208 -0.1303
vn -0.6018 0.4221 -0.6780
vn -0.6754 0.1515 -0.7218
vn -0.8332 0.1157 0.5407
vn -0.7151 0.1892 0.6730
vn -0.9438 0.3178 0.0911
vn -0.9902 0.1042 -0.0933
vn -0.9374 -0.2134 0.2752
vn -0.9342 -0.3117 -0.1738
vn -0.6201 -0.2004 -0.7585
vn -0.8742 -0.1161 -0.4716
vn -0.9741 -0.1246 -0.1889
vn -0.6399 -0.1218 -0.7587
vn -0.8309 -0.1166 0.5441
vn -0.9428 -0.3237 -0.0790
vn -0.9290 -0.2394 0.2822
vn -0.7100 -0.2138 0.6710
vn -0.8455 -0.0190 0.5336
vn -0.9829 -0.1359 -0.1245
vn -0.9391 0.3329 0.0845
vn -0.9262 0.3770 0.0112
vn -0.9914 -0.0000 -0.1307
vn -0.9757 0.2151 0.0426
vn -0.9208 -0.3871 -0.0475
vn -0.9512 -0.3084 -0.0114
vn -0.9742 -0.2066 -0.0903
vn -0.3768 -0.9149 -0.1449
vn 0.0000 -0.9877 -0.1564
vn -0.3768 -0.9263 -0.0000
vn -0.3768 -0.9149 0.1449
vn -0.0000 -0.9877 0.1564
vn -0.3768 -0.8810 0.2862
vn -0.0000 -0.9511 0.3090
vn -0.9604 -0.2254 0.1638
vn -0.9604 -0.1638 0.2254
vn -0.0349 -0.5874 0.8085
vn -0.3133 -0.5569 0.7692
vn -0.3137 -0.7682 0.5581
vn -0.0349 -0.8085 0.5874
vn -0.9431 0.2690 -0.1955
vn -0.9847 0.1409 -0.1024
vn -0.9431 0.1955 -0.2690
vn -0.9847 0.1024 -0.1409
vn -0.9489 -0.2552 0.1854
vn -0.9491 -0.1839 0.2557
vn -0.7100 -0.4167 0.5677
vn -0.7101 -0.5699 0.4135
vn -0.9604 -0.0861 0.2650
vn -0.9604 -0.0000 0.2787
vn -0.0349 -0.0000 0.9994
vn -0.3133 0.0016 0.9497
vn -0.3137 -0.2934 0.9030
vn -0.0349 -0.3088 0.9505
vn -0.9431 0.1028 -0.3163
vn -0.9847 0.0538 -0.1656
vn -0.9431 0.0000 -0.3326
vn -0.9847 -0.0000 -0.1742
vn -0.9489 -0.0975 0.3000
vn -0.9491 0.0015 0.3150
vn -0.7100 -0.0035 0.7042
vn -0.7101 -0.2180 0.6695
vn -0.5234 0.7592 -0.3868
vn -0.1472 0.8813 -0.4490
vn -0.5234 0.6893 -0.5008
vn -0.1472 0.8002 -0.5814
vn -0.5234 0.6025 -0.6025
vn -0.1472 0.6994 -0.6994
vn -0.5234 0.5008 -0.6893
vn -0.1472 0.5814 -0.8002
vn -0.9174 -0.3547 0.1807
vn -0.9543 0.2663 -0.1357
vn -0.9174 -0.3220 0.2340
vn -0.9543 0.2418 -0.1757
vn -0.9174 -0.2815 0.2815
vn -0.9543 0.2113 -0.2113
vn -0.9174 -0.2340 0.3220
vn -0.9543 0.1757 -0.2418
vn -0.5805 -0.0490 -0.8128
vn -0.8699 0.2520 -0.4239
vn -0.8040 0.0941 -0.5872
vn -0.5424 -0.1398 -0.8284
vn -0.8132 0.5491 0.1931
vn -0.8588 0.4747 0.1925
vn -0.6197 0.6284 0.4702
vn -0.5623 0.6766 0.4754
vn -0.9657 -0.0648 -0.2515
vn -0.9381 0.1829 -0.2940
vn -0.6018 -0.0571 -0.7966
vn -0.6754 -0.3017 -0.6730
vn -0.8332 0.4114 0.3694
vn -0.7151 0.5486 0.4332
vn -0.9438 0.3107 -0.1132
vn -0.9902 0.0294 -0.1368
vn -0.9374 -0.0109 0.3480
vn -0.9342 -0.3543 0.0426
vn -0.6201 -0.6079 -0.4958
vn -0.8742 -0.3711 -0.3133
vn -0.9741 -0.2118 -0.0796
vn -0.6399 -0.5445 -0.5423
vn -0.8309 0.2255 0.5087
vn -0.9428 -0.3084 0.1263
vn -0.9290 -0.0278 0.3690
vn -0.7100 0.2214 0.6685
vn -0.8455 0.2983 0.4429
vn -0.9829 -0.1832 -0.0208
vn -0.9392 0.3190 -0.1273
vn -0.9262 0.3116 -0.2125
vn -0.9914 -0.0769 -0.1057
vn -0.9757 0.1990 -0.0920
vn -0.9208 -0.3411 0.1891
vn -0.9512 -0.2561 0.1721
vn -0.9742 -0.2202 0.0484
vn -0.3768 -0.8253 0.4205
vn -0.0000 -0.8910 0.4540
vn -0.3768 -0.7494 0.5445
vn 0.0000 -0.8090 0.5878
vn -0.3768 -0.6550 0.6550
vn -0.3768 -0.5445 0.7494
vn 0.0000 -0.5878 0.8090
vn -0.5234 0.3868 -0.7592
vn -0.1472 0.4490 -0.8813
vn -0.5234 0.2633 -0.8104
vn -0.1472 0.3057 -0.9407
vn -0.5234 0.1333 -0.8416
vn -0.1472 0.1547 -0.9769
vn -0.5234 0.0000 -0.8521
vn -0.1472 0.0000 -0.9891
vn -0.9174 -0.1807 0.3547
vn -0.9543 0.1357 -0.2663
vn -0.9174 -0.1230 0.3786
vn -0.9543 0.0924 -0.2842
vn -0.9174 -0.0623 0.3931
vn -0.9543 0.0468 -0.2952
vn -0.9174 -0.0000 0.3980
vn -0.9543 0.0000 -0.2989
vn -0.5805 -0.5174 -0.6287
vn -0.8699 -0.0453 -0.4911
vn -0.8040 -0.2690 -0.5303
vn -0.5424 -0.6000 -0.5880
vn -0.8132 0.5577 -0.1665
vn -0.8588 0.4972 -0.1233
vn -0.6197 0.7848 0.0110
vn -0.5623 0.8268 -0.0131
vn -0.9657 -0.2002 -0.1654
vn -0.9381 -0.0248 -0.3454
vn -0.6018 -0.5144 -0.6110
vn -0.6754 -0.6396 -0.3671
vn -0.8332 0.5500 0.0570
vn -0.7151 0.6985 0.0280
vn -0.9438 0.1848 -0.2742
vn -0.9902 -0.0566 -0.1279
vn -0.9374 0.1957 0.2880
vn -0.9342 -0.2616 0.2427
vn -0.6201 -0.7833 -0.0438
vn -0.8742 -0.4844 -0.0353
vn -0.9741 -0.2182 0.0601
vn -0.6399 -0.7592 -0.1187
vn -0.8309 0.4814 0.2790
vn -0.9428 -0.1752 0.2835
vn -0.9290 0.1944 0.3149
vn -0.7100 0.5720 0.4107
vn -0.8455 0.5017 0.1830
vn -0.9829 -0.1604 0.0908
vn -0.9391 0.1833 -0.2905
vn -0.9262 0.1272 -0.3551
vn -0.9914 -0.1243 -0.0404
vn -0.9757 0.1069 -0.1914
vn -0.9208 -0.1648 0.3535
vn -0.9512 -0.1061 0.2898
vn -0.9742 -0.1497 0.1686
vn -0.3768 -0.4205 0.8253
vn -0.0000 -0.4540 0.8910
vn -0.3768 -0.2862 0.8810
vn 0.0000 -0.3090 0.9511
vn -0.3768 -0.1449 0.9149
vn 0.0000 -0.1564 0.9877
vn -0.3768 -0.0000 0.9263
vn -0.9604 0.0861 0.2650
vn -0.9604 0.1638 0.2254
vn -0.0349 0.5874 0.8085
vn -0.3133 0.5595 0.7674
vn -0.3137 0.2934 0.9030
vn -0.0349 0.3088 0.9505
vn -0.9431 -0.1028 -0.3163
vn -0.9847 -0.0538 -0.1656
vn -0.9431 -0.1955 -0.2691
vn -0.9847 -0.1024 -0.1409
vn -0.9489 0.0975 0.3000
vn -0.9491 0.1863 0.2539
vn -0.7100 0.4111 0.5718
vn -0.7101 0.2171 0.6698
vn -0.9604 0.2254 0.1638
vn -0.3137 0.7682 0.5581
vn -0.0349 0.8085 0.5874
vn -0.9431 -0.2690 -0.1955
vn -0.9847 -0.1409 -0.1024
vn -0.9489 0.2552 0.1854
vn -0.7101 0.5694 0.4143
vn -0.5234 -0.1333 -0.8416
vn -0.1472 -0.1547 -0.9769
vn -0.5234 -0.2633 -0.8104
vn -0.1472 -0.3056 -0.9407
vn -0.5234 -0.3868 -0.7592
vn -0.1472 -0.4490 -0.8813
vn -0.5234 -0.5008 -0.6893
vn -0.1472 -0.5814 -0.8002
vn -0.9174 0.0623 0.3931
vn -0.9543 -0.0468 -0.2952
vn -0.9174 0.1230 0.3786
vn -0.9543 -0.0924 -0.2842
vn -0.9174 0.1807 0.3547
vn -0.9543 -0.1357 -0.2663
vn -0.9174 0.2340 0.3220
vn -0.9543 -0.1757 -0.2418
vn -0.5805 -0.7881 -0.2045
vn -0.8699 -0.3253 -0.3706
vn -0.8040 -0.5293 -0.2709
vn -0.5424 -0.8310 -0.1230
vn -0.8132 0.3534 -0.4625
vn -0.8588 0.3298 -0.3920
vn -0.6197 0.6414 -0.4524
vn -0.5623 0.6612 -0.4966
vn -0.9657 -0.2592 -0.0161
vn -0.9381 -0.2230 -0.2648
vn -0.6018 -0.7753 -0.1919
vn -0.6754 -0.7332 0.0789
vn -0.8332 0.4785 -0.2772
vn -0.7151 0.5816 -0.3879
vn -0.9438 -0.0116 -0.3304
vn -0.9902 -0.1210 -0.0703
vn -0.9374 0.3276 0.1179
vn -0.9342 -0.0689 0.3501
vn -0.6201 -0.6594 0.4250
vn -0.8742 -0.4126 0.2561
vn -0.9741 -0.1412 0.1769
vn -0.6399 -0.6840 0.3503
vn -0.8309 0.5535 -0.0572
vn -0.9428 0.0249 0.3323
vn -0.9290 0.3424 0.1405
vn -0.7100 0.7042 -0.0040
vn -0.8455 0.5134 -0.1468
vn -0.9829 -0.0764 0.1678
vn -0.9391 -0.0225 -0.3428
vn -0.9262 -0.1058 -0.3620
vn -0.9914 -0.1243 0.0404
vn -0.9757 -0.0260 -0.2177
vn -0.9208 0.0745 0.3828
vn -0.9512 0.0845 0.2968
vn -0.9742 -0.0220 0.2244
vn -0.3768 0.1449 0.9149
vn -0.0000 0.1564 0.9877
vn -0.3768 0.2862 0.8810
vn -0.0000 0.3090 0.9511
vn -0.3768 0.4205 0.8253
vn -0.0000 0.4540 0.8910
vn -0.3768 0.5445 0.7494
vn -0.5234 -0.6025 -0.6025
vn -0.1472 -0.6994 -0.6994
vn -0.5234 -0.6893 -0.5008
vn -0.1472 -0.8002 -0.5814
vn -0.5234 -0.7592 -0.3868
vn -0.1472 -0.8813 -0.4490
vn -0.9174 0.2815 0.2815
vn -0.9543 -0.2113 -0.2113
vn -0.9174 0.3220 0.2340
vn -0.9543 -0.2418 -0.1757
vn -0.9174 0.3547 0.1807
vn -0.9543 -0.2663 -0.1357
vn -0.5805 -0.7578 0.2978
vn -0.8699 -0.4810 -0.1086
vn -0.8040 -0.5875 0.0920
vn -0.5424 -0.7446 0.3889
vn -0.8132 0.0140 -0.5819
vn -0.8588 0.0364 -0.5109
vn -0.6197 0.2529 -0.7430
vn -0.5623 0.2430 -0.7904
vn -0.9657 -0.2192 0.1393
vn -0.9381 -0.3361 -0.0832
vn -0.6018 -0.7400 0.3004
vn -0.6754 -0.5468 0.4948
vn -0.8332 0.2242 -0.5055
vn -0.7151 0.2425 -0.6557
vn -0.9438 -0.2036 -0.2605
vn -0.9902 -0.1392 0.0143
vn -0.9374 0.3344 -0.0972
vn -0.9342 0.1500 0.3238
vn -0.6201 -0.2837 0.7314
vn -0.8742 -0.1833 0.4497
vn -0.9741 -0.0103 0.2261
vn -0.6399 -0.3475 0.6854
vn -0.8309 0.4141 -0.3716
vn -0.9428 0.2154 0.2542
vn -0.9290 0.3596 -0.0876
vn -0.7100 0.5674 -0.4171
vn -0.8455 0.3290 -0.4206
vn -0.9829 0.0368 0.1806
vn -0.9391 -0.2197 -0.2641
vn -0.9262 -0.2984 -0.2307
vn -0.9914 -0.0768 0.1058
vn -0.9757 -0.1490 -0.1608
vn -0.9208 0.2853 0.2660
vn -0.9512 0.2428 0.1904
vn -0.9742 0.1141 0.1945
vn -0.3768 0.6550 0.6550
vn -0.3768 0.7494 0.5445
vn 0.0000 0.8090 0.5878
vn -0.3768 0.8253 0.4205
vn -0.4330 0.9014 -0.0000
vn 0.4076 0.4566 0.7908
vn -0.1472 0.0000 0.9891
vn 0.0000 -0.0000 -1.0000
# 5340 vertex normals

vt 0.2383 0.5892 0.0000
vt 0.2756 0.5887 0.0000
vt 0.2767 0.6291 0.0000
vt 0.2388 0.6271 0.0000
vt 0.0512 0.6333 0.0000
vt 0.0547 0.6438 0.0000
vt 0.0352 0.6332 0.0000
vt 0.7492 0.6440 0.0000
vt 0.7538 0.6926 0.0000
vt 0.7060 0.6386 0.0000
vt 0.6358 0.8891 0.0000
vt 0.6357 0.9450 0.0000
vt 0.6147 0.9453 0.0000
vt 0.6144 0.8894 0.0000
vt 0.4501 0.5792 0.0000
vt 0.4556 0.5792 0.0000
vt 0.4563 0.5948 0.0000
vt 0.4366 0.9059 0.0000
vt 0.4336 0.9461 0.0000
vt 0.3944 0.9465 0.0000
vt 0.3953 0.9091 0.0000
vt 0.1581 0.9110 0.0000
vt 0.1571 0.9475 0.0000
vt 0.1085 0.9478 0.0000
vt 0.1088 0.9135 0.0000
vt 0.2155 0.9081 0.0000
vt 0.2153 0.9470 0.0000
vt 0.0861 0.6327 0.0000
vt 0.0832 0.6424 0.0000
vt 0.0717 0.6428 0.0000
vt 0.0688 0.6330 0.0000
vt 0.4540 0.9975 0.0000
vt 0.4455 0.9976 0.0000
vt 0.4454 0.9770 0.0000
vt 0.4540 0.9763 0.0000
vt 0.0875 0.5917 0.0000
vt 0.1023 0.5915 0.0000
vt 0.1064 0.6267 0.0000
vt 0.0894 0.6250 0.0000
vt 0.2373 0.7808 0.0000
vt 0.2762 0.7941 0.0000
vt 0.2746 0.8242 0.0000
vt 0.2353 0.8087 0.0000
vt 0.2619 0.9057 0.0000
vt 0.2618 0.9469 0.0000
vt 0.1779 0.7888 0.0000
vt 0.1812 0.7840 0.0000
vt 0.2354 0.8157 0.0000
vt 0.2347 0.8220 0.0000
vt 0.1945 0.7035 0.0000
vt 0.1961 0.6846 0.0000
vt 0.2383 0.6878 0.0000
vt 0.2361 0.7100 0.0000
vt 0.5989 0.8338 0.0000
vt 0.6356 0.8330 0.0000
vt 0.6358 0.8572 0.0000
vt 0.5989 0.8572 0.0000
vt 0.1659 0.6254 0.0000
vt 0.1397 0.6248 0.0000
vt 0.1378 0.5909 0.0000
vt 0.1652 0.5904 0.0000
vt 0.1957 0.6263 0.0000
vt 0.1964 0.5899 0.0000
vt 0.5891 0.9418 0.0000
vt 0.5481 0.9434 0.0000
vt 0.5508 0.8891 0.0000
vt 0.5884 0.8879 0.0000
vt 0.5489 0.8584 0.0000
vt 0.5949 0.8572 0.0000
vt 0.5948 0.8855 0.0000
vt 0.3920 0.7064 0.0000
vt 0.3927 0.7077 0.0000
vt 0.3151 0.6936 0.0000
vt 0.3149 0.6926 0.0000
vt 0.6574 0.6057 0.0000
vt 0.5792 0.6074 0.0000
vt 0.5785 0.5902 0.0000
vt 0.6582 0.5897 0.0000
vt 0.2139 0.9975 0.0000
vt 0.1566 0.9974 0.0000
vt 0.3487 0.5433 0.0000
vt 0.3478 0.3856 0.0000
vt 0.3107 0.3927 0.0000
vt 0.3091 0.5435 0.0000
vt 0.9403 0.7911 0.0000
vt 0.9403 0.7711 0.0000
vt 0.9971 0.7711 0.0000
vt 0.9974 0.7906 0.0000
vt 0.4521 0.5427 0.0000
vt 0.4512 0.4340 0.0000
vt 0.3880 0.4345 0.0000
vt 0.3888 0.5430 0.0000
vt 0.0093 0.6385 0.0000
vt 0.0249 0.6391 0.0000
vt 0.0251 0.6534 0.0000
vt 0.0091 0.6531 0.0000
vt 0.2611 0.9976 0.0000
vt 0.9401 0.7271 0.0000
vt 0.9425 0.6699 0.0000
vt 0.9979 0.6702 0.0000
vt 0.9973 0.7272 0.0000
vt 0.4950 0.9977 0.0000
vt 0.4948 0.9613 0.0000
vt 0.5088 0.9608 0.0000
vt 0.5092 0.9977 0.0000
vt 0.8072 0.8158 0.0000
vt 0.8015 0.7899 0.0000
vt 0.8344 0.7900 0.0000
vt 0.5942 0.9510 0.0000
vt 0.5980 0.9455 0.0000
vt 0.5979 0.9489 0.0000
vt 0.5943 0.9548 0.0000
vt 0.0498 0.6719 0.0000
vt 0.0492 0.6640 0.0000
vt 0.0687 0.6642 0.0000
vt 0.0693 0.6719 0.0000
vt 0.0355 0.9491 0.0000
vt 0.0384 0.9490 0.0000
vt 0.0391 0.9979 0.0000
vt 0.0362 0.9979 0.0000
vt 0.1729 0.6793 0.0000
vt 0.1731 0.6802 0.0000
vt 0.1501 0.6800 0.0000
vt 0.1497 0.6788 0.0000
vt 0.8406 0.6636 0.0000
vt 0.8674 0.6288 0.0000
vt 0.8671 0.6614 0.0000
vt 0.8335 0.7493 0.0000
vt 0.8675 0.7493 0.0000
vt 0.8632 0.7965 0.0000
vt 0.7764 0.6218 0.0000
vt 0.7193 0.6177 0.0000
vt 0.7395 0.5865 0.0000
vt 0.6738 0.8334 0.0000
vt 0.6756 0.8343 0.0000
vt 0.6757 0.8589 0.0000
vt 0.6736 0.8572 0.0000
vt 0.6339 0.7971 0.0000
vt 0.6717 0.7954 0.0000
vt 0.6651 0.6884 0.0000
vt 0.5874 0.6871 0.0000
vt 0.5829 0.6357 0.0000
vt 0.6601 0.6351 0.0000
vt 0.5026 0.6619 0.0000
vt 0.0736 0.9481 0.0000
vt 0.0767 0.9154 0.0000
vt 0.1085 0.9974 0.0000
vt 0.1190 0.7110 0.0000
vt 0.1239 0.7092 0.0000
vt 0.1459 0.7454 0.0000
vt 0.1414 0.7477 0.0000
vt 0.8790 0.7913 0.0000
vt 0.8793 0.7711 0.0000
vt 0.1970 0.6804 0.0000
vt 0.1970 0.6813 0.0000
vt 0.3964 0.7392 0.0000
vt 0.4146 0.7214 0.0000
vt 0.4274 0.7521 0.0000
vt 0.0969 0.6719 0.0000
vt 0.0938 0.6648 0.0000
vt 0.1031 0.6614 0.0000
vt 0.1116 0.6709 0.0000
vt 0.1468 0.6697 0.0000
vt 0.1449 0.6569 0.0000
vt 0.1695 0.6575 0.0000
vt 0.1711 0.6696 0.0000
vt 0.1969 0.6586 0.0000
vt 0.1977 0.6703 0.0000
vt 0.2398 0.6609 0.0000
vt 0.2400 0.6740 0.0000
vt 0.2780 0.6648 0.0000
vt 0.2783 0.6780 0.0000
vt 0.4731 0.6259 0.0000
vt 0.4898 0.6567 0.0000
vt 0.4860 0.6581 0.0000
vt 0.4686 0.6260 0.0000
vt 0.4874 0.6364 0.0000
vt 0.4747 0.6097 0.0000
vt 0.4009 0.7919 0.0000
vt 0.3144 0.7722 0.0000
vt 0.3142 0.7242 0.0000
vt 0.2366 0.7497 0.0000
vt 0.1957 0.7316 0.0000
vt 0.1814 0.7180 0.0000
vt 0.4797 0.8888 0.0000
vt 0.4781 0.9450 0.0000
vt 0.4699 0.9450 0.0000
vt 0.4718 0.8890 0.0000
vt 0.4786 0.9976 0.0000
vt 0.4702 0.9976 0.0000
vt 0.0093 0.6719 0.0000
vt 0.0259 0.6719 0.0000
vt 0.0093 0.6882 0.0000
vt 0.0696 0.6884 0.0000
vt 0.0498 0.6882 0.0000
vt 0.0962 0.6885 0.0000
vt 0.1716 0.6766 0.0000
vt 0.1476 0.6763 0.0000
vt 0.1963 0.6773 0.0000
vt 0.2387 0.6803 0.0000
vt 0.2767 0.6845 0.0000
vt 0.3927 0.6974 0.0000
vt 0.4256 0.7125 0.0000
vt 0.4213 0.7173 0.0000
vt 0.3913 0.7031 0.0000
vt 0.4428 0.7484 0.0000
vt 0.4378 0.7508 0.0000
vt 0.4806 0.8344 0.0000
vt 0.4806 0.8606 0.0000
vt 0.4733 0.8607 0.0000
vt 0.4723 0.8343 0.0000
vt 0.3127 0.5882 0.0000
vt 0.3499 0.5875 0.0000
vt 0.3800 0.6343 0.0000
vt 0.3144 0.6311 0.0000
vt 0.3146 0.8049 0.0000
vt 0.4027 0.8259 0.0000
vt 0.3982 0.8584 0.0000
vt 0.3135 0.8369 0.0000
vt 0.3070 0.9026 0.0000
vt 0.3939 0.8953 0.0000
vt 0.3070 0.9464 0.0000
vt 0.2752 0.7173 0.0000
vt 0.2764 0.6919 0.0000
vt 0.3144 0.6975 0.0000
vt 0.2735 0.3986 0.0000
vt 0.2726 0.5437 0.0000
vt 0.3213 0.9480 0.0000
vt 0.3827 0.9482 0.0000
vt 0.3239 0.9977 0.0000
vt 0.3235 0.9977 0.0000
vt 0.3893 0.6796 0.0000
vt 0.3159 0.6662 0.0000
vt 0.2756 0.7609 0.0000
vt 0.3164 0.6833 0.0000
vt 0.3146 0.6891 0.0000
vt 0.6699 0.7436 0.0000
vt 0.7199 0.6897 0.0000
vt 0.7266 0.7393 0.0000
vt 0.5940 0.7432 0.0000
vt 0.4566 0.7453 0.0000
vt 0.4728 0.7963 0.0000
vt 0.4661 0.7964 0.0000
vt 0.4493 0.7461 0.0000
vt 0.4482 0.7971 0.0000
vt 0.4463 0.7965 0.0000
vt 0.4320 0.7509 0.0000
vt 0.4340 0.7510 0.0000
vt 0.8788 0.7269 0.0000
vt 0.8796 0.6696 0.0000
vt 0.9442 0.5982 0.0000
vt 0.9983 0.5985 0.0000
vt 0.6778 0.5597 0.0000
vt 0.8799 0.5913 0.0000
vt 0.7201 0.9962 0.0000
vt 0.8170 0.8782 0.0000
vt 0.7936 0.9968 0.0000
vt 0.8485 0.9981 0.0000
vt 0.8663 0.8611 0.0000
vt 0.9359 0.8503 0.0000
vt 0.9239 0.9958 0.0000
vt 0.3900 0.6833 0.0000
vt 0.4147 0.6917 0.0000
vt 0.8170 0.8358 0.0000
vt 0.7828 0.8555 0.0000
vt 0.7754 0.8281 0.0000
vt 0.6733 0.7956 0.0000
vt 0.7389 0.8327 0.0000
vt 0.7354 0.7927 0.0000
vt 0.7725 0.7922 0.0000
vt 0.4275 0.6872 0.0000
vt 0.4200 0.6885 0.0000
vt 0.3863 0.6304 0.0000
vt 0.3929 0.6266 0.0000
vt 0.3563 0.5834 0.0000
vt 0.3628 0.5797 0.0000
vt 0.4644 0.9450 0.0000
vt 0.4577 0.9450 0.0000
vt 0.4575 0.8891 0.0000
vt 0.4638 0.8889 0.0000
vt 0.4648 0.9976 0.0000
vt 0.4581 0.9976 0.0000
vt 0.4575 0.8609 0.0000
vt 0.4636 0.8608 0.0000
vt 0.4643 0.8343 0.0000
vt 0.4572 0.8344 0.0000
vt 0.4524 0.7982 0.0000
vt 0.4591 0.7967 0.0000
vt 0.4382 0.7234 0.0000
vt 0.4993 0.9450 0.0000
vt 0.4825 0.9350 0.0000
vt 0.4965 0.9350 0.0000
vt 0.5020 0.8895 0.0000
vt 0.5024 0.8603 0.0000
vt 0.5419 0.9597 0.0000
vt 0.5423 0.9977 0.0000
vt 0.5127 0.9977 0.0000
vt 0.5125 0.9609 0.0000
vt 0.5015 0.8344 0.0000
vt 0.4939 0.7972 0.0000
vt 0.4782 0.7473 0.0000
vt 0.4421 0.7163 0.0000
vt 0.4631 0.7171 0.0000
vt 0.4481 0.6870 0.0000
vt 0.4163 0.6264 0.0000
vt 0.3883 0.5798 0.0000
vt 0.3849 0.3675 0.0000
vt 0.3594 0.3706 0.0000
vt 0.3536 0.3781 0.0000
vt 0.3873 0.3672 0.0000
vt 0.0039 0.8476 0.0000
vt 0.1106 0.8480 0.0000
vt 0.1103 0.8925 0.0000
vt 0.0041 0.8925 0.0000
vt 0.5071 0.9543 0.0000
vt 0.4916 0.9541 0.0000
vt 0.5044 0.9472 0.0000
vt 0.5481 0.9472 0.0000
vt 0.5434 0.9533 0.0000
vt 0.5107 0.9538 0.0000
vt 0.5943 0.9981 0.0000
vt 0.5726 0.9977 0.0000
vt 0.5724 0.9569 0.0000
vt 0.0040 0.8182 0.0000
vt 0.1359 0.8182 0.0000
vt 0.1226 0.8240 0.0000
vt 0.0040 0.8242 0.0000
vt 0.1360 0.8898 0.0000
vt 0.1247 0.9001 0.0000
vt 0.1229 0.9070 0.0000
vt 0.0040 0.9069 0.0000
vt 0.0040 0.8990 0.0000
vt 0.4542 0.8862 0.0000
vt 0.4499 0.8807 0.0000
vt 0.4455 0.8722 0.0000
vt 0.4537 0.8670 0.0000
vt 0.3132 0.8454 0.0000
vt 0.3126 0.8531 0.0000
vt 0.2741 0.8378 0.0000
vt 0.2745 0.8320 0.0000
vt 0.1851 0.7777 0.0000
vt 0.1951 0.7579 0.0000
vt 0.6733 0.8855 0.0000
vt 0.6359 0.8859 0.0000
vt 0.0712 0.4056 0.0000
vt 0.0711 0.3930 0.0000
vt 0.0944 0.3929 0.0000
vt 0.0944 0.4054 0.0000
vt 0.7391 0.8576 0.0000
vt 0.7385 0.8872 0.0000
vt 0.7090 0.8867 0.0000
vt 0.7083 0.8575 0.0000
vt 0.1536 0.7418 0.0000
vt 0.1698 0.7301 0.0000
vt 0.3975 0.8667 0.0000
vt 0.3965 0.8740 0.0000
vt 0.8419 0.8471 0.0000
vt 0.7892 0.8864 0.0000
vt 0.1275 0.6693 0.0000
vt 0.1229 0.6790 0.0000
vt 0.1192 0.5912 0.0000
vt 0.1218 0.6259 0.0000
vt 0.1444 0.6536 0.0000
vt 0.1252 0.6543 0.0000
vt 0.4534 0.8343 0.0000
vt 0.4502 0.8338 0.0000
vt 0.6718 0.7745 0.0000
vt 0.6732 0.7742 0.0000
vt 0.7289 0.7543 0.0000
vt 0.7379 0.7496 0.0000
vt 0.7721 0.7493 0.0000
vt 0.5208 0.6868 0.0000
vt 0.5524 0.7178 0.0000
vt 0.6716 0.7602 0.0000
vt 0.6741 0.7596 0.0000
vt 0.6329 0.7565 0.0000
vt 0.7681 0.6626 0.0000
vt 0.4509 0.3875 0.0000
vt 0.3876 0.3918 0.0000
vt 0.5775 0.5420 0.0000
vt 0.5762 0.4333 0.0000
vt 0.4698 0.5926 0.0000
vt 0.4694 0.5607 0.0000
vt 0.5796 0.5600 0.0000
vt 0.4270 0.7007 0.0000
vt 0.6706 0.5415 0.0000
vt 0.6704 0.4919 0.0000
vt 0.6640 0.4329 0.0000
vt 0.4619 0.5778 0.0000
vt 0.4616 0.5490 0.0000
vt 0.5796 0.5499 0.0000
vt 0.6844 0.5497 0.0000
vt 0.7431 0.5753 0.0000
vt 0.7865 0.6108 0.0000
vt 0.7893 0.6131 0.0000
vt 0.7896 0.6168 0.0000
vt 0.7852 0.6598 0.0000
vt 0.7683 0.6973 0.0000
vt 0.7276 0.7493 0.0000
vt 0.7033 0.7631 0.0000
vt 0.7008 0.7531 0.0000
vt 0.6718 0.7702 0.0000
vt 0.6318 0.7650 0.0000
vt 0.5918 0.7497 0.0000
vt 0.5489 0.7231 0.0000
vt 0.5134 0.6890 0.0000
vt 0.5144 0.6904 0.0000
vt 0.8057 0.7493 0.0000
vt 0.9954 0.8497 0.0000
vt 0.9890 0.9936 0.0000
vt 0.8141 0.6634 0.0000
vt 0.6735 0.8874 0.0000
vt 0.6759 0.8902 0.0000
vt 0.6733 0.8888 0.0000
vt 0.9975 0.7936 0.0000
vt 0.9402 0.7939 0.0000
vt 0.6736 0.9450 0.0000
vt 0.6762 0.9450 0.0000
vt 0.6765 0.9977 0.0000
vt 0.6742 0.9977 0.0000
vt 0.8713 0.7502 0.0000
vt 0.8660 0.7983 0.0000
vt 0.8831 0.7940 0.0000
vt 0.7386 0.8903 0.0000
vt 0.7091 0.8900 0.0000
vt 0.8443 0.8500 0.0000
vt 0.7896 0.8898 0.0000
vt 0.8673 0.6888 0.0000
vt 0.8711 0.6916 0.0000
vt 0.6930 0.2753 0.0000
vt 0.7089 0.2752 0.0000
vt 0.7088 0.3256 0.0000
vt 0.6929 0.3256 0.0000
vt 0.7138 0.2752 0.0000
vt 0.7137 0.3256 0.0000
vt 0.6881 0.2752 0.0000
vt 0.6879 0.3256 0.0000
vt 0.8363 0.6882 0.0000
vt 0.8643 0.6929 0.0000
vt 0.8350 0.6921 0.0000
vt 0.8646 0.7442 0.0000
vt 0.8335 0.7444 0.0000
vt 0.8052 0.7447 0.0000
vt 0.7723 0.7451 0.0000
vt 0.7365 0.7453 0.0000
vt 0.7705 0.7005 0.0000
vt 0.8004 0.6914 0.0000
vt 0.7984 0.6946 0.0000
vt 0.8595 0.6961 0.0000
vt 0.8352 0.6955 0.0000
vt 0.8602 0.7410 0.0000
vt 0.8339 0.7412 0.0000
vt 0.8054 0.7416 0.0000
vt 0.7734 0.7419 0.0000
vt 0.7481 0.7417 0.0000
vt 0.7781 0.7047 0.0000
vt 0.7985 0.6984 0.0000
vt 0.8625 0.6151 0.0000
vt 0.8789 0.7443 0.0000
vt 0.8797 0.7356 0.0000
vt 0.9400 0.7351 0.0000
vt 0.9402 0.7441 0.0000
vt 0.9972 0.7350 0.0000
vt 0.9970 0.7441 0.0000
vt 0.9405 0.7671 0.0000
vt 0.9406 0.7481 0.0000
vt 0.9970 0.7481 0.0000
vt 0.9970 0.7671 0.0000
vt 0.8816 0.7668 0.0000
vt 0.8817 0.7481 0.0000
vt 0.6578 0.9977 0.0000
vt 0.6573 0.9515 0.0000
vt 0.6080 0.9977 0.0000
vt 0.6054 0.9978 0.0000
vt 0.6048 0.9500 0.0000
vt 0.6074 0.9496 0.0000
vt 0.6477 0.9616 0.0000
vt 0.6481 0.9972 0.0000
vt 0.6321 0.9973 0.0000
vt 0.6320 0.9609 0.0000
vt 0.6105 0.9532 0.0000
vt 0.6160 0.9611 0.0000
vt 0.6157 0.9975 0.0000
vt 0.6109 0.9977 0.0000
vt 0.6544 0.9540 0.0000
vt 0.6325 0.9536 0.0000
vt 0.6549 0.9977 0.0000
vt 0.5089 0.9436 0.0000
vt 0.5102 0.8896 0.0000
vt 0.5105 0.8654 0.0000
vt 0.5482 0.8648 0.0000
vt 0.5711 0.9504 0.0000
vt 0.5491 0.8344 0.0000
vt 0.5949 0.8338 0.0000
vt 0.5461 0.7210 0.0000
vt 0.5474 0.7222 0.0000
vt 0.5990 0.8866 0.0000
vt 0.6321 0.7689 0.0000
vt 0.6361 0.9506 0.0000
vt 0.7069 0.8331 0.0000
vt 0.7042 0.7939 0.0000
vt 0.6778 0.8867 0.0000
vt 0.6779 0.8578 0.0000
vt 0.7033 0.7680 0.0000
vt 0.6744 0.7694 0.0000
vt 0.7091 0.8932 0.0000
vt 0.6814 0.8925 0.0000
vt 0.6782 0.8898 0.0000
vt 0.0367 0.6371 0.0000
vt 0.0504 0.6489 0.0000
vt 0.0687 0.6490 0.0000
vt 0.0246 0.5915 0.0000
vt 0.0494 0.5916 0.0000
vt 0.0494 0.6028 0.0000
vt 0.0246 0.6028 0.0000
vt 0.0493 0.6254 0.0000
vt 0.0493 0.6212 0.0000
vt 0.0700 0.6207 0.0000
vt 0.0701 0.6252 0.0000
vt 0.0872 0.6471 0.0000
vt 0.0874 0.6390 0.0000
vt 0.0495 0.6542 0.0000
vt 0.0311 0.6391 0.0000
vt 0.0315 0.6368 0.0000
vt 0.0493 0.6519 0.0000
vt 0.0249 0.6256 0.0000
vt 0.0280 0.6288 0.0000
vt 0.0484 0.6286 0.0000
vt 0.0681 0.6284 0.0000
vt 0.0943 0.6391 0.0000
vt 0.0915 0.6391 0.0000
vt 0.0892 0.6281 0.0000
vt 0.0968 0.6486 0.0000
vt 0.0911 0.6478 0.0000
vt 0.0928 0.6553 0.0000
vt 0.0878 0.6529 0.0000
vt 0.0698 0.6548 0.0000
vt 0.0702 0.6523 0.0000
vt 0.0858 0.6495 0.0000
vt 0.0093 0.6257 0.0000
vt 0.0093 0.6221 0.0000
vt 0.0249 0.6216 0.0000
vt 0.0492 0.6611 0.0000
vt 0.0931 0.6616 0.0000
vt 0.0688 0.6613 0.0000
vt 0.0691 0.5916 0.0000
vt 0.0694 0.6026 0.0000
vt 0.1090 0.6570 0.0000
vt 0.1012 0.6584 0.0000
vt 0.6721 0.3255 0.0000
vt 0.6721 0.2752 0.0000
vt 0.5901 0.9492 0.0000
vt 0.0726 0.9974 0.0000
vt 0.1742 0.7018 0.0000
vt 0.1548 0.7027 0.0000
vt 0.0460 0.9299 0.0000
vt 0.1086 0.6927 0.0000
vt 0.1143 0.6864 0.0000
vt 0.1335 0.7068 0.0000
vt 0.5447 0.8564 0.0000
vt 0.5447 0.8369 0.0000
vt 0.5057 0.8594 0.0000
vt 0.5085 0.8574 0.0000
vt 0.5083 0.8374 0.0000
vt 0.5149 0.8413 0.0000
vt 0.5151 0.8539 0.0000
vt 0.5382 0.8412 0.0000
vt 0.5382 0.8537 0.0000
vt 0.3529 0.2177 0.0000
vt 0.3276 0.2177 0.0000
vt 0.3290 0.2099 0.0000
vt 0.3523 0.2098 0.0000
vt 0.3435 0.2203 0.0000
vt 0.3420 0.2203 0.0000
vt 0.3436 0.1951 0.0000
vt 0.3450 0.1951 0.0000
vt 0.3490 0.2093 0.0000
vt 0.3484 0.2178 0.0000
vt 0.3250 0.2177 0.0000
vt 0.3237 0.2094 0.0000
vt 0.3493 0.1940 0.0000
vt 0.3494 0.2193 0.0000
vt 0.3415 0.2182 0.0000
vt 0.3414 0.1944 0.0000
vt 0.3537 0.2042 0.0000
vt 0.3537 0.2031 0.0000
vt 0.3789 0.2056 0.0000
vt 0.3789 0.2067 0.0000
vt 0.3625 0.2054 0.0000
vt 0.3620 0.2138 0.0000
vt 0.3383 0.2138 0.0000
vt 0.3372 0.2055 0.0000
vt 0.3485 0.2014 0.0000
vt 0.3293 0.2014 0.0000
vt 0.3276 0.1941 0.0000
vt 0.3473 0.1938 0.0000
vt 0.3202 0.2042 0.0000
vt 0.3202 0.2031 0.0000
vt 0.3454 0.2056 0.0000
vt 0.3453 0.2067 0.0000
vt 0.3330 0.2187 0.0000
vt 0.3246 0.2193 0.0000
vt 0.3244 0.1936 0.0000
vt 0.3327 0.1934 0.0000
vt 0.3693 0.2107 0.0000
vt 0.3501 0.2107 0.0000
vt 0.3485 0.2034 0.0000
vt 0.3681 0.2031 0.0000
vt 0.3333 0.2040 0.0000
vt 0.3333 0.2029 0.0000
vt 0.3585 0.2054 0.0000
vt 0.3585 0.2065 0.0000
vt 0.3639 0.2005 0.0000
vt 0.3645 0.2089 0.0000
vt 0.3388 0.2091 0.0000
vt 0.3386 0.2008 0.0000
vt 0.1453 0.5796 0.0000
vt 0.1454 0.5135 0.0000
vt 0.2287 0.5147 0.0000
vt 0.2284 0.5789 0.0000
vt 0.0080 0.5857 0.0000
vt 0.0080 0.5170 0.0000
vt 0.0576 0.5155 0.0000
vt 0.0576 0.5834 0.0000
vt 0.0091 0.6031 0.0000
vt 0.0091 0.5915 0.0000
vt 0.0249 0.6071 0.0000
vt 0.0093 0.6071 0.0000
vt 0.0492 0.6071 0.0000
vt 0.0635 0.6071 0.0000
vt 0.0633 0.6176 0.0000
vt 0.0492 0.6177 0.0000
vt 0.0249 0.6177 0.0000
vt 0.0093 0.6178 0.0000
vt 0.0440 0.9482 0.0000
vt 0.3923 0.7113 0.0000
vt 0.3955 0.9800 0.0000
vt 0.3906 0.9987 0.0000
vt 0.3871 0.9993 0.0000
vt 0.3927 0.9774 0.0000
vt 0.4455 0.8639 0.0000
vt 0.4455 0.8332 0.0000
vt 0.2392 0.6835 0.0000
vt 0.2392 0.6842 0.0000
vt 0.0446 0.9974 0.0000
vt 0.1719 0.6831 0.0000
vt 0.1489 0.6832 0.0000
vt 0.4178 0.7195 0.0000
vt 0.4190 0.7189 0.0000
vt 0.2771 0.6880 0.0000
vt 0.2772 0.6885 0.0000
vt 0.4412 0.7971 0.0000
vt 0.1256 0.6867 0.0000
vt 0.0405 0.9310 0.0000
vt 0.0377 0.9311 0.0000
vt 0.0409 0.9179 0.0000
vt 0.0439 0.9150 0.0000
vt 0.0484 0.9162 0.0000
vt 0.9151 0.8439 0.0000
vt 0.9151 0.8034 0.0000
vt 0.9231 0.8034 0.0000
vt 0.9232 0.8439 0.0000
vt 0.9083 0.8439 0.0000
vt 0.9082 0.8034 0.0000
vt 0.9014 0.8439 0.0000
vt 0.9014 0.8034 0.0000
vt 0.8933 0.8439 0.0000
vt 0.8933 0.8034 0.0000
vt 0.8852 0.8439 0.0000
vt 0.8852 0.8034 0.0000
vt 0.8784 0.8439 0.0000
vt 0.8783 0.8034 0.0000
vt 0.9910 0.8439 0.0000
vt 0.9910 0.8034 0.0000
vt 0.9979 0.8034 0.0000
vt 0.9979 0.8439 0.0000
vt 0.9829 0.8439 0.0000
vt 0.9829 0.8034 0.0000
vt 0.9749 0.8439 0.0000
vt 0.9748 0.8034 0.0000
vt 0.9680 0.8439 0.0000
vt 0.9680 0.8034 0.0000
vt 0.9611 0.8439 0.0000
vt 0.9611 0.8034 0.0000
vt 0.9531 0.8439 0.0000
vt 0.9530 0.8034 0.0000
vt 0.9450 0.8439 0.0000
vt 0.9449 0.8034 0.0000
vt 0.9381 0.8439 0.0000
vt 0.9381 0.8034 0.0000
vt 0.9313 0.8439 0.0000
vt 0.9312 0.8034 0.0000
vt 0.7466 0.5228 0.6098
vt 0.7370 0.5192 1.2145
vt 0.7388 0.5105 1.2145
vt 0.7490 0.5102 0.6098
vt 0.7395 0.5336 0.6098
vt 0.7321 0.5266 1.2145
vt 0.7289 0.5408 0.6098
vt 0.7247 0.5314 1.2145
vt 0.7163 0.5434 0.6098
vt 0.7160 0.5331 1.2145
vt 0.7037 0.5409 0.6098
vt 0.7073 0.5314 1.2145
vt 0.6930 0.5339 0.6098
vt 0.7000 0.5264 1.2145
vt 0.6858 0.5232 0.6098
vt 0.6951 0.5190 1.2145
vt 0.6832 0.5107 0.6098
vt 0.6934 0.5104 1.2145
vt 0.6856 0.4981 0.6098
vt 0.6951 0.5017 1.2145
vt 0.6926 0.4873 0.6098
vt 0.7001 0.4943 1.2145
vt 0.7033 0.4801 0.6098
vt 0.7075 0.4894 1.2145
vt 0.7159 0.4775 0.6098
vt 0.7162 0.4877 1.2145
vt 0.7284 0.4799 0.6098
vt 0.7248 0.4895 1.2145
vt 0.7392 0.4870 0.6098
vt 0.7322 0.4945 1.2145
vt 0.7464 0.4976 0.6098
vt 0.7371 0.5018 1.2145
vt 0.7161 0.5104 0.9995
vt 0.4656 0.4297 0.0000
vt 0.4655 0.4057 0.0000
vt 0.4996 0.4072 0.0000
vt 0.4997 0.4302 0.0000
vt 0.4992 0.3661 0.0000
vt 0.5290 0.3531 0.0000
vt 0.5290 0.3631 0.0000
vt 0.4994 0.3810 0.0000
vt 0.6594 0.2932 0.0000
vt 0.6110 0.3020 0.0000
vt 0.6111 0.2767 0.0000
vt 0.6594 0.2695 0.0000
vt 0.6108 0.2442 0.0000
vt 0.6595 0.2354 0.0000
vt 0.5665 0.3426 0.0000
vt 0.6118 0.3317 0.0000
vt 0.6121 0.3401 0.0000
vt 0.5665 0.3516 0.0000
vt 0.5665 0.3127 0.0000
vt 0.5287 0.3243 0.0000
vt 0.5286 0.2951 0.0000
vt 0.5664 0.2870 0.0000
vt 0.5285 0.2607 0.0000
vt 0.5664 0.2517 0.0000
vt 0.4998 0.3341 0.0000
vt 0.4998 0.3062 0.0000
vt 0.4999 0.2744 0.0000
vt 0.5429 0.4299 0.0000
vt 0.5429 0.4120 0.0000
vt 0.6671 0.4120 0.0000
vt 0.6671 0.4299 0.0000
vt 0.5430 0.4298 0.0000
vt 0.5430 0.4119 0.0000
vt 0.6671 0.4119 0.0000
vt 0.6671 0.4298 0.0000
vt 0.6672 0.4119 0.0000
vt 0.6672 0.4298 0.0000
vt 0.5291 0.4152 0.0000
vt 0.5291 0.3892 0.0000
vt 0.4891 0.3827 0.0000
vt 0.6594 0.3843 0.0000
vt 0.6115 0.3879 0.0000
vt 0.6118 0.3640 0.0000
vt 0.6600 0.3582 0.0000
vt 0.5665 0.4003 0.0000
vt 0.5665 0.3760 0.0000
vt 0.6605 0.3243 0.0000
vt 0.6605 0.3322 0.0000
vt 0.0258 0.7345 0.0000
vt 0.0345 0.7292 0.0000
vt 0.0345 0.7347 0.0000
vt 0.0345 0.7247 0.0000
vt 0.0345 0.7197 0.0000
vt 0.0258 0.7350 0.0000
vt 0.0345 0.7248 0.0000
vt 0.0345 0.7196 0.0000
vt 0.0345 0.7293 0.0000
vt 0.0345 0.7348 0.0000
vt 0.0345 0.7403 0.0000
vt 0.0345 0.7448 0.0000
vt 0.0345 0.7498 0.0000
vt 0.0345 0.7447 0.0000
vt 0.0345 0.7499 0.0000
vt 0.0345 0.7402 0.0000
vt 0.0525 0.7222 0.0000
vt 0.0818 0.7205 0.0000
vt 0.0818 0.7347 0.0000
vt 0.0525 0.7347 0.0000
vt 0.0525 0.7117 0.0000
vt 0.0818 0.7088 0.0000
vt 0.0525 0.7007 0.0000
vt 0.0817 0.6959 0.0000
vt 0.0818 0.6959 0.0000
vt 0.0525 0.7473 0.0000
vt 0.0818 0.7490 0.0000
vt 0.0525 0.7578 0.0000
vt 0.0818 0.7607 0.0000
vt 0.0525 0.7688 0.0000
vt 0.0817 0.7736 0.0000
vt 0.0818 0.7736 0.0000
vt 0.0120 0.8065 0.0000
vt 0.0120 0.7933 0.0000
vt 0.0487 0.7933 0.0000
vt 0.0487 0.8065 0.0000
vt 0.0841 0.7766 0.0000
vt 0.0605 0.8030 0.0000
vt 0.0105 0.8040 0.0000
vt 0.0341 0.7776 0.0000
vt 0.0222 0.8064 0.0000
vt 0.0222 0.7932 0.0000
vt 0.0589 0.7932 0.0000
vt 0.0589 0.8064 0.0000
vt 0.0634 0.7942 0.0000
vt 0.0880 0.8198 0.0000
vt 0.0380 0.8207 0.0000
vt 0.0134 0.7952 0.0000
vt 0.4410 0.3035 0.0000
vt 0.4570 0.3035 0.0000
vt 0.4570 0.3495 0.0000
vt 0.4410 0.3495 0.0000
vt 0.4729 0.3035 0.0000
vt 0.4729 0.3495 0.0000
vt 0.4889 0.3035 0.0000
vt 0.4889 0.3495 0.0000
vt 0.3613 0.3035 0.0000
vt 0.3772 0.3035 0.0000
vt 0.3772 0.3495 0.0000
vt 0.3613 0.3495 0.0000
vt 0.3932 0.3035 0.0000
vt 0.3932 0.3495 0.0000
vt 0.4091 0.3035 0.0000
vt 0.4091 0.3495 0.0000
vt 0.4251 0.3035 0.0000
vt 0.4251 0.3495 0.0000
vt 0.1420 0.4545 0.0000
vt 0.1690 0.4545 0.0000
vt 0.1690 0.4780 0.0000
vt 0.1420 0.4780 0.0000
vt 0.1959 0.4545 0.0000
vt 0.1959 0.4780 0.0000
vt 0.2229 0.4545 0.0000
vt 0.2229 0.4780 0.0000
vt 0.0073 0.4545 0.0000
vt 0.0342 0.4545 0.0000
vt 0.0342 0.4780 0.0000
vt 0.0073 0.4780 0.0000
vt 0.0612 0.4545 0.0000
vt 0.0612 0.4780 0.0000
vt 0.0881 0.4545 0.0000
vt 0.0881 0.4780 0.0000
vt 0.1151 0.4545 0.0000
vt 0.1151 0.4780 0.0000
vt 0.3463 0.3567 0.0000
vt 0.3187 0.3450 0.0000
vt 0.3190 0.3221 0.0000
vt 0.3467 0.3109 0.0000
vt 0.3403 0.3541 0.0000
vt 0.2912 0.3332 0.0000
vt 0.3407 0.3133 0.0000
vt 0.3111 0.3827 0.0000
vt 0.2703 0.3823 0.0000
vt 0.2417 0.3532 0.0000
vt 0.2421 0.3123 0.0000
vt 0.2713 0.2838 0.0000
vt 0.3121 0.2842 0.0000
vt 0.5482 0.8186 0.0000
vt 0.5943 0.8187 0.0000
vt 0.5946 0.7979 0.0000
vt 0.5851 0.7499 0.0000
vt 0.5356 0.7729 0.0000
vt 0.5559 0.7677 0.0000
vt 0.5700 0.7812 0.0000
vt 0.5058 0.8344 0.0000
vt 0.5984 0.8196 0.0000
vt 0.5869 0.7980 0.0000
vt 0.5849 0.8125 0.0000
vt 0.5514 0.8124 0.0000
vt 0.5481 0.7970 0.0000
vt 0.5777 0.7982 0.0000
vt 0.5427 0.7804 0.0000
vt 0.5689 0.7859 0.0000
vt 0.4832 0.7492 0.0000
vt 0.5342 0.7506 0.0000
vt 0.5498 0.8155 0.0000
vt 0.5891 0.8159 0.0000
vt 0.5430 0.7974 0.0000
vt 0.5455 0.7972 0.0000
vt 0.5390 0.7766 0.0000
vt 0.5701 0.7836 0.0000
vt 0.5829 0.7982 0.0000
vt 0.5804 0.7983 0.0000
vt 0.6785 0.8942 0.0000
vt 0.6787 0.9450 0.0000
vt 0.9976 0.7966 0.0000
vt 0.9401 0.7966 0.0000
vt 0.6788 0.9977 0.0000
vt 0.8752 0.7511 0.0000
vt 0.8689 0.8001 0.0000
vt 0.8871 0.7967 0.0000
vt 0.7386 0.8933 0.0000
vt 0.8467 0.8529 0.0000
vt 0.7900 0.8932 0.0000
vt 0.8749 0.6944 0.0000
vt 0.6760 0.8866 0.0000
vt 0.4211 0.6264 0.0000
vt 0.4187 0.6264 0.0000
vt 0.4118 0.6109 0.0000
vt 0.5104 0.9615 0.0000
vt 0.5107 0.9977 0.0000
vt 0.4503 0.6869 0.0000
vt 0.4545 0.6855 0.0000
vt 0.4537 0.6888 0.0000
vt 0.4672 0.7145 0.0000
vt 0.4656 0.7163 0.0000
vt 0.5040 0.8895 0.0000
vt 0.5015 0.9450 0.0000
vt 0.5044 0.8603 0.0000
vt 0.4961 0.7972 0.0000
vt 0.5036 0.8344 0.0000
vt 0.3907 0.5798 0.0000
vt 0.5085 0.9539 0.0000
vt 0.4805 0.7475 0.0000
vt 0.5049 0.8895 0.0000
vt 0.4983 0.7972 0.0000
vt 0.5102 0.6919 0.0000
vt 0.4506 0.3591 0.0000
vt 0.4452 0.3598 0.0000
vt 0.4538 0.9453 0.0000
vt 0.4542 0.9976 0.0000
vt 0.4540 0.9714 0.0000
vt 0.4455 0.8680 0.0000
vt 0.4458 0.8654 0.0000
vt 0.4462 0.8669 0.0000
vt 0.4537 0.8622 0.0000
vt 0.3925 0.7095 0.0000
vt 0.3147 0.6956 0.0000
vt 0.0412 0.9486 0.0000
vt 0.0418 0.9976 0.0000
vt 0.0329 0.9974 0.0000
vt 0.0325 0.9483 0.0000
vt 0.1725 0.6817 0.0000
vt 0.1495 0.6816 0.0000
vt 0.1966 0.6830 0.0000
vt 0.4438 0.7968 0.0000
vt 0.4297 0.7515 0.0000
vt 0.1228 0.6820 0.0000
vt 0.4479 0.8335 0.0000
vt 0.0348 0.9299 0.0000
vt 0.0381 0.9170 0.0000
vt 0.4538 0.8858 0.0000
vt 0.2388 0.6860 0.0000
vt 0.4162 0.7205 0.0000
vt 0.2768 0.6900 0.0000
vt 0.0946 0.6916 0.0000
vt 0.0433 0.9305 0.0000
vt 0.1831 0.7808 0.0000
vt 0.2353 0.8122 0.0000
vt 0.2337 0.8256 0.0000
vt 0.1757 0.7919 0.0000
vt 0.1287 0.7080 0.0000
vt 0.1498 0.7436 0.0000
vt 0.1383 0.7500 0.0000
vt 0.1153 0.7132 0.0000
vt 0.3120 0.8568 0.0000
vt 0.2734 0.8412 0.0000
vt 0.2743 0.8292 0.0000
vt 0.3958 0.8777 0.0000
vt 0.3134 0.8411 0.0000
vt 0.3979 0.8625 0.0000
vt 0.1199 0.6866 0.0000
vt 0.1043 0.6941 0.0000
vt 0.4476 0.8845 0.0000
vt 0.4495 0.8864 0.0000
vt 0.4496 0.9454 0.0000
vt 0.4473 0.9453 0.0000
vt 0.4474 0.8887 0.0000
vt 0.0447 0.9148 0.0000
vt 0.0466 0.9155 0.0000
vt 0.4497 0.8863 0.0000
vt 0.3070 0.9976 0.0000
vt 0.3109 0.9474 0.0000
vt 0.3109 0.9976 0.0000
vt 0.3937 0.9001 0.0000
vt 0.4452 0.8910 0.0000
vt 0.4422 0.8965 0.0000
vt 0.4449 0.9453 0.0000
vt 0.4415 0.9454 0.0000
vt 0.4451 0.9706 0.0000
vt 0.4413 0.9715 0.0000
vt 0.5435 0.7264 0.0000
vt 0.6731 0.7698 0.0000
vt 0.5730 0.7791 0.0000
vt 0.5157 0.6916 0.0000
vt 0.5425 0.7235 0.0000
vt 0.5130 0.6951 0.0000
vt 0.5348 0.7469 0.0000
vt 0.4333 0.6023 0.0000
vt 0.4526 0.5979 0.0000
vt 0.4566 0.6073 0.0000
vt 0.3897 0.3669 0.0000
vt 0.6773 0.8340 0.0000
vt 0.6749 0.7954 0.0000
vt 0.6745 0.7742 0.0000
vt 0.6792 0.8929 0.0000
vt 0.6563 0.9977 0.0000
vt 0.6557 0.9530 0.0000
vt 0.6091 0.9522 0.0000
vt 0.6094 0.9977 0.0000
vt 0.6324 0.9526 0.0000
vt 0.5053 0.9458 0.0000
vt 0.5481 0.9463 0.0000
vt 0.5063 0.8895 0.0000
vt 0.5066 0.8602 0.0000
vt 0.5488 0.8602 0.0000
vt 0.5917 0.8853 0.0000
vt 0.5946 0.8895 0.0000
vt 0.5929 0.9450 0.0000
vt 0.5929 0.8879 0.0000
vt 0.5916 0.9438 0.0000
vt 0.5481 0.9447 0.0000
vt 0.5911 0.8872 0.0000
vt 0.5062 0.9450 0.0000
vt 0.5076 0.8895 0.0000
vt 0.5087 0.8625 0.0000
vt 0.5487 0.8624 0.0000
vt 0.4498 0.9715 0.0000
vt 0.4353 0.9719 0.0000
vt 0.4475 0.9715 0.0000
vt 0.4308 0.9977 0.0000
vt 0.3980 0.9989 0.0000
vt 0.3973 0.9845 0.0000
vt 0.4327 0.9819 0.0000
vt 0.4301 0.9761 0.0000
vt 0.2744 0.8253 0.0000
vt 0.2327 0.8292 0.0000
vt 0.1735 0.7949 0.0000
vt 0.1353 0.7523 0.0000
vt 0.1116 0.7153 0.0000
vt 0.3115 0.8604 0.0000
vt 0.2726 0.8448 0.0000
vt 0.3950 0.8814 0.0000
vt 0.1001 0.6956 0.0000
vt 0.4452 0.8883 0.0000
vt 0.6360 0.8873 0.0000
vt 0.5974 0.8872 0.0000
vt 0.4948 0.9562 0.0000
vt 0.5088 0.9565 0.0000
vt 0.5125 0.9565 0.0000
vt 0.5419 0.9559 0.0000
vt 0.5723 0.9529 0.0000
vt 0.1360 0.9070 0.0000
vt 0.5103 0.9566 0.0000
vt 0.4025 0.5954 0.0000
vt 0.3932 0.5798 0.0000
vt 0.4625 0.6104 0.0000
vt 0.4563 0.5955 0.0000
vt 0.4044 0.5961 0.0000
vt 0.4125 0.6106 0.0000
vt 0.4615 0.6099 0.0000
vt 0.4163 0.6075 0.0000
vt 0.4103 0.5978 0.0000
vt 0.5971 0.8576 0.0000
vt 0.5966 0.8343 0.0000
vt 0.5961 0.8192 0.0000
vt 0.5341 0.7486 0.0000
vt 0.5569 0.7661 0.0000
vt 0.5844 0.7981 0.0000
vt 0.5723 0.7808 0.0000
vt 0.5579 0.7643 0.0000
vt 0.4837 0.7458 0.0000
vt 0.5981 0.9978 0.0000
vt 0.1174 0.8073 0.0000
vt 0.1147 0.8074 0.0000
vt 0.1147 0.7621 0.0000
vt 0.1173 0.7621 0.0000
vt 0.1040 0.8074 0.0000
vt 0.1040 0.7621 0.0000
vt 0.1281 0.8074 0.0000
vt 0.1280 0.7621 0.0000
vt 0.1281 0.7621 0.0000
vt 0.4691 0.7182 0.0000
vt 0.5441 0.7251 0.0000
vt 0.5114 0.6936 0.0000
vt 0.1690 0.4978 0.0000
vt 0.1420 0.4978 0.0000
vt 0.1959 0.4978 0.0000
vt 0.2229 0.4978 0.0000
vt 0.0342 0.4978 0.0000
vt 0.0073 0.4978 0.0000
vt 0.0612 0.4978 0.0000
vt 0.0881 0.4978 0.0000
vt 0.1151 0.4978 0.0000
vt 0.9151 0.7979 0.0000
vt 0.9151 0.7948 0.0000
vt 0.9232 0.7948 0.0000
vt 0.9231 0.7979 0.0000
vt 0.9082 0.7979 0.0000
vt 0.9083 0.7948 0.0000
vt 0.9014 0.7979 0.0000
vt 0.9014 0.7948 0.0000
vt 0.8933 0.7979 0.0000
vt 0.8933 0.7948 0.0000
vt 0.8852 0.7979 0.0000
vt 0.8852 0.7948 0.0000
vt 0.8784 0.7979 0.0000
vt 0.8784 0.7948 0.0000
vt 0.9910 0.7979 0.0000
vt 0.9910 0.7948 0.0000
vt 0.9979 0.7948 0.0000
vt 0.9978 0.7979 0.0000
vt 0.9829 0.7979 0.0000
vt 0.9829 0.7948 0.0000
vt 0.9748 0.7979 0.0000
vt 0.9749 0.7948 0.0000
vt 0.9680 0.7979 0.0000
vt 0.9680 0.7948 0.0000
vt 0.9611 0.7979 0.0000
vt 0.9611 0.7948 0.0000
vt 0.9530 0.7979 0.0000
vt 0.9531 0.7948 0.0000
vt 0.9449 0.7979 0.0000
vt 0.9450 0.7948 0.0000
vt 0.9381 0.7979 0.0000
vt 0.9381 0.7948 0.0000
vt 0.9312 0.7979 0.0000
vt 0.9313 0.7948 0.0000
vt 0.0252 0.6564 0.0000
vt 0.0091 0.6561 0.0000
vt 0.1692 0.6542 0.0000
vt 0.1968 0.6553 0.0000
vt 0.2397 0.6575 0.0000
vt 0.2779 0.6612 0.0000
vt 0.3161 0.6696 0.0000
vt 0.4120 0.6869 0.0000
vt 0.1256 0.6576 0.0000
vt 0.1095 0.6603 0.0000
vt 0.0252 0.6549 0.0000
vt 0.0091 0.6546 0.0000
vt 0.0491 0.6625 0.0000
vt 0.0685 0.6628 0.0000
vt 0.0931 0.6633 0.0000
vt 0.1019 0.6600 0.0000
vt 0.1446 0.6552 0.0000
vt 0.1694 0.6558 0.0000
vt 0.1969 0.6570 0.0000
vt 0.2398 0.6592 0.0000
vt 0.2779 0.6631 0.0000
vt 0.3896 0.6815 0.0000
vt 0.3160 0.6679 0.0000
vt 0.4134 0.6892 0.0000
vt 0.1254 0.6559 0.0000
vt 0.1091 0.6586 0.0000
vt 0.0865 0.7201 0.0000
vt 0.0944 0.7193 0.0000
vt 0.0944 0.7347 0.0000
vt 0.0865 0.7347 0.0000
vt 0.0865 0.7080 0.0000
vt 0.0944 0.7064 0.0000
vt 0.0865 0.6949 0.0000
vt 0.0944 0.6929 0.0000
vt 0.0866 0.7080 0.0000
vt 0.0866 0.7201 0.0000
vt 0.0865 0.7494 0.0000
vt 0.0944 0.7502 0.0000
vt 0.0865 0.7614 0.0000
vt 0.0944 0.7631 0.0000
vt 0.0865 0.7746 0.0000
vt 0.0944 0.7766 0.0000
vt 0.0866 0.7614 0.0000
vt 0.0866 0.7494 0.0000
vt 0.0842 0.7204 0.0000
vt 0.0842 0.7347 0.0000
vt 0.0842 0.7085 0.0000
vt 0.0841 0.6955 0.0000
vt 0.0842 0.6955 0.0000
vt 0.0842 0.7491 0.0000
vt 0.0842 0.7609 0.0000
vt 0.0841 0.7740 0.0000
vt 0.0842 0.7740 0.0000
vt 0.0406 0.7251 0.0000
vt 0.0453 0.7226 0.0000
vt 0.0453 0.7348 0.0000
vt 0.0406 0.7347 0.0000
vt 0.0406 0.7171 0.0000
vt 0.0453 0.7125 0.0000
vt 0.0406 0.7087 0.0000
vt 0.0453 0.7019 0.0000
vt 0.0453 0.7021 0.0000
vt 0.0453 0.7347 0.0000
vt 0.0406 0.7444 0.0000
vt 0.0453 0.7468 0.0000
vt 0.0406 0.7524 0.0000
vt 0.0453 0.7569 0.0000
vt 0.0406 0.7608 0.0000
vt 0.0453 0.7675 0.0000
vt 0.0453 0.7570 0.0000
vt 0.0453 0.7674 0.0000
vt 0.0453 0.7469 0.0000
vt 0.9152 0.8011 0.0000
vt 0.9233 0.8011 0.0000
vt 0.9084 0.8011 0.0000
vt 0.9015 0.8011 0.0000
vt 0.8934 0.8011 0.0000
vt 0.8853 0.8011 0.0000
vt 0.8785 0.8011 0.0000
vt 0.9911 0.8011 0.0000
vt 0.9980 0.8011 0.0000
vt 0.9830 0.8011 0.0000
vt 0.9750 0.8011 0.0000
vt 0.9681 0.8011 0.0000
vt 0.9613 0.8011 0.0000
vt 0.9532 0.8011 0.0000
vt 0.9451 0.8011 0.0000
vt 0.9382 0.8011 0.0000
vt 0.9314 0.8011 0.0000
vt 0.9973 0.7303 0.0000
vt 0.9400 0.7303 0.0000
vt 0.8788 0.7305 0.0000
vt 0.4834 0.8992 0.0000
vt 0.4976 0.8997 0.0000
vt 0.4902 0.9178 0.0000
vt 0.4952 0.9043 0.0000
vt 0.4940 0.9312 0.0000
vt 0.4843 0.9312 0.0000
vt 0.4850 0.9037 0.0000
vt 0.9646 0.1946 0.0000
vt 0.9352 0.1946 0.0000
vt 0.9352 0.1749 0.0000
vt 0.9647 0.1749 0.0000
vt 0.9062 0.1945 0.0000
vt 0.9062 0.1747 0.0000
vt 0.8785 0.1946 0.0000
vt 0.8786 0.1748 0.0000
vt 0.8489 0.1946 0.0000
vt 0.8465 0.1745 0.0000
vt 0.8208 0.1946 0.0000
vt 0.8208 0.1714 0.0000
vt 0.7914 0.1946 0.0000
vt 0.7914 0.1714 0.0000
vt 0.7621 0.1946 0.0000
vt 0.7621 0.1714 0.0000
vt 0.7336 0.1945 0.0000
vt 0.7361 0.1740 0.0000
vt 0.7065 0.1946 0.0000
vt 0.7065 0.1748 0.0000
vt 0.6775 0.1946 0.0000
vt 0.6775 0.1748 0.0000
vt 0.6490 0.1946 0.0000
vt 0.6490 0.1748 0.0000
vt 0.6196 0.1946 0.0000
vt 0.6196 0.1748 0.0000
vt 0.5922 0.1946 0.0000
vt 0.5922 0.1748 0.0000
vt 0.9921 0.1946 0.0000
vt 0.9921 0.1750 0.0000
vt 0.6196 0.1182 0.0000
vt 0.6196 0.1255 0.0000
vt 0.5922 0.1255 0.0000
vt 0.5922 0.1181 0.0000
vt 0.6490 0.1182 0.0000
vt 0.6490 0.1255 0.0000
vt 0.6775 0.1181 0.0000
vt 0.6776 0.1255 0.0000
vt 0.7058 0.1181 0.0000
vt 0.7061 0.1254 0.0000
vt 0.7338 0.1181 0.0000
vt 0.7338 0.1255 0.0000
vt 0.7621 0.1182 0.0000
vt 0.7622 0.1255 0.0000
vt 0.7916 0.1182 0.0000
vt 0.7915 0.1255 0.0000
vt 0.8210 0.1182 0.0000
vt 0.8209 0.1255 0.0000
vt 0.8489 0.1182 0.0000
vt 0.8489 0.1256 0.0000
vt 0.8788 0.1182 0.0000
vt 0.8787 0.1256 0.0000
vt 0.9064 0.1182 0.0000
vt 0.9063 0.1256 0.0000
vt 0.9357 0.1181 0.0000
vt 0.9354 0.1255 0.0000
vt 0.9644 0.1181 0.0000
vt 0.9643 0.1255 0.0000
vt 0.9916 0.1181 0.0000
vt 0.9917 0.1255 0.0000
vt 0.1198 0.4327 0.0000
vt 0.0027 0.4327 0.0000
vt 0.0047 0.4176 0.0000
vt 0.1178 0.4176 0.0000
vt 0.9646 0.2182 0.0000
vt 0.9356 0.2182 0.0000
vt 0.9062 0.2182 0.0000
vt 0.8784 0.2182 0.0000
vt 0.8492 0.2182 0.0000
vt 0.8206 0.2182 0.0000
vt 0.7914 0.2182 0.0000
vt 0.7622 0.2182 0.0000
vt 0.7334 0.2182 0.0000
vt 0.7069 0.2182 0.0000
vt 0.6776 0.2182 0.0000
vt 0.6488 0.2182 0.0000
vt 0.6196 0.2182 0.0000
vt 0.5925 0.2182 0.0000
vt 0.6196 0.1483 0.0000
vt 0.5922 0.1483 0.0000
vt 0.6490 0.1483 0.0000
vt 0.6776 0.1483 0.0000
vt 0.7065 0.1483 0.0000
vt 0.7336 0.1482 0.0000
vt 0.7621 0.1456 0.0000
vt 0.7915 0.1456 0.0000
vt 0.8258 0.1483 0.0000
vt 0.8490 0.1483 0.0000
vt 0.8786 0.1483 0.0000
vt 0.9062 0.1482 0.0000
vt 0.9352 0.1485 0.0000
vt 0.9648 0.1486 0.0000
vt 0.9921 0.1487 0.0000
vt 0.9918 0.2182 0.0000
vt 0.1179 0.4473 0.0000
vt 0.0046 0.4473 0.0000
vt 0.0106 0.4035 0.0000
vt 0.1119 0.4035 0.0000
vt 0.0199 0.3914 0.0000
vt 0.1026 0.3914 0.0000
vt 0.0320 0.3821 0.0000
vt 0.0905 0.3821 0.0000
vt 0.0461 0.3762 0.0000
vt 0.0764 0.3762 0.0000
vt 0.0612 0.3742 0.0000
vt 0.9937 0.2221 0.0000
vt 0.9934 0.2748 0.0000
vt 0.9779 0.2749 0.0000
vt 0.9796 0.2221 0.0000
vt 0.9623 0.2750 0.0000
vt 0.9645 0.2222 0.0000
vt 0.9479 0.2750 0.0000
vt 0.9504 0.2223 0.0000
vt 0.9355 0.2751 0.0000
vt 0.9353 0.2224 0.0000
vt 0.9230 0.2751 0.0000
vt 0.9222 0.2224 0.0000
vt 0.9086 0.2751 0.0000
vt 0.9082 0.2224 0.0000
vt 0.8931 0.2751 0.0000
vt 0.8931 0.2224 0.0000
vt 0.8775 0.2751 0.0000
vt 0.8779 0.2224 0.0000
vt 0.8631 0.2751 0.0000
vt 0.8639 0.2224 0.0000
vt 0.8507 0.2751 0.0000
vt 0.8508 0.2224 0.0000
vt 0.8382 0.2750 0.0000
vt 0.8357 0.2223 0.0000
vt 0.8238 0.2750 0.0000
vt 0.8216 0.2222 0.0000
vt 0.8083 0.2749 0.0000
vt 0.8065 0.2221 0.0000
vt 0.7927 0.2748 0.0000
vt 0.7914 0.2221 0.0000
vt 0.1154 0.3747 0.0000
vt 0.0808 0.3747 0.0000
vt 0.0802 0.3701 0.0000
vt 0.1160 0.3701 0.0000
vt 0.0808 0.3654 0.0000
vt 0.1154 0.3654 0.0000
vt 0.0826 0.3611 0.0000
vt 0.1136 0.3611 0.0000
vt 0.0854 0.3574 0.0000
vt 0.1107 0.3574 0.0000
vt 0.0891 0.3546 0.0000
vt 0.1070 0.3546 0.0000
vt 0.0935 0.3528 0.0000
vt 0.1027 0.3528 0.0000
vt 0.0981 0.3522 0.0000
vt 0.6792 0.2712 0.0000
vt 0.6815 0.2691 0.0000
vt 0.7775 0.2691 0.0000
vt 0.7798 0.2712 0.0000
vt 0.7880 0.2598 0.0000
vt 0.6710 0.2598 0.0000
vt 0.6710 0.2500 0.0000
vt 0.6710 0.2483 0.0000
vt 0.7880 0.2483 0.0000
vt 0.7880 0.2500 0.0000
vt 0.9352 0.1682 0.0000
vt 0.9647 0.1683 0.0000
vt 0.9062 0.1680 0.0000
vt 0.8786 0.1681 0.0000
vt 0.8489 0.1677 0.0000
vt 0.8208 0.1520 0.0000
vt 0.7915 0.1516 0.0000
vt 0.7621 0.1520 0.0000
vt 0.7065 0.1681 0.0000
vt 0.7336 0.1677 0.0000
vt 0.6776 0.1681 0.0000
vt 0.6490 0.1681 0.0000
vt 0.6196 0.1681 0.0000
vt 0.5922 0.1681 0.0000
vt 0.9921 0.1684 0.0000
vt 0.9352 0.1715 0.0000
vt 0.9647 0.1716 0.0000
vt 0.9062 0.1713 0.0000
vt 0.8786 0.1714 0.0000
vt 0.8489 0.1714 0.0000
vt 0.7065 0.1714 0.0000
vt 0.7336 0.1714 0.0000
vt 0.6775 0.1714 0.0000
vt 0.6490 0.1714 0.0000
vt 0.6196 0.1714 0.0000
vt 0.5922 0.1714 0.0000
vt 0.9921 0.1717 0.0000
vt 0.7915 0.1483 0.0000
vt 0.7621 0.1483 0.0000
vt 0.8208 0.1483 0.0000
vt 0.6828 0.2255 0.0000
vt 0.6710 0.2467 0.0000
vt 0.6710 0.2369 0.0000
vt 0.6792 0.2255 0.0000
vt 0.7762 0.2255 0.0000
vt 0.7798 0.2255 0.0000
vt 0.7880 0.2369 0.0000
vt 0.7880 0.2467 0.0000
vt 0.3156 0.9976 0.0000
vt 0.3148 0.9473 0.0000
vt 0.3937 0.9034 0.0000
vt 0.4395 0.9000 0.0000
vt 0.4382 0.9454 0.0000
vt 0.4388 0.9718 0.0000
vt 0.3136 0.3888 0.0000
vt 0.2677 0.3883 0.0000
vt 0.2795 0.3608 0.0000
vt 0.3024 0.3610 0.0000
vt 0.2357 0.3556 0.0000
vt 0.2634 0.3444 0.0000
vt 0.2800 0.3055 0.0000
vt 0.3029 0.3057 0.0000
vt 0.2361 0.3098 0.0000
vt 0.2637 0.3215 0.0000
vt 0.2688 0.2777 0.0000
vt 0.3146 0.2782 0.0000
vt 0.2318 0.8491 0.0000
vt 0.2316 0.8730 0.0000
vt 0.2265 0.8716 0.0000
vt 0.2267 0.8504 0.0000
vt 0.2200 0.8283 0.0000
vt 0.2187 0.8330 0.0000
vt 0.1106 0.7885 0.0000
vt 0.1425 0.8485 0.0000
vt 0.1504 0.8575 0.0000
vt 0.1091 0.7464 0.0000
vt 0.1546 0.8278 0.0000
vt 0.1629 0.8388 0.0000
vt 0.1117 0.7595 0.0000
vt 0.1754 0.8160 0.0000
vt 0.1806 0.8245 0.0000
vt 0.1134 0.7696 0.0000
vt 0.1993 0.8162 0.0000
vt 0.1985 0.8217 0.0000
vt 0.2195 0.8937 0.0000
vt 0.2187 0.8936 0.0000
vt 0.1091 0.7544 0.0000
vt 0.1987 0.9055 0.0000
vt 0.1999 0.9050 0.0000
vt 0.1087 0.7420 0.0000
vt 0.1748 0.9053 0.0000
vt 0.1784 0.9058 0.0000
vt 0.1082 0.7320 0.0000
vt 0.1541 0.8932 0.0000
vt 0.1591 0.8939 0.0000
vt 0.1078 0.7217 0.0000
vt 0.1423 0.8724 0.0000
vt 0.1474 0.8713 0.0000
vt 0.2243 0.8710 0.0000
vt 0.1870 0.8608 0.0000
vt 0.2244 0.8509 0.0000
vt 0.2189 0.8353 0.0000
vt 0.1197 0.7946 0.0000
vt 0.1552 0.8650 0.0000
vt 0.1170 0.7623 0.0000
vt 0.1688 0.8469 0.0000
vt 0.1216 0.7740 0.0000
vt 0.1841 0.8286 0.0000
vt 0.1247 0.7807 0.0000
vt 0.1986 0.8254 0.0000
vt 0.2197 0.8953 0.0000
vt 0.1171 0.7650 0.0000
vt 0.2017 0.9069 0.0000
vt 0.1163 0.7544 0.0000
vt 0.1810 0.9085 0.0000
vt 0.1154 0.7461 0.0000
vt 0.1618 0.8954 0.0000
vt 0.1148 0.7378 0.0000
vt 0.1494 0.8708 0.0000
vt 0.3827 0.9991 0.0000
vt 0.3764 0.9614 0.0000
vt 0.3765 0.9934 0.0000
vt 0.3383 0.9933 0.0000
vt 0.2363 0.4054 0.0000
vt 0.2362 0.5439 0.0000
vt 0.3281 0.3184 0.0000
vt 0.3278 0.3488 0.0000
vt 0.3061 0.3702 0.0000
vt 0.2756 0.3699 0.0000
vt 0.2543 0.3481 0.0000
vt 0.2546 0.3176 0.0000
vt 0.2763 0.2963 0.0000
vt 0.3068 0.2966 0.0000
vt 0.1690 0.5016 0.0000
vt 0.1420 0.5016 0.0000
vt 0.1959 0.5016 0.0000
vt 0.2229 0.5016 0.0000
vt 0.0342 0.5016 0.0000
vt 0.0073 0.5016 0.0000
vt 0.0612 0.5016 0.0000
vt 0.0881 0.5016 0.0000
vt 0.1151 0.5016 0.0000
vt 0.4042 0.2912 0.0000
vt 0.3674 0.2879 0.0000
vt 0.3689 0.2762 0.0000
vt 0.4042 0.2794 0.0000
vt 0.3338 0.2781 0.0000
vt 0.3363 0.2667 0.0000
vt 0.3068 0.2637 0.0000
vt 0.3094 0.2520 0.0000
vt 0.2952 0.2506 0.0000
vt 0.2953 0.2363 0.0000
vt 0.2960 0.2225 0.0000
vt 0.4041 0.2233 0.0000
vt 0.4042 0.0060 0.0000
vt 0.2953 0.0060 0.0000
vt 0.4041 0.2338 0.0000
vt 0.3151 0.2313 0.0000
vt 0.2952 0.2106 0.0000
vt 0.3126 0.2405 0.0000
vt 0.4043 0.2421 0.0000
vt 0.3394 0.2547 0.0000
vt 0.4038 0.2566 0.0000
vt 0.3707 0.2636 0.0000
vt 0.4045 0.2655 0.0000
vt 0.4043 0.2666 0.0000
vt 0.4042 0.2464 0.0000
vt 0.3421 0.2451 0.0000
vt 0.4038 0.2561 0.0000
vt 0.3717 0.2563 0.0000
vt 0.5201 0.2279 0.0000
vt 0.5394 0.2279 0.0000
vt 0.5264 0.2372 0.0000
vt 0.5201 0.0106 0.0000
vt 0.5327 0.0106 0.0000
vt 0.5327 0.2153 0.0000
vt 0.5573 0.2178 0.0000
vt 0.5203 0.1144 0.0000
vt 0.5203 0.0054 0.0000
vt 0.5329 0.0054 0.0000
vt 0.5329 0.1144 0.0000
vt 0.3421 0.2474 0.0000
vt 0.3719 0.2582 0.0000
vt 0.3152 0.2337 0.0000
vt 0.2952 0.2131 0.0000
vt 0.4038 0.2585 0.0000
vt 0.5178 0.5184 0.4586
vt 0.5234 0.5184 0.4591
vt 0.5234 0.5309 0.4645
vt 0.5178 0.5312 0.4642
vt 0.5178 0.5054 0.4637
vt 0.5234 0.5057 0.4641
vt 0.5235 0.4822 0.4998
vt 0.5235 0.4766 0.5003
vt 0.5359 0.4766 0.5057
vt 0.5363 0.4822 0.5054
vt 0.5105 0.4822 0.5049
vt 0.5108 0.4766 0.5053
vt 0.4822 0.5177 0.4951
vt 0.4766 0.5177 0.4946
vt 0.4766 0.5053 0.4892
vt 0.4822 0.5049 0.4895
vt 0.4822 0.5307 0.4900
vt 0.4766 0.5304 0.4896
vt 0.4772 0.4822 0.5363
vt 0.4772 0.4766 0.5358
vt 0.4896 0.4766 0.5304
vt 0.4900 0.4822 0.5307
vt 0.4642 0.4822 0.5312
vt 0.4645 0.4766 0.5309
vt 0.4675 0.5277 0.4222
vt 0.4672 0.5087 0.4222
vt 0.4766 0.5046 0.4222
vt 0.4771 0.5315 0.4222
vt 0.4843 0.4634 0.5232
vt 0.4785 0.4634 0.5270
vt 0.4785 0.2565 0.5270
vt 0.4843 0.2565 0.5232
vt 0.4717 0.4634 0.5255
vt 0.4717 0.2565 0.5255
vt 0.5366 0.5255 0.4717
vt 0.5366 0.5197 0.4679
vt 0.7435 0.5197 0.4679
vt 0.7435 0.5255 0.4717
vt 0.5366 0.5129 0.4694
vt 0.7435 0.5129 0.4694
vt 0.5306 0.4634 0.5129
vt 0.5248 0.4634 0.5091
vt 0.5248 0.2565 0.5091
vt 0.5306 0.2565 0.5129
vt 0.5180 0.4634 0.5106
vt 0.5180 0.2565 0.5106
vt 0.4634 0.5106 0.4820
vt 0.4634 0.5164 0.4858
vt 0.2565 0.5164 0.4858
vt 0.2565 0.5106 0.4820
vt 0.4634 0.5232 0.4843
vt 0.2565 0.5232 0.4843
vt 0.5049 0.6072 0.0258
vt 0.3580 0.6072 0.0258
vt 0.3580 0.4234 0.0258
vt 0.5049 0.4234 0.0258
vt 0.6299 0.6072 0.0258
vt 0.4830 0.6072 0.0258
vt 0.4830 0.4234 0.0258
vt 0.6299 0.4234 0.0258
vt 0.7549 0.6072 0.0258
vt 0.6080 0.6072 0.0258
vt 0.6080 0.4234 0.0258
vt 0.7549 0.4234 0.0258
vt 0.8799 0.6072 0.0258
vt 0.7330 0.6072 0.0258
vt 0.7330 0.4234 0.0258
vt 0.8799 0.4234 0.0258
vt 1.0049 0.6072 0.0258
vt 0.8580 0.6072 0.0258
vt 0.8580 0.4234 0.0258
vt 1.0049 0.4234 0.0258
vt 0.1299 0.6072 0.0258
vt -0.0170 0.6072 0.0258
vt -0.0170 0.4234 0.0258
vt 0.1299 0.4234 0.0258
vt 0.2549 0.6072 0.0258
vt 0.1080 0.6072 0.0258
vt 0.1080 0.4234 0.0258
vt 0.2549 0.4234 0.0258
vt 0.3799 0.6072 0.0258
vt 0.2330 0.6072 0.0258
vt 0.2330 0.4234 0.0258
vt 0.3799 0.4234 0.0258
vt 0.4995 0.4871 -0.0709
vt 0.4905 0.4912 -0.0709
vt 0.5088 0.4905 -0.0709
vt 0.4941 0.4967 0.5198
vt 0.4944 0.5391 0.5198
vt 0.4587 0.5394 0.5198
vt 0.4584 0.4970 0.5198
vt 0.5374 0.5632 0.5879
vt 0.4626 0.5598 0.5832
vt 0.4626 0.4389 0.5823
vt 0.5374 0.4355 0.5869
vt 0.4368 0.5374 0.5879
vt 0.4402 0.4626 0.5832
vt 0.5611 0.4626 0.5823
vt 0.5645 0.5374 0.5869
vt 0.4626 0.4368 0.4121
vt 0.5374 0.4402 0.4168
vt 0.5374 0.5611 0.4177
vt 0.4626 0.5645 0.4131
vt 0.4368 0.5374 0.4121
vt 0.4402 0.4626 0.4168
vt 0.5611 0.4626 0.4177
vt 0.5645 0.5374 0.4131
vt 0.5374 0.5869 0.5645
vt 0.4626 0.5823 0.5611
vt 0.4131 0.5374 0.4355
vt 0.4177 0.4626 0.4389
vt 0.4131 0.5374 0.5645
vt 0.4177 0.4626 0.5611
vt 0.4626 0.4131 0.4355
vt 0.5374 0.4177 0.4389
vt 42.6653 -0.0194 53.4534
vt -0.1090 -2.0213 -5.8880
vt 0.3662 1.5796 0.7614
vt 4.7312 2.9252 3.6291
vt 3.2518 -0.7515 3.4134
vt 0.9127 1.5539 2.0873
vt 2.1280 2.7450 0.4109
vt -13.2431 4.7740 -1.7184
vt 0.3047 0.0010 0.0000
vt 0.3047 0.0807 0.0000
vt 0.4516 0.0807 0.0000
vt 0.4498 0.0010 0.0000
vt 0.5902 0.6145 0.5042
vt 0.5626 0.6267 0.5041
vt 0.5640 0.3747 0.5053
vt 0.5912 0.3944 0.5052
vt 3.5883 2.3382 2.4940
vt 22.5320 47.5128 38.5122
vt 5.7161 16.7368 34.0371
vt 17.4348 6.2749 -7.1539
vt 8.3283 17.3424 -13.2343
vt -24.9986 -0.8394 27.4919
vt -17.9520 -12.2467 -12.6829
vt 1.1129 -10.5410 -5.8851
vt 3.0930 -1.9467 -3.7307
vt 2.1270 -6.4598 0.7629
vt 12.5622 18.0590 -6.4595
vt -3.4009 9.9052 -1.6976
vt 0.3179 1.5287 0.5741
vt 1.7709 1.6892 0.3691
vt 0.0507 0.1742 0.0000
vt 0.0507 0.2520 0.0000
vt 0.0005 0.2520 0.0000
vt 0.0013 0.1742 0.0000
vt -2.1630 0.5587 0.0000
vt 0.7482 7.3426 0.0000
vt -0.0624 5.6641 0.0000
vt -3.8463 -0.2060 0.0000
vt -2.3095 8.8539 0.0000
vt -2.2259 9.4510 0.0000
vt 1.4962 9.1603 0.0000
vt 0.2308 3.6179 0.0000
vt 41.7301 0.9382 0.0000
vt -184.2054 -7.8388 0.0000
vt 22.8206 -32.9273 0.0000
vt 2.9485 19.1693 0.0000
vt 1.9266 -17.4844 0.0000
vt -41.5946 -19.4244 0.0000
vt -9.2949 -15.0474 0.0000
vt -1.6410 -15.4013 0.0000
vt 4609.2939 5007.8838 0.0000
vt 2247.5647 3334.3701 0.0000
vt 4844.0210 5518.7354 0.0000
vt 11053.1172 9193.7793 0.0000
vt -109.0009 -180.3077 0.0000
vt -40.2712 -183.2172 0.0000
vt -202.5945 -352.6381 0.0000
vt -652.3479 -297.4697 0.0000
vt -535.9333 620.7621 0.0000
vt -150.0512 -426.8470 0.0000
vt -255.9763 -90.9490 0.0000
vt -586.3716 582.2843 0.0000
vt -300.5610 161.7774 0.0000
vt -165.3011 116.9700 0.0000
vt -157.4518 87.2165 0.0000
vt -309.4441 103.7766 0.0000
vt 0.5410 0.4997 0.8472
vt 0.5407 0.5435 0.8472
vt 0.5062 0.5432 0.8472
vt 0.5065 0.4995 0.8472
vt 0.4625 0.5470 0.6145
vt 0.4914 0.5468 0.6145
vt 0.4917 0.5670 0.6228
vt 0.4628 0.5672 0.6228
vt 0.5399 0.6199 0.5427
vt 0.5063 0.6199 0.5425
vt 0.5086 0.6145 0.5468
vt 0.5375 0.6145 0.5470
vt 0.6199 0.5425 0.4937
vt 0.6297 0.5678 0.4941
vt 0.6228 0.5670 0.4917
vt 0.6145 0.5468 0.4914
vt 0.4941 0.6297 0.5678
vt 0.4604 0.6297 0.5680
vt 0.4628 0.6228 0.5672
vt 0.4917 0.6228 0.5670
vt 0.3703 0.5680 0.4604
vt 0.3801 0.5427 0.4601
vt 0.3855 0.5470 0.4625
vt 0.3772 0.5672 0.4628
vt 0.5476 0.5064 0.8472
vt 0.5474 0.5369 0.8472
vt 0.4996 0.5365 0.8472
vt 0.4998 0.5061 0.8472
vt 0.4871 0.5005 -0.0709
vt 0.4912 0.5095 -0.0709
vt 0.5095 0.5088 -0.0709
vt 0.5129 0.4995 -0.0709
vt 0.5005 0.5129 -0.0709
vt 0.4862 0.5084 0.4222
vt 0.4865 0.5274 0.4222
vt 0.4634 0.5183 0.4222
vt 0.4903 0.5178 0.4222
vt 0.4533 0.5291 0.5198
vt 0.4531 0.5074 0.5198
vt 0.4304 0.6255 0.5041
vt 0.4354 0.3736 0.5053
vt 0.4086 0.6127 0.5042
vt 0.4092 0.3911 0.5053
vt 0.5129 0.4995 0.1327
vt 0.5094 0.4996 0.1327
vt 0.5064 0.4931 0.1327
vt 0.5088 0.4905 0.1327
vt 0.5095 0.5088 0.1327
vt 0.5069 0.5064 0.1327
vt 0.5005 0.5129 0.1327
vt 0.5004 0.5094 0.1327
vt 0.4912 0.5095 0.1327
vt 0.4936 0.5069 0.1327
vt 0.4871 0.5005 0.1327
vt 0.4906 0.5004 0.1327
vt 0.4905 0.4912 0.1327
vt 0.4931 0.4936 0.1327
vt 0.4995 0.4871 0.1327
vt 0.4996 0.4906 0.1327
vt 0.4939 0.7654 0.0189
vt 0.5000 0.2346 0.0000
vt 0.3689 0.7654 0.0189
vt 0.6189 0.7654 0.0189
vt 0.7439 0.7654 0.0189
vt 0.8689 0.7654 0.0189
vt 0.9939 0.7654 0.0189
vt 1.1189 0.7654 0.0189
vt 0.2439 0.7654 0.0189
vt 0.1189 0.7654 0.0189
vt 0.8389 0.5012 0.5075
vt 0.8472 0.5061 0.5002
vt 0.8472 0.5365 0.5004
vt 0.8389 0.5413 0.5078
vt 0.4993 0.8389 0.5499
vt 0.4938 0.8472 0.5432
vt 0.4593 0.8472 0.5435
vt 0.4539 0.8389 0.5503
vt 0.1611 0.5418 0.4453
vt 0.1528 0.5369 0.4526
vt 0.1528 0.5064 0.4524
vt 0.1611 0.5017 0.4450
vt 0.5465 0.8389 0.4931
vt 0.5410 0.8472 0.4997
vt 0.5065 0.8472 0.4995
vt 0.5011 0.8389 0.4927
vt 0.4922 0.5413 0.8389
vt 0.5007 0.5499 0.8389
vt 0.5011 0.4927 0.8389
vt 0.4925 0.5012 0.8389
vt 0.5461 0.5503 0.8389
vt 0.5547 0.5418 0.8389
vt 0.5550 0.5017 0.8389
vt 0.5465 0.4931 0.8389
vt 3.1244 3.8577 4.4321
vt 24.5475 49.9200 40.9216
vt 0.0887 0.6227 0.1675
vt 0.1572 0.4070 -0.1164
vt -21.2371 -29.9496 -27.8695
vt 3.1497 3.2267 3.9100
vt 24.8875 51.7915 42.6016
vt -0.3988 -1.5796 -1.7883
vt -23.1487 -36.6874 -33.8376
vt 0.4994 0.5070 0.5198
vt 0.4996 0.5288 0.5198
vt 0.5413 0.5367 0.5023
vt 0.5225 0.5358 0.5011
vt 0.5225 0.4999 0.5008
vt 0.5413 0.4990 0.5020
vt 0.4578 0.5413 0.5440
vt 0.4586 0.5225 0.5428
vt 0.4945 0.5225 0.5425
vt 0.4954 0.5413 0.5437
vt 4.9145 1.3687 0.0000
vt 4.8927 1.2621 0.0000
vt 5.5230 2.0963 0.0000
vt 5.0591 2.3388 0.0000
vt 0.4587 0.4994 0.4505
vt 0.4775 0.5003 0.4516
vt 0.4775 0.5362 0.4519
vt 0.4587 0.5371 0.4508
vt 0.5050 0.5413 0.4922
vt 0.5058 0.5225 0.4933
vt 0.5418 0.5225 0.4936
vt 0.5427 0.5413 0.4924
vt -3.3748 -1.3143 0.0000
vt -2.5807 -1.1305 0.0000
vt -3.1982 0.1003 0.0000
vt -3.6271 -0.0313 0.0000
vt 0.5413 0.5437 0.4954
vt 0.5225 0.5425 0.4945
vt -354.4055 -256.5892 0.0000
vt 31.5430 -199.1675 0.0000
vt 32.3366 -204.5279 0.0000
vt -811.1271 -343.7058 0.0000
vt -718.7691 -206.8630 0.0000
vt -1047.3381 -482.7148 0.0000
vt -911.8544 -619.1408 0.0000
vt -642.6777 -46.8073 0.0000
vt 0.4980 0.5413 0.4990
vt 0.4992 0.5225 0.4999
vt 0.4508 0.5413 0.5371
vt 0.4519 0.5225 0.5362
vt -718.1614 334.0184 0.0000
vt -188.7162 192.0407 0.0000
vt -159.6924 102.7946 0.0000
vt -666.6068 -158.9958 0.0000
vt 0.4587 0.4924 0.4573
vt 0.4775 0.4936 0.4582
vt 17844.5273 -3505.1641 0.0000
vt 30617.5938 -8998.8818 0.0000
vt 9058.6475 1721.4274 0.0000
vt 5134.7910 1114.8677 0.0000
vt 0.5832 0.5598 0.4626
vt 0.5686 0.5537 0.4527
vt 0.5677 0.4452 0.4527
vt 0.5823 0.4389 0.4626
vt 0.4131 0.4355 0.5374
vt 0.4265 0.4409 0.5473
vt 0.4256 0.5579 0.5473
vt 0.4121 0.5632 0.5374
vt 0.4402 0.5832 0.4626
vt 0.4463 0.5686 0.4527
vt 0.5548 0.5677 0.4527
vt 0.5611 0.5823 0.4626
vt 0.4355 0.5869 0.5374
vt 0.4409 0.5735 0.5473
vt 0.5579 0.5744 0.5473
vt 0.5632 0.5879 0.5374
vt 0.4168 0.4402 0.4626
vt 0.4314 0.4463 0.4527
vt 0.4323 0.5548 0.4527
vt 0.4177 0.5611 0.4626
vt 0.5869 0.5645 0.5374
vt 0.5735 0.5591 0.5473
vt 0.5744 0.4421 0.5473
vt 0.5879 0.4368 0.5374
vt 0.5598 0.4168 0.4626
vt 0.5537 0.4314 0.4527
vt 0.4452 0.4323 0.4527
vt 0.4389 0.4177 0.4626
vt 0.5645 0.4131 0.5374
vt 0.5591 0.4265 0.5473
vt 0.4421 0.4256 0.5473
vt 0.4368 0.4121 0.5374
vt 0.4980 0.4990 0.5413
vt 0.5022 0.5008 0.5445
vt 0.5020 0.5350 0.5445
vt 0.4977 0.5367 0.5413
vt 10.1063 -5.4849 0.0000
vt 10.7426 -5.8210 0.0000
vt 1.2283 -0.8716 0.0000
vt 1.0150 -0.7626 0.0000
vt 0.5046 0.5437 0.5413
vt 0.5063 0.5395 0.5445
vt 0.5406 0.5397 0.5445
vt 0.5422 0.5440 0.5413
vt 5.0374 2.3502 0.0000
vt 4.9155 1.3737 0.0000
vt 0.5492 0.5371 0.5413
vt 0.5450 0.5354 0.5445
vt 0.5453 0.5011 0.5445
vt 0.5495 0.4994 0.5413
vt 3.0263 2.3848 0.0000
vt 3.0876 2.3924 0.0000
vt -2.6713 1.9389 0.0000
vt -2.9494 1.9070 0.0000
vt 0.5427 0.4924 0.5413
vt 0.5409 0.4967 0.5445
vt 0.5067 0.4964 0.5445
vt 0.5050 0.4922 0.5413
vt -3.6472 -0.0375 0.0000
vt -3.4120 -1.3229 0.0000
vt -850.6234 -350.2230 0.0000
vt -372.4780 -259.2780 0.0000
vt -630.0731 -20.0071 0.0000
vt -703.3835 -193.9459 0.0000
vt -690.3436 -171.2545 0.0000
vt -742.9533 340.6667 0.0000
vt 4951.0518 1086.4647 0.0000
vt 17246.4121 -3247.9141 0.0000
vt 0.8164 0.5012 0.5074
vt 0.8164 0.5412 0.5077
vt 0.4993 0.8164 0.5498
vt 0.4540 0.8164 0.5502
vt 0.1836 0.5417 0.4454
vt 0.1836 0.5017 0.4451
vt 0.5465 0.8164 0.4932
vt 0.5012 0.8164 0.4928
vt 0.8389 0.5499 0.4993
vt 0.8164 0.5498 0.4993
vt 0.4925 0.8389 0.5012
vt 0.4926 0.8164 0.5012
vt 0.4453 0.8389 0.5418
vt 0.4454 0.8164 0.5417
vt 0.1611 0.4931 0.4535
vt 0.1836 0.4932 0.4535
vt -11.7790 -11.2652 0.0000
vt -13.2808 -10.9606 0.0000
vt -30.6669 -69.5688 0.0000
vt -26.2682 -67.7507 0.0000
vt -192.6578 -8.1671 0.0000
vt 23.5640 -34.8763 0.0000
vt -124.6569 228.5271 0.0000
vt -129.1504 235.4670 0.0000
vt -37.8207 109.5306 0.0000
vt -36.5415 107.2818 0.0000
vt -43.2228 -19.4970 0.0000
vt -9.5812 -15.0342 0.0000
vt 2159.2107 3271.7627 0.0000
vt 4611.7339 5381.2490 0.0000
vt -37.6999 -183.3261 0.0000
vt -185.7688 -354.7020 0.0000
vt -135.6151 -466.0388 0.0000
vt -243.6160 -116.1351 0.0000
vt -160.2409 115.2937 0.0000
vt -151.7656 86.5970 0.0000
vt 0.5077 0.5412 0.8164
vt 0.5033 0.5394 0.8133
vt 0.5030 0.5031 0.8133
vt 0.5074 0.5012 0.8164
vt 0.4540 0.5502 0.8164
vt 0.4558 0.5457 0.8133
vt 0.4974 0.5454 0.8133
vt 0.4993 0.5498 0.8164
vt 0.4451 0.5017 0.8164
vt 0.4495 0.5035 0.8133
vt 0.4498 0.5398 0.8133
vt 0.4454 0.5417 0.8164
vt 0.4988 0.4928 0.8164
vt 0.4970 0.4972 0.8133
vt 0.4554 0.4976 0.8133
vt 0.4535 0.4932 0.8164
vt 26.4163 57.4309 46.5996
vt 4.5874 1.2658 7.2823
vt 4.6051 2.6588 8.1323
vt 25.9190 55.8152 45.1956
vt 6.3311 -0.9853 5.1296
vt 30.1408 -18.2643 -5.0072
vt 29.1227 -14.0099 -4.9782
vt 6.3009 0.0384 5.7972
vt 31.1103 -20.9124 -7.7415
vt -6.4157 -44.7149 -36.0101
vt -11.1340 -42.5439 -35.9006
vt 29.9434 -16.3864 -7.3332
vt -4.8322 -38.1129 -30.9073
vt 23.8289 47.4675 39.5227
vt 23.5396 47.8132 39.0006
vt -8.1633 -34.8212 -29.5451
vt 24.1847 98.9186 83.3160
vt -0.4867 1.0035 1.2742
vt -23.1486 -36.6892 -33.8393
vt 23.3563 46.0726 38.6965
vt -4.4833 -38.6556 -31.2098
vt 28.6032 -20.0992 -6.3936
vt 5.7368 -1.0775 5.5673
vt 23.3442 48.3213 38.5970
vt 23.2259 48.1881 38.4343
vt 25.3796 54.0627 43.6728
vt 4.6243 4.1696 9.0544
vt 6.2681 1.1488 6.5213
vt 7.4888 3.3586 8.2483
vt 28.0185 -9.3954 -4.9468
vt 28.6778 -11.4774 -6.8903
vt 27.9588 -8.8211 -5.0217
vt -10.8351 -30.3479 -27.2403
vt -16.2516 -40.1893 -35.7818
vt -11.7762 -31.2510 -28.0678
vt -0.2502 4.3615 0.0000
vt -0.4288 2.3620 0.0000
vt -4.0474 -0.0166 0.0000
vt -4.0460 -0.1900 0.0000
vt -2.2030 9.4108 0.0000
vt -2.1784 9.2252 0.0000
vt 0.3057 4.0868 0.0000
vt 0.6738 5.9301 0.0000
vt -0.7143 2.7500 0.0000
vt -3.8736 0.3557 0.0000
vt -2.1677 8.7926 0.0000
vt 0.2087 5.6657 0.0000
vt 7.8676 8.3924 12.9751
vt 23.4785 47.4146 38.0680
vt 27.5368 -10.4397 -6.8329
vt -12.5969 -48.3443 -42.2160
vt 9.5698 8.5308 13.2954
vt 22.1193 45.7816 36.7618
vt 25.0195 -10.1351 -6.9211
vt -9.8460 -45.8322 -39.5609
vt 0.2352 0.9831 0.0000
vt 0.1272 0.9829 0.0000
vt 0.1271 0.9305 0.0000
vt 0.2350 0.9303 0.0000
vt 4.6135 3.3190 8.5353
vt 25.6833 55.0494 44.5301
vt 28.6402 -11.9934 -4.9645
vt 6.2866 0.5236 6.1136
vt -13.3703 -41.5150 -35.8487
vt 29.3904 -14.2413 -7.1396
vt 23.4026 47.9770 38.7531
vt -9.7421 -33.2611 -28.8995
vt 0.4532 0.7180 0.4321
vt 0.4460 0.7180 0.4320
vt 0.4460 0.6595 0.4320
vt 0.4532 0.6595 0.4321
vt 0.4522 0.5198 0.7218
vt 0.4450 0.5198 0.7218
vt 0.4459 0.4364 0.7218
vt 0.4531 0.4364 0.7218
vt 0.5478 0.6595 0.5234
vt 0.5550 0.6595 0.5234
vt 0.5550 0.7180 0.5242
vt 0.5478 0.7180 0.5242
vt 0.5469 0.4364 0.6557
vt 0.5541 0.4364 0.6557
vt 0.5550 0.5190 0.6557
vt 0.5478 0.5190 0.6557
vt 0.5468 0.4321 0.6595
vt 0.5540 0.4320 0.6595
vt 0.4460 0.4320 0.7180
vt 0.4532 0.4321 0.7180
vt 0.4522 0.5242 0.7180
vt 0.4450 0.5242 0.7180
vt 0.5550 0.5234 0.6595
vt 0.5478 0.5234 0.6595
vt 0.5133 0.3808 0.2528
vt 0.5211 0.3808 0.2527
vt 0.5211 0.6192 0.2527
vt 0.5133 0.6192 0.2528
vt 0.4748 0.6192 0.2535
vt 0.4705 0.6192 0.2535
vt 0.4705 0.3808 0.2536
vt 0.4748 0.3808 0.2535
vt 0.2766 0.4753 0.3654
vt 0.2767 0.4708 0.3654
vt 0.7241 0.4785 0.3654
vt 0.7239 0.4861 0.3654
vt 0.7233 0.5247 0.3654
vt 0.7232 0.5292 0.3654
vt 0.2759 0.5215 0.3654
vt 0.2760 0.5138 0.3654
vt 0.4749 0.6192 0.7422
vt 0.4705 0.6192 0.7421
vt 0.4705 0.3808 0.7465
vt 0.4748 0.3808 0.7465
vt 0.5133 0.3808 0.7472
vt 0.5211 0.3808 0.7473
vt 0.5212 0.6192 0.7430
vt 0.5134 0.6192 0.7429
vt 0.2761 0.4861 0.6346
vt 0.2759 0.4785 0.6346
vt 0.7189 0.4709 0.6346
vt 0.7190 0.4753 0.6346
vt 0.7196 0.5140 0.6346
vt 0.7197 0.5216 0.6346
vt 0.2768 0.5292 0.6346
vt 0.2767 0.5248 0.6346
vt 0.5215 0.6346 0.2759
vt 0.5139 0.6346 0.2760
vt 0.4753 0.6346 0.2767
vt 0.4708 0.6346 0.2768
vt 0.5139 0.3654 0.2761
vt 0.5215 0.3654 0.2759
vt 0.4708 0.3654 0.2768
vt 0.4753 0.3654 0.2767
vt 0.4708 0.3654 0.7233
vt 0.4753 0.3654 0.7233
vt 0.5138 0.3654 0.7240
vt 0.5215 0.3654 0.7241
vt 0.4754 0.6346 0.7190
vt 0.4709 0.6346 0.7189
vt 0.5216 0.6346 0.7197
vt 0.5140 0.6346 0.7196
vt 3.2518 -1.0156 3.1828
vt 0.9127 1.6243 2.0467
vt -17.9520 -12.6378 -13.0734
vt 0.0887 1.0318 0.5926
vt 0.3647 0.1527 0.0000
vt 0.3769 0.1527 0.0000
vt 0.3764 0.0720 0.0000
vt 0.3647 0.0720 0.0000
vt 0.5505 0.5183 0.4612
vt 0.5561 0.5183 0.4617
vt 0.5561 0.5290 0.4663
vt 0.5505 0.5293 0.4660
vt 0.5070 0.5318 0.4636
vt 0.5015 0.5321 0.4633
vt 0.5015 0.5184 0.4573
vt 0.5070 0.5184 0.4578
vt 0.5505 0.5072 0.4656
vt 0.5561 0.5075 0.4659
vt 0.5015 0.5045 0.4628
vt 0.5070 0.5048 0.4631
vt 0.5234 0.4495 0.5024
vt 0.5234 0.4439 0.5029
vt 0.5341 0.4439 0.5075
vt 0.5344 0.4495 0.5072
vt 0.5369 0.4930 0.5048
vt 0.5372 0.4985 0.5045
vt 0.5235 0.4985 0.4985
vt 0.5235 0.4930 0.4990
vt 0.5123 0.4495 0.5068
vt 0.5126 0.4439 0.5071
vt 0.5096 0.4985 0.5040
vt 0.5099 0.4930 0.5043
vt 0.4495 0.5178 0.4925
vt 0.4439 0.5178 0.4920
vt 0.4439 0.5071 0.4874
vt 0.4495 0.5068 0.4877
vt 0.4930 0.5043 0.4901
vt 0.4985 0.5040 0.4904
vt 0.4985 0.5177 0.4964
vt 0.4930 0.5177 0.4959
vt 0.4495 0.5289 0.4881
vt 0.4439 0.5286 0.4878
vt 0.4985 0.5316 0.4909
vt 0.4930 0.5313 0.4906
vt 0.4771 0.4495 0.5337
vt 0.4771 0.4439 0.5332
vt 0.4878 0.4439 0.5286
vt 0.4881 0.4495 0.5289
vt 0.4906 0.4930 0.5313
vt 0.4909 0.4985 0.5316
vt 0.4772 0.4985 0.5376
vt 0.4772 0.4930 0.5371
vt 0.4660 0.4495 0.5293
vt 0.4663 0.4439 0.5290
vt 0.4633 0.4985 0.5321
vt 0.4636 0.4930 0.5318
vt 0.5342 0.5184 0.4599
vt 0.5397 0.5183 0.4604
vt 0.5397 0.5299 0.4654
vt 0.5342 0.5302 0.4651
vt 0.5342 0.5063 0.4647
vt 0.5397 0.5066 0.4650
vt 0.5234 0.4658 0.5011
vt 0.5234 0.4603 0.5016
vt 0.5350 0.4603 0.5066
vt 0.5353 0.4658 0.5063
vt 0.5114 0.4658 0.5059
vt 0.5117 0.4603 0.5062
vt 0.4658 0.5178 0.4938
vt 0.4603 0.5178 0.4933
vt 0.4603 0.5062 0.4883
vt 0.4658 0.5059 0.4886
vt 0.4658 0.5298 0.4890
vt 0.4603 0.5295 0.4887
vt 0.4771 0.4658 0.5350
vt 0.4771 0.4603 0.5345
vt 0.4887 0.4603 0.5295
vt 0.4890 0.4658 0.5298
vt 0.4651 0.4658 0.5302
vt 0.4654 0.4603 0.5299
vt 0.5669 0.5183 0.4625
vt 0.5778 0.5183 0.4634
vt 0.5778 0.5277 0.4675
vt 0.5669 0.5284 0.4669
vt 0.4907 0.5327 0.4627
vt 0.4797 0.5334 0.4621
vt 0.4797 0.5184 0.4556
vt 0.4907 0.5184 0.4565
vt 0.5669 0.5081 0.4666
vt 0.5778 0.5087 0.4672
vt 0.4797 0.5033 0.4616
vt 0.4907 0.5039 0.4622
vt 0.5234 0.4331 0.5038
vt 0.5234 0.4222 0.5046
vt 0.5328 0.4222 0.5087
vt 0.5334 0.4331 0.5081
vt 0.5378 0.5093 0.5039
vt 0.5384 0.5203 0.5033
vt 0.5235 0.5203 0.4968
vt 0.5235 0.5093 0.4977
vt 0.5132 0.4331 0.5078
vt 0.5138 0.4222 0.5084
vt 0.5084 0.5203 0.5028
vt 0.5090 0.5093 0.5034
vt 0.4331 0.5178 0.4912
vt 0.4222 0.5178 0.4903
vt 0.4222 0.5084 0.4862
vt 0.4331 0.5078 0.4868
vt 0.5093 0.5034 0.4910
vt 0.5203 0.5028 0.4916
vt 0.5203 0.5177 0.4981
vt 0.5093 0.5177 0.4972
vt 0.4331 0.5280 0.4871
vt 0.4222 0.5274 0.4865
vt 0.5203 0.5328 0.4922
vt 0.5093 0.5322 0.4915
vt 0.4771 0.4331 0.5324
vt 0.4771 0.4222 0.5315
vt 0.4865 0.4222 0.5274
vt 0.4871 0.4331 0.5280
vt 0.4915 0.5093 0.5322
vt 0.4922 0.5203 0.5328
vt 0.4772 0.5203 0.5393
vt 0.4772 0.5093 0.5385
vt 0.4669 0.4331 0.5284
vt 0.4675 0.4222 0.5277
vt 0.4621 0.5203 0.5334
vt 0.4627 0.5093 0.5327
vt 0.5264 0.5184 0.4593
vt 0.5264 0.5307 0.4647
vt 0.5148 0.5313 0.4640
vt 0.5148 0.5184 0.4584
vt 0.5264 0.5059 0.4642
vt 0.5148 0.5052 0.4636
vt 0.5235 0.4736 0.5005
vt 0.5358 0.4736 0.5059
vt 0.5364 0.4852 0.5052
vt 0.5235 0.4852 0.4996
vt 0.5110 0.4736 0.5054
vt 0.5103 0.4852 0.5048
vt 0.4736 0.5178 0.4944
vt 0.4736 0.5054 0.4890
vt 0.4852 0.5048 0.4897
vt 0.4852 0.5177 0.4953
vt 0.4736 0.5302 0.4895
vt 0.4852 0.5309 0.4901
vt 0.4772 0.4736 0.5356
vt 0.4895 0.4736 0.5302
vt 0.4901 0.4852 0.5309
vt 0.4772 0.4852 0.5365
vt 0.4647 0.4736 0.5307
vt 0.4640 0.4852 0.5313
vt 0.5591 0.5183 0.4619
vt 0.5591 0.5288 0.4665
vt 0.5475 0.5295 0.4658
vt 0.5475 0.5183 0.4610
vt 0.4985 0.5323 0.4631
vt 0.4985 0.5184 0.4571
vt 0.5100 0.5184 0.4580
vt 0.5100 0.5316 0.4638
vt 0.5591 0.5077 0.4661
vt 0.5475 0.5070 0.4654
vt 0.4985 0.5043 0.4626
vt 0.5100 0.5050 0.4633
vt 0.5234 0.4409 0.5031
vt 0.5339 0.4409 0.5077
vt 0.5346 0.4525 0.5070
vt 0.5234 0.4525 0.5022
vt 0.5374 0.5015 0.5043
vt 0.5235 0.5015 0.4983
vt 0.5235 0.4900 0.4992
vt 0.5367 0.4900 0.5050
vt 0.5128 0.4409 0.5073
vt 0.5121 0.4525 0.5067
vt 0.5094 0.5015 0.5038
vt 0.5101 0.4900 0.5045
vt 0.4409 0.5178 0.4918
vt 0.4409 0.5073 0.4872
vt 0.4525 0.5067 0.4879
vt 0.4525 0.5178 0.4927
vt 0.5015 0.5038 0.4906
vt 0.5015 0.5177 0.4966
vt 0.4900 0.5177 0.4957
vt 0.4900 0.5045 0.4899
vt 0.4409 0.5284 0.4876
vt 0.4525 0.5291 0.4883
vt 0.5015 0.5318 0.4911
vt 0.4900 0.5312 0.4904
vt 0.4771 0.4409 0.5330
vt 0.4876 0.4409 0.5284
vt 0.4883 0.4525 0.5291
vt 0.4771 0.4525 0.5339
vt 0.4911 0.5015 0.5318
vt 0.4772 0.5015 0.5378
vt 0.4772 0.4900 0.5369
vt 0.4904 0.4900 0.5312
vt 0.4665 0.4409 0.5288
vt 0.4658 0.4525 0.5295
vt 0.4631 0.5015 0.5323
vt 0.4638 0.4900 0.5316
vt 0.5427 0.5183 0.4606
vt 0.5427 0.5297 0.4656
vt 0.5312 0.5304 0.4649
vt 0.5312 0.5184 0.4597
vt 0.5427 0.5068 0.4652
vt 0.5312 0.5061 0.4645
vt 0.5234 0.4573 0.5018
vt 0.5348 0.4573 0.5068
vt 0.5355 0.4688 0.5061
vt 0.5234 0.4688 0.5009
vt 0.5119 0.4573 0.5064
vt 0.5112 0.4688 0.5057
vt 0.4573 0.5178 0.4931
vt 0.4573 0.5064 0.4881
vt 0.4688 0.5057 0.4888
vt 0.4688 0.5178 0.4940
vt 0.4573 0.5293 0.4885
vt 0.4688 0.5300 0.4892
vt 0.4771 0.4573 0.5343
vt 0.4885 0.4573 0.5293
vt 0.4892 0.4688 0.5300
vt 0.4772 0.4688 0.5352
vt 0.4656 0.4573 0.5297
vt 0.4649 0.4688 0.5304
vt 0.5639 0.5285 0.4667
vt 0.5639 0.5183 0.4623
vt 0.4937 0.5184 0.4567
vt 0.4937 0.5326 0.4629
vt 0.5639 0.5080 0.4664
vt 0.4937 0.5041 0.4624
vt 0.5336 0.4361 0.5080
vt 0.5234 0.4361 0.5035
vt 0.5235 0.5063 0.4979
vt 0.5376 0.5063 0.5041
vt 0.5130 0.4361 0.5076
vt 0.5091 0.5063 0.5036
vt 0.4361 0.5076 0.4870
vt 0.4361 0.5178 0.4914
vt 0.5063 0.5177 0.4970
vt 0.5063 0.5036 0.4909
vt 0.4361 0.5282 0.4873
vt 0.5063 0.5321 0.4914
vt 0.4873 0.4361 0.5282
vt 0.4771 0.4361 0.5326
vt 0.4772 0.5063 0.5382
vt 0.4914 0.5063 0.5321
vt 0.4667 0.4361 0.5285
vt 0.4629 0.5063 0.5326
vt 0.4939 0.6625 0.0258
vt 0.4939 0.7654 0.0258
vt 0.3689 0.7654 0.0258
vt 0.3689 0.6625 0.0258
vt 0.6189 0.6625 0.0258
vt 0.6189 0.7654 0.0258
vt 0.7439 0.6625 0.0258
vt 0.7439 0.7654 0.0258
vt 0.8689 0.6625 0.0258
vt 0.8689 0.7654 0.0258
vt 0.9939 0.6625 0.0258
vt 0.9939 0.7654 0.0258
vt 0.1189 0.6625 0.0258
vt 0.1189 0.7654 0.0258
vt -0.0061 0.7654 0.0258
vt -0.0061 0.6625 0.0258
vt 0.2439 0.6625 0.0258
vt 0.2439 0.7654 0.0258
vt -3.4826 1.6917 0.0000
vt -3.5403 1.5653 0.0000
vt 1.7176 2.2219 0.0000
vt -8.8901 1.2247 0.0000
vt 0.1669 0.3551 0.0000
vt 0.1692 0.2211 0.0000
vt 0.1333 0.2211 0.0000
vt 0.1355 0.3551 0.0000
vt 0.1353 0.3551 0.0000
vt 0.1329 0.2211 0.0000
vt 0.1689 0.2211 0.0000
vt 0.1666 0.3551 0.0000
vt 0.5688 0.6351 0.4946
vt 0.4237 0.6338 0.4946
vt 0.4271 0.6296 0.4994
vt 0.5657 0.6309 0.4994
vt 0.3997 0.6202 0.4947
vt 0.4042 0.6165 0.4994
vt 0.4005 0.3836 0.4958
vt 0.4048 0.3873 0.5005
vt 0.4292 0.3648 0.4959
vt 0.4323 0.3692 0.5006
vt 0.5704 0.3661 0.4959
vt 0.5672 0.3704 0.5006
vt 0.6003 0.3871 0.4958
vt 0.5957 0.3908 0.5005
vt 0.5991 0.6221 0.4947
vt 0.5946 0.6183 0.4994
vt 28.3646 -19.4083 0.0000
vt 91.3079 -19.1532 0.0000
vt 0.3825 0.4490 0.4977
vt 0.6175 0.4485 0.4987
vt 0.6111 0.4574 0.5017
vt 0.3890 0.4578 0.5007
vt 0.6175 0.5515 0.4994
vt 0.6111 0.5428 0.5023
vt 0.3825 0.5510 0.4984
vt 0.3890 0.5423 0.5013
vt 0.7500 0.4531 0.5263
vt 0.8056 0.4531 0.5263
vt 0.8056 0.6031 0.5263
vt 0.7500 0.6031 0.5263
vt 0.8611 0.4531 0.5263
vt 0.8611 0.6031 0.5263
vt 0.9167 0.4531 0.5263
vt 0.9167 0.6031 0.5263
vt 0.9722 0.4531 0.5263
vt 0.9722 0.6031 0.5263
vt 1.0278 0.4531 0.5263
vt 1.0278 0.6031 0.5263
vt 0.0278 0.4531 0.5263
vt 0.0833 0.4531 0.5263
vt 0.0833 0.6031 0.5263
vt 0.0278 0.6031 0.5263
vt 0.1389 0.4531 0.5263
vt 0.1389 0.6031 0.5263
vt 0.1944 0.4531 0.5263
vt 0.1944 0.6031 0.5263
vt 0.2500 0.4531 0.5263
vt 0.2500 0.6031 0.5263
vt 0.3056 0.4531 0.5263
vt 0.3056 0.6031 0.5263
vt 0.3611 0.4531 0.5263
vt 0.3611 0.6031 0.5263
vt 0.4167 0.4531 0.5263
vt 0.4167 0.6031 0.5263
vt 0.4722 0.4531 0.5263
vt 0.4722 0.6031 0.5263
vt 0.5278 0.4531 0.5263
vt 0.5278 0.6031 0.5263
vt 0.5833 0.4531 0.5263
vt 0.5833 0.6031 0.5263
vt 0.6389 0.4531 0.5263
vt 0.6389 0.6031 0.5263
vt 0.6944 0.4531 0.5263
vt 0.6944 0.6031 0.5263
vt 0.5476 0.4824 0.5948
vt 0.5388 0.4670 0.5948
vt 0.5253 0.4555 0.5948
vt 0.5088 0.4494 0.5948
vt 0.4912 0.4494 0.5948
vt 0.4747 0.4555 0.5948
vt 0.4612 0.4670 0.5948
vt 0.4524 0.4824 0.5948
vt 0.4494 0.5000 0.5948
vt 0.4524 0.5176 0.5948
vt 0.4612 0.5330 0.5948
vt 0.4747 0.5445 0.5948
vt 0.4912 0.5506 0.5948
vt 0.5088 0.5506 0.5948
vt 0.5253 0.5445 0.5948
vt 0.5388 0.5330 0.5948
vt 0.5476 0.5176 0.5948
vt 0.5506 0.5000 0.5948
vt 0.7500 0.3740 0.3672
vt 0.8056 0.3740 0.3672
vt 0.8611 0.3740 0.3672
vt 0.9167 0.3740 0.3672
vt 0.9722 0.3740 0.3672
vt 1.0278 0.3740 0.3672
vt 0.0278 0.3740 0.3672
vt 0.0833 0.3740 0.3672
vt 0.1389 0.3740 0.3672
vt 0.1944 0.3740 0.3672
vt 0.2500 0.3740 0.3672
vt 0.3056 0.3740 0.3672
vt 0.3611 0.3740 0.3672
vt 0.4167 0.3740 0.3672
vt 0.4722 0.3740 0.3672
vt 0.5278 0.3740 0.3672
vt 0.5833 0.3740 0.3672
vt 0.6389 0.3740 0.3672
vt 0.6944 0.3740 0.3672
vt 0.8611 0.5595 1.0000
vt 0.8611 0.7797 1.0000
vt 0.8056 0.7797 1.0000
vt 0.8056 0.5595 1.0000
vt 0.9167 0.5595 1.0000
vt 0.9167 0.7797 1.0000
vt 0.9722 0.5595 1.0000
vt 0.9722 0.7797 1.0000
vt 1.0278 0.5595 1.0000
vt 1.0278 0.7797 1.0000
vt 0.0833 0.5595 1.0000
vt 0.0833 0.7797 1.0000
vt 0.0278 0.7797 1.0000
vt 0.0278 0.5595 1.0000
vt 0.1389 0.5595 1.0000
vt 0.1389 0.7797 1.0000
vt 0.1944 0.5595 1.0000
vt 0.1944 0.7797 1.0000
vt 0.4167 0.5595 1.0000
vt 0.4167 0.7797 1.0000
vt 0.3611 0.7797 1.0000
vt 0.3611 0.5595 1.0000
vt 0.4722 0.5595 1.0000
vt 0.4722 0.7797 1.0000
vt 0.5278 0.5595 1.0000
vt 0.5278 0.7797 1.0000
vt 0.5833 0.5595 1.0000
vt 0.5833 0.7797 1.0000
vt 0.6389 0.5595 1.0000
vt 0.6389 0.7797 1.0000
vt 0.8056 0.6260 0.5263
vt 0.7500 0.6260 0.5263
vt 0.8611 0.6260 0.5263
vt 0.9167 0.6260 0.5263
vt 0.9722 0.6260 0.5263
vt 1.0278 0.6260 0.5263
vt 0.0833 0.6260 0.5263
vt 0.0278 0.6260 0.5263
vt 0.1389 0.6260 0.5263
vt 0.1944 0.6260 0.5263
vt 0.2500 0.6260 0.5263
vt 0.3056 0.6260 0.5263
vt 0.3611 0.6260 0.5263
vt 0.4167 0.6260 0.5263
vt 0.4722 0.6260 0.5263
vt 0.5278 0.6260 0.5263
vt 0.5833 0.6260 0.5263
vt 0.6389 0.6260 0.5263
vt 0.6944 0.6260 0.5263
vt 0.7500 0.5595 1.0000
vt 0.7500 0.5386 1.0000
vt 0.8056 0.5386 1.0000
vt 0.8611 0.5386 1.0000
vt 0.9167 0.5386 1.0000
vt 0.9722 0.5386 1.0000
vt 1.0278 0.5386 1.0000
vt 0.0278 0.5386 1.0000
vt 0.0833 0.5386 1.0000
vt 0.1389 0.5386 1.0000
vt 0.1944 0.5386 1.0000
vt 0.2500 0.5386 1.0000
vt 0.2500 0.5595 1.0000
vt 0.3056 0.5386 1.0000
vt 0.3056 0.5595 1.0000
vt 0.3611 0.5386 1.0000
vt 0.4167 0.5386 1.0000
vt 0.4722 0.5386 1.0000
vt 0.5278 0.5386 1.0000
vt 0.5833 0.5386 1.0000
vt 0.6389 0.5386 1.0000
vt 0.6944 0.5386 1.0000
vt 0.6944 0.5595 1.0000
vt 0.5891 0.5329 0.4052
vt 0.5948 0.5000 0.4052
vt 0.5746 0.5000 0.4052
vt 0.5701 0.5259 0.4052
vt 0.5891 0.4671 0.4052
vt 0.5701 0.4741 0.4052
vt 0.5727 0.4381 0.4052
vt 0.5572 0.4513 0.4052
vt 0.5474 0.4166 0.4052
vt 0.5373 0.4344 0.4052
vt 0.5165 0.4052 0.4052
vt 0.5130 0.4254 0.4052
vt 0.4835 0.4052 0.4052
vt 0.4870 0.4254 0.4052
vt 0.4526 0.4166 0.4052
vt 0.4627 0.4344 0.4052
vt 0.4273 0.4381 0.4052
vt 0.4428 0.4513 0.4052
vt 0.4109 0.4671 0.4052
vt 0.4299 0.4741 0.4052
vt 0.4052 0.5000 0.4052
vt 0.4254 0.5000 0.4052
vt 0.4109 0.5329 0.4052
vt 0.4299 0.5259 0.4052
vt 0.4273 0.5619 0.4052
vt 0.4428 0.5487 0.4052
vt 0.4526 0.5834 0.4052
vt 0.4627 0.5656 0.4052
vt 0.4835 0.5948 0.4052
vt 0.4870 0.5746 0.4052
vt 0.5165 0.5948 0.4052
vt 0.5130 0.5746 0.4052
vt 0.5474 0.5834 0.4052
vt 0.5373 0.5656 0.4052
vt 0.5727 0.5619 0.4052
vt 0.5572 0.5487 0.4052
vt -0.1501 5.4826 0.0000
vt -4.0451 -0.2963 0.0000
vt -2.2169 9.5156 0.0000
vt 0.0814 2.9634 0.0000
vt 0.4221 0.5358 0.6170
vt 0.4025 0.5276 0.6170
vt 0.4015 0.4731 0.6170
vt 0.4207 0.4647 0.6170
vt 0.5779 0.4642 0.6170
vt 0.5975 0.4724 0.6170
vt 0.5985 0.5269 0.6170
vt 0.5793 0.5353 0.6170
vt 0.3934 0.5135 0.5774
vt 0.4046 0.4865 0.5697
vt 0.5973 0.4865 0.5688
vt 0.6087 0.5135 0.5764
vt 0.3534 0.5135 0.5549
vt 0.3689 0.4865 0.5494
vt 0.4865 0.4464 0.3519
vt 0.5135 0.4518 0.3675
vt 0.5135 0.5494 0.3689
vt 0.4865 0.5549 0.3534
vt 0.6087 0.5135 0.4236
vt 0.5973 0.4865 0.4312
vt 0.6325 0.4865 0.4518
vt 0.6481 0.5135 0.4464
vt 0.3934 0.5135 0.4226
vt 0.4046 0.4865 0.4303
vt 0.3534 0.5135 0.4451
vt 0.3689 0.4865 0.4506
vt 0.5135 0.5536 0.6481
vt 0.4865 0.5482 0.6325
vt 0.4865 0.4506 0.6311
vt 0.5135 0.4451 0.6466
vt 0.6325 0.4865 0.5482
vt 0.6481 0.5135 0.5536
vt -2.3474 47.1699 0.0000
vt 0.5859 0.5451 0.3830
vt 0.4158 0.5457 0.3830
vt 0.4221 0.5358 0.3830
vt 0.5793 0.5353 0.3830
vt 0.3842 0.5324 0.3830
vt 0.4025 0.5276 0.3830
vt 0.3830 0.4684 0.3830
vt 0.4015 0.4731 0.3830
vt 0.4141 0.4549 0.3830
vt 0.4207 0.4647 0.3830
vt 0.5842 0.4543 0.3830
vt 0.5779 0.4642 0.3830
vt 0.6158 0.4676 0.3830
vt 0.5975 0.4724 0.3830
vt 0.6170 0.5316 0.3830
vt 0.5985 0.5269 0.3830
vt 0.4207 0.3830 0.5353
vt 0.5779 0.3830 0.5358
vt 0.5779 0.6170 0.5358
vt 0.4207 0.6170 0.5353
vt 0.5975 0.3830 0.5276
vt 0.5975 0.6170 0.5276
vt 0.3830 0.5276 0.4025
vt 0.3830 0.4731 0.4015
vt 0.6170 0.4731 0.4015
vt 0.6170 0.5276 0.4025
vt 0.4015 0.3830 0.4731
vt 0.4207 0.3830 0.4647
vt 0.4207 0.6170 0.4647
vt 0.4015 0.6170 0.4731
vt 0.5779 0.3830 0.4642
vt 0.5779 0.6170 0.4642
vt 0.5975 0.3830 0.4724
vt 0.5975 0.6170 0.4724
vt 0.6170 0.4724 0.5975
vt 0.6170 0.5269 0.5985
vt 0.3830 0.5269 0.5985
vt 0.3830 0.4724 0.5975
vt 0.4015 0.3830 0.5269
vt 0.4015 0.6170 0.5269
vt 4.9150 1.3444 0.0000
vt 5.2683 2.1975 0.0000
vt 5.2162 2.2246 0.0000
vt 4.9160 1.3576 0.0000
vt 4.9117 1.3064 0.0000
vt 5.4190 2.1192 0.0000
vt 5.3667 2.1463 0.0000
vt 4.9129 1.3196 0.0000
vt 5.0661 2.3027 0.0000
vt 4.9188 1.3959 0.0000
vt 4.9179 1.3826 0.0000
vt 5.1180 2.2757 0.0000
vt 4.9069 1.3315 0.0000
vt 4.9039 1.3171 0.0000
vt 4.9041 1.3180 0.0000
vt 4.9067 1.3306 0.0000
vt 4.9140 1.3397 0.0000
vt 5.2806 2.1933 0.0000
vt 5.2509 2.1240 0.0000
vt 4.9712 1.4730 0.0000
vt 5.2836 2.2215 0.0000
vt 5.2211 2.2541 0.0000
vt 5.2250 2.2521 0.0000
vt 5.2798 2.2235 0.0000
vt 5.2053 2.2325 0.0000
vt 4.9156 1.3587 0.0000
vt 4.9396 1.4308 0.0000
vt 5.1590 2.0929 0.0000
vt 4.8996 1.2960 0.0000
vt 4.8967 1.2816 0.0000
vt 4.8968 1.2825 0.0000
vt 4.8994 1.2951 0.0000
vt 4.9105 1.3021 0.0000
vt 5.4315 2.1145 0.0000
vt 5.3882 2.0471 0.0000
vt 4.9915 1.4283 0.0000
vt 5.4382 2.1406 0.0000
vt 5.3758 2.1733 0.0000
vt 5.3796 2.1713 0.0000
vt 5.4344 2.1426 0.0000
vt 5.3560 2.1538 0.0000
vt 4.9123 1.3210 0.0000
vt 4.9498 1.3913 0.0000
vt 5.2855 2.0215 0.0000
vt 4.9141 1.3670 0.0000
vt 4.9112 1.3527 0.0000
vt 4.9114 1.3535 0.0000
vt 4.9139 1.3661 0.0000
vt 4.9172 1.3775 0.0000
vt 5.1301 2.2719 0.0000
vt 5.1132 2.2011 0.0000
vt 4.9506 1.5179 0.0000
vt 5.1289 2.3023 0.0000
vt 5.0665 2.3350 0.0000
vt 5.0703 2.3330 0.0000
vt 5.1251 2.3043 0.0000
vt 5.0549 2.3110 0.0000
vt 4.9186 1.3966 0.0000
vt 4.9296 1.4702 0.0000
vt 5.0330 2.1641 0.0000
vt 4.9158 1.3438 0.0000
vt 5.2789 2.1892 0.0000
vt 5.2038 2.2282 0.0000
vt 4.9171 1.3630 0.0000
vt 4.9128 1.3056 0.0000
vt 5.4292 2.1111 0.0000
vt 5.3540 2.1502 0.0000
vt 4.9143 1.3246 0.0000
vt 5.0542 2.3058 0.0000
vt 4.9194 1.4017 0.0000
vt 4.9183 1.3824 0.0000
vt 5.1289 2.2670 0.0000
vt 4.9036 1.3154 0.0000
vt 4.9072 1.3332 0.0000
vt 5.2911 2.2176 0.0000
vt 5.2137 2.2580 0.0000
vt 4.8963 1.2799 0.0000
vt 4.8999 1.2977 0.0000
vt 5.4457 2.1367 0.0000
vt 5.3684 2.1771 0.0000
vt 4.9108 1.3510 0.0000
vt 5.1364 2.2984 0.0000
vt 5.2792 2.2238 0.0000
vt 5.2256 2.2518 0.0000
vt 4.9066 1.3305 0.0000
vt 4.9041 1.3182 0.0000
vt 5.4338 2.1429 0.0000
vt 5.3803 2.1709 0.0000
vt 4.8994 1.2949 0.0000
vt 4.8969 1.2826 0.0000
vt 4.9139 1.3660 0.0000
vt 4.9114 1.3537 0.0000
vt 5.1245 2.3046 0.0000
vt 5.0710 2.3326 0.0000
vt 0.3689 0.3965 0.0258
vt 0.3689 0.3582 0.0258
vt 0.4939 0.3582 0.0258
vt 0.4939 0.3965 0.0258
vt 0.6189 0.3582 0.0258
vt 0.6189 0.3965 0.0258
vt 0.7439 0.3582 0.0258
vt 0.7439 0.3965 0.0258
vt 0.8689 0.3582 0.0258
vt 0.8689 0.3965 0.0258
vt 0.9939 0.3582 0.0258
vt 0.9939 0.3965 0.0258
vt 1.1189 0.3582 0.0258
vt 1.1189 0.3965 0.0258
vt 0.1189 0.3965 0.0258
vt 0.1189 0.3582 0.0258
vt 0.2439 0.3582 0.0258
vt 0.2439 0.3965 0.0258
vt 0.5151 0.4994 0.0735
vt 0.5129 0.4995 0.0813
vt 0.5088 0.4905 0.0813
vt 0.5103 0.4889 0.0735
vt 0.5103 0.4889 -0.0440
vt 0.5088 0.4905 -0.0518
vt 0.5129 0.4995 -0.0518
vt 0.5151 0.4994 -0.0440
vt 0.5111 0.5103 0.0735
vt 0.5095 0.5088 0.0813
vt 0.5095 0.5088 -0.0518
vt 0.5111 0.5103 -0.0440
vt 0.5006 0.5151 0.0735
vt 0.5005 0.5129 0.0813
vt 0.5005 0.5129 -0.0518
vt 0.5006 0.5151 -0.0440
vt 0.4897 0.5111 0.0735
vt 0.4912 0.5095 0.0813
vt 0.4912 0.5095 -0.0518
vt 0.4897 0.5111 -0.0440
vt 0.4849 0.5006 0.0735
vt 0.4871 0.5005 0.0813
vt 0.4871 0.5005 -0.0518
vt 0.4849 0.5006 -0.0440
vt 0.4889 0.4897 0.0735
vt 0.4905 0.4912 0.0813
vt 0.4905 0.4912 -0.0518
vt 0.4889 0.4897 -0.0440
vt 0.4994 0.4849 0.0735
vt 0.4995 0.4871 0.0813
vt 0.4995 0.4871 -0.0518
vt 0.4994 0.4849 -0.0440
vt 0.4988 0.4736 -0.0534
vt 0.4776 0.4821 -0.0534
vt 0.4696 0.5010 -0.0534
vt 0.4793 0.5193 -0.0534
vt 0.5012 0.5264 -0.0534
vt 0.5224 0.5179 -0.0534
vt 0.5304 0.4990 -0.0534
vt 0.5207 0.4807 -0.0534
vt 0.2430 0.5926 0.0684
vt 0.1076 0.5926 0.0743
vt 0.1076 0.4074 0.0743
vt 0.2430 0.4074 0.0684
vt -0.0053 0.5926 0.0790
vt -0.0053 0.4074 0.0790
vt 0.9947 0.5926 0.0790
vt 0.8804 0.5926 0.0735
vt 0.8804 0.4074 0.0735
vt 0.9947 0.4074 0.0790
vt 0.7430 0.5926 0.0684
vt 0.7430 0.4074 0.0684
vt 0.6076 0.5926 0.0743
vt 0.6076 0.4074 0.0743
vt 0.4947 0.5926 0.0790
vt 0.4947 0.4074 0.0790
vt 0.3804 0.5926 0.0735
vt 0.3804 0.4074 0.0735
vt 0.4988 0.4736 0.0534
vt 0.5207 0.4807 0.0534
vt 0.5304 0.4990 0.0534
vt 0.5224 0.5179 0.0534
vt 0.5012 0.5264 0.0534
vt 0.4793 0.5193 0.0534
vt 0.4696 0.5010 0.0534
vt 0.4776 0.4821 0.0534
vt 0.3150 0.0770 0.0000
vt 0.3159 0.0045 0.0000
vt 0.4486 0.0045 0.0000
vt 0.4493 0.0770 0.0000
vt 0.3122 0.0793 0.0000
vt 0.3131 0.0023 0.0000
vt 0.4514 0.0023 0.0000
vt 0.4522 0.0793 0.0000
vt -4.5439 43.0231 0.0000
vt -190.3166 68.7891 0.0000
vt -295.4577 312.6537 0.0000
vt -151.4542 104.4736 0.0000
vt -100.9213 112.1259 0.0000
vt 0.1994 0.5162 0.0000
vt 0.1991 0.3815 0.0000
vt 0.2521 0.3815 0.0000
vt 0.2518 0.5162 0.0000
vt 0.8611 1.0000 1.0000
vt 0.8056 1.0000 1.0000
vt 0.9167 1.0000 1.0000
vt 0.9722 1.0000 1.0000
vt 1.0278 1.0000 1.0000
vt 0.0833 1.0000 1.0000
vt 0.0278 1.0000 1.0000
vt 0.1389 1.0000 1.0000
vt 0.1944 1.0000 1.0000
vt 0.4167 1.0000 1.0000
vt 0.3611 1.0000 1.0000
vt 0.4722 1.0000 1.0000
vt 0.5278 1.0000 1.0000
vt 0.5833 1.0000 1.0000
vt 0.6389 1.0000 1.0000
vt 0.1957 0.3811 1.0000
vt 0.1957 0.4515 1.0000
vt 0.1779 0.4515 1.0000
vt 0.1779 0.3811 1.0000
vt 0.1783 0.3811 1.0000
vt 0.1783 0.4515 1.0000
vt 0.1961 0.4515 1.0000
vt 0.1961 0.3811 1.0000
vt 0.1605 0.3811 1.0000
vt 0.1605 0.4515 1.0000
vt 0.1427 0.3811 1.0000
vt 0.1427 0.4515 1.0000
vt 0.1602 0.3811 1.0000
vt 0.1602 0.4515 1.0000
vt 0.1424 0.4515 1.0000
vt 0.1424 0.3811 1.0000
vt 0.1957 0.5220 1.0000
vt 0.1779 0.5220 1.0000
vt 0.1783 0.5220 1.0000
vt 0.1961 0.5220 1.0000
vt 0.1605 0.5220 1.0000
vt 0.1427 0.5220 1.0000
vt 0.1602 0.5220 1.0000
vt 0.1424 0.5220 1.0000
vt 0.0949 0.6108 0.5007
vt 0.0946 0.5171 0.5017
vt 0.1421 0.5171 0.5023
vt 0.1418 0.6108 0.5013
vt 0.9835 0.5754 0.0000
vt 0.9392 0.5753 0.0000
vt 0.9373 0.5411 0.0000
vt 0.9835 0.5414 0.0000
vt 0.8865 0.3384 0.0000
vt 0.9380 0.3382 0.0000
vt 0.9393 0.3757 0.0000
vt 0.8865 0.3758 0.0000
vt 0.9832 0.4549 0.0000
vt 0.9835 0.4969 0.0000
vt 0.9392 0.4966 0.0000
vt 0.9392 0.4550 0.0000
vt 0.8865 0.4962 0.0000
vt 0.8865 0.4551 0.0000
vt 0.9830 0.2873 0.0000
vt 0.9831 0.3310 0.0000
vt 0.9393 0.3312 0.0000
vt 0.9393 0.2874 0.0000
vt 0.8865 0.2874 0.0000
vt 0.9129 0.2874 0.0000
vt 0.9275 0.3086 0.0000
vt 0.8865 0.3084 0.0000
vt 0.9392 0.4180 0.0000
vt 0.9831 0.3754 0.0000
vt 0.9832 0.4180 0.0000
vt 0.8865 0.4179 0.0000
vt 0.9831 0.3383 0.0000
vt 0.8865 0.5753 0.0000
vt 0.8865 0.5411 0.0000
vt 0.9876 0.5388 0.0000
vt 0.9875 0.5786 0.0000
vt 0.9392 0.5785 0.0000
vt 0.9873 0.4549 0.0000
vt 0.9874 0.4969 0.0000
vt 0.9393 0.2839 0.0000
vt 0.9872 0.2839 0.0000
vt 0.9873 0.3347 0.0000
vt 0.9864 0.3347 0.0000
vt 0.9129 0.2839 0.0000
vt 0.9873 0.3755 0.0000
vt 0.9873 0.4180 0.0000
vt 0.8865 0.5784 0.0000
vt 0.9392 0.5353 0.0000
vt 0.9835 0.5359 0.0000
vt 0.9133 0.5151 0.0000
vt 0.9914 0.5389 0.0000
vt 0.9914 0.4969 0.0000
vt 0.7907 0.5754 0.0000
vt 0.7907 0.5414 0.0000
vt 0.8338 0.5412 0.0000
vt 0.8338 0.5753 0.0000
vt 0.8337 0.3757 0.0000
vt 0.8350 0.3382 0.0000
vt 0.7907 0.4549 0.0000
vt 0.8338 0.4550 0.0000
vt 0.8338 0.4966 0.0000
vt 0.7907 0.4969 0.0000
vt 0.7907 0.2873 0.0000
vt 0.8337 0.2874 0.0000
vt 0.8337 0.3312 0.0000
vt 0.7907 0.3310 0.0000
vt 0.8460 0.3085 0.0000
vt 0.8601 0.2874 0.0000
vt 0.8338 0.4180 0.0000
vt 0.7907 0.4180 0.0000
vt 0.7907 0.3754 0.0000
vt 0.7907 0.3383 0.0000
vt 0.7864 0.5786 0.0000
vt 0.7864 0.5388 0.0000
vt 0.8338 0.5785 0.0000
vt 0.7864 0.4969 0.0000
vt 0.7864 0.4549 0.0000
vt 0.7864 0.2839 0.0000
vt 0.8337 0.2839 0.0000
vt 0.7866 0.3347 0.0000
vt 0.8601 0.2839 0.0000
vt 0.7864 0.4180 0.0000
vt 0.7864 0.3755 0.0000
vt 0.7907 0.5359 0.0000
vt 0.8338 0.5353 0.0000
vt 0.8604 0.5200 0.0000
vt 0.8865 0.5197 0.0000
vt 0.7821 0.5389 0.0000
vt 0.7821 0.4969 0.0000
vt 0.9914 0.5818 0.0000
vt 0.9392 0.5816 0.0000
vt 0.9914 0.4549 0.0000
vt 0.9393 0.2804 0.0000
vt 0.9914 0.2805 0.0000
vt 0.9914 0.3346 0.0000
vt 0.8865 0.2839 0.0000
vt 0.8865 0.2804 0.0000
vt 0.9129 0.2804 0.0000
vt 0.9914 0.3756 0.0000
vt 0.9914 0.4180 0.0000
vt 0.8865 0.5816 0.0000
vt 0.7821 0.5818 0.0000
vt 0.8338 0.5816 0.0000
vt 0.7821 0.4549 0.0000
vt 0.7821 0.2805 0.0000
vt 0.8337 0.2804 0.0000
vt 0.7821 0.3346 0.0000
vt 0.8601 0.2804 0.0000
vt 0.7821 0.4180 0.0000
vt 0.7821 0.3756 0.0000
vt 0.8925 -2.1152 0.0000
vt 0.9495 0.2881 0.0000
vt 0.9245 0.3137 0.0000
vt 0.8867 0.3195 0.0000
vt 0.8863 0.3062 0.0000
vt 0.8691 -2.6071 0.0000
vt 0.7642 0.1806 0.0000
vt 0.8597 0.5150 0.0000
vt 0.9123 0.5200 0.0000
vt 0.8865 0.5144 0.0000
vt 0.9393 0.3348 0.0000
vt 0.9261 0.3111 0.0000
vt 0.8865 0.3111 0.0000
vt 0.8337 0.3348 0.0000
vt 0.8469 0.3111 0.0000
vt 0.8865 0.3137 0.0000
vt 0.8485 0.3137 0.0000
vt 0.9392 0.5384 0.0000
vt 0.9129 0.5173 0.0000
vt 0.8338 0.5384 0.0000
vt 0.8601 0.5173 0.0000
vt 0.8865 0.5171 0.0000
vt 0.8865 0.3178 0.0000
vt 0.8307 -0.0837 0.0000
vt 0.8865 0.3343 0.0000
vt 0.8567 -1.6919 0.0000
vt 0.8763 -3.3516 0.0000
vt 0.8527 0.2837 0.0000
vt 0.9796 0.7598 0.1513
vt 0.9796 0.7598 0.4107
vt 0.9796 0.7598 0.0230
vt 0.9796 0.7598 0.5391
vt -0.5001 0.5000 0.5397
vt -0.5383 0.5000 0.5396
vt -0.5364 0.4882 0.5396
vt -0.5364 0.5118 0.5396
vt -0.5553 0.3961 0.0000
vt -0.5206 0.3850 0.0000
vt -0.5193 0.3934 0.0000
vt -0.5515 0.4037 0.0000
vt -0.4842 0.3851 0.0000
vt -0.4856 0.3935 0.0000
vt -0.5616 0.4800 0.5391
vt -0.5524 0.4830 0.5301
vt -0.5550 0.5000 0.5301
vt -0.5647 0.5000 0.5391
vt -0.5524 0.5170 0.5301
vt -0.5616 0.5200 0.5391
vt -0.6110 0.5000 0.5391
vt -0.6056 0.5343 0.5391
vt -0.6161 0.5000 0.5342
vt -0.6140 0.5000 0.5371
vt -0.6085 0.5351 0.5371
vt -0.6104 0.5358 0.5342
vt -0.6104 0.4642 0.5342
vt -0.6084 0.4647 0.5371
vt -0.6056 0.4657 0.5391
vt -0.5310 0.5224 0.5396
vt -0.5225 0.5309 0.5396
vt -0.6064 0.4468 0.0000
vt -0.5848 0.4174 0.0000
vt -0.5788 0.4234 0.0000
vt -0.5988 0.4507 0.0000
vt -0.5446 0.5323 0.5301
vt -0.5524 0.5380 0.5391
vt -0.5324 0.5445 0.5301
vt -0.5381 0.5523 0.5391
vt -0.5898 0.5652 0.5391
vt -0.5653 0.5897 0.5391
vt -0.5939 0.5682 0.5342
vt -0.5922 0.5669 0.5371
vt -0.5672 0.5921 0.5371
vt -0.5683 0.5938 0.5342
vt 0.0935 0.3679 0.5317
vt 0.1070 0.3723 0.4364
vt 0.0919 0.4354 0.4364
vt 0.0779 0.4331 0.5317
vt 0.0868 0.5000 0.4364
vt 0.0726 0.5000 0.5317
vt 0.0919 0.5646 0.4364
vt 0.0779 0.5669 0.5317
vt 0.1070 0.6277 0.4364
vt 0.0935 0.6321 0.5317
vt 0.0801 0.3636 0.5422
vt 0.0639 0.4309 0.5422
vt 0.0323 0.4259 0.5422
vt 0.0497 0.3537 0.5422
vt 0.0585 0.5000 0.5422
vt 0.0265 0.5000 0.5422
vt 0.0639 0.5691 0.5422
vt 0.0323 0.5741 0.5422
vt 0.0801 0.6364 0.5422
vt 0.0497 0.6463 0.5422
vt 0.3602 0.4759 0.5119
vt 0.3858 0.4815 0.5021
vt 0.3856 0.4919 0.5166
vt 0.3555 0.4888 0.5308
vt 0.3856 0.5083 0.5164
vt 0.3858 0.5185 0.5021
vt 0.3602 0.5202 0.5119
vt 0.3560 0.5075 0.5289
vt 0.2541 0.4575 0.5607
vt 0.2587 0.4328 0.5332
vt 0.3143 0.4521 0.5262
vt 0.3100 0.4712 0.5508
vt 0.2525 0.5285 0.5332
vt 0.2524 0.4817 0.5636
vt 0.3084 0.4915 0.5511
vt 0.3094 0.5176 0.5262
vt 0.0717 0.4870 0.5246
vt 0.0742 0.4354 0.4970
vt 0.1448 0.4191 0.4976
vt 0.1320 0.4618 0.5458
vt 0.2007 0.4217 0.5206
vt 0.1943 0.4543 0.5582
vt 0.1373 0.5841 0.4976
vt 0.0742 0.5646 0.4970
vt 0.0717 0.5345 0.5248
vt 0.1302 0.5040 0.5492
vt 0.1927 0.4880 0.5620
vt 0.1935 0.5533 0.5207
vt 0.3848 0.4999 0.5162
vt 0.3533 0.4971 0.5291
vt 0.3030 0.4799 0.5465
vt 0.2507 0.4713 0.5555
vt 0.1325 0.4833 0.5313
vt 0.0718 0.5072 0.5070
vt 0.1937 0.4728 0.5470
vt 0.0215 0.4242 0.5313
vt 0.0215 0.4242 0.4754
vt 0.0392 0.3503 0.4754
vt 0.0392 0.3503 0.5313
vt 0.0155 0.5000 0.5313
vt 0.0155 0.5000 0.4754
vt 0.0215 0.5758 0.5313
vt 0.0215 0.5758 0.4754
vt 0.0392 0.6497 0.5313
vt 0.0392 0.6497 0.4754
vt 0.1318 0.6876 0.4364
vt 0.1192 0.6940 0.5317
vt 0.1657 0.7429 0.4364
vt 0.1542 0.7512 0.5317
vt 0.2078 0.7922 0.4364
vt 0.1978 0.8022 0.5317
vt 0.2571 0.8343 0.4364
vt 0.2488 0.8458 0.5317
vt 0.1066 0.7005 0.5422
vt 0.0781 0.7150 0.5422
vt 0.1428 0.7595 0.5422
vt 0.1169 0.7783 0.5422
vt 0.1878 0.8122 0.5422
vt 0.1652 0.8348 0.5422
vt 0.2405 0.8572 0.5422
vt 0.2217 0.8831 0.5422
vt 0.3727 0.5627 0.5119
vt 0.3967 0.5522 0.5021
vt 0.4026 0.5607 0.5166
vt 0.3765 0.5759 0.5308
vt 0.4123 0.5740 0.5164
vt 0.4185 0.5821 0.5021
vt 0.3988 0.5985 0.5119
vt 0.3879 0.5907 0.5289
vt 0.2761 0.6102 0.5607
vt 0.2653 0.5875 0.5332
vt 0.3216 0.5704 0.5262
vt 0.3294 0.5884 0.5508
vt 0.3165 0.6685 0.5332
vt 0.2889 0.6307 0.5636
vt 0.3400 0.6057 0.5511
vt 0.3561 0.6263 0.5262
vt 0.1459 0.7413 0.5246
vt 0.1175 0.6980 0.4970
vt 0.1651 0.6433 0.4976
vt 0.1798 0.6854 0.5458
vt 0.2118 0.6126 0.5206
vt 0.2259 0.6427 0.5582
vt 0.2560 0.7812 0.4976
vt 0.1935 0.8026 0.4970
vt 0.1737 0.7797 0.5248
vt 0.2031 0.7206 0.5492
vt 0.2443 0.6709 0.5620
vt 0.2834 0.7232 0.5207
vt 0.4068 0.5676 0.5162
vt 0.3796 0.5839 0.5291
vt 0.3289 0.5995 0.5465
vt 0.2814 0.6233 0.5555
vt 0.1929 0.7025 0.5313
vt 0.1578 0.7576 0.5070
vt 0.2362 0.6580 0.5470
vt 0.0683 0.7200 0.5313
vt 0.0683 0.7200 0.4754
vt 0.1080 0.7848 0.5313
vt 0.1080 0.7848 0.4754
vt 0.1574 0.8426 0.5313
vt 0.1574 0.8426 0.4754
vt 0.2152 0.8920 0.5313
vt 0.2152 0.8920 0.4754
vt -0.5119 0.5363 0.5396
vt -0.5001 0.5382 0.5396
vt -0.6179 0.5178 0.0000
vt -0.6177 0.4813 0.0000
vt -0.6093 0.4827 0.0000
vt -0.6095 0.5165 0.0000
vt -0.5171 0.5523 0.5301
vt -0.5201 0.5614 0.5391
vt -0.5001 0.5549 0.5301
vt -0.5001 0.5646 0.5391
vt -0.5344 0.6055 0.5391
vt -0.5001 0.6109 0.5391
vt -0.5359 0.6103 0.5342
vt -0.5353 0.6083 0.5371
vt -0.5003 0.6139 0.5371
vt -0.5001 0.6160 0.5342
vt -0.4883 0.5363 0.5396
vt -0.4777 0.5309 0.5396
vt -0.5855 0.5820 0.0000
vt -0.6068 0.5524 0.0000
vt -0.5992 0.5486 0.0000
vt -0.5794 0.5760 0.0000
vt -0.4831 0.5523 0.5301
vt -0.4801 0.5614 0.5391
vt -0.4678 0.5444 0.5301
vt -0.4621 0.5523 0.5391
vt -0.4658 0.6055 0.5391
vt -0.4349 0.5897 0.5391
vt -0.4643 0.6103 0.5342
vt -0.4649 0.6083 0.5371
vt -0.4333 0.5922 0.5371
vt -0.4319 0.5938 0.5342
vt 0.3124 0.8682 0.4364
vt 0.3060 0.8808 0.5317
vt 0.3723 0.8930 0.4364
vt 0.3679 0.9065 0.5317
vt 0.4354 0.9081 0.4364
vt 0.4331 0.9221 0.5317
vt 0.5000 0.9132 0.4364
vt 0.5000 0.9274 0.5317
vt 0.2995 0.8934 0.5422
vt 0.2850 0.9219 0.5422
vt 0.3636 0.9199 0.5422
vt 0.3537 0.9503 0.5422
vt 0.4309 0.9361 0.5422
vt 0.4259 0.9677 0.5422
vt 0.5000 0.9415 0.5422
vt 0.5000 0.9735 0.5422
vt 0.4339 0.6255 0.5119
vt 0.4471 0.6029 0.5021
vt 0.4569 0.6063 0.5166
vt 0.4447 0.6340 0.5308
vt 0.4725 0.6114 0.5164
vt 0.4823 0.6143 0.5021
vt 0.4760 0.6392 0.5119
vt 0.4626 0.6393 0.5289
vt 0.3836 0.7208 0.5607
vt 0.3615 0.7087 0.5332
vt 0.3970 0.6618 0.5262
vt 0.4139 0.6718 0.5508
vt 0.4506 0.7442 0.5332
vt 0.4061 0.7298 0.5636
vt 0.4327 0.6796 0.5511
vt 0.4578 0.6867 0.5262
vt 0.3553 0.9033 0.5246
vt 0.3069 0.8850 0.4970
vt 0.3133 0.8128 0.4976
vt 0.3499 0.8382 0.5458
vt 0.3331 0.7605 0.5206
vt 0.3621 0.7766 0.5582
vt 0.4679 0.8709 0.4976
vt 0.4299 0.9250 0.4970
vt 0.4004 0.9180 0.5248
vt 0.3895 0.8530 0.5492
vt 0.3936 0.7886 0.5620
vt 0.4560 0.8079 0.5207
vt 0.4643 0.6095 0.5162
vt 0.4519 0.6387 0.5291
vt 0.4200 0.6811 0.5465
vt 0.3957 0.7282 0.5555
vt 0.3706 0.8443 0.5313
vt 0.3746 0.9095 0.5070
vt 0.3795 0.7829 0.5470
vt 0.2800 0.9317 0.5313
vt 0.2800 0.9317 0.4754
vt 0.3503 0.9608 0.5313
vt 0.3503 0.9608 0.4754
vt 0.4242 0.9785 0.5313
vt 0.4242 0.9785 0.4754
vt 0.5000 0.9845 0.5313
vt 0.5000 0.9845 0.4754
vt 0.5646 0.9081 0.4364
vt 0.5669 0.9221 0.5317
vt 0.6277 0.8930 0.4364
vt 0.6321 0.9065 0.5317
vt 0.6876 0.8682 0.4364
vt 0.6940 0.8808 0.5317
vt 0.7429 0.8343 0.4364
vt 0.7512 0.8458 0.5317
vt 0.5691 0.9361 0.5422
vt 0.5741 0.9677 0.5422
vt 0.6364 0.9199 0.5422
vt 0.6463 0.9503 0.5422
vt 0.7005 0.8934 0.5422
vt 0.7150 0.9219 0.5422
vt 0.7595 0.8572 0.5422
vt 0.7783 0.8831 0.5422
vt 0.5203 0.6404 0.5119
vt 0.5177 0.6143 0.5021
vt 0.5276 0.6113 0.5166
vt 0.5340 0.6409 0.5308
vt 0.5433 0.6063 0.5164
vt 0.5529 0.6029 0.5021
vt 0.5624 0.6267 0.5119
vt 0.5516 0.6347 0.5289
vt 0.5356 0.7470 0.5607
vt 0.5107 0.7503 0.5332
vt 0.5118 0.6914 0.5262
vt 0.5313 0.6896 0.5508
vt 0.6036 0.7266 0.5332
vt 0.5591 0.7412 0.5636
vt 0.5511 0.6848 0.5511
vt 0.5757 0.6759 0.5262
vt 0.6200 0.9114 0.5246
vt 0.5701 0.9250 0.4970
vt 0.5328 0.8628 0.4976
vt 0.5774 0.8618 0.5458
vt 0.5180 0.8088 0.5206
vt 0.5510 0.8048 0.5582
vt 0.6921 0.8189 0.4976
vt 0.6931 0.8850 0.4970
vt 0.6652 0.8967 0.5248
vt 0.6181 0.8505 0.5492
vt 0.5835 0.7960 0.5620
vt 0.6454 0.7750 0.5207
vt 0.5355 0.6096 0.5162
vt 0.5426 0.6405 0.5291
vt 0.5418 0.6935 0.5465
vt 0.5497 0.7460 0.5555
vt 0.5977 0.8546 0.5313
vt 0.6392 0.9050 0.5070
vt 0.5688 0.7998 0.5470
vt 0.5758 0.9785 0.5313
vt 0.5758 0.9785 0.4754
vt 0.6497 0.9608 0.5313
vt 0.6497 0.9608 0.4754
vt 0.7200 0.9317 0.5313
vt 0.7200 0.9317 0.4754
vt 0.7848 0.8920 0.5313
vt 0.7848 0.8920 0.4754
vt -0.4692 0.5224 0.5396
vt -0.4638 0.5118 0.5396
vt -0.5215 0.6149 0.0000
vt -0.5561 0.6035 0.0000
vt -0.5522 0.5959 0.0000
vt -0.5202 0.6065 0.0000
vt -0.4557 0.5323 0.5301
vt -0.4478 0.5380 0.5391
vt -0.4479 0.5170 0.5301
vt -0.4387 0.5200 0.5391
vt -0.4104 0.5652 0.5391
vt -0.3946 0.5343 0.5391
vt -0.4063 0.5682 0.5342
vt -0.4080 0.5669 0.5371
vt -0.3918 0.5353 0.5371
vt -0.3898 0.5358 0.5342
vt -0.4619 0.5000 0.5396
vt -0.4638 0.4882 0.5396
vt -0.4505 0.6039 0.0000
vt -0.4851 0.6150 0.0000
vt -0.4864 0.6066 0.0000
vt -0.4543 0.5963 0.0000
vt -0.4452 0.5000 0.5301
vt -0.4355 0.5000 0.5391
vt -0.4479 0.4830 0.5301
vt -0.4387 0.4800 0.5391
vt -0.3892 0.5000 0.5391
vt -0.3946 0.4657 0.5391
vt -0.3841 0.5000 0.5342
vt -0.3862 0.5000 0.5371
vt -0.3917 0.4649 0.5371
vt -0.3898 0.4642 0.5342
vt 0.7922 0.7922 0.4364
vt 0.8022 0.8022 0.5317
vt 0.8343 0.7429 0.4364
vt 0.8458 0.7512 0.5317
vt 0.8682 0.6876 0.4364
vt 0.8808 0.6940 0.5317
vt 0.8930 0.6277 0.4364
vt 0.9065 0.6321 0.5317
vt 0.8122 0.8122 0.5422
vt 0.8348 0.8348 0.5422
vt 0.8572 0.7595 0.5422
vt 0.8831 0.7783 0.5422
vt 0.8934 0.7005 0.5422
vt 0.9219 0.7150 0.5422
vt 0.9199 0.6364 0.5422
vt 0.9503 0.6463 0.5422
vt 0.5989 0.6017 0.5119
vt 0.5815 0.5821 0.5021
vt 0.5878 0.5738 0.5166
vt 0.6103 0.5940 0.5308
vt 0.5975 0.5605 0.5164
vt 0.6033 0.5522 0.5021
vt 0.6250 0.5659 0.5119
vt 0.6209 0.5786 0.5289
vt 0.6740 0.6789 0.5607
vt 0.6557 0.6962 0.5332
vt 0.6221 0.6479 0.5262
vt 0.6368 0.6350 0.5508
vt 0.7170 0.6225 0.5332
vt 0.6896 0.6604 0.5636
vt 0.6500 0.6195 0.5511
vt 0.6646 0.5978 0.5262
vt 0.8389 0.7623 0.5246
vt 0.8065 0.8026 0.4970
vt 0.7398 0.7742 0.4976
vt 0.7753 0.7472 0.5458
vt 0.6961 0.7393 0.5206
vt 0.7204 0.7166 0.5582
vt 0.8428 0.6451 0.4976
vt 0.8825 0.6980 0.4970
vt 0.8668 0.7239 0.5248
vt 0.8015 0.7142 0.5492
vt 0.7416 0.6904 0.5620
vt 0.7792 0.6370 0.5207
vt 0.5931 0.5678 0.5162
vt 0.6170 0.5886 0.5291
vt 0.6476 0.6320 0.5465
vt 0.6848 0.6698 0.5555
vt 0.7875 0.7295 0.5313
vt 0.8507 0.7458 0.5070
vt 0.7318 0.7021 0.5470
vt 0.8426 0.8426 0.5313
vt 0.8426 0.8426 0.4754
vt 0.8920 0.7848 0.5313
vt 0.8920 0.7848 0.4754
vt 0.9317 0.7200 0.5313
vt 0.9317 0.7200 0.4754
vt 0.9608 0.6497 0.5313
vt 0.9608 0.6497 0.4754
vt 0.9081 0.5646 0.4364
vt 0.9221 0.5669 0.5317
vt 0.9132 0.5000 0.4364
vt 0.9274 0.5000 0.5317
vt 0.9081 0.4354 0.4364
vt 0.9221 0.4331 0.5317
vt 0.8930 0.3723 0.4364
vt 0.9065 0.3679 0.5317
vt 0.9361 0.5691 0.5422
vt 0.9677 0.5741 0.5422
vt 0.9415 0.5000 0.5422
vt 0.9735 0.5000 0.5422
vt 0.9361 0.4309 0.5422
vt 0.9677 0.4259 0.5422
vt 0.9199 0.3636 0.5422
vt 0.9503 0.3537 0.5422
vt 0.6398 0.5241 0.5119
vt 0.6142 0.5185 0.5021
vt 0.6144 0.5081 0.5166
vt 0.6445 0.5112 0.5308
vt 0.6144 0.4917 0.5164
vt 0.6142 0.4815 0.5021
vt 0.6398 0.4798 0.5119
vt 0.6440 0.4925 0.5289
vt 0.7459 0.5425 0.5607
vt 0.7413 0.5672 0.5332
vt 0.6857 0.5479 0.5262
vt 0.6900 0.5288 0.5508
vt 0.7475 0.4715 0.5332
vt 0.7476 0.5183 0.5636
vt 0.6916 0.5085 0.5511
vt 0.6906 0.4824 0.5262
vt 0.9283 0.5130 0.5246
vt 0.9258 0.5646 0.4970
vt 0.8552 0.5809 0.4976
vt 0.8680 0.5382 0.5458
vt 0.7993 0.5783 0.5206
vt 0.8057 0.5457 0.5582
vt 0.8627 0.4159 0.4976
vt 0.9258 0.4354 0.4970
vt 0.9283 0.4655 0.5248
vt 0.8698 0.4960 0.5492
vt 0.8073 0.5120 0.5620
vt 0.8065 0.4467 0.5207
vt 0.6152 0.5001 0.5162
vt 0.6467 0.5029 0.5291
vt 0.6970 0.5201 0.5465
vt 0.7493 0.5287 0.5555
vt 0.8675 0.5167 0.5313
vt 0.9282 0.4928 0.5070
vt 0.8063 0.5272 0.5470
vt 0.9785 0.5758 0.5313
vt 0.9785 0.5758 0.4754
vt 0.9845 0.5000 0.5313
vt 0.9845 0.5000 0.4754
vt 0.9785 0.4242 0.5313
vt 0.9785 0.4242 0.4754
vt 0.9608 0.3503 0.5313
vt 0.9608 0.3503 0.4754
vt -0.4692 0.4776 0.5396
vt -0.4777 0.4691 0.5396
vt -0.3994 0.5532 0.0000
vt -0.4209 0.5826 0.0000
vt -0.4269 0.5766 0.0000
vt -0.4070 0.5493 0.0000
vt -0.4557 0.4677 0.5301
vt -0.4478 0.4620 0.5391
vt -0.4678 0.4556 0.5301
vt -0.4621 0.4477 0.5391
vt -0.4104 0.4348 0.5391
vt -0.4349 0.4103 0.5391
vt -0.4063 0.4318 0.5342
vt -0.4080 0.4331 0.5371
vt -0.4330 0.4079 0.5371
vt -0.4319 0.4062 0.5342
vt -0.4883 0.4637 0.5396
vt -0.5001 0.4618 0.5396
vt -0.3879 0.4822 0.0000
vt -0.3880 0.5187 0.0000
vt -0.3964 0.5173 0.0000
vt -0.3963 0.4835 0.0000
vt -0.4831 0.4477 0.5301
vt -0.4801 0.4386 0.5391
vt -0.5001 0.4451 0.5301
vt -0.5001 0.4354 0.5391
vt -0.4658 0.3945 0.5391
vt -0.5001 0.3891 0.5391
vt -0.4643 0.3897 0.5342
vt -0.4649 0.3917 0.5371
vt -0.5000 0.3861 0.5371
vt -0.5001 0.3840 0.5342
vt 0.8682 0.3124 0.4364
vt 0.8808 0.3060 0.5317
vt 0.8343 0.2571 0.4364
vt 0.8458 0.2488 0.5317
vt 0.7922 0.2078 0.4364
vt 0.8022 0.1978 0.5317
vt 0.7429 0.1657 0.4364
vt 0.7512 0.1542 0.5317
vt 0.8934 0.2995 0.5422
vt 0.9219 0.2850 0.5422
vt 0.8572 0.2405 0.5422
vt 0.8831 0.2217 0.5422
vt 0.8122 0.1878 0.5422
vt 0.8348 0.1652 0.5422
vt 0.7595 0.1428 0.5422
vt 0.7783 0.1169 0.5422
vt 0.6273 0.4373 0.5119
vt 0.6033 0.4478 0.5021
vt 0.5974 0.4393 0.5166
vt 0.6235 0.4241 0.5308
vt 0.5877 0.4260 0.5164
vt 0.5815 0.4179 0.5021
vt 0.6012 0.4015 0.5119
vt 0.6121 0.4093 0.5289
vt 0.7239 0.3898 0.5607
vt 0.7347 0.4125 0.5332
vt 0.6784 0.4296 0.5262
vt 0.6706 0.4116 0.5508
vt 0.6835 0.3315 0.5332
vt 0.7111 0.3693 0.5636
vt 0.6600 0.3943 0.5511
vt 0.6439 0.3737 0.5262
vt 0.8541 0.2587 0.5246
vt 0.8825 0.3020 0.4970
vt 0.8349 0.3567 0.4976
vt 0.8202 0.3146 0.5458
vt 0.7882 0.3874 0.5206
vt 0.7741 0.3573 0.5582
vt 0.7440 0.2188 0.4976
vt 0.8065 0.1974 0.4970
vt 0.8263 0.2203 0.5248
vt 0.7969 0.2794 0.5492
vt 0.7557 0.3291 0.5620
vt 0.7166 0.2768 0.5207
vt 0.5932 0.4324 0.5162
vt 0.6204 0.4161 0.5291
vt 0.6711 0.4005 0.5465
vt 0.7186 0.3767 0.5555
vt 0.8071 0.2975 0.5313
vt 0.8422 0.2424 0.5070
vt 0.7638 0.3420 0.5470
vt 0.9317 0.2800 0.5313
vt 0.9317 0.2800 0.4754
vt 0.8920 0.2152 0.5313
vt 0.8920 0.2152 0.4754
vt 0.8426 0.1574 0.5313
vt 0.8426 0.1574 0.4754
vt 0.7848 0.1080 0.5313
vt 0.7848 0.1080 0.4754
vt 0.6876 0.1318 0.4364
vt 0.6940 0.1192 0.5317
vt 0.6277 0.1070 0.4364
vt 0.6321 0.0935 0.5317
vt 0.5646 0.0919 0.4364
vt 0.5669 0.0779 0.5317
vt 0.5000 0.0868 0.4364
vt 0.5000 0.0726 0.5317
vt 0.7005 0.1066 0.5422
vt 0.7150 0.0781 0.5422
vt 0.6364 0.0801 0.5422
vt 0.6463 0.0497 0.5422
vt 0.5691 0.0639 0.5422
vt 0.5741 0.0323 0.5422
vt 0.5000 0.0585 0.5422
vt 0.5000 0.0265 0.5422
vt 0.5661 0.3745 0.5119
vt 0.5529 0.3971 0.5021
vt 0.5431 0.3937 0.5166
vt 0.5553 0.3660 0.5308
vt 0.5275 0.3886 0.5164
vt 0.5177 0.3857 0.5021
vt 0.5240 0.3608 0.5119
vt 0.5374 0.3607 0.5289
vt 0.6164 0.2792 0.5607
vt 0.6385 0.2913 0.5332
vt 0.6030 0.3382 0.5262
vt 0.5861 0.3282 0.5508
vt 0.5494 0.2558 0.5332
vt 0.5939 0.2702 0.5636
vt 0.5673 0.3205 0.5511
vt 0.5422 0.3133 0.5262
vt 0.6447 0.0967 0.5246
vt 0.6931 0.1150 0.4970
vt 0.6867 0.1872 0.4976
vt 0.6501 0.1618 0.5458
vt 0.6669 0.2395 0.5206
vt 0.6379 0.2234 0.5582
vt 0.5321 0.1291 0.4976
vt 0.5701 0.0750 0.4970
vt 0.5996 0.0820 0.5248
vt 0.6105 0.1470 0.5492
vt 0.6064 0.2114 0.5620
vt 0.5440 0.1921 0.5207
vt 0.5357 0.3905 0.5162
vt 0.5481 0.3613 0.5291
vt 0.5800 0.3189 0.5465
vt 0.6043 0.2718 0.5555
vt 0.6294 0.1557 0.5313
vt 0.6254 0.0905 0.5070
vt 0.6205 0.2171 0.5470
vt 0.7200 0.0683 0.5313
vt 0.7200 0.0683 0.4754
vt 0.6497 0.0392 0.5313
vt 0.6497 0.0392 0.4754
vt 0.5758 0.0215 0.5313
vt 0.5758 0.0215 0.4754
vt 0.5000 0.0155 0.5313
vt 0.5000 0.0155 0.4754
vt -0.5119 0.4637 0.5396
vt -0.5225 0.4691 0.5396
vt -0.4203 0.4180 0.0000
vt -0.3990 0.4476 0.0000
vt -0.4066 0.4514 0.0000
vt -0.4263 0.4240 0.0000
vt -0.5171 0.4477 0.5301
vt -0.5201 0.4386 0.5391
vt -0.5324 0.4556 0.5301
vt -0.5381 0.4477 0.5391
vt -0.5344 0.3945 0.5391
vt -0.5653 0.4103 0.5391
vt -0.5359 0.3897 0.5342
vt -0.5353 0.3917 0.5371
vt -0.5669 0.4078 0.5371
vt -0.5683 0.4062 0.5342
vt -0.5310 0.4776 0.5396
vt -0.4496 0.3965 0.0000
vt -0.4535 0.4041 0.0000
vt -0.5446 0.4677 0.5301
vt -0.5524 0.4620 0.5391
vt -0.5898 0.4348 0.5391
vt -0.5939 0.4318 0.5342
vt -0.5922 0.4331 0.5371
vt 0.4354 0.0919 0.4364
vt 0.4331 0.0779 0.5317
vt 0.3723 0.1070 0.4364
vt 0.3679 0.0935 0.5317
vt 0.3124 0.1318 0.4364
vt 0.3060 0.1192 0.5317
vt 0.2571 0.1657 0.4364
vt 0.2488 0.1542 0.5317
vt 0.4309 0.0639 0.5422
vt 0.4259 0.0323 0.5422
vt 0.3636 0.0801 0.5422
vt 0.3537 0.0497 0.5422
vt 0.2995 0.1066 0.5422
vt 0.2850 0.0781 0.5422
vt 0.2405 0.1428 0.5422
vt 0.2217 0.1169 0.5422
vt 0.4797 0.3596 0.5119
vt 0.4823 0.3857 0.5021
vt 0.4724 0.3887 0.5166
vt 0.4660 0.3591 0.5308
vt 0.4567 0.3937 0.5164
vt 0.4471 0.3971 0.5021
vt 0.4376 0.3733 0.5119
vt 0.4484 0.3653 0.5289
vt 0.4644 0.2530 0.5607
vt 0.4893 0.2497 0.5332
vt 0.4882 0.3086 0.5262
vt 0.4687 0.3104 0.5508
vt 0.3964 0.2734 0.5332
vt 0.4409 0.2588 0.5636
vt 0.4489 0.3152 0.5511
vt 0.4243 0.3241 0.5262
vt 0.3800 0.0886 0.5246
vt 0.4299 0.0750 0.4970
vt 0.4672 0.1372 0.4976
vt 0.4226 0.1382 0.5458
vt 0.4820 0.1912 0.5206
vt 0.4490 0.1952 0.5582
vt 0.3079 0.1811 0.4976
vt 0.3069 0.1150 0.4970
vt 0.3348 0.1033 0.5248
vt 0.3819 0.1495 0.5492
vt 0.4165 0.2040 0.5620
vt 0.3546 0.2250 0.5207
vt 0.4645 0.3904 0.5162
vt 0.4574 0.3595 0.5291
vt 0.4582 0.3065 0.5465
vt 0.4503 0.2540 0.5555
vt 0.4023 0.1454 0.5313
vt 0.3608 0.0950 0.5070
vt 0.4312 0.2002 0.5470
vt 0.4242 0.0215 0.5313
vt 0.4242 0.0215 0.4754
vt 0.3503 0.0392 0.5313
vt 0.3503 0.0392 0.4754
vt 0.2800 0.0683 0.5313
vt 0.2800 0.0683 0.4754
vt 0.2152 0.1080 0.5313
vt 0.2152 0.1080 0.4754
vt 0.2078 0.2078 0.4364
vt 0.1978 0.1978 0.5317
vt 0.1657 0.2571 0.4364
vt 0.1542 0.2488 0.5317
vt 0.1318 0.3124 0.4364
vt 0.1192 0.3060 0.5317
vt 0.1878 0.1878 0.5422
vt 0.1652 0.1652 0.5422
vt 0.1428 0.2405 0.5422
vt 0.1169 0.2217 0.5422
vt 0.1066 0.2995 0.5422
vt 0.0781 0.2850 0.5422
vt 0.4011 0.3983 0.5119
vt 0.4185 0.4179 0.5021
vt 0.4122 0.4262 0.5166
vt 0.3897 0.4060 0.5308
vt 0.4025 0.4395 0.5164
vt 0.3967 0.4478 0.5021
vt 0.3750 0.4341 0.5119
vt 0.3791 0.4214 0.5289
vt 0.3260 0.3211 0.5607
vt 0.3443 0.3038 0.5332
vt 0.3779 0.3521 0.5262
vt 0.3632 0.3650 0.5508
vt 0.2830 0.3775 0.5332
vt 0.3104 0.3396 0.5636
vt 0.3500 0.3805 0.5511
vt 0.3354 0.4022 0.5262
vt 0.1611 0.2377 0.5246
vt 0.1935 0.1974 0.4970
vt 0.2602 0.2258 0.4976
vt 0.2247 0.2528 0.5458
vt 0.3039 0.2607 0.5206
vt 0.2796 0.2834 0.5582
vt 0.1572 0.3549 0.4976
vt 0.1175 0.3020 0.4970
vt 0.1332 0.2761 0.5248
vt 0.1985 0.2858 0.5492
vt 0.2584 0.3096 0.5620
vt 0.2208 0.3630 0.5207
vt 0.4069 0.4322 0.5162
vt 0.3830 0.4114 0.5291
vt 0.3524 0.3680 0.5465
vt 0.3152 0.3302 0.5555
vt 0.2125 0.2705 0.5313
vt 0.1493 0.2542 0.5070
vt 0.2682 0.2979 0.5470
vt 0.1574 0.1574 0.5313
vt 0.1574 0.1574 0.4754
vt 0.1080 0.2152 0.5313
vt 0.1080 0.2152 0.4754
vt 0.0683 0.2800 0.5313
vt 0.0683 0.2800 0.4754
vt 0.9802 0.7637 0.4441
# 3849 texture coords

o Poca
g Poca
usemtl Material__741
s 1
f 1/1/1 2/2/2 3/3/3 4/4/4 
f 5/5/5 6/6/6 7/7/7 
usemtl Material__404
f 8/8/8 9/9/9 10/10/10 
usemtl Material__741
f 11/11/11 12/12/12 13/13/13 14/14/14 
usemtl Material__404
f 15/15/15 16/16/16 17/17/17 
usemtl Material__741
f 18/18/18 19/19/19 20/20/20 21/21/21 
usemtl wire_115115115
f 22/22/22 23/23/23 24/24/24 25/25/25 
f 23/23/23 22/22/22 26/26/26 27/27/27 
usemtl Material__741
f 28/28/28 29/29/29 30/30/30 31/31/31 
f 32/32/32 33/33/33 34/34/34 35/35/35 
f 36/36/36 37/37/37 38/38/38 39/39/39 
usemtl wire_115115115
s 8
f 40/40/40 41/41/41 42/42/42 43/43/43 
s 1
f 26/26/26 44/44/44 45/45/45 27/27/27 
usemtl Material__741
f 46/46/46 47/47/47 48/48/48 49/49/49 
usemtl wire_115115115
f 50/50/50 51/51/51 52/52/52 53/53/53 
usemtl Material__741
f 54/54/54 55/55/55 56/56/56 57/57/57 
f 58/58/58 59/59/59 60/60/60 61/61/61 
f 4/4/4 62/62/62 63/63/63 1/1/1 
usemtl Material__404
s 2
f 64/64/64 65/65/65 66/66/66 67/67/67 
usemtl Material__741
s 1
f 68/68/68 69/69/69 70/70/70 
f 71/71/71 72/72/72 73/73/73 74/74/74 
usemtl Material__404
f 75/75/75 76/76/76 77/77/77 78/78/78 
usemtl wire_115115115
f 23/23/23 27/27/27 79/79/79 80/80/80 
usemtl Material__404
s 2
f 81/81/81 82/82/82 83/83/83 84/84/84 
usemtl Material__741
s 1
f 85/85/85 86/86/86 87/87/87 88/88/88 
usemtl Material__404
s 2
f 89/89/89 90/90/90 91/91/91 92/92/92 
usemtl Material__741
s 1
f 93/93/93 94/94/94 95/95/95 96/96/96 
usemtl wire_115115115
f 79/79/79 27/27/27 45/45/45 97/97/97 
usemtl Material__741
f 98/98/98 99/99/99 100/100/100 101/101/101 
usemtl Material__478
s 16
f 102/102/102 103/103/103 104/104/104 105/105/105 
usemtl Material__741
s 1
f 106/106/106 107/107/107 108/108/108 
f 109/109/109 110/110/110 111/111/111 112/112/112 
usemtl Material__404
f 113/113/113 114/114/114 115/115/115 116/116/116 
usemtl Material__741
f 117/117/117 118/118/118 119/119/119 120/120/120 
f 121/121/121 122/122/122 123/123/123 124/124/124 
f 125/125/125 126/126/126 127/127/127 
f 108/108/108 128/128/128 129/129/129 130/130/130 
usemtl Material__404
f 131/131/131 8/8/8 132/132/132 133/133/133 
usemtl Material__741
s 8
f 134/134/134 135/135/135 136/136/136 137/137/137 
s 1
f 134/134/134 55/55/55 138/138/138 139/139/139 
usemtl Material__404
f 140/140/140 141/141/141 142/142/142 143/143/143 
f 141/141/141 144/144/144 142/142/142 
usemtl wire_115115115
f 24/24/24 145/145/145 146/146/146 25/25/25 
f 24/24/24 23/23/23 80/80/80 147/147/147 
usemtl Material__741
f 148/148/148 149/149/149 150/150/150 151/151/151 
f 152/152/152 127/153/127 86/86/86 85/85/85 
f 153/154/153 154/155/154 122/122/122 121/121/121 
f 62/62/62 58/58/58 61/61/61 63/63/63 
f 151/151/151 150/150/150 47/47/47 46/46/46 
usemtl wire_115115115
f 155/156/155 156/157/156 157/158/157 
usemtl Material__404
f 158/159/158 159/160/159 160/161/160 161/162/161 
f 162/163/162 163/164/163 164/165/164 165/166/165 
f 165/166/165 164/165/164 166/167/166 167/168/167 
f 167/168/167 166/167/166 168/169/168 169/170/169 
f 169/170/169 168/169/168 170/171/170 171/172/171 
f 172/173/172 173/174/173 174/175/174 175/176/175 
f 142/142/142 76/76/76 75/75/75 143/143/143 
f 176/177/176 177/178/177 76/76/76 142/142/142 
f 75/75/75 78/78/78 132/132/132 10/10/10 
usemtl wire_115115115
f 155/156/155 178/179/178 179/180/179 180/181/180 
f 53/53/53 181/182/181 182/183/182 50/50/50 
f 50/50/50 182/183/182 183/184/183 
usemtl Material__478
s 4
f 184/185/184 185/186/185 186/187/186 187/188/187 
f 185/186/185 188/189/188 189/190/189 186/187/186 
usemtl Material__404
s 8
f 190/191/190 191/192/191 192/193/192 
f 113/113/113 116/116/116 193/194/193 194/195/194 
f 158/159/158 161/162/161 195/196/195 
f 162/163/162 165/166/165 196/197/196 197/198/197 
f 165/166/165 167/168/167 198/199/198 196/197/196 
f 167/168/167 169/170/169 199/200/199 198/199/198 
f 169/170/169 171/172/171 200/201/200 199/200/199 
f 201/202/201 202/203/202 203/204/203 204/205/204 
s 2
f 202/203/202 205/206/205 206/207/206 203/204/203 
usemtl Material__478
s 4
f 207/208/207 208/209/208 209/210/209 210/211/210 
usemtl Material__741
s 1
f 83/212/83 82/213/82 211/214/211 212/215/212 
usemtl wire_115115115
s 8
f 213/216/213 214/217/214 215/218/215 216/219/216 
s 1
f 217/220/217 218/221/218 219/222/219 
f 180/181/180 220/223/220 221/224/221 222/225/222 
usemtl Material__404
s 2
f 83/83/83 2/226/2 223/227/223 84/84/84 
usemtl Material__741
s 1
f 224/228/224 225/229/225 226/230/226 227/231/227 
f 212/215/212 211/214/211 228/232/228 229/233/229 
usemtl wire_115115115
f 213/216/213 41/41/41 230/234/230 179/180/179 
usemtl Material__404
s 8
f 231/235/231 201/202/201 204/205/204 232/236/232 
s 1
f 233/237/233 140/140/140 234/238/234 235/239/235 
f 236/240/236 141/141/141 140/140/140 233/237/233 
usemtl Material__478
s 4
f 237/241/237 238/242/238 239/243/239 240/244/240 
usemtl Material__741
s 1
f 241/245/241 242/246/242 243/247/243 244/248/244 
f 245/249/245 246/250/246 99/99/99 98/98/98 
f 99/99/99 247/251/247 248/252/248 100/100/100 
usemtl Material__404
f 132/132/132 78/78/78 249/253/249 133/133/133 
usemtl Material__741
f 246/250/246 250/254/250 247/251/247 99/99/99 
f 251/255/251 252/256/252 253/257/253 
f 254/258/254 255/259/255 256/260/256 257/261/257 
usemtl Material__404
f 202/203/202 201/202/201 258/262/258 259/263/259 
usemtl Material__741
f 106/106/106 260/264/260 261/265/261 262/266/262 
s 8
f 134/134/134 139/139/139 263/267/263 135/135/135 
s 1
f 264/268/264 265/269/265 266/270/266 262/266/262 
usemtl Material__478
s 4
f 267/271/267 268/272/268 269/273/269 270/274/270 
f 270/274/270 269/273/269 271/275/271 272/276/272 
usemtl Material__404
s 2
f 273/277/273 274/278/274 275/279/275 276/280/276 
f 277/281/277 278/282/278 274/278/274 273/277/273 
f 276/280/276 275/279/275 279/283/279 280/284/280 
f 281/285/281 282/286/282 283/287/283 284/288/284 
s 4
f 202/203/202 285/289/285 205/206/205 
usemtl Material__478
s 1
f 286/290/286 185/186/185 287/291/287 288/292/288 
f 289/293/289 184/185/184 208/209/208 290/294/290 
usemtl Material__741
s 4
f 291/295/291 292/296/292 293/297/293 294/298/294 
usemtl Material__478
s 1
f 295/299/295 207/208/207 238/242/238 296/300/296 
f 297/301/297 237/241/237 298/302/298 299/303/299 
f 300/304/300 267/271/267 270/274/270 301/305/301 
f 301/305/301 270/274/270 272/276/272 302/306/302 
usemtl Material__404
s 2
f 302/307/302 272/308/272 271/309/271 303/310/303 
s off
f 304/311/304 305/312/305 306/313/306 307/314/307 
usemtl Material__478
s 16
f 185/186/185 286/290/286 308/315/308 309/316/309 
usemtl Material__741
s 4
f 310/317/310 311/318/311 312/319/312 313/320/313 
f 112/112/112 314/321/314 315/322/315 316/323/316 
usemtl Material__404
s 2
f 188/324/188 185/325/185 317/326/317 318/327/318 
f 185/325/185 309/328/309 319/329/319 317/326/317 
f 103/330/103 102/331/102 320/332/320 319/329/319 
s off
f 318/327/318 317/326/317 305/312/305 304/311/304 
f 317/326/317 319/329/319 306/313/306 305/312/305 
f 319/329/319 320/332/320 307/314/307 306/313/306 
usemtl Material__741
s 1
f 321/333/321 322/334/322 323/335/323 324/336/324 
f 325/337/325 326/338/326 327/339/327 328/340/328 
usemtl wire_115115115
s 8
f 329/341/329 330/342/330 40/40/40 43/43/43 
usemtl Material__741
s 1
f 137/137/137 331/343/331 332/344/332 56/56/56 
usemtl Material__404
f 333/345/333 334/346/334 335/347/335 336/348/336 
usemtl Material__741
f 337/349/337 338/350/338 339/351/339 340/352/340 
usemtl wire_115115115
s 8
f 341/353/341 342/354/342 330/342/330 329/341/329 
usemtl Material__478
s 4
f 208/209/208 184/185/184 187/188/187 209/210/209 
usemtl Material__741
s 1
f 343/355/343 344/356/344 326/338/326 325/337/325 
f 260/264/260 345/357/345 346/358/346 261/265/261 
usemtl Material__404
s 2
f 279/283/279 282/286/282 281/285/281 280/284/280 
usemtl Material__478
s 1
f 208/209/208 207/208/207 295/299/295 290/294/290 
usemtl Material__404
s 8
f 347/359/347 162/163/162 197/198/197 348/360/348 
usemtl Material__741
s 1
f 349/361/349 60/60/60 59/59/59 350/362/350 
f 350/362/350 59/59/59 351/363/351 352/364/352 
usemtl Material__404
f 234/238/234 140/140/140 143/143/143 10/10/10 
f 10/10/10 143/143/143 75/75/75 
f 132/132/132 8/8/8 10/10/10 
usemtl wire_115115115
f 178/179/178 214/217/214 213/216/213 179/180/179 
f 181/182/181 40/40/40 330/342/330 182/183/182 
f 181/182/181 53/53/53 220/223/220 230/234/230 
usemtl Material__478
s 4
f 238/242/238 207/208/207 210/211/210 239/243/239 
usemtl Material__741
s 1
f 353/365/353 354/366/354 242/246/242 241/245/241 
s 8
f 139/139/139 355/367/355 356/368/356 263/267/263 
s 1
f 265/269/265 357/369/357 358/370/358 359/371/359 266/270/266 
usemtl Material__404
s 2
f 283/287/283 206/207/206 205/206/205 284/288/284 
usemtl Material__478
s 1
f 238/242/238 237/241/237 297/301/297 296/300/296 
usemtl wire_115115115
f 182/183/182 330/342/330 342/354/342 183/184/183 
usemtl Material__404
f 360/372/360 141/141/141 361/373/361 
f 362/374/362 233/237/233 363/375/363 
f 236/240/236 233/237/233 364/376/364 
f 235/239/235 234/238/234 9/9/9 
f 8/8/8 131/131/131 365/377/365 
s 2
f 90/90/90 366/378/366 367/379/367 91/91/91 
f 90/90/90 89/89/89 368/380/368 369/381/369 
f 82/82/82 81/81/81 91/91/91 
f 81/81/81 92/92/92 91/91/91 
s 1
f 370/382/370 371/383/371 372/384/372 77/77/77 
s 4
f 186/187/186 273/277/273 276/280/276 187/188/187 
f 189/190/189 277/281/277 273/277/273 186/187/186 
f 209/210/209 280/284/280 281/285/281 210/211/210 
f 239/243/239 284/288/284 205/206/205 240/244/240 
f 373/385/373 202/203/202 259/263/259 268/272/268 
f 269/273/269 211/214/211 82/213/82 271/275/271 
usemtl Material__478
f 373/385/373 267/271/267 298/302/298 285/289/285 
usemtl Material__404
s 2
f 271/309/271 82/82/82 91/91/91 367/379/367 
s 4
f 187/188/187 276/280/276 280/284/280 209/210/209 
f 210/211/210 281/285/281 284/288/284 239/243/239 
s 2
f 366/378/366 303/310/303 367/379/367 
f 368/380/368 248/386/248 247/387/247 250/388/250 369/381/369 
s 1
f 372/384/372 249/253/249 78/78/78 77/77/77 
f 76/76/76 177/178/177 370/382/370 77/77/77 
s 4
f 16/16/16 366/389/366 370/382/370 177/178/177 
f 366/389/366 90/390/90 371/383/371 370/382/370 
s 8
f 90/390/90 369/391/369 372/384/372 371/383/371 
f 369/391/369 250/392/250 249/253/249 372/384/372 
f 250/392/250 246/393/246 133/133/133 249/253/249 
f 246/393/246 245/394/245 374/395/374 131/131/131 133/133/133 
s 4
f 375/396/375 376/397/376 365/377/365 131/131/131 374/395/374 
f 377/398/377 378/399/378 235/239/235 9/9/9 
f 378/399/378 379/400/379 380/401/380 235/239/235 
f 381/402/381 382/403/382 364/376/364 362/374/362 
f 383/404/383 384/405/384 361/373/361 236/240/236 
f 385/406/385 360/372/360 386/407/386 
f 172/173/172 177/178/177 176/177/176 
usemtl Material__741
s 1
f 345/357/345 260/264/260 108/108/108 130/130/130 
f 108/108/108 260/264/260 106/106/106 
f 261/265/261 337/349/337 264/268/264 262/266/262 
f 266/270/266 107/107/107 106/106/106 262/266/262 
f 338/350/338 337/349/337 261/265/261 346/358/346 
f 359/371/359 387/408/387 107/107/107 266/270/266 
f 252/256/252 255/259/255 254/258/254 253/257/253 
f 256/260/256 388/409/388 389/410/389 257/261/257 
f 107/107/107 387/408/387 128/128/128 108/108/108 
f 390/411/390 126/126/126 125/125/125 
s 2
f 391/412/391 392/413/392 393/414/393 
f 88/88/88 394/415/394 395/416/395 85/85/85 
f 396/417/396 397/418/397 398/419/398 399/420/399 
s 16
f 129/129/129 400/421/400 401/422/401 130/130/130 
s 2
f 85/85/85 395/416/395 402/423/402 152/152/152 
s 16
f 338/350/338 403/424/403 404/425/404 339/351/339 
f 345/357/345 405/426/405 406/427/406 346/358/346 
f 130/130/130 401/422/401 405/426/405 345/357/345 
f 346/358/346 406/427/406 403/424/403 338/350/338 
f 152/428/152 402/429/402 400/421/400 129/129/129 
usemtl Material__404
s 2
f 407/430/407 408/431/408 409/432/409 410/433/410 
s off
f 411/434/411 412/435/412 409/432/409 408/431/408 
f 413/436/413 407/430/407 410/433/410 414/437/414 
s 8
f 415/438/415 152/428/152 416/439/416 417/440/417 
f 152/428/152 129/129/129 418/441/418 416/439/416 
f 129/129/129 128/128/128 419/442/419 418/441/418 
f 128/128/128 387/408/387 420/443/420 419/442/419 
f 387/408/387 359/371/359 421/444/421 420/443/420 
f 359/371/359 358/370/358 422/445/422 421/444/421 
f 378/399/378 377/398/377 423/446/423 422/445/422 
f 424/447/424 415/438/415 417/440/417 425/448/425 
s 4
f 417/440/417 416/439/416 388/449/388 256/450/256 
s 2
f 416/439/416 418/441/418 389/451/389 388/449/388 
s 4
f 418/441/418 419/442/419 257/452/257 389/451/389 
f 419/442/419 420/443/420 254/453/254 257/452/257 
f 420/443/420 421/444/421 253/454/253 254/453/254 
f 421/444/421 422/445/422 251/455/251 253/454/253 
s 2
f 422/445/422 423/446/423 252/456/252 251/455/251 
s 4
f 425/448/425 417/440/417 256/450/256 255/457/255 
f 255/457/255 252/456/252 423/446/423 425/448/425 
s 8
f 425/448/425 423/446/423 377/398/377 424/447/424 
usemtl Material__741
s 1
f 376/397/376 375/458/375 126/126/126 390/411/390 
f 126/459/126 375/460/375 426/461/426 427/462/427 
f 427/462/427 426/461/426 428/463/428 429/464/429 
usemtl Material__404
f 430/465/430 431/466/431 432/467/432 433/468/433 
f 434/469/434 435/470/435 431/466/431 430/465/430 
usemtl Material__741
s off
f 126/459/126 427/462/427 431/466/431 435/470/435 
f 427/462/427 429/464/429 432/467/432 431/466/431 
f 87/87/87 86/86/86 430/465/430 433/468/433 
f 86/86/86 127/153/127 434/469/434 430/465/430 
f 127/153/127 126/459/126 435/470/435 434/469/434 
s 1
f 127/127/127 152/428/152 415/438/415 125/125/125 
f 125/125/125 415/438/415 424/447/424 390/411/390 
f 390/411/390 424/447/424 377/398/377 376/397/376 
usemtl Material__404
s 4
f 376/397/376 377/398/377 9/9/9 365/377/365 
s 1
f 365/377/365 9/9/9 8/8/8 
usemtl Material__741
f 396/417/396 399/420/399 436/471/436 437/472/437 
f 438/473/438 439/474/439 440/475/440 441/476/441 
usemtl Material__404
s 2
f 442/477/442 443/478/443 444/479/444 445/480/445 
usemtl Material__741
s 1
f 446/481/446 447/482/447 448/483/448 449/484/449 
f 450/485/450 442/477/442 445/480/445 451/486/451 
f 452/487/452 443/478/443 442/477/442 450/485/450 
usemtl Material__404
s 2
f 453/488/453 454/489/454 66/66/66 65/65/65 
f 66/66/66 454/489/454 455/490/455 456/491/456 
usemtl Material__741
s 4
f 316/323/316 315/322/315 292/296/292 291/295/291 
f 311/318/311 457/492/457 312/319/312 
s 1
f 458/493/458 459/494/459 69/69/69 68/68/68 
usemtl Material__404
s 4
f 460/495/460 361/373/361 461/496/461 
usemtl Material__741
s 1
f 393/414/393 396/417/396 12/12/12 11/11/11 
f 55/55/55 134/134/134 137/137/137 56/56/56 
f 57/57/57 56/56/56 332/344/332 462/497/462 
usemtl Material__404
f 382/403/382 381/402/381 355/367/355 463/498/463 
s 4
f 382/403/382 383/404/383 236/240/236 364/376/364 
usemtl Material__741
s 1
f 12/12/12 464/499/464 441/476/441 
f 12/12/12 396/417/396 437/472/437 
f 465/500/465 264/268/264 337/349/337 340/352/340 
f 466/501/466 265/269/265 264/268/264 465/500/465 
f 339/351/339 467/502/467 468/503/468 340/352/340 
usemtl Material__404
f 379/400/379 378/399/378 357/369/357 469/504/469 
s 4
f 379/400/379 470/505/470 363/375/363 380/401/380 
s 16
f 471/506/471 472/507/472 473/508/473 404/425/404 
usemtl Material__741
s 1
f 474/509/474 6/6/6 475/510/475 
f 475/510/475 6/6/6 30/30/30 476/511/476 
f 477/512/477 478/513/478 479/514/479 480/515/480 
f 481/516/481 482/517/482 483/518/483 484/519/484 
f 485/520/485 29/29/29 486/521/486 
f 486/521/486 29/29/29 28/28/28 
usemtl Material__404
s 2
f 487/522/487 488/523/488 489/524/489 490/525/490 
f 488/523/488 491/526/491 492/527/492 489/524/489 
f 491/526/491 481/516/481 493/528/493 492/527/492 
f 481/516/481 484/519/484 494/529/494 493/528/493 
f 39/39/39 495/530/495 496/531/496 497/532/497 
f 495/530/495 498/533/498 499/534/499 496/531/496 
f 498/533/498 500/535/500 501/536/501 499/534/499 
f 500/535/500 502/537/502 503/538/503 501/536/501 
s 4
f 490/525/490 489/524/489 474/509/474 475/510/475 
f 489/524/489 492/527/492 7/7/7 474/509/474 
f 492/527/492 493/528/493 5/5/5 7/7/7 
f 493/528/493 494/529/494 31/31/31 5/5/5 
f 497/532/497 496/531/496 486/521/486 28/28/28 
f 496/531/496 499/534/499 485/520/485 486/521/486 
f 499/534/499 501/536/501 504/539/504 485/520/485 
f 501/536/501 503/538/503 476/511/476 504/539/504 
usemtl Material__741
s 1
f 491/526/491 505/540/505 506/541/506 507/542/507 
f 491/526/491 488/523/488 94/94/94 
f 94/94/94 488/523/488 487/522/487 508/543/508 95/95/95 
f 491/526/491 94/94/94 93/93/93 505/540/505 
f 30/30/30 6/6/6 5/5/5 31/31/31 
f 502/537/502 500/535/500 509/544/509 510/545/510 
usemtl Material__404
s 8
f 116/116/116 158/159/158 195/196/195 193/194/193 
usemtl Material__741
s 1
f 30/30/30 29/29/29 504/539/504 476/511/476 
f 511/546/511 36/36/36 512/547/512 
usemtl Material__404
s 2
f 484/519/484 39/39/39 497/532/497 494/529/494 
f 502/537/502 487/522/487 490/525/490 503/538/503 
s 4
f 494/529/494 497/532/497 28/28/28 31/31/31 
f 503/538/503 490/525/490 475/510/475 476/511/476 
usemtl Material__741
s 1
f 37/37/37 349/361/349 350/362/350 38/38/38 
f 38/38/38 350/362/350 352/364/352 513/548/513 
f 498/533/498 38/38/38 513/548/513 514/549/514 
f 498/533/498 495/530/495 38/38/38 
usemtl Material__404
s 4
f 172/173/172 16/16/16 177/178/177 
f 173/174/173 172/173/172 176/177/176 144/144/144 
s 1
f 144/144/144 176/177/176 142/142/142 
f 141/141/141 360/372/360 144/144/144 
f 141/141/141 236/240/236 361/373/361 
f 233/237/233 362/374/362 364/376/364 
f 233/237/233 235/239/235 380/401/380 
f 9/9/9 234/238/234 10/10/10 
usemtl Material__741
s off
f 414/437/414 412/550/412 411/551/411 413/436/413 
usemtl Material__404
s 8
f 161/162/161 347/359/347 348/360/348 
f 161/162/161 348/360/348 195/196/195 
usemtl Material__741
s 4
f 311/318/311 515/552/515 457/492/457 
s 1
f 485/520/485 504/539/504 29/29/29 
f 6/6/6 474/509/474 7/7/7 
usemtl Material__404
s 8
f 191/192/191 194/195/194 192/193/192 
f 191/192/191 113/113/113 194/195/194 
usemtl wire_115115115
s 1
f 145/145/145 24/24/24 147/147/147 516/553/516 
f 517/554/517 183/184/183 342/354/342 518/555/518 
f 145/145/145 519/556/519 146/146/146 
usemtl Material__741
f 520/557/520 521/558/521 149/149/149 148/148/148 
usemtl wire_115115115
s 8
f 518/555/518 342/354/342 341/353/341 522/559/522 
s 1
f 50/50/50 183/184/183 517/554/517 
usemtl Material__404
f 458/493/458 68/68/68 523/560/523 524/561/524 
f 68/68/68 525/562/525 526/563/526 523/560/523 
s off
f 526/563/526 527/564/527 334/565/334 333/566/333 
f 527/564/527 524/561/524 335/567/335 334/565/334 
f 524/561/524 523/560/523 336/568/336 335/567/335 
f 523/560/523 526/563/526 333/566/333 336/568/336 
f 528/569/528 529/570/529 530/571/530 531/572/531 
f 532/573/532 529/574/529 528/575/528 533/576/533 
f 533/577/533 534/578/534 535/579/535 532/580/532 
f 536/581/536 537/582/537 538/583/538 539/584/539 
f 540/585/540 537/586/537 536/587/536 541/588/541 
f 541/589/541 542/590/542 543/591/543 540/592/540 
f 544/593/544 545/594/545 546/595/546 547/596/547 
f 548/597/548 545/598/545 544/599/544 549/600/549 
f 549/601/549 550/602/550 551/603/551 548/604/548 
f 552/605/544 553/606/545 554/607/546 555/608/547 
f 556/609/548 553/610/545 552/611/544 557/612/549 
f 557/613/549 558/614/550 559/615/551 556/616/548 
usemtl Material__741
s 1
f 482/517/482 481/516/481 491/526/491 507/542/507 
usemtl Material__404
f 560/617/552 561/618/553 562/619/554 563/620/555 
f 564/621/556 565/622/557 566/623/558 567/624/559 
f 561/618/553 560/617/552 567/624/559 566/623/558 
usemtl Material__741
f 479/514/479 478/513/478 511/546/511 512/547/512 
f 568/625/560 569/626/561 477/512/477 480/515/480 
f 39/39/39 484/519/484 483/518/483 
f 36/36/36 39/39/39 483/518/483 512/547/512 
s off
f 568/625/560 480/515/480 566/627/558 565/628/557 
f 480/515/480 479/514/479 561/629/553 566/627/558 
f 479/514/479 512/547/512 562/630/554 561/629/553 
f 512/547/512 483/518/483 563/631/555 562/630/554 
f 483/518/483 482/517/482 560/632/552 563/631/555 
f 482/517/482 507/542/507 567/633/559 560/632/552 
f 507/542/507 506/541/506 564/634/556 567/633/559 
usemtl wire_115115115
s 1
f 145/145/145 570/635/562 519/556/519 
f 155/156/155 571/636/563 156/157/156 
usemtl Material__478
s 16
f 572/637/564 573/638/565 574/639/566 575/640/567 
usemtl wire_115115115
s 8
f 576/641/568 215/218/215 214/217/214 577/642/569 
usemtl Material__741
s 1
f 154/155/154 153/154/153 578/643/570 579/644/571 
usemtl wire_115115115
f 571/636/563 155/156/155 180/181/180 222/225/222 
f 570/635/562 145/145/145 516/553/516 580/645/572 
f 581/646/573 517/554/517 518/555/518 582/647/574 
f 51/51/51 50/50/50 517/554/517 581/646/573 
usemtl Material__741
f 583/648/575 584/649/576 244/248/244 243/247/243 
f 579/644/571 578/643/570 585/650/577 586/651/578 
usemtl wire_115115115
f 587/652/579 178/179/178 155/156/155 157/158/157 
usemtl Material__741
f 344/356/344 343/355/343 323/335/323 322/334/322 
usemtl wire_115115115
s 8
f 582/647/574 518/555/518 522/559/522 588/653/580 
s 1
f 577/642/569 214/217/214 178/179/178 587/652/579 
usemtl Material__741
f 589/654/581 590/655/582 591/656/583 520/657/520 
f 118/118/118 117/117/117 590/655/582 589/654/581 
usemtl wire_115115115
f 592/658/584 146/146/146 519/556/519 
usemtl Material__741
f 72/72/72 71/71/71 584/649/576 583/648/575 
f 593/659/585 594/660/586 595/661/587 596/662/588 
f 597/663/589 598/664/590 594/660/586 593/659/585 
f 599/665/591 600/666/592 598/664/590 597/663/589 
f 601/667/593 602/668/594 600/666/592 599/665/591 
f 603/669/595 604/670/596 602/668/594 601/667/593 
f 605/671/597 606/672/598 604/670/596 603/669/595 
f 607/673/599 608/674/600 606/675/598 605/676/597 
f 609/677/601 610/678/602 608/674/600 607/673/599 
f 611/679/603 612/680/604 610/678/602 609/677/601 
f 613/681/605 614/682/606 612/680/604 611/679/603 
f 615/683/607 616/684/608 614/682/606 613/681/605 
f 617/685/609 618/686/610 616/684/608 615/683/607 
f 619/687/611 620/688/612 618/686/610 617/685/609 
f 621/689/613 622/690/614 620/688/612 619/687/611 
f 623/691/615 624/692/616 622/690/614 621/689/613 
f 596/662/588 595/661/587 624/692/616 623/691/615 
s 2
f 625/693/617 626/694/618 627/695/619 628/696/620 
f 629/697/621 630/698/622 626/694/618 625/693/617 
f 631/699/623 632/700/624 630/698/622 629/697/621 
f 633/701/625 634/702/626 632/700/624 631/699/623 
f 635/703/627 636/704/628 634/702/626 633/701/625 
f 637/705/629 638/706/630 636/704/628 635/703/627 
f 639/707/631 640/708/632 638/706/630 637/705/629 
f 641/709/633 642/710/634 640/708/632 639/707/631 
f 643/711/635 644/712/636 642/710/634 641/709/633 
f 645/713/637 646/714/638 644/712/636 643/711/635 
f 647/715/639 648/716/640 646/714/638 645/713/637 
f 649/717/641 650/718/642 648/716/640 647/715/639 
f 651/719/643 652/720/644 650/718/642 649/717/641 
f 653/721/645 654/722/646 652/720/644 651/719/643 
f 655/723/647 656/724/648 654/722/646 653/721/645 
f 628/696/620 627/695/619 656/724/648 655/723/647 
s off
f 626/694/618 657/725/649 627/695/619 
f 630/698/622 657/725/649 626/694/618 
f 632/700/624 657/725/649 630/698/622 
f 634/702/626 657/725/649 632/700/624 
f 636/704/628 657/725/649 634/702/626 
f 638/706/630 657/725/649 636/704/628 
f 640/708/632 657/725/649 638/706/630 
f 642/710/634 657/725/649 640/708/632 
f 644/712/636 657/725/649 642/710/634 
f 646/714/638 657/725/649 644/712/636 
f 648/716/640 657/725/649 646/714/638 
f 650/718/642 657/725/649 648/716/640 
f 652/720/644 657/725/649 650/718/642 
f 654/722/646 657/725/649 652/720/644 
f 656/724/648 657/725/649 654/722/646 
f 627/695/619 657/725/649 656/724/648 
s 1
f 658/726/650 659/727/651 660/728/652 661/729/653 
usemtl Material__404
f 662/730/654 663/731/655 664/732/656 665/733/657 
usemtl Material__741
s 8
f 666/734/658 667/735/659 668/736/660 669/737/661 
s 4
f 669/737/661 668/736/660 670/738/662 671/739/663 
usemtl Material__404
s 1
f 672/740/664 673/741/665 674/742/666 675/743/667 
usemtl Material__741
s 8
f 676/744/668 677/745/669 678/746/670 679/747/671 
s 4
f 679/747/671 678/746/670 680/748/672 681/749/673 
usemtl Material__404
s 1
f 663/731/655 672/740/664 675/743/667 664/732/656 
usemtl Material__741
s 8
f 677/745/669 659/750/651 658/751/650 678/746/670 
s 4
f 678/746/670 658/751/650 661/752/653 680/748/672 
s off
f 682/753/674 683/754/675 684/755/675 685/756/674 
f 683/757/675 686/758/676 687/759/676 684/760/675 
f 686/755/676 688/756/677 689/753/677 687/754/676 
f 688/761/677 682/762/674 685/757/674 689/758/677 
s 2
f 680/763/672 661/729/653 660/728/652 690/764/678 
usemtl Material__404
s 4
f 660/728/652 659/727/651 662/765/654 665/733/657 
s 2
f 659/750/651 677/745/669 663/731/655 662/730/654 
f 677/745/669 676/744/668 672/740/664 663/731/655 
f 676/744/668 667/735/659 673/741/665 672/740/664 
usemtl Material__741
f 671/766/663 670/767/662 691/768/679 692/769/680 
f 681/770/673 680/763/672 690/764/678 693/771/681 
s 8
f 667/735/659 676/744/668 679/747/671 668/736/660 
s 4
f 668/736/660 679/747/671 681/749/673 670/738/662 
usemtl Material__404
s 1
f 673/741/665 694/772/682 695/773/683 674/742/666 
s 2
f 667/735/659 666/734/658 694/772/682 673/741/665 
usemtl Material__741
f 670/767/662 681/770/673 693/771/681 691/768/679 
f 696/774/684 697/775/685 698/776/686 
f 696/774/684 699/777/687 697/775/685 
f 696/774/684 700/778/688 699/777/687 
f 696/779/684 701/780/689 700/781/688 
f 696/779/684 702/782/690 701/780/689 
f 696/779/684 703/783/691 702/782/690 
f 696/779/684 704/784/692 703/783/691 
f 696/779/684 705/785/693 704/784/692 
f 696/779/684 706/786/694 705/785/693 
f 696/774/684 707/787/695 706/788/694 
f 696/774/684 708/789/696 707/787/695 
f 696/774/684 698/776/686 708/789/696 
f 709/790/697 710/791/698 711/792/699 712/793/700 
f 713/794/701 714/795/702 710/791/698 709/790/697 
f 715/796/703 716/797/704 714/795/702 713/794/701 
f 717/794/705 718/795/706 716/798/704 715/796/703 
f 719/790/707 720/791/708 718/795/706 717/794/705 
f 721/793/709 722/792/710 720/791/708 719/790/707 
f 723/799/711 724/800/712 722/792/710 721/793/709 
f 725/801/713 726/802/714 724/800/712 723/799/711 
f 727/803/715 728/804/716 726/802/714 725/801/713 
f 729/801/717 730/802/718 728/805/716 727/803/715 
f 731/799/719 732/800/720 730/802/718 729/801/717 
f 712/793/700 711/792/699 732/800/720 731/799/719 
s 1
f 733/806/721 734/807/722 735/808/723 736/809/724 
s 2
f 734/810/722 737/811/725 738/812/726 735/813/723 
s 1
f 737/814/725 739/815/727 740/816/728 738/817/726 
s 2
f 739/818/727 733/819/721 736/820/724 740/821/728 
usemtl Material__404
f 741/822/729 742/823/730 743/824/730 744/825/729 
f 742/823/730 745/826/593 746/827/593 743/824/730 
f 745/826/593 747/828/597 748/829/597 746/827/593 
f 747/830/597 749/831/601 750/832/601 748/833/597 
f 749/831/601 751/834/605 752/835/605 750/832/601 
f 751/834/605 753/836/609 754/837/609 752/835/605 
f 753/836/609 755/838/731 756/839/731 754/837/609 
f 755/838/731 741/822/729 744/825/729 756/839/731 
usemtl Material__741
s 8
f 757/840/732 758/841/733 759/842/734 760/843/735 
f 758/841/733 761/844/736 762/845/593 759/842/734 
f 761/844/736 763/846/737 764/847/738 762/845/593 
f 763/848/737 765/849/739 766/850/740 764/851/738 
f 765/849/739 767/852/741 768/853/742 766/850/740 
f 767/852/741 769/854/743 770/855/684 768/853/742 
f 769/854/743 771/856/744 772/857/745 770/855/684 
f 771/856/744 757/840/732 760/843/735 772/857/745 
s 1
f 771/858/744 773/859/746 774/860/747 757/861/732 
usemtl Material__404
s off
f 775/862/601 776/863/601 777/864/601 
f 778/865/601 776/863/601 775/862/601 
f 779/866/601 776/863/601 778/865/601 
f 780/867/601 776/863/601 779/866/601 
f 781/868/601 776/863/601 780/867/601 
f 782/869/601 776/863/601 781/868/601 
f 783/870/601 776/863/601 782/869/601 
f 777/864/601 776/863/601 783/870/601 
usemtl Material__741
s 1
f 459/494/459 458/493/458 784/871/748 785/872/749 
f 786/873/750 787/874/751 463/498/463 138/138/138 
f 788/875/752 789/876/753 790/877/754 
f 458/493/458 791/878/755 784/871/748 
f 55/55/55 792/879/756 138/138/138 
f 793/880/757 786/873/750 792/879/756 
usemtl Material__404
f 794/881/758 795/882/759 796/883/760 797/884/761 
f 798/885/762 799/886/763 797/884/761 796/883/760 
usemtl Material__741
f 788/875/752 800/887/764 801/888/765 
f 55/55/55 54/54/54 792/879/756 
f 786/873/750 138/138/138 792/879/756 
usemtl Material__478
s 2
f 784/871/748 802/889/766 803/890/767 785/872/749 
f 784/871/748 804/891/768 805/892/769 802/889/766 
f 804/891/768 788/875/752 806/893/770 805/892/769 
f 788/875/752 790/877/754 807/894/771 806/893/770 
f 808/895/772 809/896/773 807/894/771 790/877/754 
f 785/872/749 803/890/767 809/896/773 808/895/772 
usemtl Material__404
f 392/413/392 810/897/774 811/898/775 397/418/397 
f 394/415/394 812/899/394 813/900/776 395/416/395 
f 397/418/397 811/898/775 814/901/777 398/419/398 
s 16
f 400/421/400 815/902/778 816/903/779 401/422/401 
s 2
f 395/416/395 813/900/776 817/904/780 402/423/402 
s 16
f 403/424/403 818/905/781 471/506/471 404/425/404 
f 405/426/405 819/906/782 820/907/783 406/427/406 
f 401/422/401 816/903/779 819/906/782 405/426/405 
f 406/427/406 820/907/783 818/905/781 403/424/403 
f 402/429/402 817/908/780 815/902/778 400/421/400 
usemtl Material__741
f 392/413/392 821/909/784 473/508/473 
f 822/910/785 823/911/786 824/912/787 
usemtl Material__478
s 1
f 825/913/788 826/914/789 105/105/105 104/104/104 
usemtl Material__741
s 16
f 827/915/790 823/911/786 822/910/785 828/916/791 
usemtl Material__478
f 827/915/790 829/917/792 830/918/793 831/919/794 
s 4
f 289/293/289 832/920/795 833/921/796 286/290/286 
f 290/294/290 834/922/797 832/920/795 289/293/289 
usemtl Material__741
s 2
f 293/297/293 826/914/789 825/913/788 294/298/294 
usemtl Material__478
s 4
f 296/300/296 835/923/798 836/924/799 295/299/295 
f 300/304/300 827/915/790 831/919/794 299/303/299 
f 301/305/301 823/911/786 827/915/790 300/304/300 
f 302/306/302 303/925/303 823/911/786 301/305/301 
s 8
f 286/290/286 833/921/796 837/926/800 308/315/308 
usemtl Material__741
s 2
f 837/926/800 833/921/796 310/317/310 313/320/313 
usemtl Material__478
s 4
f 295/299/295 836/924/799 834/922/797 290/294/290 
f 297/301/297 838/927/801 835/923/798 296/300/296 
usemtl Material__741
s 16
f 310/317/310 833/921/796 832/920/795 839/928/802 
f 839/928/802 832/920/795 834/922/797 525/562/525 
usemtl Material__404
f 525/562/525 834/922/797 836/924/799 791/878/755 
usemtl Material__741
f 791/878/755 836/924/799 835/923/798 840/929/803 
f 840/929/803 835/923/798 838/927/801 800/887/764 
usemtl Material__404
s 1
f 525/562/525 791/878/755 527/564/527 526/563/526 
f 791/878/755 458/493/458 524/561/524 527/564/527 
usemtl Material__741
f 788/875/752 804/891/768 840/929/803 800/887/764 
usemtl Material__404
f 173/174/173 385/406/385 841/930/804 174/175/174 
s 2
f 366/378/366 16/931/16 15/932/15 
f 271/309/271 367/379/367 303/310/303 
usemtl Material__478
s 4
f 842/933/805 274/278/274 278/282/278 843/934/806 844/935/807 
usemtl Material__741
s 2
f 323/335/323 845/936/808 846/937/809 847/938/810 
usemtl Material__478
s 4
f 353/365/353 282/286/282 279/283/279 848/939/811 
usemtl Material__741
s 2
f 72/72/72 849/940/812 850/941/813 73/73/73 
usemtl Material__478
s 4
f 74/74/74 232/236/232 204/205/204 71/71/71 
usemtl Material__741
s 2
f 118/118/118 851/942/814 852/943/815 119/119/119 
usemtl Material__478
s 4
f 120/120/120 192/944/192 194/945/194 117/117/117 
usemtl Material__741
s 2
f 122/122/122 853/946/816 854/947/817 123/123/123 
usemtl Material__478
s 4
f 124/124/124 197/198/197 196/197/196 121/121/121 
usemtl Material__741
s 2
f 154/155/154 855/948/818 853/946/816 122/122/122 
usemtl Material__478
s 4
f 121/121/121 196/197/196 198/199/198 153/154/153 
usemtl Material__741
s 2
f 242/246/242 856/949/819 857/950/820 243/247/243 
usemtl Material__478
s 4
f 244/248/244 206/207/206 283/287/283 241/245/241 
f 848/939/811 279/283/279 275/279/275 321/333/321 324/336/324 
f 858/951/821 348/360/348 197/198/197 124/124/124 
usemtl Material__741
s 2
f 354/366/354 859/952/822 856/949/819 242/246/242 
usemtl Material__478
s 4
f 241/245/241 283/287/283 282/286/282 353/365/353 
f 590/655/582 193/953/193 195/954/195 591/656/583 
f 321/955/321 275/279/275 274/278/274 842/933/805 
f 153/154/153 198/199/198 199/200/199 578/643/570 
usemtl Material__741
s 2
f 579/644/571 860/956/823 855/948/818 154/155/154 
usemtl Material__478
s 4
f 584/649/576 203/204/203 206/207/206 244/248/244 
usemtl Material__741
s 2
f 243/247/243 857/950/820 861/957/824 583/648/575 
usemtl Material__478
s 4
f 578/643/570 199/200/199 200/201/200 585/650/577 
usemtl Material__741
s 2
f 73/73/73 850/941/813 862/958/825 586/651/578 
usemtl Material__478
s 4
f 591/959/583 195/196/195 348/360/348 858/951/821 
f 117/117/117 194/945/194 193/953/193 590/655/582 
usemtl Material__741
s 2
f 589/654/581 863/960/826 851/942/814 118/118/118 
usemtl Material__478
s 4
f 71/71/71 204/205/204 203/204/203 584/649/576 
usemtl Material__741
s 2
f 583/648/575 861/957/824 849/940/812 72/72/72 
s 4
f 47/47/47 864/961/827 865/962/828 48/48/48 
f 49/49/49 866/963/829 867/964/830 46/46/46 
f 149/149/149 868/965/831 869/966/832 150/150/150 
f 151/151/151 870/967/833 871/968/834 148/148/148 
f 150/150/150 869/966/832 864/961/827 47/47/47 
f 46/46/46 867/964/830 870/967/833 151/151/151 
f 326/338/326 872/969/835 873/970/836 327/339/327 
f 48/48/48 865/962/828 874/971/837 328/340/328 
f 344/356/344 875/972/838 872/969/835 326/338/326 
f 325/337/325 876/973/839 877/974/840 343/355/343 
f 521/558/521 878/975/841 868/965/831 149/149/149 
f 148/148/148 871/968/834 879/976/842 520/557/520 
f 343/355/343 877/974/840 845/936/808 323/335/323 
f 322/334/322 880/977/843 875/972/838 344/356/344 
s 2
f 322/978/322 881/979/844 882/980/845 880/981/843 
f 520/982/520 879/983/842 863/960/826 589/654/581 
f 521/558/521 123/123/123 854/947/817 878/975/841 
s 1
f 321/955/321 842/933/805 881/979/844 322/984/322 
usemtl Material__404
s 2
f 67/67/67 66/66/66 456/491/456 
usemtl Material__741
s 1
f 21/21/21 225/229/225 224/228/224 
usemtl Material__404
s off
f 883/985/846 219/222/219 884/986/847 885/987/848 
f 219/222/219 218/221/218 886/988/849 884/986/847 
f 218/221/218 887/989/850 888/990/851 886/988/849 
s 8
f 887/989/850 889/991/852 890/992/853 888/990/851 
f 889/991/852 891/993/854 892/994/855 890/992/853 
usemtl Material__741
s 1
f 591/959/583 858/951/821 521/558/521 520/557/520 
f 858/951/821 124/124/124 123/123/123 521/558/521 
usemtl Material__404
f 384/405/384 383/404/383 787/874/751 893/995/856 
s 8
f 355/367/355 381/402/381 894/996/857 356/368/356 
usemtl Material__741
s 1
f 355/367/355 139/139/139 138/138/138 463/498/463 
f 357/369/357 265/269/265 466/501/466 469/504/469 
usemtl Material__404
f 787/874/751 383/404/383 382/403/382 463/498/463 
usemtl Material__741
f 787/874/751 786/873/750 793/880/757 895/997/858 
usemtl Material__404
f 357/369/357 378/399/378 358/370/358 
s 8
f 358/370/358 378/399/378 422/445/422 
s 1
f 896/998/859 460/495/460 897/999/860 898/1000/861 
usemtl Material__741
f 787/874/751 899/1001/862 893/995/856 
usemtl Material__478
f 830/918/793 829/917/792 898/1000/861 897/999/860 
usemtl Material__741
f 828/916/791 174/175/174 841/930/804 
f 174/175/174 828/916/791 822/910/785 
f 174/175/174 822/910/785 175/176/175 
usemtl Material__404
f 900/1002/863 901/1003/864 902/1004/865 
s 2
f 15/932/15 903/1005/866 303/310/303 366/378/366 
usemtl Material__741
s 1
f 904/1006/867 465/500/465 340/352/340 468/503/468 
f 905/1007/868 466/501/466 465/500/465 904/1006/867 
f 906/1008/869 469/504/469 466/501/466 905/1007/868 
s 2
f 467/502/467 821/909/784 136/136/136 468/503/468 
usemtl Material__404
s 16
f 472/507/472 907/1009/472 473/508/473 
usemtl Material__741
f 467/502/467 339/351/339 404/425/404 473/508/473 
usemtl Material__404
s 1
f 470/505/470 379/400/379 469/504/469 906/1008/869 
s 4
f 470/505/470 894/996/857 363/375/363 
usemtl Material__741
s 2
f 135/135/135 904/1006/867 468/503/468 136/136/136 
f 263/267/263 905/1007/868 904/1006/867 135/135/135 
f 356/368/356 906/1008/869 905/1007/868 263/267/263 
s 16
f 821/909/784 467/502/467 473/508/473 
usemtl Material__404
s 2
f 894/996/857 470/505/470 906/1008/869 356/368/356 
usemtl Material__741
s 8
f 821/909/784 331/343/331 137/137/137 136/136/136 
usemtl Material__404
s 16
f 907/1009/472 810/897/774 392/413/392 473/508/473 
usemtl Material__741
f 392/413/392 391/412/391 821/909/784 
usemtl Material__404
s 4
f 894/996/857 362/374/362 363/375/363 
f 894/996/857 381/402/381 362/374/362 
s 1
f 233/237/233 380/401/380 363/375/363 
usemtl Material__741
f 436/471/436 908/1010/870 909/1011/871 437/472/437 
f 441/476/441 910/1012/872 911/1013/873 438/473/438 
f 449/484/449 911/1013/873 910/1012/872 446/481/446 
f 446/481/446 910/1012/872 912/1014/874 451/486/451 
f 450/485/450 909/1011/871 908/1010/870 452/487/452 
f 437/472/437 909/1011/871 912/1014/874 464/499/464 
f 791/878/755 840/929/803 784/871/748 
f 840/929/803 804/891/768 784/871/748 
s 8
f 311/318/311 310/317/310 913/1015/875 914/1016/876 
f 310/317/310 839/928/802 915/1017/877 913/1015/875 
f 839/928/802 525/562/525 916/1018/878 915/1017/877 
f 525/562/525 68/68/68 917/1019/879 916/1018/878 
f 68/68/68 70/70/70 918/1020/880 917/1019/879 
f 919/1021/881 109/109/109 920/1022/882 921/1023/883 
f 515/552/515 920/1022/882 109/109/109 
usemtl Material__404
s 1
f 64/64/64 922/1024/884 923/1025/885 65/65/65 
f 67/67/67 924/1026/886 922/1024/884 64/64/64 
f 453/488/453 925/1027/887 926/1028/888 454/489/454 
f 65/65/65 923/1025/885 925/1027/887 453/488/453 
f 454/489/454 926/1028/888 927/1029/889 455/490/455 
f 455/490/455 927/1029/889 928/1030/890 456/491/456 
f 456/491/456 928/1030/890 924/1026/886 67/67/67 
usemtl Material__741
s off
f 913/1015/875 925/1027/887 923/1025/885 914/1016/876 
f 915/1017/877 926/1028/888 925/1027/887 913/1015/875 
f 916/1018/878 927/1029/889 926/1028/888 915/1017/877 
f 917/1019/879 928/1030/890 927/1029/889 916/1018/878 
f 920/1022/882 922/1024/884 924/1026/886 921/1023/883 
f 914/1016/876 923/1025/885 922/1024/884 920/1022/882 
s 1
f 929/1031/891 881/979/844 842/933/805 844/935/807 
f 575/640/567 20/20/20 19/19/19 930/1032/892 
usemtl Material__404
s 2
f 891/993/854 889/991/852 882/980/845 931/1033/893 
s 4
f 891/993/854 931/1033/893 929/1031/891 892/994/855 
usemtl Material__478
s 1
f 932/1034/894 933/1035/895 934/1036/896 935/1037/897 
s 16
f 572/637/564 575/640/567 930/1032/892 936/1038/898 
s 32
f 34/34/34 892/994/855 929/1031/891 
usemtl Material__741
f 34/34/34 929/1031/891 844/935/807 35/35/35 
usemtl Material__478
s 2
f 35/35/35 844/935/807 843/934/806 32/32/32 
s 32
f 572/637/564 934/1036/896 573/638/565 
usemtl Material__741
s 1
f 847/938/810 354/366/354 353/365/353 848/939/811 
usemtl Material__404
s 2
f 576/641/568 577/642/569 859/952/822 846/937/809 
usemtl Material__741
s 1
f 323/335/323 847/938/810 848/939/811 324/336/324 
usemtl Material__404
s 2
f 845/936/808 576/641/568 846/937/809 
f 849/940/812 571/636/563 222/225/222 850/941/813 
f 853/946/816 581/646/573 582/647/574 854/947/817 
f 855/948/818 51/51/51 581/646/573 853/946/816 
f 856/949/819 587/652/579 157/158/157 857/950/820 
f 859/952/822 577/642/569 587/652/579 856/949/819 
f 860/956/823 52/52/52 51/51/51 855/948/818 
f 857/950/820 157/158/157 156/157/156 861/957/824 
f 850/941/813 222/225/222 221/224/221 862/958/825 
f 861/957/824 156/157/156 571/636/563 849/940/812 
s 4
f 864/961/827 329/341/329 43/43/43 865/962/828 
f 868/965/831 522/559/522 341/353/341 869/966/832 
f 869/966/832 341/353/341 329/341/329 864/961/827 
f 865/962/828 43/43/43 42/1039/42 874/971/837 
f 876/973/839 216/219/216 215/218/215 877/974/840 
f 878/975/841 588/653/580 522/559/522 868/965/831 
f 877/974/840 215/218/215 576/641/568 845/936/808 
s 2
f 854/947/817 582/647/574 588/653/580 878/975/841 
usemtl Material__741
f 859/952/822 354/366/354 847/938/810 846/937/809 
usemtl Material__404
f 851/942/814 570/635/562 580/645/572 852/943/815 
f 863/960/826 519/556/519 570/635/562 851/942/814 
s 4
f 866/963/829 26/1040/26 22/1041/22 867/964/830 
f 870/967/833 25/1042/25 146/1043/146 871/968/834 
f 867/964/830 22/1041/22 25/1042/25 870/967/833 
f 872/969/835 217/1044/217 44/1045/44 873/970/836 
f 875/972/838 218/1046/218 217/1044/217 872/969/835 
f 871/968/834 146/1043/146 592/1047/584 879/976/842 
f 880/977/843 887/1048/850 218/1046/218 875/972/838 
s 2
f 882/980/845 889/991/852 887/989/850 880/981/843 
f 879/983/842 592/658/584 519/556/519 863/960/826 
usemtl Material__741
f 882/980/845 881/979/844 929/1031/891 931/1033/893 
s 4
f 331/343/331 391/412/391 937/1049/899 332/344/332 
s 32
f 11/11/11 937/1049/899 391/412/391 393/414/393 
s 4
f 332/344/332 937/1049/899 938/1050/900 462/497/462 
s off
f 821/909/784 391/412/391 331/343/331 
s 32
f 938/1050/900 919/1021/881 921/1023/883 924/1026/886 
s off
f 924/1026/886 928/1030/890 917/1019/879 918/1020/880 
s 4
f 924/1026/886 918/1020/880 70/70/70 938/1050/900 
usemtl Material__478
s 16
f 103/103/103 939/1051/901 940/1052/902 104/104/104 
usemtl Material__741
s 4
f 294/298/294 941/1053/903 942/1054/904 291/295/291 
usemtl Material__478
s 16
f 308/315/308 940/1052/902 939/1051/901 309/316/309 
usemtl Material__741
s 4
f 312/319/312 942/1054/904 941/1053/903 313/320/313 
f 316/323/316 943/1055/905 109/109/109 112/112/112 
usemtl Material__404
s 2
f 309/328/309 939/1056/901 319/329/319 
f 319/329/319 939/1056/901 103/330/103 
usemtl Material__741
s 4
f 291/295/291 942/1054/904 943/1055/905 316/323/316 
f 457/492/457 943/1055/905 942/1054/904 312/319/312 
f 515/552/515 109/109/109 943/1055/905 457/492/457 
usemtl Material__478
s 1
f 104/104/104 940/1052/902 944/1057/906 825/913/788 
usemtl Material__741
s 2
f 825/913/788 944/1057/906 941/1053/903 294/298/294 
usemtl Material__478
s 8
f 837/926/800 944/1057/906 940/1052/902 308/315/308 
usemtl Material__741
s 2
f 313/320/313 941/1053/903 944/1057/906 837/926/800 
s 8
f 515/552/515 311/318/311 914/1016/876 920/1022/882 
s 1
f 945/1058/907 903/1059/866 15/15/15 17/17/17 
f 946/1060/908 175/176/175 822/910/785 824/912/787 
s 16
f 823/911/786 303/925/303 945/1058/907 824/912/787 
f 303/925/303 903/1059/866 945/1058/907 
usemtl Material__404
s 1
f 172/173/172 175/176/175 946/1060/908 
f 16/16/16 172/173/172 946/1060/908 17/17/17 
f 945/1058/907 17/17/17 947/1061/909 948/1062/910 
f 946/1060/908 824/912/787 949/1063/911 950/1064/912 
f 900/1002/863 951/1065/913 952/1066/914 
s 2
f 901/1003/864 947/1061/909 950/1064/912 902/1004/865 
s 1
f 901/1003/864 900/1002/863 952/1066/914 
f 951/1065/913 900/1002/863 902/1004/865 
s 2
f 951/1065/913 949/1063/911 948/1062/910 952/1066/914 
s 4
f 947/1061/909 901/1003/864 952/1066/914 948/1062/910 
f 949/1063/911 951/1065/913 902/1004/865 950/1064/912 
s 1
f 947/1061/909 17/17/17 946/1060/908 950/1064/912 
f 949/1063/911 824/912/787 945/1058/907 948/1062/910 
usemtl Material__741
s 2
f 57/57/57 953/1067/915 954/1068/916 54/54/54 
s 16
f 69/69/69 953/1067/915 938/1050/900 70/70/70 
f 459/494/459 954/1068/916 953/1067/915 69/69/69 
s 2
f 462/497/462 938/1050/900 953/1067/915 57/57/57 
s 16
f 785/872/749 955/1069/917 954/1068/916 459/494/459 
s 8
f 801/888/765 956/1070/918 957/1071/919 789/876/753 
s 4
f 792/879/756 955/1069/917 958/1072/920 793/880/757 
s off
f 800/887/764 838/927/801 956/1070/918 801/888/765 
s 2
f 54/54/54 954/1068/916 955/1069/917 792/879/756 
s 8
f 790/877/754 959/1073/921 958/1072/920 808/895/772 
f 808/895/772 958/1072/920 955/1069/917 785/872/749 
s 4
f 793/880/757 958/1072/920 959/1073/921 895/997/858 
f 895/997/858 959/1073/921 957/1071/919 960/1074/922 
s off
f 899/1001/862 956/1070/918 838/927/801 961/1075/923 
s 2
f 392/413/392 397/418/397 396/417/396 393/414/393 
usemtl Material__404
f 444/479/444 448/483/448 447/482/447 445/480/445 
usemtl Material__741
s 1
f 445/480/445 447/482/447 446/481/446 451/486/451 
f 912/1014/874 909/1011/871 450/485/450 451/486/451 
f 912/1014/874 910/1012/872 441/476/441 464/499/464 
f 12/12/12 437/472/437 464/499/464 
s 8
f 13/13/13 110/110/110 938/1050/900 14/14/14 
f 439/474/439 962/1076/924 111/111/111 440/475/440 
s 1
f 13/13/13 12/12/12 441/476/441 440/475/440 
s 32
f 938/1050/900 937/1049/899 11/11/11 14/14/14 
s 8
f 110/110/110 13/13/13 440/475/440 111/111/111 
s 1
f 110/110/110 109/109/109 919/1021/881 938/1050/900 
f 962/1076/924 314/321/314 112/112/112 111/111/111 
s off
f 963/1077/925 964/1078/926 965/1079/927 966/1080/928 
f 964/1078/926 967/1081/929 968/1082/930 965/1079/927 
f 967/1083/929 969/1083/931 970/1084/932 968/1085/930 
f 969/1083/931 963/1077/925 966/1080/928 970/1084/932 
f 971/1077/925 972/1078/926 973/1079/927 974/1080/928 
f 972/1078/926 975/1081/929 976/1082/930 973/1079/927 
f 975/1083/929 977/1083/931 978/1084/932 976/1085/930 
f 977/1083/931 971/1077/925 974/1080/928 978/1084/932 
f 979/1077/925 980/1078/926 981/1079/933 982/1080/934 
f 980/1078/926 983/1081/929 984/1082/930 981/1079/933 
f 983/1083/929 985/1083/931 986/1084/932 984/1085/930 
f 985/1083/931 979/1077/925 982/1080/934 986/1084/932 
f 987/1077/925 988/1078/926 989/1079/933 990/1080/934 
f 988/1078/926 991/1081/929 992/1082/930 989/1079/933 
f 991/1083/929 993/1083/931 994/1084/932 992/1085/930 
f 993/1083/931 987/1077/925 990/1080/934 994/1084/932 
s 1
f 787/874/751 960/1074/922 899/1001/862 
f 893/995/856 899/1001/862 961/1075/923 995/1086/935 
s 16
f 995/1086/935 961/1075/923 838/927/801 831/919/794 
usemtl Material__478
s 1
f 298/302/298 267/271/267 300/304/300 299/303/299 
s 4
f 298/302/298 237/241/237 240/244/240 285/289/285 
f 831/919/794 838/927/801 297/301/297 299/303/299 
usemtl Material__404
f 202/203/202 373/385/373 285/289/285 
f 285/289/285 240/244/240 205/206/205 
s off
f 893/995/856 996/1087/936 461/496/461 384/405/384 
f 460/495/460 461/496/461 996/1087/936 897/999/860 
usemtl Material__478
f 897/999/860 996/1087/936 831/919/794 830/918/793 
usemtl Material__741
f 995/1086/935 831/919/794 996/1087/936 893/995/856 
usemtl Material__404
s 4
f 384/405/384 461/496/461 361/373/361 
f 460/495/460 896/998/859 360/372/360 361/373/361 
usemtl Material__478
s 16
f 802/889/766 795/882/759 794/881/758 803/890/767 
s 8
f 805/892/769 796/883/760 795/882/759 802/889/766 
f 806/893/770 798/885/762 796/883/760 805/892/769 
s 16
f 807/894/771 799/886/763 798/885/762 806/893/770 
s 8
f 809/896/773 797/884/761 799/886/763 807/894/771 
f 803/890/767 794/881/758 797/884/761 809/896/773 
usemtl Material__404
s off
f 385/406/385 386/407/386 997/1088/937 841/930/804 
f 898/1000/861 997/1088/937 386/407/386 896/998/859 
usemtl Material__478
f 829/917/792 827/915/790 997/1088/937 898/1000/861 
usemtl Material__741
f 841/930/804 997/1088/937 827/915/790 828/916/791 
usemtl Material__404
s 4
f 385/406/385 173/174/173 144/144/144 360/372/360 
f 896/998/859 386/407/386 360/372/360 
s 8
f 759/842/734 998/1089/734 999/1090/735 760/843/735 
f 762/845/593 1000/1091/593 998/1089/734 759/842/734 
f 764/847/738 1001/1092/738 1000/1091/593 762/845/593 
f 766/850/740 1002/1093/740 1001/1094/738 764/851/738 
f 768/853/742 1003/1095/742 1002/1093/740 766/850/740 
f 770/855/684 1004/1096/684 1003/1095/742 768/853/742 
f 772/857/745 1005/1097/745 1004/1096/684 770/855/684 
f 760/843/735 999/1090/735 1005/1097/745 772/857/745 
usemtl Material__741
s 1
f 1006/1098/938 625/1099/617 628/1100/620 1007/1101/939 
f 1008/1102/940 629/1103/621 625/1099/617 1006/1098/938 
f 1009/1104/941 631/1105/623 629/1103/621 1008/1102/940 
f 1010/1106/942 633/1107/625 631/1105/623 1009/1104/941 
f 1011/1108/943 635/1109/627 633/1107/625 1010/1106/942 
f 1012/1110/944 637/1111/629 635/1109/627 1011/1108/943 
f 1013/1112/945 639/1113/631 637/1114/629 1012/1115/944 
f 1014/1116/946 641/1117/633 639/1113/631 1013/1112/945 
f 1015/1118/947 643/1119/635 641/1117/633 1014/1116/946 
f 1016/1120/948 645/1121/637 643/1119/635 1015/1118/947 
f 1017/1122/949 647/1123/639 645/1121/637 1016/1120/948 
f 1018/1124/950 649/1125/641 647/1123/639 1017/1122/949 
f 1019/1126/951 651/1127/643 649/1125/641 1018/1124/950 
f 1020/1128/952 653/1129/645 651/1127/643 1019/1126/951 
f 1021/1130/953 655/1131/647 653/1129/645 1020/1128/952 
f 1007/1101/939 628/1100/620 655/1131/647 1021/1130/953 
usemtl Material__404
f 1022/1132/954 191/192/191 190/191/190 1023/1133/955 
usemtl Material__741
f 508/543/508 487/522/487 502/537/502 510/545/510 
f 509/544/509 500/535/500 498/533/498 514/549/514 
f 351/363/351 59/59/59 58/58/58 1024/1134/956 
f 1024/1134/956 58/58/58 62/62/62 1025/1135/957 
f 1025/1135/957 62/62/62 4/4/4 1026/1136/958 
f 1026/1136/958 4/4/4 3/3/3 1027/1137/959 
usemtl Material__404
f 258/262/258 201/202/201 231/235/231 1028/1138/960 
usemtl Material__741
f 228/232/228 211/214/211 1029/1139/961 
usemtl Material__404
f 163/164/163 162/163/162 347/359/347 1030/1140/962 
s 4
f 1029/1139/961 268/272/268 259/263/259 
s 1
f 114/114/114 113/113/113 191/192/191 1022/1132/954 
f 159/160/159 158/159/158 116/116/116 115/115/115 
f 1030/1140/962 347/359/347 161/162/161 1031/1141/963 
f 1031/1141/963 161/162/161 160/161/160 
usemtl Material__478
s 4
f 267/271/267 373/385/373 268/272/268 
usemtl Material__741
s 1
f 38/38/38 495/530/495 39/39/39 
s 8
f 95/95/95 1032/1142/964 1033/1143/965 96/96/96 
usemtl Material__404
s 2
f 114/114/114 1034/1144/966 1035/1145/967 115/115/115 
f 159/160/159 1036/1146/968 1037/1147/969 160/161/160 
f 163/164/163 1038/1148/970 1039/1149/971 164/165/164 
f 164/165/164 1039/1149/971 1040/1150/972 166/167/166 
f 166/167/166 1040/1150/972 1041/1151/973 168/169/168 
f 168/169/168 1041/1151/973 1042/1152/974 170/171/170 
usemtl Material__741
s 8
f 228/232/228 1043/1153/975 1044/1154/976 229/233/229 
usemtl Material__404
s 2
f 258/262/258 1043/1153/975 1045/1155/977 259/263/259 
usemtl Material__741
s 8
f 351/363/351 1038/1148/970 1046/1156/978 352/364/352 
f 508/543/508 1034/1144/966 1032/1142/964 95/95/95 
f 509/544/509 1036/1146/968 1035/1145/967 510/545/510 
f 352/364/352 1046/1156/978 1047/1157/979 513/548/513 
f 513/548/513 1047/1157/979 1037/1147/969 514/549/514 
usemtl Material__404
s 2
f 1023/1133/955 1033/1143/965 1032/1142/964 1022/1132/954 
usemtl Material__741
s 8
f 510/545/510 1035/1145/967 1034/1144/966 508/543/508 
f 514/549/514 1037/1147/969 1036/1146/968 509/544/509 
f 1024/1134/956 1039/1149/971 1038/1148/970 351/363/351 
f 1025/1135/957 1040/1150/972 1039/1149/971 1024/1134/956 
f 1026/1136/958 1041/1151/973 1040/1150/972 1025/1135/957 
f 229/233/229 1044/1154/976 1042/1152/974 1027/1137/959 
usemtl Material__404
s 2
f 1028/1138/960 1044/1154/976 1043/1153/975 258/262/258 
usemtl Material__741
s 8
f 1029/1139/961 1045/1155/977 1043/1153/975 228/232/228 
usemtl Material__404
s 2
f 1030/1140/962 1046/1156/978 1038/1148/970 163/164/163 
s 16
f 259/263/259 1045/1155/977 1029/1139/961 
s 2
f 1022/1132/954 1032/1142/964 1034/1144/966 114/114/114 
f 115/115/115 1035/1145/967 1036/1146/968 159/160/159 
f 1031/1141/963 1047/1157/979 1046/1156/978 1030/1140/962 
f 160/161/160 1037/1147/969 1047/1157/979 1031/1141/963 
s 4
f 1029/1139/961 211/214/211 269/273/269 268/272/268 
usemtl Material__478
s 8
f 1048/1158/980 1049/1159/981 1050/1160/982 1051/1161/983 
f 1052/1162/984 1053/1163/985 1049/1159/981 1048/1158/980 
f 1054/1164/986 1055/1165/987 1053/1163/985 1052/1162/984 
f 1056/1166/988 1057/1163/989 1055/1165/987 1054/1164/986 
f 1058/1167/990 1059/1159/991 1057/1163/989 1056/1166/988 
f 1060/1161/992 1061/1160/993 1059/1159/991 1058/1167/990 
f 1062/1168/994 1063/1169/995 1061/1160/993 1060/1161/992 
f 1064/1170/996 1065/1171/997 1063/1169/995 1062/1168/994 
f 1066/1172/998 1067/1173/999 1065/1171/997 1064/1170/996 
f 1068/1174/1000 1069/1171/1001 1067/1173/999 1066/1172/998 
f 1070/1175/1002 1071/1169/1003 1069/1171/1001 1068/1174/1000 
f 1051/1161/983 1050/1160/982 1071/1169/1003 1070/1175/1002 
usemtl Material__741
s 1
f 710/791/698 1072/1176/1004 1073/1177/1005 711/792/699 
f 714/795/702 1074/1178/1006 1072/1176/1004 710/791/698 
f 716/797/704 1075/1179/1007 1074/1178/1006 714/795/702 
f 718/795/706 1076/1178/1008 1075/1180/1007 716/798/704 
f 720/791/708 1077/1176/1009 1076/1178/1008 718/795/706 
f 722/792/710 1078/1177/1010 1077/1176/1009 720/791/708 
f 724/800/712 1079/1181/1011 1078/1177/1010 722/792/710 
f 726/802/714 1080/1182/1012 1079/1181/1011 724/800/712 
f 728/804/716 1081/1183/1013 1080/1182/1012 726/802/714 
f 730/802/718 1082/1182/1014 1081/1184/1013 728/805/716 
f 732/800/720 1083/1181/1015 1082/1182/1014 730/802/718 
f 711/792/699 1073/1177/1005 1083/1181/1015 732/800/720 
usemtl Material__478
s 2
f 1051/1161/983 1073/1177/1005 1072/1176/1004 1048/1158/980 
f 1048/1158/980 1072/1176/1004 1074/1178/1006 1052/1162/984 
f 1052/1162/984 1074/1178/1006 1075/1179/1007 1054/1164/986 
f 1054/1164/986 1075/1180/1007 1076/1178/1008 1056/1166/988 
f 1056/1166/988 1076/1178/1008 1077/1176/1009 1058/1167/990 
f 1058/1167/990 1077/1176/1009 1078/1177/1010 1060/1161/992 
f 1060/1161/992 1078/1177/1010 1079/1181/1011 1062/1168/994 
f 1062/1168/994 1079/1181/1011 1080/1182/1012 1064/1170/996 
f 1064/1170/996 1080/1182/1012 1081/1183/1013 1066/1172/998 
f 1066/1172/998 1081/1184/1013 1082/1182/1014 1068/1174/1000 
f 1068/1174/1000 1082/1182/1014 1083/1181/1015 1070/1175/1002 
f 1070/1175/1002 1083/1181/1015 1073/1177/1005 1051/1161/983 
usemtl Material__741
f 1084/1185/1016 1085/1186/1017 1086/1187/1018 1087/1188/1019 
f 1088/1189/1020 1089/1190/1021 1085/1186/1017 1084/1185/1016 
f 1090/1191/1022 1091/1192/1023 1089/1190/1021 1088/1189/1020 
f 1092/1189/1024 1093/1190/1025 1091/1193/1023 1090/1191/1022 
f 1094/1185/1026 1095/1186/1027 1093/1190/1025 1092/1189/1024 
f 1096/1188/1028 1097/1194/1029 1095/1186/1027 1094/1185/1026 
f 1098/1195/1030 1099/1196/1031 1097/1194/1029 1096/1188/1028 
f 1100/1197/1032 1101/1198/1033 1099/1196/1031 1098/1195/1030 
f 1102/1199/1034 1103/1200/1035 1101/1198/1033 1100/1197/1032 
f 1104/1197/1036 1105/1201/1037 1103/1202/1035 1102/1199/1034 
f 1106/1195/1038 1107/1203/1039 1105/1201/1037 1104/1197/1036 
f 1087/1188/1019 1086/1187/1018 1107/1203/1039 1106/1195/1038 
f 712/793/700 1086/1187/1018 1085/1186/1017 709/790/697 
f 709/790/697 1085/1186/1017 1089/1190/1021 713/794/701 
f 713/794/701 1089/1190/1021 1091/1192/1023 715/796/703 
f 715/796/703 1091/1193/1023 1093/1190/1025 717/794/705 
f 717/794/705 1093/1190/1025 1095/1186/1027 719/790/707 
f 719/790/707 1095/1186/1027 1097/1194/1029 721/793/709 
f 721/793/709 1097/1194/1029 1099/1196/1031 723/799/711 
f 723/799/711 1099/1196/1031 1101/1198/1033 725/801/713 
f 725/801/713 1101/1198/1033 1103/1200/1035 727/803/715 
f 727/803/715 1103/1202/1035 1105/1201/1037 729/801/717 
f 729/801/717 1105/1201/1037 1107/1203/1039 731/799/719 
f 731/799/719 1107/1203/1039 1086/1187/1018 712/793/700 
f 697/775/685 1084/1185/1016 1087/1188/1019 698/776/686 
f 699/777/687 1088/1189/1020 1084/1185/1016 697/775/685 
f 700/778/688 1090/1191/1022 1088/1189/1020 699/777/687 
f 701/780/689 1092/1189/1024 1090/1191/1022 700/781/688 
f 702/782/690 1094/1185/1026 1092/1189/1024 701/780/689 
f 703/783/691 1096/1188/1028 1094/1185/1026 702/782/690 
f 704/784/692 1098/1195/1030 1096/1188/1028 703/783/691 
f 705/785/693 1100/1197/1032 1098/1195/1030 704/784/692 
f 706/786/694 1102/1199/1034 1100/1197/1032 705/785/693 
f 707/787/695 1104/1197/1036 1102/1199/1034 706/788/694 
f 708/789/696 1106/1195/1038 1104/1197/1036 707/787/695 
f 698/776/686 1087/1188/1019 1106/1195/1038 708/789/696 
s 8
f 957/1071/919 959/1073/921 790/877/754 789/876/753 
s 4
f 957/1071/919 956/1070/918 899/1001/862 960/1074/922 
s 1
f 787/874/751 895/997/858 960/1074/922 
f 788/875/752 801/888/765 789/876/753 
usemtl Material__404
s 2
f 594/660/586 1108/1204/585 1109/1205/729 595/661/587 
f 598/664/590 1110/1206/589 1108/1204/585 594/660/586 
f 600/666/592 1111/1207/591 1110/1206/589 598/664/590 
f 602/668/594 1112/1208/593 1111/1207/591 600/666/592 
f 604/670/596 1113/1209/1040 1112/1208/593 602/668/594 
f 606/672/598 1114/1210/597 1113/1209/1040 604/670/596 
f 608/674/600 1115/1211/599 1114/1212/597 606/675/598 
f 610/678/602 1116/1213/601 1115/1211/599 608/674/600 
f 612/680/604 1117/1214/603 1116/1213/601 610/678/602 
f 614/682/606 1118/1215/605 1117/1214/603 612/680/604 
f 616/684/608 1119/1216/1041 1118/1215/605 614/682/606 
f 618/686/610 1120/1217/609 1119/1216/1041 616/684/608 
f 620/688/612 1121/1218/1042 1120/1217/609 618/686/610 
f 622/690/614 1122/1219/613 1121/1218/1042 620/688/612 
f 624/692/616 1123/1220/615 1122/1219/613 622/690/614 
f 595/661/587 1109/1205/729 1123/1220/615 624/692/616 
s 4
f 1007/1101/939 1109/1205/729 1108/1204/585 1006/1098/938 
f 1006/1098/938 1108/1204/585 1110/1206/589 1008/1102/940 
f 1008/1102/940 1110/1206/589 1111/1207/591 1009/1104/941 
f 1009/1104/941 1111/1207/591 1112/1208/593 1010/1106/942 
f 1010/1106/942 1112/1208/593 1113/1209/1040 1011/1108/943 
f 1011/1108/943 1113/1209/1040 1114/1210/597 1012/1110/944 
f 1012/1115/944 1114/1212/597 1115/1211/599 1013/1112/945 
f 1013/1112/945 1115/1211/599 1116/1213/601 1014/1116/946 
f 1014/1116/946 1116/1213/601 1117/1214/603 1015/1118/947 
f 1015/1118/947 1117/1214/603 1118/1215/605 1016/1120/948 
f 1016/1120/948 1118/1215/605 1119/1216/1041 1017/1122/949 
f 1017/1122/949 1119/1216/1041 1120/1217/609 1018/1124/950 
f 1018/1124/950 1120/1217/609 1121/1218/1042 1019/1126/951 
f 1019/1126/951 1121/1218/1042 1122/1219/613 1020/1128/952 
f 1020/1128/952 1122/1219/613 1123/1220/615 1021/1130/953 
f 1021/1130/953 1123/1220/615 1109/1205/729 1007/1101/939 
s 2
f 101/101/101 1124/1221/1043 1125/1222/1044 98/98/98 
f 98/98/98 1125/1222/1044 374/1223/374 245/249/245 
s off
f 375/460/375 374/1223/374 1125/1222/1044 426/461/426 
f 426/461/426 1125/1222/1044 1124/1221/1043 428/463/428 
usemtl Material__478
s 1
f 185/186/185 184/185/184 1126/1224/1045 287/291/287 
f 184/185/184 289/293/289 1127/1225/1046 1126/1224/1045 
usemtl Material__404
f 1128/1226/1047 1129/1227/1048 1130/1228/1049 
f 1131/1229/1050 1128/1226/1047 1130/1228/1049 
f 1132/1230/1051 1128/1226/1047 1131/1229/1050 
f 1129/1227/1048 1128/1226/1047 1132/1230/1051 
usemtl Material__478
f 1127/1225/1046 289/293/289 286/290/286 288/292/288 
s off
f 288/292/288 287/291/287 1131/1229/1050 1130/1228/1049 
f 287/291/287 1126/1224/1045 1132/1230/1051 1131/1229/1050 
f 1126/1224/1045 1127/1225/1046 1129/1227/1048 1132/1230/1051 
f 1127/1225/1046 288/292/288 1130/1228/1049 1129/1227/1048 
usemtl Material__404
s 1
f 1133/1231/1052 1134/1232/1053 1135/1233/1054 1136/1234/1055 
f 1134/1232/1053 1137/1235/1056 1138/1236/1057 1135/1233/1054 
f 1137/1235/1056 1139/1237/1058 1140/1238/1059 1138/1236/1057 
f 1139/1237/1058 1141/1239/1060 1142/1240/1061 1140/1238/1059 
f 1141/1239/1060 1143/1241/1062 1144/1242/1063 1142/1240/1061 
f 1143/1241/1062 1145/1243/1064 1146/1244/601 1144/1242/1063 
f 1145/1243/1064 1147/1245/1065 1148/1246/1066 1146/1244/601 
f 1147/1245/1065 1149/1247/1067 1150/1248/1068 1148/1246/1066 
f 1149/1247/1067 1151/1249/1069 1152/1250/1070 1150/1248/1068 
f 1151/1249/1069 1153/1251/1071 1154/1252/1072 1152/1250/1070 
f 1153/1251/1071 1155/1253/1073 1156/1254/1074 1154/1252/1072 
f 1155/1253/1073 1157/1255/1075 1158/1256/1076 1156/1254/1074 
f 1157/1255/1075 1159/1257/1077 1160/1258/1078 1158/1256/1076 
f 1161/1259/1079 1133/1231/1052 1136/1234/1055 1162/1260/1080 
usemtl Material__741
s 2
f 1163/1261/1081 1164/1262/1082 1165/1263/1083 1166/1264/1084 
f 1167/1265/1085 1168/1266/1086 1164/1262/1082 1163/1261/1081 
f 1169/1267/1087 1170/1268/1088 1168/1266/1086 1167/1265/1085 
f 1171/1269/1089 1172/1270/1090 1170/1268/1088 1169/1267/1087 
f 1173/1271/1091 1174/1272/1092 1172/1270/1090 1171/1269/1089 
f 1175/1273/1093 1176/1274/1094 1174/1272/1092 1173/1271/1091 
f 1177/1275/1095 1178/1276/1096 1176/1274/1094 1175/1273/1093 
f 1179/1277/1097 1180/1278/1098 1178/1276/1096 1177/1275/1095 
f 1181/1279/1099 1182/1280/1100 1180/1278/1098 1179/1277/1097 
f 1183/1281/1101 1184/1282/1102 1182/1280/1100 1181/1279/1099 
f 1185/1283/1103 1186/1284/1104 1184/1282/1102 1183/1281/1101 
f 1187/1285/1105 1188/1286/1106 1186/1284/1104 1185/1283/1103 
f 1189/1287/1107 1190/1288/1108 1188/1286/1106 1187/1285/1105 
f 1191/1289/1109 1192/1290/1110 1190/1288/1108 1189/1287/1107 
usemtl Material__404
f 1193/1291/1111 1194/1292/1112 1195/1293/1113 1196/1294/1114 
s 1
f 1193/1295/1111 1196/1296/1114 1134/1232/1053 1133/1231/1052 
f 1196/1296/1114 1197/1297/1115 1137/1235/1056 1134/1232/1053 
f 1197/1297/1115 1198/1298/1116 1139/1237/1058 1137/1235/1056 
f 1198/1298/1116 1199/1299/1117 1141/1239/1060 1139/1237/1058 
f 1199/1299/1117 1200/1300/1118 1143/1241/1062 1141/1239/1060 
f 1200/1300/1118 1201/1301/1119 1145/1243/1064 1143/1241/1062 
f 1201/1301/1119 1202/1302/1120 1147/1245/1065 1145/1243/1064 
f 1202/1302/1120 1203/1303/1121 1149/1247/1067 1147/1245/1065 
f 1203/1303/1121 1204/1304/1122 1151/1249/1069 1149/1247/1067 
f 1204/1304/1122 1205/1305/1123 1153/1251/1071 1151/1249/1069 
f 1205/1305/1123 1195/1306/1113 1155/1253/1073 1153/1251/1071 
f 1195/1306/1113 1194/1307/1112 1157/1255/1075 1155/1253/1073 
f 1194/1307/1112 1206/1308/1124 1159/1257/1077 1157/1255/1075 
usemtl Material__741
f 1165/1263/1083 1164/1262/1082 1207/1309/1125 1208/1310/1126 
f 1164/1262/1082 1168/1266/1086 1209/1311/1127 1207/1309/1125 
f 1168/1266/1086 1170/1268/1088 1210/1312/1128 1209/1311/1127 
f 1170/1268/1088 1172/1270/1090 1211/1313/1129 1210/1312/1128 
f 1172/1270/1090 1174/1272/1092 1212/1314/1130 1211/1313/1129 
f 1174/1272/1092 1176/1274/1094 1213/1315/1131 1212/1314/1130 
f 1176/1274/1094 1178/1276/1096 1214/1316/1132 1213/1315/1131 
f 1178/1276/1096 1180/1278/1098 1215/1317/1133 1214/1316/1132 
f 1180/1278/1098 1182/1280/1100 1216/1318/1134 1215/1317/1133 
f 1182/1280/1100 1184/1282/1102 1217/1319/1135 1216/1318/1134 
f 1184/1282/1102 1186/1284/1104 1218/1320/1136 1217/1319/1135 
f 1186/1284/1104 1188/1286/1106 1219/1321/1137 1218/1320/1136 
f 1188/1286/1106 1190/1288/1108 1220/1322/1138 1219/1321/1137 
f 1190/1288/1108 1192/1290/1110 1221/1323/1139 1220/1322/1138 
usemtl Material__404
f 1222/1324/1140 1193/1295/1111 1133/1231/1052 1161/1259/1079 
s 2
f 1193/1291/1111 1222/1325/1140 1206/1326/1124 1194/1292/1112 
f 1195/1293/1113 1205/1327/1123 1197/1328/1115 1196/1294/1114 
f 1205/1327/1123 1204/1329/1122 1198/1330/1116 1197/1328/1115 
f 1204/1329/1122 1203/1331/1121 1199/1332/1117 1198/1330/1116 
f 1203/1331/1121 1202/1333/1120 1200/1334/1118 1199/1332/1117 
f 1202/1333/1120 1201/1335/1119 1200/1334/1118 
s 1
f 1166/1336/1084 1223/1337/1141 1224/1338/1142 1163/1339/1081 
f 1163/1339/1081 1224/1338/1142 1225/1340/1143 1167/1341/1085 
f 1167/1341/1085 1225/1340/1143 1226/1342/1144 1169/1343/1087 
f 1169/1343/1087 1226/1342/1144 1227/1344/1145 1171/1345/1089 
f 1171/1345/1089 1227/1344/1145 1228/1346/1146 1173/1347/1091 
f 1173/1347/1091 1228/1346/1146 1229/1348/1147 1175/1349/1093 
f 1175/1349/1093 1229/1348/1147 1230/1350/1148 1177/1351/1095 
f 1177/1351/1095 1230/1350/1148 1231/1352/1149 1179/1353/1097 
f 1179/1353/1097 1231/1352/1149 1232/1354/1150 1181/1355/1099 
f 1181/1355/1099 1232/1354/1150 1233/1356/1151 1183/1357/1101 
f 1183/1357/1101 1233/1356/1151 1234/1358/1152 1185/1359/1103 
f 1185/1359/1103 1234/1358/1152 1235/1360/1153 1187/1361/1105 
f 1187/1361/1105 1235/1360/1153 1236/1362/1154 1189/1363/1107 
f 1189/1363/1107 1236/1362/1154 1237/1364/1155 1191/1365/1109 
s 2
f 1223/1366/1141 1237/1367/1155 1236/1368/1154 1224/1369/1142 
f 1235/1370/1153 1225/1371/1143 1224/1369/1142 1236/1368/1154 
f 1235/1370/1153 1234/1372/1152 1226/1373/1144 1225/1371/1143 
f 1234/1372/1152 1233/1374/1151 1227/1375/1145 1226/1373/1144 
f 1233/1374/1151 1232/1376/1150 1228/1377/1146 1227/1375/1145 
f 1232/1376/1150 1231/1378/1149 1229/1379/1147 1228/1377/1146 
f 1231/1378/1149 1230/1380/1148 1229/1379/1147 
s 4
f 1222/1381/1140 1237/1382/1155 1223/1383/1141 1206/1384/1124 
f 1223/1383/1141 1159/1385/1077 1206/1384/1124 
f 1222/1381/1140 1161/1386/1079 1237/1382/1155 
f 1161/1386/1079 1162/1387/1080 1238/1388/1156 1237/1382/1155 
f 1223/1383/1141 1239/1389/1157 1160/1390/1078 1159/1385/1077 
usemtl Material__741
s 1
f 1240/1391/1158 1219/1321/1137 1220/1322/1138 1241/1392/1159 
f 1242/1393/1160 1218/1320/1136 1219/1321/1137 1240/1391/1158 
f 1243/1394/1161 1217/1319/1135 1218/1320/1136 1242/1393/1160 
f 1244/1395/1162 1216/1318/1134 1217/1319/1135 1243/1394/1161 
usemtl Material__404
f 1144/1242/1063 1245/1396/1163 1142/1240/1061 
f 1146/1244/601 1246/1397/1164 1245/1396/1163 1144/1242/1063 
f 1148/1246/1066 1247/1398/1165 1246/1397/1164 1146/1244/601 
f 1247/1398/1165 1148/1246/1066 1150/1248/1068 
usemtl Material__741
f 1248/1399/1166 1211/1313/1129 1212/1314/1130 1249/1400/1167 
f 1250/1401/1168 1210/1312/1128 1211/1313/1129 1248/1399/1166 
f 1251/1402/1169 1209/1311/1127 1210/1312/1128 1250/1401/1168 
f 1252/1403/1170 1207/1309/1125 1209/1311/1127 1251/1402/1169 
f 1253/1404/1171 1208/1310/1126 1207/1309/1125 1252/1403/1170 
f 1241/1392/1159 1220/1322/1138 1221/1323/1139 1254/1405/1172 
f 1249/1400/1167 1212/1314/1130 1213/1315/1131 
f 1215/1317/1133 1216/1318/1134 1244/1395/1162 
usemtl Material__404
s 8
f 1135/1233/1054 1255/1406/1173 1256/1407/1174 1136/1234/1055 
f 1138/1236/1057 1257/1408/1175 1255/1406/1173 1135/1233/1054 
f 1140/1238/1059 1258/1409/597 1257/1408/1175 1138/1236/1057 
f 1142/1240/1061 1259/1410/1176 1258/1409/597 1140/1238/1059 
f 1152/1250/1070 1260/1411/605 1261/1412/1177 1150/1248/1068 
f 1154/1252/1072 1262/1413/1178 1260/1411/605 1152/1250/1070 
f 1156/1254/1074 1263/1414/1179 1262/1413/1178 1154/1252/1072 
f 1158/1256/1076 1264/1415/1180 1263/1414/1179 1156/1254/1074 
f 1160/1258/1078 1239/1416/1157 1264/1415/1180 1158/1256/1076 
f 1136/1234/1055 1256/1407/1174 1238/1417/1156 1162/1260/1080 
usemtl Material__741
s 2
f 1214/1316/1132 1265/1418/1181 1266/1419/1182 1213/1315/1131 
f 1215/1317/1133 1267/1420/1183 1265/1418/1181 1214/1316/1132 
f 1241/1392/1159 1256/1407/1174 1255/1406/1173 1240/1391/1158 
f 1240/1391/1158 1255/1406/1173 1257/1408/1175 1242/1393/1160 
f 1242/1393/1160 1257/1408/1175 1258/1409/597 1243/1394/1161 
f 1243/1394/1161 1258/1409/597 1259/1410/1176 1244/1395/1162 
usemtl Material__404
s 8
f 1245/1396/1163 1267/1420/1183 1259/1410/1176 1142/1240/1061 
f 1246/1397/1164 1265/1418/1181 1267/1420/1183 1245/1396/1163 
f 1247/1398/1165 1266/1419/1182 1265/1418/1181 1246/1397/1164 
f 1150/1248/1068 1261/1412/1177 1266/1419/1182 1247/1398/1165 
usemtl Material__741
s 2
f 1249/1400/1167 1261/1412/1177 1260/1411/605 1248/1399/1166 
f 1248/1399/1166 1260/1411/605 1262/1413/1178 1250/1401/1168 
f 1250/1401/1168 1262/1413/1178 1263/1414/1179 1251/1402/1169 
f 1251/1402/1169 1263/1414/1179 1264/1415/1180 1252/1403/1170 
f 1252/1403/1170 1264/1415/1180 1239/1416/1157 1253/1404/1171 
f 1254/1405/1172 1238/1417/1156 1256/1407/1174 1241/1392/1159 
f 1213/1315/1131 1266/1419/1182 1261/1412/1177 1249/1400/1167 
f 1244/1395/1162 1259/1410/1176 1267/1420/1183 1215/1317/1133 
usemtl Material__404
s 4
f 1238/1388/1156 1191/1421/1109 1237/1382/1155 
f 1238/1388/1156 1254/1422/1172 1221/1423/1139 
f 1221/1423/1139 1192/1424/1110 1191/1421/1109 
f 1238/1388/1156 1221/1423/1139 1191/1421/1109 
f 1166/1425/1084 1165/1426/1083 1208/1427/1126 1253/1428/1171 1239/1389/1157 
f 1239/1389/1157 1223/1383/1141 1166/1425/1084 
s 1
f 1268/1231/1052 1269/1232/1184 1270/1233/1054 1271/1234/1185 
f 1269/1232/1184 1272/1235/1056 1273/1236/1057 1270/1233/1054 
f 1272/1235/1056 1274/1237/1058 1275/1238/1059 1273/1236/1057 
f 1274/1237/1058 1276/1239/1060 1277/1240/1061 1275/1238/1059 
f 1276/1239/1060 1278/1241/1062 1279/1242/1063 1277/1240/1061 
f 1278/1241/1062 1280/1243/1064 1281/1244/601 1279/1242/1063 
f 1280/1243/1064 1282/1245/1065 1283/1246/1066 1281/1244/601 
f 1282/1245/1065 1284/1247/1067 1285/1248/1068 1283/1246/1066 
f 1284/1247/1067 1286/1249/1069 1287/1250/1070 1285/1248/1068 
f 1286/1249/1069 1288/1251/1071 1289/1252/1072 1287/1250/1070 
f 1288/1251/1071 1290/1253/1186 1291/1254/1074 1289/1252/1072 
f 1290/1253/1186 1292/1255/1075 1293/1256/1076 1291/1254/1074 
f 1292/1255/1075 1294/1257/1077 1295/1258/1078 1293/1256/1076 
f 1296/1259/1079 1268/1231/1052 1271/1234/1185 1297/1260/1187 
usemtl Material__741
s 2
f 1298/1261/1081 1299/1262/1082 1300/1263/1083 1301/1264/1084 
f 1302/1265/1085 1303/1266/1086 1299/1262/1082 1298/1261/1081 
f 1304/1267/1087 1305/1268/1088 1303/1266/1086 1302/1265/1085 
f 1306/1269/1089 1307/1270/1090 1305/1268/1088 1304/1267/1087 
f 1308/1271/1091 1309/1272/1092 1307/1270/1090 1306/1269/1089 
f 1310/1273/1093 1311/1274/1094 1309/1272/1092 1308/1271/1091 
f 1312/1275/1095 1313/1276/1096 1311/1274/1094 1310/1273/1093 
f 1314/1277/1097 1315/1278/1098 1313/1276/1096 1312/1275/1095 
f 1316/1279/1099 1317/1280/1100 1315/1278/1098 1314/1277/1097 
f 1318/1281/1101 1319/1282/1102 1317/1280/1100 1316/1279/1099 
f 1320/1283/1103 1321/1284/1104 1319/1282/1102 1318/1281/1101 
f 1322/1285/1105 1323/1286/1106 1321/1284/1104 1320/1283/1103 
f 1324/1287/1107 1325/1288/1108 1323/1286/1106 1322/1285/1105 
f 1326/1289/1188 1327/1290/1110 1325/1288/1108 1324/1287/1107 
usemtl Material__404
f 1328/1291/1111 1329/1292/1112 1330/1293/1113 1331/1294/1114 
s 1
f 1328/1295/1111 1331/1296/1114 1269/1232/1184 1268/1231/1052 
f 1331/1296/1114 1332/1297/1115 1272/1235/1056 1269/1232/1184 
f 1332/1297/1115 1333/1298/1116 1274/1237/1058 1272/1235/1056 
f 1333/1298/1116 1334/1299/1117 1276/1239/1060 1274/1237/1058 
f 1334/1299/1117 1335/1300/1118 1278/1241/1062 1276/1239/1060 
f 1335/1300/1118 1336/1301/1119 1280/1243/1064 1278/1241/1062 
f 1336/1301/1119 1337/1302/1120 1282/1245/1065 1280/1243/1064 
f 1337/1302/1120 1338/1303/1121 1284/1247/1067 1282/1245/1065 
f 1338/1303/1121 1339/1304/1122 1286/1249/1069 1284/1247/1067 
f 1339/1304/1122 1340/1305/1123 1288/1251/1071 1286/1249/1069 
f 1340/1305/1123 1330/1306/1113 1290/1253/1186 1288/1251/1071 
f 1330/1306/1113 1329/1307/1112 1292/1255/1075 1290/1253/1186 
f 1329/1307/1112 1341/1308/1189 1294/1257/1077 1292/1255/1075 
usemtl Material__741
f 1300/1263/1083 1299/1262/1082 1342/1309/1125 1343/1310/1126 
f 1299/1262/1082 1303/1266/1086 1344/1311/1190 1342/1309/1125 
f 1303/1266/1086 1305/1268/1088 1345/1312/1128 1344/1311/1190 
f 1305/1268/1088 1307/1270/1090 1346/1313/1129 1345/1312/1128 
f 1307/1270/1090 1309/1272/1092 1347/1314/1130 1346/1313/1129 
f 1309/1272/1092 1311/1274/1094 1348/1315/1131 1347/1314/1130 
f 1311/1274/1094 1313/1276/1096 1349/1316/1132 1348/1315/1131 
f 1313/1276/1096 1315/1278/1098 1350/1317/1133 1349/1316/1132 
f 1315/1278/1098 1317/1280/1100 1351/1318/1134 1350/1317/1133 
f 1317/1280/1100 1319/1282/1102 1352/1319/1135 1351/1318/1134 
f 1319/1282/1102 1321/1284/1104 1353/1320/1191 1352/1319/1135 
f 1321/1284/1104 1323/1286/1106 1354/1321/1192 1353/1320/1191 
f 1323/1286/1106 1325/1288/1108 1355/1322/1138 1354/1321/1192 
f 1325/1288/1108 1327/1290/1110 1356/1323/1139 1355/1322/1138 
usemtl Material__404
f 1357/1324/1193 1328/1295/1111 1268/1231/1052 1296/1259/1079 
s 2
f 1328/1291/1111 1357/1325/1193 1341/1326/1189 1329/1292/1112 
f 1330/1293/1113 1340/1327/1123 1332/1328/1115 1331/1294/1114 
f 1340/1327/1123 1339/1329/1122 1333/1330/1116 1332/1328/1115 
f 1339/1329/1122 1338/1331/1121 1334/1332/1117 1333/1330/1116 
f 1338/1331/1121 1337/1333/1120 1335/1334/1118 1334/1332/1117 
f 1337/1333/1120 1336/1335/1119 1335/1334/1118 
s 1
f 1301/1336/1084 1358/1337/1141 1359/1338/1142 1298/1339/1081 
f 1298/1339/1081 1359/1338/1142 1360/1340/1143 1302/1341/1085 
f 1302/1341/1085 1360/1340/1143 1361/1342/1144 1304/1343/1087 
f 1304/1343/1087 1361/1342/1144 1362/1344/1145 1306/1345/1089 
f 1306/1345/1089 1362/1344/1145 1363/1346/1146 1308/1347/1091 
f 1308/1347/1091 1363/1346/1146 1364/1348/1147 1310/1349/1093 
f 1310/1349/1093 1364/1348/1147 1365/1350/1148 1312/1351/1095 
f 1312/1351/1095 1365/1350/1148 1366/1352/1149 1314/1353/1097 
f 1314/1353/1097 1366/1352/1149 1367/1354/1150 1316/1355/1099 
f 1316/1355/1099 1367/1354/1150 1368/1356/1151 1318/1357/1101 
f 1318/1357/1101 1368/1356/1151 1369/1358/1152 1320/1359/1103 
f 1320/1359/1103 1369/1358/1152 1370/1360/1153 1322/1361/1105 
f 1322/1361/1105 1370/1360/1153 1371/1362/1154 1324/1363/1107 
f 1324/1363/1107 1371/1362/1154 1372/1364/1155 1326/1365/1188 
s 2
f 1358/1366/1141 1372/1367/1155 1371/1368/1154 1359/1369/1142 
f 1370/1370/1153 1360/1371/1143 1359/1369/1142 1371/1368/1154 
f 1370/1370/1153 1369/1372/1152 1361/1373/1144 1360/1371/1143 
f 1369/1372/1152 1368/1374/1151 1362/1375/1145 1361/1373/1144 
f 1368/1374/1151 1367/1376/1150 1363/1377/1146 1362/1375/1145 
f 1367/1376/1150 1366/1378/1149 1364/1379/1147 1363/1377/1146 
f 1366/1378/1149 1365/1380/1148 1364/1379/1147 
s 4
f 1357/1381/1193 1372/1382/1155 1358/1383/1141 1341/1384/1189 
f 1358/1383/1141 1294/1385/1077 1341/1384/1189 
f 1357/1381/1193 1296/1386/1079 1372/1382/1155 
f 1296/1386/1079 1297/1387/1187 1373/1388/1156 1372/1382/1155 
f 1358/1383/1141 1374/1389/1157 1295/1390/1078 1294/1385/1077 
usemtl Material__741
s 1
f 1375/1391/1158 1354/1321/1192 1355/1322/1138 1376/1392/1159 
f 1377/1393/1160 1353/1320/1191 1354/1321/1192 1375/1391/1158 
f 1378/1394/1161 1352/1319/1135 1353/1320/1191 1377/1393/1160 
f 1379/1395/1162 1351/1318/1134 1352/1319/1135 1378/1394/1161 
usemtl Material__404
f 1279/1242/1063 1380/1396/1163 1277/1240/1061 
f 1281/1244/601 1381/1397/1164 1380/1396/1163 1279/1242/1063 
f 1283/1246/1066 1382/1398/1165 1381/1397/1164 1281/1244/601 
f 1382/1398/1165 1283/1246/1066 1285/1248/1068 
usemtl Material__741
f 1383/1399/1166 1346/1313/1129 1347/1314/1130 1384/1400/1167 
f 1385/1401/1168 1345/1312/1128 1346/1313/1129 1383/1399/1166 
f 1386/1402/1169 1344/1311/1190 1345/1312/1128 1385/1401/1168 
f 1387/1403/1170 1342/1309/1125 1344/1311/1190 1386/1402/1169 
f 1388/1404/1194 1343/1310/1126 1342/1309/1125 1387/1403/1170 
f 1376/1392/1159 1355/1322/1138 1356/1323/1139 1389/1405/1172 
f 1384/1400/1167 1347/1314/1130 1348/1315/1131 
f 1350/1317/1133 1351/1318/1134 1379/1395/1162 
usemtl Material__404
s 8
f 1270/1233/1054 1390/1406/1173 1391/1407/1174 1271/1234/1185 
f 1273/1236/1057 1392/1408/1195 1390/1406/1173 1270/1233/1054 
f 1275/1238/1059 1393/1409/597 1392/1408/1195 1273/1236/1057 
f 1277/1240/1061 1394/1410/1176 1393/1409/597 1275/1238/1059 
f 1287/1250/1070 1395/1411/605 1396/1412/1177 1285/1248/1068 
f 1289/1252/1072 1397/1413/1178 1395/1411/605 1287/1250/1070 
f 1291/1254/1074 1398/1414/1196 1397/1413/1178 1289/1252/1072 
f 1293/1256/1076 1399/1415/1180 1398/1414/1196 1291/1254/1074 
f 1295/1258/1078 1374/1416/1157 1399/1415/1180 1293/1256/1076 
f 1271/1234/1185 1391/1407/1174 1373/1417/1156 1297/1260/1187 
usemtl Material__741
s 2
f 1349/1316/1132 1400/1418/1181 1401/1419/1182 1348/1315/1131 
f 1350/1317/1133 1402/1420/1183 1400/1418/1181 1349/1316/1132 
f 1376/1392/1159 1391/1407/1174 1390/1406/1173 1375/1391/1158 
f 1375/1391/1158 1390/1406/1173 1392/1408/1195 1377/1393/1160 
f 1377/1393/1160 1392/1408/1195 1393/1409/597 1378/1394/1161 
f 1378/1394/1161 1393/1409/597 1394/1410/1176 1379/1395/1162 
usemtl Material__404
s 8
f 1380/1396/1163 1402/1420/1183 1394/1410/1176 1277/1240/1061 
f 1381/1397/1164 1400/1418/1181 1402/1420/1183 1380/1396/1163 
f 1382/1398/1165 1401/1419/1182 1400/1418/1181 1381/1397/1164 
f 1285/1248/1068 1396/1412/1177 1401/1419/1182 1382/1398/1165 
usemtl Material__741
s 2
f 1384/1400/1167 1396/1412/1177 1395/1411/605 1383/1399/1166 
f 1383/1399/1166 1395/1411/605 1397/1413/1178 1385/1401/1168 
f 1385/1401/1168 1397/1413/1178 1398/1414/1196 1386/1402/1169 
f 1386/1402/1169 1398/1414/1196 1399/1415/1180 1387/1403/1170 
f 1387/1403/1170 1399/1415/1180 1374/1416/1157 1388/1404/1194 
f 1389/1405/1172 1373/1417/1156 1391/1407/1174 1376/1392/1159 
f 1348/1315/1131 1401/1419/1182 1396/1412/1177 1384/1400/1167 
f 1379/1395/1162 1394/1410/1176 1402/1420/1183 1350/1317/1133 
usemtl Material__404
s 4
f 1373/1388/1156 1326/1421/1188 1372/1382/1155 
f 1373/1388/1156 1389/1422/1172 1356/1423/1139 
f 1356/1423/1139 1327/1424/1110 1326/1421/1188 
f 1373/1388/1156 1356/1423/1139 1326/1421/1188 
f 1301/1425/1084 1300/1426/1083 1343/1427/1126 1388/1428/1194 1374/1389/1157 
f 1374/1389/1157 1358/1383/1141 1301/1425/1084 
usemtl Material__741
s 2
f 227/231/227 1403/1429/1197 1404/1430/1198 224/228/224 
f 224/228/224 1404/1430/1198 1405/1431/1199 21/21/21 
f 21/21/21 1405/1431/1199 1406/1432/1200 18/18/18 
s 4
f 19/19/19 1407/1433/1201 1408/1434/1202 930/1032/892 
usemtl Material__478
s 16
f 930/1032/892 1408/1434/1202 936/1038/898 
s 32
f 936/1038/898 34/34/34 935/1037/897 
usemtl Material__404
s 1
f 888/990/851 890/992/853 1407/1433/1201 1406/1432/1200 
f 1403/1429/1197 885/987/848 884/986/847 1404/1430/1198 
s 16
f 1404/1430/1198 884/986/847 886/988/849 1405/1431/1199 
f 1405/1431/1199 886/988/849 888/990/851 1406/1432/1200 
s 1
f 1407/1433/1201 890/992/853 892/994/855 1408/1434/1202 
usemtl Material__741
s 4
f 1407/1433/1201 19/19/19 18/18/18 1406/1432/1200 
s 1
f 769/1435/743 767/1436/741 1409/1437/1203 1410/1438/1204 
f 767/1436/741 765/1439/739 1411/1440/1205 1409/1437/1203 
f 1412/863/729 1413/1441/1206 1414/1442/1207 
f 1412/863/729 1414/1442/1207 774/860/747 
f 771/858/744 769/1435/743 1410/1438/1204 773/859/746 
f 765/1439/739 763/1443/737 1415/1444/1208 1411/1440/1205 
f 763/1443/737 761/1445/736 1413/1441/1206 1415/1444/1208 
f 773/859/746 1412/863/729 774/860/747 
f 1409/1437/1203 1412/863/729 1410/1438/1204 
f 1411/1440/1205 1412/863/729 1409/1437/1203 
f 1413/1441/1206 761/1445/736 758/1446/733 1414/1442/1207 
f 1414/1442/1207 758/1446/733 757/861/732 774/860/747 
f 1410/1438/1204 1412/863/729 773/859/746 
f 1415/1444/1208 1412/863/729 1411/1440/1205 
f 1413/1441/1206 1412/863/729 1415/1444/1208 
usemtl Material__404
s 2
f 691/768/679 674/742/666 695/773/683 692/769/680 
f 690/764/678 664/732/656 675/743/667 693/771/681 
f 693/771/681 675/743/667 674/742/666 691/768/679 
f 660/728/652 665/733/657 664/732/656 690/764/678 
usemtl Material__478
s 1
f 1071/1447/1003 1050/1448/982 1416/1449/1209 1417/1450/1210 
f 1067/1173/999 1069/1451/1001 1418/1452/1211 1419/1453/1212 
f 1069/1451/1001 1071/1447/1003 1417/1450/1210 1418/1452/1211 
f 1059/1159/991 1061/1454/993 1420/1455/1213 1421/1456/1214 
f 1061/1160/993 1063/1457/995 1422/1458/1215 1420/1459/1213 
f 1063/1169/995 1065/1460/997 1423/1461/1216 1422/1462/1215 
f 1065/1460/997 1067/1463/999 1419/1464/1212 1423/1461/1216 
f 1050/1160/982 1049/1465/981 1424/1466/1217 1416/1467/1209 
f 1049/1159/981 1053/1468/985 1425/1469/1218 1424/1470/1217 
f 1053/1163/985 1055/1471/987 1426/1472/1219 1425/1473/1218 
f 1055/1165/987 1057/1474/989 1427/1475/1220 1426/1476/1219 
f 1057/1474/989 1059/1477/991 1421/1478/1214 1427/1475/1220 
usemtl wire_115115115
f 1428/1479/1221 1429/1480/1222 1430/1481/1223 
f 1431/1482/1224 1429/1480/1222 1432/1483/1225 
f 1430/1481/1223 1429/1480/1222 1431/1482/1224 
f 1433/1484/1226 1429/1480/1222 1434/1485/1227 
f 1435/1486/1228 1429/1480/1222 1433/1487/1226 
f 1436/1488/1229 1429/1480/1222 1435/1489/1228 
f 1432/1490/1225 1429/1480/1222 1436/1488/1229 
f 1437/1491/1230 1429/1480/1222 1428/1492/1221 
f 1438/1493/1231 1429/1480/1222 1437/1494/1230 
f 1439/1495/1232 1429/1480/1222 1438/1496/1231 
f 1440/1497/1233 1429/1480/1222 1439/1498/1232 
f 1434/1499/1227 1429/1480/1222 1440/1497/1233 
usemtl Material__478
s 2
f 1416/1449/1209 1428/1479/1221 1430/1481/1223 1417/1450/1210 
f 1418/1452/1211 1431/1482/1224 1432/1483/1225 1419/1453/1212 
f 1417/1450/1210 1430/1481/1223 1431/1482/1224 1418/1452/1211 
f 1420/1455/1213 1433/1484/1226 1434/1485/1227 1421/1456/1214 
f 1422/1458/1215 1435/1486/1228 1433/1487/1226 1420/1459/1213 
f 1423/1461/1216 1436/1488/1229 1435/1489/1228 1422/1462/1215 
f 1419/1464/1212 1432/1490/1225 1436/1488/1229 1423/1461/1216 
f 1424/1466/1217 1437/1491/1230 1428/1492/1221 1416/1467/1209 
f 1425/1469/1218 1438/1493/1231 1437/1494/1230 1424/1470/1217 
f 1426/1472/1219 1439/1495/1232 1438/1496/1231 1425/1473/1218 
f 1427/1475/1220 1440/1497/1233 1439/1498/1232 1426/1476/1219 
f 1421/1478/1214 1434/1499/1227 1440/1497/1233 1427/1475/1220 
usemtl Material__741
s 1
f 225/229/225 20/20/20 575/640/567 574/639/566 1441/1500/1234 
usemtl Material__404
f 1442/1501/1235 1443/1502/1236 1444/1503/1237 
usemtl Material__741
f 21/21/21 20/20/20 225/229/225 
s off
f 1441/1500/1234 226/230/226 1444/1503/1237 1443/1502/1236 
f 226/230/226 225/229/225 1442/1501/1235 1444/1503/1237 
f 225/229/225 1441/1500/1234 1443/1502/1236 1442/1501/1235 
usemtl Material__478
s 32
f 934/1036/896 572/637/564 936/1038/898 935/1037/897 
s 1
f 34/34/34 33/33/33 932/1034/894 935/1037/897 
s 32
f 1408/1434/1202 34/34/34 936/1038/898 
f 1408/1434/1202 892/994/855 34/34/34 
s 1
f 934/1036/896 933/1035/895 573/638/565 
usemtl Material__741
f 2/2/2 83/212/83 212/215/212 3/3/3 
usemtl wire_115115115
s 8
f 41/41/41 213/216/213 216/219/216 42/42/42 
s 1
f 44/44/44 217/220/217 219/222/219 45/45/45 
f 45/45/45 219/222/219 883/985/846 97/97/97 
usemtl Material__404
f 170/171/170 1028/1138/960 231/235/231 171/172/171 
s 8
f 171/172/171 231/235/231 232/236/232 200/201/200 
usemtl wire_115115115
s 1
f 220/223/220 53/53/53 52/52/52 221/224/221 
usemtl Material__404
s 2
f 2/226/2 1/1504/1 1445/1505/84 223/227/223 
usemtl wire_115115115
s 1
f 41/41/41 40/40/40 181/182/181 230/234/230 
usemtl Material__741
f 327/339/327 49/49/49 48/48/48 328/340/328 
usemtl wire_115115115
f 220/223/220 180/181/180 179/180/179 230/234/230 
usemtl Material__741
f 585/650/577 74/74/74 73/73/73 586/651/578 
usemtl Material__478
s 4
f 200/201/200 232/236/232 74/74/74 585/650/577 
usemtl Material__741
s 2
f 862/958/825 860/956/823 579/644/571 586/651/578 
s 4
f 873/970/836 866/963/829 49/49/49 327/339/327 
f 874/971/837 876/973/839 325/337/325 328/340/328 
usemtl Material__404
s 2
f 221/224/221 52/52/52 860/956/823 862/958/825 
s 4
f 42/1039/42 216/219/216 876/973/839 874/971/837 
f 44/1045/44 26/1040/26 866/963/829 873/970/836 
usemtl Material__741
s 1
f 3/3/3 212/215/212 229/233/229 1027/1137/959 
usemtl Material__404
s 2
f 1042/1152/974 1044/1154/976 1028/1138/960 170/171/170 
usemtl Material__741
s 8
f 1042/1152/974 1041/1151/973 1026/1136/958 1027/1137/959 
usemtl Material__404
s 1
f 1446/1506/735 1447/1507/734 1448/1507/734 1449/1506/735 
f 1447/1507/734 1450/1508/593 1451/1508/593 1448/1507/734 
f 1450/1508/593 1452/1509/738 1453/1509/738 1451/1508/593 
f 1452/1509/738 1454/1510/1238 1455/1510/1238 1453/1509/738 
f 1454/1510/1238 1456/1511/742 1457/1511/742 1455/1510/1238 
f 1456/1511/742 1458/1512/684 1459/1512/684 1457/1511/742 
f 1458/1512/684 1460/1513/745 1461/1513/745 1459/1512/684 
f 1460/1513/745 1446/1506/735 1449/1506/735 1461/1513/745 
s 8
f 777/864/601 1462/861/1239 1463/858/1240 775/862/601 
f 775/862/601 1463/858/1240 1464/1435/1241 778/865/601 
f 778/865/601 1464/1435/1241 1465/1436/1242 779/866/601 
f 779/866/601 1465/1436/1242 1466/1439/1243 780/867/601 
f 780/867/601 1466/1439/1243 1467/1443/1244 781/868/601 
f 781/868/601 1467/1443/1244 1468/1445/1245 782/869/601 
f 782/869/601 1468/1445/1245 1469/1446/1246 783/870/601 
f 783/870/601 1469/1446/1246 1462/861/1239 777/864/601 
f 998/1089/734 1463/1514/1240 1462/1515/1239 999/1090/735 
f 1000/1091/593 1464/1516/1241 1463/1514/1240 998/1089/734 
f 1001/1092/738 1465/1517/1242 1464/1516/1241 1000/1091/593 
f 1002/1093/740 1466/1518/1243 1465/1519/1242 1001/1094/738 
f 1003/1095/742 1467/1520/1244 1466/1518/1243 1002/1093/740 
f 1004/1096/684 1468/1521/1245 1467/1520/1244 1003/1095/742 
f 1005/1097/745 1469/1522/1246 1468/1521/1245 1004/1096/684 
f 999/1090/735 1462/1515/1239 1469/1522/1246 1005/1097/745 
f 1470/1523/1247 1471/1524/1248 1472/1525/1249 1473/1526/1250 
f 1471/1524/1248 1474/1527/1251 1475/1528/1252 1472/1525/1249 
f 1474/1527/1251 1476/1529/1253 1477/1530/1254 1475/1528/1252 
f 1476/1529/1253 1478/1531/1255 1479/1532/1256 1477/1530/1254 
s 1
f 1478/1533/1255 1480/1534/729 1481/1535/730 1482/1536/1257 
usemtl Material__741
f 1483/1536/1258 1484/1535/597 1485/1537/1259 1486/1538/1260 1487/1539/1261 
usemtl Material__404
f 1478/1533/1255 1476/1540/1253 1488/1541/729 1480/1534/729 
f 1476/1540/1253 1474/1542/1251 1489/1543/729 1488/1541/729 
f 1474/1542/1251 1471/1544/1248 1490/1545/729 1489/1543/729 
f 1471/1544/1248 1470/1546/1247 1490/1545/729 
usemtl Material__741
f 1486/1538/1260 1485/1537/1259 1491/1547/1262 1492/1548/1263 
f 1492/1548/1263 1491/1547/1262 1493/1549/1264 1494/1550/1265 
usemtl Material__404
s 8
f 1472/1525/1249 1495/1544/1266 1496/1546/1267 1473/1526/1250 
f 1475/1528/1252 1497/1542/1268 1495/1544/1266 1472/1525/1249 
f 1477/1530/1254 1498/1540/1269 1497/1542/1268 1475/1528/1252 
f 1479/1532/1256 1499/1533/1270 1498/1540/1269 1477/1530/1254 
s off
f 1478/1551/1255 1499/1552/1270 1479/1553/1256 
f 1478/1551/1255 1482/1554/1257 1483/1555/1258 1487/1556/1261 1500/1557/1271 1499/1552/1270 
usemtl Material__741
f 1484/1558/597 1483/1559/1258 1482/1560/1257 1481/1561/730 
usemtl Material__404
s 1
f 1497/1542/1268 1501/1562/1272 1502/1563/1273 1495/1544/1266 
s 2
f 1492/1548/1263 1501/1562/1272 1503/1564/1274 1486/1538/1260 
f 1486/1538/1260 1503/1564/1274 1500/1565/1271 1487/1539/1261 
f 1494/1550/1265 1493/1549/1264 1504/1566/1275 1502/1563/1273 
f 1501/1562/1272 1492/1548/1263 1494/1550/1265 1502/1563/1273 
s 1
f 1501/1562/1272 1497/1542/1268 1498/1540/1269 1503/1564/1274 
f 1503/1564/1274 1498/1540/1269 1499/1533/1270 1500/1565/1271 
f 1504/1566/1275 1496/1546/1267 1495/1544/1266 1502/1563/1273 
f 1505/1567/1276 1506/1568/1277 1507/1569/1278 1508/1570/1279 
f 1509/1571/1280 1510/1572/1281 1506/1568/1277 1505/1567/1276 
f 1511/1573/1282 1512/1574/1283 1510/1575/1281 1509/1576/1280 
f 1513/1577/1284 1514/1578/1285 1512/1574/1283 1511/1573/1282 
f 1515/1579/1286 1516/1580/1287 1514/1581/1285 1513/1582/1284 
f 1517/1583/1288 1518/1584/1289 1516/1580/1287 1515/1579/1286 
f 1519/1585/1290 1520/1586/1291 1518/1587/1289 1517/1588/1288 
f 1508/1589/1279 1507/1590/1278 1520/1586/1291 1519/1585/1290 
s 2
f 1521/1591/1292 1522/1592/1293 1523/1593/1294 1524/1594/1295 
s 8
f 1525/1595/1296 1526/1596/1297 1527/1597/1297 1528/1598/1296 
f 1526/1596/1297 1529/1599/1298 1530/1600/1299 1527/1597/1297 
f 1529/1601/1298 1531/1602/1300 1532/1603/1300 1530/1604/1299 
f 1531/1602/1300 1533/1605/1301 1534/1606/1301 1532/1603/1300 
f 1533/1607/1301 1535/1608/1302 1536/1609/1302 1534/1610/1301 
f 1535/1608/1302 1537/1611/1303 1538/1612/1304 1536/1609/1302 
f 1537/1613/1303 1539/1614/1305 1540/1615/1306 1538/1616/1304 
f 1539/1614/1305 1525/1617/1296 1528/1618/1296 1540/1615/1306 
usemtl Material__741
s 2
f 1541/1619/1307 1542/1620/1308 1543/1621/1309 1544/1622/1310 
f 1545/1623/1311 1541/1624/1307 1544/1625/1310 1546/1626/1312 
f 1547/1627/1313 1545/1628/1311 1546/1629/1312 1548/1630/1314 
f 1549/1631/1315 1547/1632/1313 1548/1633/1314 1550/1634/1316 
f 1551/1635/1317 1549/1636/1315 1550/1637/1316 1552/1638/1318 
f 1553/1639/1319 1551/1640/1317 1552/1641/1318 1554/1642/1320 
f 1555/1643/1321 1553/1644/1319 1554/1645/1320 1556/1646/1322 
f 1542/1647/1308 1555/1648/1321 1556/1649/1322 1543/1650/1309 
usemtl Material__404
s 1
f 1557/1651/1323 1558/1652/1324 1559/1653/1325 
usemtl Material__741
s 4
f 1560/1654/1326 1561/1655/1327 1562/1656/1328 1563/1657/1329 
usemtl Material__404
s 8
f 1564/1658/1330 1565/1659/1331 1566/1660/1332 1567/1661/1333 
s 16
f 1568/1662/1334 1569/1663/1335 1570/1664/1336 1571/1665/1337 
s 32
f 1572/1666/1338 1573/1667/1339 1574/1668/1340 1575/1669/1341 
s 64
f 1576/1670/1342 1577/1671/1343 1578/1672/1344 1579/1673/1345 
s off
f 1571/1674/1337 1570/1675/1336 1565/1659/1331 1564/1658/1330 
f 1577/1671/1343 1576/1670/1342 1567/1676/1333 1566/1677/1332 
f 1575/1678/1341 1574/1679/1340 1569/1663/1335 1568/1662/1334 
f 1579/1680/1345 1578/1681/1344 1573/1667/1339 1572/1666/1338 
usemtl Material__741
s 2
f 1580/1682/1346 1581/1683/1347 1582/1684/1348 1583/1685/1349 
s 4
f 1584/1686/1350 1585/1687/1351 1586/1688/1352 1587/1689/1353 
usemtl Material__740
s 8
f 1588/1690/1354 1589/1691/1355 1590/1692/1356 1591/1693/1357 
usemtl Material__404
s 16
f 1592/1694/1358 1593/1695/1359 1594/1696/1360 1595/1697/1361 
usemtl Material__741
s off
f 1583/1685/1349 1596/1698/1362 1597/1699/1363 1580/1682/1346 
f 1580/1682/1346 1598/1700/1364 1599/1701/1365 1581/1683/1347 
f 1587/1689/1353 1600/1702/1366 1601/1703/1367 1584/1686/1350 
f 1602/1704/1368 1603/1705/1369 1598/1700/1364 1597/1699/1363 
f 1604/1706/1370 1605/1707/1371 1606/1708/1372 1607/1709/1373 
f 1584/1686/1350 1601/1703/1367 1603/1705/1369 1602/1704/1368 
f 1597/1699/1363 1598/1700/1364 1580/1682/1346 
f 1581/1683/1347 1604/1706/1370 1608/1710/1374 1582/1684/1348 
f 1599/1701/1365 1605/1707/1371 1604/1706/1370 1581/1683/1347 
f 1586/1688/1352 1609/1711/1375 1607/1709/1373 1587/1689/1353 
f 1587/1689/1353 1607/1709/1373 1606/1708/1372 1600/1702/1366 
usemtl Material__740
s 4
f 1610/1712/1376 1611/1713/1377 1612/1714/1378 1613/1715/1379 
usemtl Material__741
s 1
f 1614/1716/1380 1615/1717/1381 1616/1718/1382 1617/1719/1383 
f 1615/1717/1381 1618/1720/1384 1619/1721/1385 1616/1718/1382 
f 1618/1720/1384 1620/1722/1386 1621/1723/1387 1619/1721/1385 
f 1620/1722/1386 1614/1716/1380 1617/1719/1383 1621/1723/1387 
s off
f 1622/1724/1388 1623/1725/1389 1624/1726/1390 1625/1727/1391 
f 1626/1728/1392 1627/1729/1393 1628/1730/1394 1629/1731/1395 
f 1630/1732/1396 1631/1733/1397 1623/1734/1389 1622/1735/1388 
f 1629/1736/1395 1628/1737/1394 1632/1738/1398 1633/1739/1399 
f 1625/1740/1391 1624/1741/1390 1634/1742/1400 1635/1743/1401 
f 1636/1744/1402 1637/1745/1403 1627/1746/1393 1626/1747/1392 
s 2
f 1638/1748/1404 1639/1749/1405 1640/1750/1406 1641/1751/1407 
usemtl Material__404
s off
f 1642/1752/1408 1643/1753/1409 1644/1754/1410 1645/1755/1411 
f 1646/1756/1412 1647/1757/1413 1643/1758/1409 1642/1759/1408 
f 1647/1760/1413 1648/1761/1414 1644/1762/1410 1643/1763/1409 
f 1648/1764/1414 1649/1765/1415 1645/1766/1411 1644/1767/1410 
f 1649/1768/1415 1646/1769/1412 1642/1770/1408 1645/1771/1411 
usemtl Material__741
s 2
f 1638/1748/1404 1650/1772/1416 1651/1773/1417 1639/1749/1405 
f 1640/1750/1406 1652/1774/1418 1653/1775/1419 1641/1751/1407 
usemtl Material__404
s 1
f 1654/1776/1420 1655/1777/1421 1656/1778/1422 1657/1779/1423 
f 1558/1652/1324 1654/1776/1420 1657/1779/1423 1559/1653/1325 
f 1655/1777/1421 1658/1780/1424 1656/1778/1422 
s 2
f 1523/1593/1294 1659/1781/1425 1660/1782/1426 1524/1594/1295 
f 1521/1591/1292 1661/1783/1427 1522/1592/1293 
f 1659/1781/1425 1662/1784/1428 1660/1782/1426 
usemtl Material__741
s 4
f 1562/1656/1328 1663/1785/1429 1664/1786/1430 1563/1657/1329 
s 64
f 1603/1705/1369 1601/1703/1367 1600/1702/1366 1606/1708/1372 
usemtl Material__404
s 16
f 1593/1695/1359 1665/1787/1431 1666/1788/1432 1594/1696/1360 
f 1665/1787/1431 1667/1789/1433 1668/1790/1434 1666/1788/1432 
s off
f 1669/1791/1435 1670/1792/1436 1671/1793/1437 1672/1794/1438 
f 1673/1795/1439 1674/1796/1440 1670/1792/1436 1669/1791/1435 
f 1675/1797/1441 1676/1798/1442 1674/1796/1440 1673/1795/1439 
f 1677/1799/1443 1678/1800/1444 1676/1798/1442 1675/1797/1441 
f 1679/1801/1445 1680/1802/1446 1678/1800/1444 1677/1799/1443 
f 1681/1803/1447 1682/1804/1448 1680/1802/1446 1679/1801/1445 
f 1683/1805/1449 1684/1806/1450 1682/1804/1448 1681/1803/1447 
f 1672/1794/1438 1671/1793/1437 1684/1806/1450 1683/1805/1449 
s 2
f 1670/1807/1436 1685/1808/609 1671/1809/1437 
f 1674/1810/1440 1685/1808/609 1670/1807/1436 
f 1676/1811/1442 1685/1808/609 1674/1810/1440 
f 1678/1812/1444 1685/1808/609 1676/1811/1442 
f 1680/1813/1446 1685/1808/609 1678/1812/1444 
f 1682/1814/1448 1685/1808/609 1680/1813/1446 
f 1684/1815/1450 1685/1808/609 1682/1816/1448 
f 1671/1809/1437 1685/1808/609 1684/1815/1450 
usemtl Material__741
s 1
f 1686/1817/1451 1653/1818/1419 1652/1819/1418 1687/1820/1452 
f 1688/1821/1453 1640/1822/1406 1639/1823/1405 1689/1824/1454 
f 1690/1825/1455 1651/1826/1417 1650/1827/1416 1691/1828/1456 
f 1692/1829/1457 1638/1830/1404 1641/1831/1407 1693/1832/1458 
f 1687/1833/1452 1652/1774/1418 1640/1750/1406 1688/1834/1453 
f 1693/1835/1458 1641/1751/1407 1653/1775/1419 1686/1836/1451 
f 1689/1837/1454 1639/1749/1405 1651/1773/1417 1690/1838/1455 
f 1691/1839/1456 1650/1772/1416 1638/1748/1404 1692/1840/1457 
s off
f 1597/1699/1363 1596/1698/1362 1694/1841/1459 1695/1842/1460 
f 1596/1698/1362 1696/1843/1461 1697/1844/1462 1694/1841/1459 
f 1696/1843/1461 1602/1704/1368 1698/1845/1463 1697/1844/1462 
f 1602/1704/1368 1597/1699/1363 1695/1842/1460 1698/1845/1463 
f 1694/1841/1459 1699/1846/1464 1700/1847/1465 1695/1842/1460 
f 1697/1844/1462 1701/1848/1466 1699/1846/1464 1694/1841/1459 
f 1698/1845/1463 1702/1849/1467 1701/1848/1466 1697/1844/1462 
f 1695/1842/1460 1700/1847/1465 1702/1849/1467 1698/1845/1463 
s 4
f 1560/1654/1326 1703/1850/1468 1704/1851/1469 1561/1655/1327 
s 8
f 1705/1852/1330 1706/1853/1470 1707/1854/1471 1708/1855/1333 
s 16
f 1709/1856/1334 1710/1857/1472 1711/1858/1473 1712/1859/1337 
f 1713/1860/1474 1714/1861/1474 1715/1862/1474 1716/1863/1474 
s 32
f 1717/1864/1338 1718/1865/1475 1719/1866/1476 1720/1867/1341 
s 64
f 1721/1868/1342 1722/1869/1477 1723/1870/1478 1724/1871/1345 
f 1725/1872/1479 1726/1873/1480 1727/1874/1481 1728/1875/1482 
s off
f 1712/1876/1337 1711/1877/1473 1706/1853/1470 1705/1852/1330 
f 1729/1878/1483 1730/1879/1484 1731/1880/1485 1732/1881/1336 
f 1733/1882/1486 1734/1883/1487 1735/1884/1488 1736/1885/1489 
f 1708/1886/1333 1707/1887/1471 1722/1869/1477 1721/1868/1342 
f 1720/1888/1341 1719/1889/1476 1710/1857/1472 1709/1856/1334 
f 1737/1890/1335 1738/1891/1490 1739/1892/1491 1740/1893/1492 
f 1724/1894/1345 1723/1895/1478 1718/1865/1475 1717/1864/1338 
f 1741/1896/1493 1742/1897/1494 1743/1898/1495 1744/1899/1344 
usemtl Material__404
f 1565/1900/1331 1745/1901/1496 1746/1902/1497 1566/1903/1332 
f 1567/1904/1333 1747/1905/1497 1748/1906/1496 1564/1907/1330 
f 1569/1908/1335 1749/1909/1498 1750/1910/1499 1570/1911/1336 
f 1571/1912/1337 1751/1913/1499 1752/1914/1498 1568/1915/1334 
f 1573/1916/1339 1753/1917/1500 1754/1918/1501 1574/1919/1340 
f 1575/1920/1341 1755/1921/1501 1756/1922/1500 1572/1923/1338 
f 1577/1924/1343 1757/1925/1502 1758/1926/1503 1578/1927/1344 
f 1579/1928/1345 1759/1929/1503 1760/1930/1502 1576/1931/1342 
f 1570/1911/1336 1750/1910/1499 1745/1901/1496 1565/1900/1331 
f 1564/1907/1330 1748/1906/1496 1751/1913/1499 1571/1912/1337 
f 1576/1931/1342 1760/1930/1502 1747/1905/1497 1567/1904/1333 
f 1566/1903/1332 1746/1902/1497 1757/1925/1502 1577/1924/1343 
f 1574/1919/1340 1754/1918/1501 1749/1909/1498 1569/1908/1335 
f 1568/1915/1334 1752/1914/1498 1755/1921/1501 1575/1920/1341 
f 1578/1927/1344 1758/1926/1503 1753/1917/1500 1573/1916/1339 
f 1572/1923/1338 1756/1922/1500 1759/1929/1503 1579/1928/1345 
usemtl Material__741
f 1708/1932/1333 1746/1933/1497 1745/1934/1496 1705/1935/1330 
f 1729/1936/1483 1748/1937/1496 1747/1938/1497 1736/1939/1489 
f 1712/1940/1337 1750/1941/1499 1749/1942/1498 1709/1943/1334 
f 1737/1863/1335 1752/1944/1498 1751/1945/1499 1732/1860/1336 
f 1720/1946/1341 1754/1947/1501 1753/1948/1500 1717/1949/1338 
f 1741/1950/1493 1756/1951/1500 1755/1952/1501 1740/1953/1492 
f 1724/1954/1345 1758/1955/1503 1757/1956/1502 1721/1957/1342 
f 1733/1875/1486 1760/1958/1502 1759/1959/1503 1744/1872/1344 
f 1705/1935/1330 1745/1934/1496 1750/1941/1499 1712/1940/1337 
f 1732/1881/1336 1751/1960/1499 1748/1961/1496 1729/1878/1483 
f 1736/1885/1489 1747/1962/1497 1760/1963/1502 1733/1882/1486 
f 1721/1957/1342 1757/1956/1502 1746/1933/1497 1708/1932/1333 
f 1709/1943/1334 1749/1942/1498 1754/1947/1501 1720/1946/1341 
f 1740/1893/1492 1755/1964/1501 1752/1965/1498 1737/1890/1335 
f 1717/1949/1338 1753/1948/1500 1758/1955/1503 1724/1954/1345 
f 1744/1899/1344 1759/1966/1503 1756/1967/1500 1741/1896/1493 
usemtl Material__404
f 1761/1968/1504 1686/1817/1451 1687/1820/1452 1762/1969/1505 
f 1763/1970/1506 1688/1821/1453 1689/1824/1454 1764/1971/1507 
f 1765/1972/1508 1690/1825/1455 1691/1828/1456 1766/1973/1509 
f 1767/1974/1510 1692/1829/1457 1693/1832/1458 1768/1975/1511 
f 1762/1969/1505 1687/1820/1452 1688/1976/1453 1763/1977/1506 
f 1768/1975/1511 1693/1832/1458 1686/1978/1451 1761/1979/1504 
f 1764/1971/1507 1689/1824/1454 1690/1980/1455 1765/1981/1508 
f 1766/1973/1509 1691/1828/1456 1692/1982/1457 1767/1983/1510 
usemtl Material__741
f 1632/1984/1398 1769/1985/1512 1770/1986/1513 1631/1987/1397 
f 1623/1725/1389 1771/1988/1514 1772/1989/1515 1624/1726/1390 
f 1634/1990/1400 1773/1991/1516 1774/1992/1517 1637/1993/1403 
f 1627/1729/1393 1775/1994/1518 1776/1995/1519 1628/1730/1394 
f 1631/1733/1397 1770/1996/1513 1771/1997/1514 1623/1734/1389 
f 1628/1737/1394 1776/1998/1519 1769/1999/1512 1632/1738/1398 
f 1624/1741/1390 1772/2000/1515 1773/2001/1516 1634/1742/1400 
f 1637/1745/1403 1774/2002/1517 1775/2003/1518 1627/1746/1393 
usemtl Material__404
f 1762/2004/1505 1770/2005/1513 1769/2006/1512 1761/2007/1504 
f 1764/2008/1507 1772/2009/1515 1771/2010/1514 1763/2011/1506 
f 1766/2012/1509 1774/2013/1517 1773/2014/1516 1765/2015/1508 
f 1768/2016/1511 1776/2017/1519 1775/2018/1518 1767/2019/1510 
f 1763/2011/1506 1771/2010/1514 1770/2005/1513 1762/2004/1505 
f 1761/2007/1504 1769/2006/1512 1776/2017/1519 1768/2016/1511 
f 1765/2015/1508 1773/2014/1516 1772/2009/1515 1764/2008/1507 
f 1767/2019/1510 1775/2018/1518 1774/2013/1517 1766/2012/1509 
usemtl Material__741
f 1777/2020/1520 1778/2021/1521 1779/2022/1522 1780/2023/1523 
f 1781/2024/1524 1782/2025/1525 1783/2026/1526 1784/2027/1527 
f 1785/2028/1528 1786/2029/1529 1787/2030/1530 1788/2031/1531 
f 1789/2032/1532 1790/2033/1533 1791/2034/1534 1792/2035/1535 
f 1699/1846/1464 1793/1846/1536 1794/2036/1537 1700/1847/1465 
f 1701/1848/1466 1795/2037/1538 1793/1846/1536 1699/1846/1464 
f 1702/1849/1467 1796/2038/1539 1795/2037/1538 1701/1848/1466 
f 1700/1847/1465 1794/2036/1537 1796/2038/1539 1702/1849/1467 
f 1793/1846/1536 1795/2037/1538 1796/2038/1539 1794/2036/1537 
f 1797/2039/1540 1798/2040/1541 1799/2041/1542 1800/2042/1543 
f 1801/2043/1544 1802/2044/1545 1803/2045/1546 
f 1804/2046/1547 1805/2047/1548 1806/2048/1549 
f 1807/2049/1550 1808/2050/1551 1809/2051/1552 
f 1810/2052/1553 1811/2053/1554 1812/2054/1555 
f 1790/2033/1533 1797/2039/1540 1777/2020/1520 
f 1778/2021/1521 1800/2042/1543 1781/2024/1524 
f 1782/2025/1525 1799/2041/1542 1785/2028/1528 
f 1786/2029/1529 1798/2040/1541 1789/2032/1532 
f 1801/2043/1544 1803/2045/1546 1804/2046/1547 1806/2048/1549 
f 1806/2048/1549 1805/2047/1548 1807/2049/1550 1809/2051/1552 
f 1809/2051/1552 1808/2050/1551 1811/2053/1554 1810/2052/1553 
f 1810/2052/1553 1812/2054/1555 1802/2044/1545 1801/2043/1544 
f 1790/2033/1533 1777/2020/1520 1780/2023/1523 1791/2034/1534 
f 1778/2021/1521 1781/2024/1524 1784/2027/1527 1779/2022/1522 
f 1782/2025/1525 1785/2028/1528 1788/2031/1531 1783/2026/1526 
f 1786/2029/1529 1789/2032/1532 1792/2035/1535 1787/2030/1530 
f 1777/2020/1520 1797/2039/1540 1800/2042/1543 1778/2021/1521 
f 1781/2024/1524 1800/2042/1543 1799/2041/1542 1782/2025/1525 
f 1785/2028/1528 1799/2041/1542 1798/2040/1541 1786/2029/1529 
f 1789/2032/1532 1798/2040/1541 1797/2039/1540 1790/2033/1533 
s 2
f 1813/2055/1556 1814/2056/1557 1815/2057/1558 1816/2058/1559 
f 1817/2059/1559 1818/2060/1560 1814/2056/1557 1813/2055/1556 
f 1819/2061/1561 1820/2062/1562 1818/2060/1560 1817/2059/1559 
f 1816/2058/1559 1815/2057/1558 1820/2062/1562 1819/2061/1561 
s 1
f 1815/2057/1558 1814/2056/1557 1611/2063/1377 1610/2064/1376 
s 8
f 1814/2056/1557 1818/2060/1560 1612/2065/1378 1611/2063/1377 
s 1
f 1818/2060/1560 1820/2062/1562 1613/2066/1379 1612/2065/1378 
s 8
f 1820/2062/1562 1815/2057/1558 1610/2064/1376 1613/2066/1379 
s off
f 1801/2043/1544 1806/2048/1549 1821/2067/1563 1822/2068/1564 
f 1806/2048/1549 1809/2051/1552 1823/2069/1565 1821/2067/1563 
f 1809/2051/1552 1810/2052/1553 1824/2070/1566 1823/2069/1565 
f 1810/2052/1553 1801/2043/1544 1822/2068/1564 1824/2070/1566 
f 1822/2068/1564 1821/2067/1563 1589/2071/1355 1588/2072/1354 
f 1821/2067/1563 1823/2069/1565 1590/2073/1356 1589/2071/1355 
f 1823/2069/1565 1824/2070/1566 1591/2074/1357 1590/2073/1356 
f 1824/2070/1566 1822/2068/1564 1588/2072/1354 1591/2074/1357 
f 1605/1707/1371 1599/1701/1365 1598/1700/1364 1825/1700/1567 1826/1707/1568 
f 1598/1700/1364 1603/1705/1369 1827/1705/1569 1825/1700/1567 
f 1603/1705/1369 1606/1708/1372 1828/1708/1570 1827/1705/1569 
f 1606/1708/1372 1605/1707/1371 1826/1707/1568 1828/1708/1570 
f 1826/1707/1568 1825/1700/1567 1829/1700/1571 1830/1707/1572 
f 1825/1700/1567 1827/1705/1569 1831/1705/1573 1829/1700/1571 
f 1827/1705/1569 1828/1708/1570 1832/1708/1574 1831/1705/1573 
f 1828/1708/1570 1826/1707/1568 1830/1707/1572 1832/1708/1574 
usemtl Material__740
s 64
f 1830/2075/1572 1829/2076/1571 1831/2077/1573 1832/2078/1574 
usemtl Material__741
s off
f 1833/2079/1575 1804/2046/1547 1803/2045/1546 1834/2080/1576 
f 1835/2081/1577 1807/2049/1550 1805/2047/1548 1836/2082/1578 
f 1837/2083/1579 1811/2053/1554 1808/2050/1551 1838/2084/1580 
f 1839/2085/1581 1802/2044/1545 1812/2054/1555 1840/2086/1582 
f 1834/2080/1576 1803/2045/1546 1802/2044/1545 1839/2085/1581 
f 1836/2082/1578 1805/2047/1548 1804/2046/1547 1833/2079/1575 
f 1838/2084/1580 1808/2050/1551 1807/2049/1550 1835/2081/1577 
f 1840/2086/1582 1812/2054/1555 1811/2053/1554 1837/2083/1579 
usemtl Material__404
f 1841/2087/1583 1842/2088/1584 1843/2089/1585 1844/2090/1586 
f 1845/2091/1587 1846/2092/1588 1847/2093/1589 1848/2094/1590 
f 1849/2095/1591 1850/2096/1592 1851/2097/1593 1852/2098/1594 
f 1853/2099/1595 1854/2100/1596 1855/2101/1597 1856/2102/1598 
f 1844/2103/1586 1843/2104/1585 1854/2100/1596 1853/2099/1595 
f 1848/2094/1590 1847/2093/1589 1842/2105/1584 1841/2106/1583 
f 1852/2107/1594 1851/2108/1593 1846/2092/1588 1845/2091/1587 
f 1856/2102/1598 1855/2101/1597 1850/2109/1592 1849/2110/1591 
usemtl Material__741
f 1842/2111/1584 1833/2112/1575 1834/2113/1576 1843/2114/1585 
f 1844/2115/1586 1780/2116/1523 1779/2117/1522 1841/2118/1583 
f 1846/2119/1588 1835/2120/1577 1836/2121/1578 1847/2122/1589 
f 1848/2123/1590 1784/2124/1527 1783/2125/1526 1845/2126/1587 
f 1850/2127/1592 1837/2128/1579 1838/2129/1580 1851/2130/1593 
f 1852/2131/1594 1788/2132/1531 1787/2133/1530 1849/2134/1591 
f 1854/2135/1596 1839/2136/1581 1840/2137/1582 1855/2138/1597 
f 1856/2139/1598 1792/2140/1535 1791/2141/1534 1853/2142/1595 
f 1843/2114/1585 1834/2113/1576 1839/2143/1581 1854/2144/1596 
f 1853/2145/1595 1791/2146/1534 1780/2116/1523 1844/2115/1586 
f 1847/2147/1589 1836/2148/1578 1833/2112/1575 1842/2111/1584 
f 1841/2118/1583 1779/2117/1522 1784/2149/1527 1848/2150/1590 
f 1851/2130/1593 1838/2129/1580 1835/2151/1577 1846/2152/1588 
f 1845/2153/1587 1783/2154/1526 1788/2132/1531 1852/2131/1594 
f 1855/2155/1597 1840/2156/1582 1837/2128/1579 1850/2127/1592 
f 1849/2134/1591 1787/2133/1530 1792/2157/1535 1856/2158/1598 
f 1585/1687/1351 1584/1686/1350 1857/1686/1599 1858/1687/1600 
f 1584/1686/1350 1602/1704/1368 1859/1704/1601 1857/1686/1599 
f 1602/1704/1368 1696/1843/1461 1860/1843/1602 1859/1704/1601 
f 1696/1843/1461 1585/1687/1351 1858/1687/1600 1860/1843/1602 
f 1858/1687/1600 1857/1686/1599 1861/2159/1603 1862/2160/1604 
f 1857/1686/1599 1859/1704/1601 1863/2161/1605 1861/2159/1603 
f 1859/1704/1601 1860/1843/1602 1864/2162/1606 1863/2161/1605 
f 1860/1843/1602 1858/1687/1600 1862/2160/1604 1864/2162/1606 
usemtl Material__740
f 1861/2163/1603 1863/2164/1605 1864/2165/1606 1862/2166/1604 
usemtl Material__741
f 1609/1711/1375 1608/1710/1374 1865/1710/1607 1866/1711/1608 
f 1608/1710/1374 1604/1706/1370 1867/1706/1609 1865/1710/1607 
f 1604/1706/1370 1607/1709/1373 1868/1709/1610 1867/1706/1609 
f 1607/1709/1373 1609/1711/1375 1866/1711/1608 1868/1709/1610 
f 1866/1711/1608 1865/1710/1607 1869/1710/1611 1870/1711/1612 
f 1865/1710/1607 1867/1706/1609 1871/1706/1613 1869/1710/1611 
f 1867/1706/1609 1868/1709/1610 1872/1709/1614 1871/1706/1613 
f 1868/1709/1610 1866/1711/1608 1870/1711/1612 1872/1709/1614 
usemtl Material__404
s 1
f 1873/2167/1276 1874/2168/1277 1875/2169/1278 1876/2170/1279 
f 1877/2171/1278 1878/2172/1279 1879/2173/1276 1880/2174/1277 
f 1881/2175/1280 1882/2176/1281 1874/2168/1277 1873/2167/1276 
f 1880/2174/1277 1879/2173/1276 1883/2177/1280 1884/2178/1281 
f 1885/2179/1282 1886/2180/1283 1882/2181/1281 1881/2182/1280 
f 1884/2183/1281 1883/2184/1280 1887/2185/1282 1888/2186/1283 
f 1889/2187/1284 1890/2188/1285 1886/2180/1283 1885/2179/1282 
f 1888/2186/1283 1887/2185/1282 1891/2189/1284 1892/2190/1285 
f 1893/2191/1286 1894/2192/1287 1890/2193/1285 1889/2194/1284 
f 1892/2195/1285 1891/2196/1284 1895/2197/1286 1896/2198/1287 
f 1897/2199/1288 1898/2200/1289 1894/2192/1287 1893/2191/1286 
f 1896/2198/1287 1895/2197/1286 1899/2201/1288 1900/2202/1289 
f 1901/2203/1290 1902/2204/1291 1898/2205/1289 1897/2206/1288 
f 1900/2207/1289 1899/2208/1288 1903/2209/1290 1904/2210/1291 
f 1876/2211/1279 1875/2212/1278 1902/2204/1291 1901/2203/1290 
f 1904/2210/1291 1903/2209/1290 1878/2213/1279 1877/2214/1278 
f 1905/2215/1276 1906/2216/1277 1907/2217/1278 1908/2218/1279 
f 1909/2219/1280 1910/2220/1281 1906/2216/1277 1905/2215/1276 
f 1911/2221/1282 1912/2222/1283 1910/2223/1281 1909/2224/1280 
f 1913/2225/1284 1914/2226/1285 1912/2222/1283 1911/2221/1282 
f 1915/2227/1286 1916/2228/1287 1914/2229/1285 1913/2230/1284 
f 1917/2231/1288 1918/2232/1289 1916/2228/1287 1915/2227/1286 
f 1919/2233/1290 1920/2234/1291 1918/2235/1289 1917/2236/1288 
f 1908/2237/1279 1907/2238/1278 1920/2234/1291 1919/2233/1290 
f 1921/2239/1276 1661/2240/1427 1521/2241/1292 1922/2242/1279 
f 1923/2243/1278 1924/2244/1615 1925/2245/1616 1926/2246/1277 
f 1927/2247/1280 1522/2248/1293 1661/2240/1427 1921/2239/1276 
f 1926/2246/1277 1925/2245/1616 1928/2249/1617 1929/2250/1281 
f 1930/2251/1282 1523/2252/1294 1522/2253/1293 1927/2254/1280 
f 1929/2255/1281 1928/2256/1617 1931/2257/1618 1932/2258/1283 
f 1933/2259/1284 1659/2260/1425 1523/2252/1294 1930/2251/1282 
f 1932/2258/1283 1931/2257/1618 1934/2261/1619 1935/2262/1285 
f 1936/2263/1286 1662/2264/1428 1659/2265/1425 1933/2266/1284 
f 1935/2267/1285 1934/2268/1619 1937/2269/1620 1938/2270/1287 
f 1939/2271/1288 1660/2272/1426 1662/2264/1428 1936/2263/1286 
f 1938/2270/1287 1937/2269/1620 1940/2273/1621 1941/2274/1289 
f 1942/2275/1290 1524/2276/1295 1660/2277/1426 1939/2278/1288 
f 1941/2279/1289 1940/2280/1621 1943/2281/1622 1944/2282/1291 
f 1922/2283/1279 1521/2284/1292 1524/2276/1295 1942/2275/1290 
f 1944/2282/1291 1943/2281/1622 1924/2285/1615 1923/2286/1278 
s 2
f 1506/1568/1277 1945/2287/1623 1946/2288/1624 1507/1569/1278 
f 1508/1570/1279 1947/2289/1625 1948/2290/1626 1505/1567/1276 
f 1510/1572/1281 1949/2291/1627 1945/2287/1623 1506/1568/1277 
f 1505/1567/1276 1948/2290/1626 1950/2292/1628 1509/1571/1280 
f 1512/1574/1283 1951/2293/1629 1949/2294/1627 1510/1575/1281 
f 1509/1576/1280 1950/2295/1628 1952/2296/1630 1511/1573/1282 
f 1514/1578/1285 1953/2297/1631 1951/2293/1629 1512/1574/1283 
f 1511/1573/1282 1952/2296/1630 1954/2298/1632 1513/1577/1284 
f 1516/1580/1287 1955/2299/1633 1953/2300/1631 1514/1581/1285 
f 1513/1582/1284 1954/2301/1632 1956/2302/1634 1515/1579/1286 
f 1518/1584/1289 1957/2303/1635 1955/2299/1633 1516/1580/1287 
f 1515/1579/1286 1956/2302/1634 1958/2304/1636 1517/1583/1288 
f 1520/1586/1291 1959/2305/1637 1957/2306/1635 1518/1587/1289 
f 1517/1588/1288 1958/2307/1636 1960/2308/1638 1519/1585/1290 
f 1507/1590/1278 1946/2309/1624 1959/2305/1637 1520/1586/1291 
f 1519/1585/1290 1960/2308/1638 1947/2310/1625 1508/1589/1279 
f 1874/2168/1277 1961/2311/1623 1962/2312/1624 1875/2169/1278 
f 1876/2170/1279 1963/2313/1639 1964/2314/1626 1873/2167/1276 
f 1878/2172/1279 1965/2315/1639 1966/2316/1626 1879/2173/1276 
f 1880/2174/1277 1967/2317/1623 1968/2318/1624 1877/2171/1278 
f 1882/2176/1281 1969/2319/1627 1961/2311/1623 1874/2168/1277 
f 1873/2167/1276 1964/2314/1626 1970/2320/1628 1881/2175/1280 
f 1879/2173/1276 1966/2316/1626 1971/2321/1628 1883/2177/1280 
f 1884/2178/1281 1972/2322/1627 1967/2317/1623 1880/2174/1277 
f 1886/2180/1283 1973/2323/1629 1969/2324/1627 1882/2181/1281 
f 1881/2182/1280 1970/2325/1628 1974/2326/1630 1885/2179/1282 
f 1883/2184/1280 1971/2327/1628 1975/2328/1630 1887/2185/1282 
f 1888/2186/1283 1976/2329/1629 1972/2330/1627 1884/2183/1281 
f 1890/2188/1285 1977/2331/1631 1973/2323/1629 1886/2180/1283 
f 1885/2179/1282 1974/2326/1630 1978/2332/1640 1889/2187/1284 
f 1887/2185/1282 1975/2328/1630 1979/2333/1640 1891/2189/1284 
f 1892/2190/1285 1980/2334/1631 1976/2329/1629 1888/2186/1283 
f 1894/2192/1287 1981/2335/1633 1977/2336/1631 1890/2193/1285 
f 1889/2194/1284 1978/2337/1640 1982/2338/1634 1893/2191/1286 
f 1891/2196/1284 1979/2339/1640 1983/2340/1634 1895/2197/1286 
f 1896/2198/1287 1984/2341/1633 1980/2342/1631 1892/2195/1285 
f 1898/2200/1289 1985/2343/1635 1981/2335/1633 1894/2192/1287 
f 1893/2191/1286 1982/2338/1634 1986/2344/1636 1897/2199/1288 
f 1895/2197/1286 1983/2340/1634 1987/2345/1636 1899/2201/1288 
f 1900/2202/1289 1988/2346/1635 1984/2341/1633 1896/2198/1287 
f 1902/2204/1291 1989/2347/1637 1985/2348/1635 1898/2205/1289 
f 1897/2206/1288 1986/2349/1636 1990/2350/1638 1901/2203/1290 
f 1899/2208/1288 1987/2351/1636 1991/2352/1638 1903/2209/1290 
f 1904/2210/1291 1992/2353/1637 1988/2354/1635 1900/2207/1289 
f 1875/2212/1278 1962/2355/1624 1989/2347/1637 1902/2204/1291 
f 1901/2203/1290 1990/2350/1638 1963/2356/1639 1876/2211/1279 
f 1903/2209/1290 1991/2352/1638 1965/2357/1639 1878/2213/1279 
f 1877/2214/1278 1968/2358/1624 1992/2353/1637 1904/2210/1291 
f 1906/2216/1277 1993/2359/1623 1994/2360/1624 1907/2217/1278 
f 1908/2218/1279 1995/2361/1625 1996/2362/1626 1905/2215/1276 
f 1910/2220/1281 1997/2363/1627 1993/2359/1623 1906/2216/1277 
f 1905/2215/1276 1996/2362/1626 1998/2364/1641 1909/2219/1280 
f 1912/2222/1283 1999/2365/1629 1997/2366/1627 1910/2223/1281 
f 1909/2224/1280 1998/2367/1641 2000/2368/1630 1911/2221/1282 
f 1914/2226/1285 2001/2369/1631 1999/2365/1629 1912/2222/1283 
f 1911/2221/1282 2000/2368/1630 2002/2370/1640 1913/2225/1284 
f 1916/2228/1287 2003/2371/1633 2001/2372/1631 1914/2229/1285 
f 1913/2230/1284 2002/2373/1640 2004/2374/1634 1915/2227/1286 
f 1918/2232/1289 2005/2375/1635 2003/2371/1633 1916/2228/1287 
f 1915/2227/1286 2004/2374/1634 2006/2376/1636 1917/2231/1288 
f 1920/2234/1291 2007/2377/1637 2005/2378/1635 1918/2235/1289 
f 1917/2236/1288 2006/2379/1636 2008/2380/1638 1919/2233/1290 
f 1907/2238/1278 1994/2381/1624 2007/2377/1637 1920/2234/1291 
f 1919/2233/1290 2008/2380/1638 1995/2382/1625 1908/2237/1279 
f 1922/2242/1279 2009/2383/1639 2010/2384/1626 1921/2239/1276 
f 1926/2246/1277 2011/2385/1623 2012/2386/1624 1923/2243/1278 
f 1921/2239/1276 2010/2384/1626 2013/2387/1641 1927/2247/1280 
f 1929/2250/1281 2014/2388/1627 2011/2385/1623 1926/2246/1277 
f 1927/2254/1280 2013/2389/1641 2015/2390/1630 1930/2251/1282 
f 1932/2258/1283 2016/2391/1629 2014/2392/1627 1929/2255/1281 
f 1930/2251/1282 2015/2390/1630 2017/2393/1640 1933/2259/1284 
f 1935/2262/1285 2018/2394/1631 2016/2391/1629 1932/2258/1283 
f 1933/2266/1284 2017/2395/1640 2019/2396/1634 1936/2263/1286 
f 1938/2270/1287 2020/2397/1633 2018/2398/1631 1935/2267/1285 
f 1936/2263/1286 2019/2396/1634 2021/2399/1636 1939/2271/1288 
f 1941/2274/1289 2022/2400/1635 2020/2397/1633 1938/2270/1287 
f 1939/2278/1288 2021/2401/1636 2023/2402/1638 1942/2275/1290 
f 1944/2282/1291 2024/2403/1637 2022/2404/1635 1941/2279/1289 
f 1942/2275/1290 2023/2402/1638 2009/2405/1639 1922/2283/1279 
f 1923/2286/1278 2012/2406/1624 2024/2403/1637 1944/2282/1291 
s 8
f 2025/2407/1642 1669/2408/1435 1672/2409/1438 2026/2410/1643 
f 2027/2411/1644 1673/2412/1439 1669/2408/1435 2025/2407/1642 
f 2028/2413/1645 1675/2414/1441 1673/2412/1439 2027/2411/1644 
f 2029/2415/1646 1677/2416/1443 1675/2414/1441 2028/2413/1645 
f 2030/2417/1647 1679/2418/1445 1677/2416/1443 2029/2415/1646 
f 2031/2419/1648 1681/2420/1447 1679/2421/1445 2030/2422/1647 
f 2032/2423/1649 1683/2424/1449 1681/2420/1447 2031/2419/1648 
f 2026/2410/1643 1672/2409/1438 1683/2424/1449 2032/2423/1649 
usemtl Material__741
s off
f 1707/1854/1471 1703/1850/1468 1560/1654/1326 1722/1869/1477 
f 1703/1850/1468 1707/1854/1471 1706/1853/1470 1704/1851/1469 
f 1711/1877/1473 1561/1655/1327 1704/1851/1469 1706/1853/1470 
f 1561/1655/1327 1711/1877/1473 1710/1857/1472 1562/1656/1328 
f 1719/1889/1476 1663/1785/1429 1562/1656/1328 1710/1857/1472 
f 1663/1785/1429 1719/1889/1476 1718/1865/1475 1664/1786/1430 
f 1723/1895/1478 1563/1657/1329 1664/1786/1430 1718/1865/1475 
f 1563/1657/1329 1723/1895/1478 1722/1869/1477 1560/1654/1326 
s 1
f 1730/1879/1484 1729/1878/1483 2033/1936/1650 2034/2425/1651 
f 1729/1936/1483 1736/1939/1489 2035/1939/1652 2033/1936/1650 
f 1736/1885/1489 1735/1884/1488 2036/2426/1653 2035/1939/1652 
f 1735/2426/1488 1730/2425/1484 2034/2425/1651 2036/2426/1653 
f 1742/1897/1494 1741/1896/1493 2037/1950/1654 2038/2427/1655 
f 1741/1950/1493 1740/1953/1492 2039/1953/1656 2037/1950/1654 
f 1740/1893/1492 1739/1892/1491 2040/2428/1657 2039/1953/1656 
f 1739/2428/1491 1742/2427/1494 2038/2427/1655 2040/2428/1657 
s off
f 2034/2425/1651 2033/1936/1650 2041/1936/1658 2042/2425/1659 
f 2033/1936/1650 2035/1939/1652 2043/1939/1660 2041/1936/1658 
f 2035/1939/1652 2036/2426/1653 2044/2426/1661 2043/1939/1660 
f 2036/2426/1653 2034/2425/1651 2042/2425/1659 2044/2426/1661 
f 2038/2427/1655 2037/1950/1654 2045/1950/1662 2046/2427/1663 
f 2037/1950/1654 2039/1953/1656 2047/1953/1664 2045/1950/1662 
f 2039/1953/1656 2040/2428/1657 2048/2428/1665 2047/1953/1664 
f 2040/2428/1657 2038/2427/1655 2046/2427/1663 2048/2428/1665 
usemtl Material__740
s 1
f 2043/2429/1660 2044/2430/1661 2042/2431/1659 2041/2432/1658 
f 2047/2433/1664 2048/2434/1665 2046/2435/1663 2045/2436/1662 
usemtl Material__404
s off
f 1583/2437/1349 1582/2438/1348 2049/2439/1666 2050/2440/1667 
f 1582/2438/1348 1608/2441/1374 2051/2442/1668 2049/2439/1666 
f 1608/2441/1374 1609/2443/1375 2052/2444/1669 2051/2442/1668 
f 1609/2443/1375 1586/2445/1352 2053/2446/1670 2052/2444/1669 
f 1586/2445/1352 1585/2447/1351 2054/2448/1671 2053/2446/1670 
f 1585/2447/1351 1696/2449/1461 2055/2450/1672 2054/2448/1671 
f 1696/2449/1461 1596/2451/1362 2056/2452/1673 2055/2450/1672 
f 1596/2451/1362 1583/2437/1349 2050/2440/1667 2056/2452/1673 
f 2049/2439/1666 1665/1787/1431 1593/1695/1359 2050/2440/1667 
f 2051/2442/1668 1667/1789/1433 1665/1787/1431 2049/2439/1666 
f 2052/2444/1669 1668/1790/1434 1667/1789/1433 2051/2442/1668 
f 2053/2446/1670 1666/1788/1432 1668/1790/1434 2052/2444/1669 
f 2054/2448/1671 1594/1696/1360 1666/1788/1432 2053/2446/1670 
f 2055/2450/1672 1595/1697/1361 1594/1696/1360 2054/2448/1671 
f 2056/2452/1673 1592/1694/1358 1595/1697/1361 2055/2450/1672 
f 2050/2440/1667 1593/1695/1359 1592/1694/1358 2056/2452/1673 
usemtl Material__741
f 1633/1739/1399 1632/1738/1398 2057/1984/1674 2058/2453/1675 
f 1632/1984/1398 1631/1987/1397 2059/1987/1676 2057/1984/1674 
f 1631/1733/1397 1630/1732/1396 2060/2454/1677 2059/1987/1676 
f 1630/2454/1396 1633/2453/1399 2058/2453/1675 2060/2454/1677 
usemtl Material__404
f 2058/2455/1675 2057/2456/1674 2061/2457/1678 2062/2458/1679 
f 2057/2456/1674 2059/2459/1676 2063/2460/1680 2061/2457/1678 
f 2059/2459/1676 2060/2461/1677 2064/2462/1681 2063/2460/1680 
f 2060/2461/1677 2058/2455/1675 2062/2458/1679 2064/2462/1681 
s 1
f 2065/2463/1682 2066/2464/1683 2067/2465/1684 2068/2466/1685 
f 2066/2464/1683 2069/2467/1686 2070/2468/1687 2067/2465/1684 
f 2069/2467/1686 2071/2469/1688 2072/2470/1689 2070/2468/1687 
f 2071/2469/1688 2073/2471/1690 2074/2472/1691 2072/2470/1689 
f 2073/2471/1690 2075/2473/1692 2076/2474/1693 2074/2472/1691 
f 2075/2475/1692 2077/2476/1694 2078/2477/1695 2076/2478/1693 
f 2077/2476/1694 2079/2479/1696 2080/2480/1697 2078/2477/1695 
f 2079/2479/1696 2081/2481/1698 2082/2482/1699 2080/2480/1697 
f 2081/2481/1698 2083/2483/1700 2084/2484/1701 2082/2482/1699 
f 2083/2483/1700 2085/2485/1702 2086/2486/1703 2084/2484/1701 
f 2085/2485/1702 2087/2487/1704 2088/2488/1705 2086/2486/1703 
f 2087/2487/1704 2089/2489/1706 2090/2490/1707 2088/2488/1705 
f 2089/2489/1706 2091/2491/1708 2092/2492/1709 2090/2490/1707 
f 2091/2491/1708 2093/2493/1710 2094/2494/1711 2092/2492/1709 
f 2093/2493/1710 2095/2495/1712 2096/2496/1713 2094/2494/1711 
f 2095/2495/1712 2097/2497/1714 2098/2498/1715 2096/2496/1713 
f 2097/2497/1714 2099/2499/1716 2100/2500/1717 2098/2498/1715 
f 2099/2499/1716 2065/2463/1682 2068/2466/1685 2100/2500/1717 
s 2
f 2101/2501/1718 2102/2502/1719 2103/2503/1720 2104/2504/1721 2105/2505/1722 2106/2506/1723 2107/2507/1724 2108/2508/1725 2109/2509/1726 2110/2510/1727 2111/2511/1728 2112/2512/1729 2113/2513/1730 2114/2514/1731 2115/2515/1732 2116/2516/1733 2117/2517/1734 2118/2518/1735 
s 4
f 2065/2463/1682 2119/2519/1736 2120/2520/1737 2066/2464/1683 
f 2066/2464/1683 2120/2520/1737 2121/2521/1738 2069/2467/1686 
f 2069/2467/1686 2121/2521/1738 2122/2522/1739 2071/2469/1688 
f 2071/2469/1688 2122/2522/1739 2123/2523/1740 2073/2471/1690 
f 2073/2471/1690 2123/2523/1740 2124/2524/1741 2075/2473/1692 
f 2075/2475/1692 2124/2525/1741 2125/2526/1742 2077/2476/1694 
f 2077/2476/1694 2125/2526/1742 2126/2527/1743 2079/2479/1696 
f 2079/2479/1696 2126/2527/1743 2127/2528/1744 2081/2481/1698 
f 2081/2481/1698 2127/2528/1744 2128/2529/1745 2083/2483/1700 
f 2083/2483/1700 2128/2529/1745 2129/2530/1746 2085/2485/1702 
f 2085/2485/1702 2129/2530/1746 2130/2531/1747 2087/2487/1704 
f 2087/2487/1704 2130/2531/1747 2131/2532/1748 2089/2489/1706 
f 2089/2489/1706 2131/2532/1748 2132/2533/1749 2091/2491/1708 
f 2091/2491/1708 2132/2533/1749 2133/2534/1750 2093/2493/1710 
f 2093/2493/1710 2133/2534/1750 2134/2535/1751 2095/2495/1712 
f 2095/2495/1712 2134/2535/1751 2135/2536/1752 2097/2497/1714 
f 2097/2497/1714 2135/2536/1752 2136/2537/1753 2099/2499/1716 
f 2099/2499/1716 2136/2537/1753 2119/2519/1736 2065/2463/1682 
usemtl Material__741
s 8
f 2137/2538/1754 2138/2539/1755 2139/2540/1756 2140/2541/1757 
f 2141/2542/1758 2142/2543/1759 2138/2539/1755 2137/2538/1754 
f 2143/2544/1760 2144/2545/1761 2142/2543/1759 2141/2542/1758 
f 2145/2546/1762 2146/2547/1763 2144/2545/1761 2143/2544/1760 
f 2147/2548/1764 2148/2549/1765 2146/2550/1763 2145/2551/1762 
f 2149/2552/1766 2150/2553/1767 2148/2549/1765 2147/2548/1764 
f 2151/2554/1768 2152/2555/1769 2150/2553/1767 2149/2552/1766 
f 2153/2556/1770 2154/2557/1771 2155/2558/1772 2156/2559/1773 
f 2157/2560/1774 2158/2561/1775 2154/2557/1771 2153/2556/1770 
f 2159/2562/1776 2160/2563/1777 2158/2561/1775 2157/2560/1774 
f 2161/2564/1778 2162/2565/1779 2160/2563/1777 2159/2562/1776 
f 2163/2566/1780 2164/2567/1781 2162/2565/1779 2161/2564/1778 
usemtl Material__404
s 2
f 2067/2465/1684 2165/2568/1756 2166/2569/735 2068/2466/1685 
f 2070/2468/1687 2167/2570/1755 2165/2568/1756 2067/2465/1684 
f 2072/2470/1689 2168/2571/1782 2167/2570/1755 2070/2468/1687 
f 2074/2472/1691 2169/2572/1761 2168/2571/1782 2072/2470/1689 
f 2076/2474/1693 2170/2573/1763 2169/2572/1761 2074/2472/1691 
f 2078/2477/1695 2171/2574/1765 2170/2575/1763 2076/2478/1693 
f 2080/2480/1697 2172/2576/1767 2171/2574/1765 2078/2477/1695 
f 2082/2482/1699 2173/2577/1769 2172/2576/1767 2080/2480/1697 
f 2084/2484/1701 2174/2578/1238 2173/2577/1769 2082/2482/1699 
f 2086/2486/1703 2175/2579/1783 2174/2578/1238 2084/2484/1701 
f 2088/2488/1705 2176/2580/1772 2175/2579/1783 2086/2486/1703 
f 2090/2490/1707 2177/2581/1784 2176/2580/1772 2088/2488/1705 
f 2092/2492/1709 2178/2582/1785 2177/2581/1784 2090/2490/1707 
f 2094/2494/1711 2179/2583/1786 2178/2582/1785 2092/2492/1709 
f 2096/2496/1713 2180/2584/1787 2179/2583/1786 2094/2494/1711 
f 2098/2498/1715 2181/2585/1781 2180/2584/1787 2096/2496/1713 
f 2100/2500/1717 2182/2586/1788 2181/2585/1781 2098/2498/1715 
f 2068/2466/1685 2166/2569/735 2182/2586/1788 2100/2500/1717 
usemtl Material__741
s 1
f 2183/2587/1789 2166/2588/735 2165/2589/1756 2140/2541/1757 
f 2140/2541/1757 2165/2589/1756 2167/2590/1755 2137/2538/1754 
f 2137/2538/1754 2167/2590/1755 2168/2591/1782 2141/2542/1758 
f 2141/2542/1758 2168/2591/1782 2169/2592/1761 2143/2544/1760 
f 2143/2544/1760 2169/2592/1761 2170/2593/1763 2145/2546/1762 
f 2145/2551/1762 2170/2594/1763 2171/2595/1765 2147/2548/1764 
f 2147/2548/1764 2171/2595/1765 2172/2596/1767 2149/2552/1766 
f 2149/2552/1766 2172/2596/1767 2173/2597/1769 2151/2554/1768 
f 2151/2554/1768 2173/2597/1769 2174/2598/1238 2184/2599/1790 
f 2184/2599/1790 2174/2598/1238 2175/2600/1783 2185/2601/1791 
f 2185/2601/1791 2175/2600/1783 2176/2602/1772 2156/2559/1773 
f 2156/2559/1773 2176/2602/1772 2177/2603/1784 2153/2556/1770 
f 2153/2556/1770 2177/2603/1784 2178/2604/1785 2157/2560/1774 
f 2157/2560/1774 2178/2604/1785 2179/2605/1786 2159/2562/1776 
f 2159/2562/1776 2179/2605/1786 2180/2606/1787 2161/2564/1778 
f 2161/2564/1778 2180/2606/1787 2181/2607/1781 2163/2566/1780 
f 2163/2566/1780 2181/2607/1781 2182/2608/1788 2186/2609/1792 
f 2186/2609/1792 2182/2608/1788 2166/2588/735 2183/2587/1789 
usemtl Material__404
s off
f 2120/2610/1737 2119/2611/1736 2187/2612/1793 2188/2613/1794 
f 2119/2611/1736 2136/2614/1753 2189/2615/1795 2187/2612/1793 
f 2136/2614/1753 2135/2616/1752 2190/2617/1796 2189/2615/1795 
f 2135/2616/1752 2134/2618/1751 2191/2619/1797 2190/2617/1796 
f 2134/2618/1751 2133/2620/1750 2192/2621/1798 2191/2619/1797 
f 2133/2620/1750 2132/2622/1749 2193/2623/1799 2192/2621/1798 
f 2132/2622/1749 2131/2624/1748 2194/2625/1800 2193/2623/1799 
f 2131/2624/1748 2130/2626/1747 2195/2627/1801 2194/2625/1800 
f 2130/2626/1747 2129/2628/1746 2196/2629/1802 2195/2627/1801 
f 2129/2628/1746 2128/2630/1745 2197/2631/1803 2196/2629/1802 
f 2128/2630/1745 2127/2632/1744 2198/2633/1804 2197/2631/1803 
f 2127/2632/1744 2126/2634/1743 2199/2635/1805 2198/2633/1804 
f 2126/2634/1743 2125/2636/1742 2200/2637/1806 2199/2635/1805 
f 2125/2636/1742 2124/2638/1741 2201/2639/1807 2200/2637/1806 
f 2124/2638/1741 2123/2640/1740 2202/2641/1808 2201/2639/1807 
f 2123/2640/1740 2122/2642/1739 2203/2643/1809 2202/2641/1808 
f 2122/2642/1739 2121/2644/1738 2204/2645/1810 2203/2643/1809 
f 2121/2644/1738 2120/2610/1737 2188/2613/1794 2204/2645/1810 
f 2188/2613/1794 2187/2612/1793 2118/2518/1735 2117/2517/1734 
f 2187/2612/1793 2189/2615/1795 2101/2501/1718 2118/2518/1735 
f 2189/2615/1795 2190/2617/1796 2102/2502/1719 2101/2501/1718 
f 2190/2617/1796 2191/2619/1797 2103/2503/1720 2102/2502/1719 
f 2191/2619/1797 2192/2621/1798 2104/2504/1721 2103/2503/1720 
f 2192/2621/1798 2193/2623/1799 2105/2505/1722 2104/2504/1721 
f 2193/2623/1799 2194/2625/1800 2106/2506/1723 2105/2505/1722 
f 2194/2625/1800 2195/2627/1801 2107/2507/1724 2106/2506/1723 
f 2195/2627/1801 2196/2629/1802 2108/2508/1725 2107/2507/1724 
f 2196/2629/1802 2197/2631/1803 2109/2509/1726 2108/2508/1725 
f 2197/2631/1803 2198/2633/1804 2110/2510/1727 2109/2509/1726 
f 2198/2633/1804 2199/2635/1805 2111/2511/1728 2110/2510/1727 
f 2199/2635/1805 2200/2637/1806 2112/2512/1729 2111/2511/1728 
f 2200/2637/1806 2201/2639/1807 2113/2513/1730 2112/2512/1729 
f 2201/2639/1807 2202/2641/1808 2114/2514/1731 2113/2513/1730 
f 2202/2641/1808 2203/2643/1809 2115/2515/1732 2114/2514/1731 
f 2203/2643/1809 2204/2645/1810 2116/2516/1733 2115/2515/1732 
f 2204/2645/1810 2188/2613/1794 2117/2517/1734 2116/2516/1733 
usemtl Material__741
s 1
f 1616/1718/1382 2205/2646/1811 2206/2647/1812 1617/1719/1383 
f 1619/1721/1385 2207/2648/1813 2205/2646/1811 1616/1718/1382 
f 1621/1723/1387 2208/2649/1814 2207/2648/1813 1619/1721/1385 
f 1617/1719/1383 2206/2647/1812 2208/2649/1814 1621/1723/1387 
f 1816/2058/1559 2206/2647/1812 2205/2646/1811 1813/2055/1556 
f 1813/2055/1556 2205/2646/1811 2207/2648/1813 1817/2059/1559 
f 1817/2059/1559 2207/2648/1813 2208/2649/1814 1819/2061/1561 
f 1819/2061/1561 2208/2649/1814 2206/2647/1812 1816/2058/1559 
usemtl wire_115115115
f 2209/2650/1815 2210/2651/1816 2211/2652/1817 2212/2653/1818 2213/2654/1819 2214/2655/1820 2215/2656/1821 2216/2657/1822 
usemtl Material__404
f 2217/2658/1823 2218/2659/1824 2219/2660/1825 2220/2661/1826 
f 2221/2662/1827 2222/2663/1828 2218/2659/1824 2217/2658/1823 
f 2223/2664/1829 2224/2665/1830 2222/2666/1828 2221/2667/1827 
f 2225/2668/1831 2226/2669/1832 2224/2670/1830 2223/2671/1829 
f 2227/2672/1833 2228/2673/1834 2226/2669/1832 2225/2668/1831 
f 2229/2674/1835 2230/2675/1836 2228/2673/1834 2227/2672/1833 
f 2231/2676/1837 2232/2677/1838 2230/2678/1836 2229/2679/1835 
f 2220/2661/1826 2219/2660/1825 2232/2680/1838 2231/2681/1837 
usemtl Material__741
f 2233/1735/1839 2234/1727/1840 2235/1727/1841 2236/1735/1842 
f 2234/1727/1840 2237/1743/1843 2238/1743/1844 2235/1727/1841 
f 2237/1743/1843 2239/2682/1845 2240/2682/1846 2238/1743/1844 
f 2239/2682/1845 2241/1747/1847 2242/1747/1848 2240/2682/1846 
f 2241/1747/1847 2243/1731/1849 2244/1731/1850 2242/1747/1848 
f 2243/1731/1849 2245/1739/1851 2246/1739/1852 2244/1731/1850 
f 2245/1739/1851 2247/2454/1853 2248/2454/1854 2246/1739/1852 
f 2247/2454/1853 2233/1735/1839 2236/1735/1842 2248/2454/1854 
usemtl Material__404
s 2
f 2236/2683/1842 2235/2684/1841 2249/2685/1855 2250/2686/1856 
f 2235/2684/1841 2238/2687/1844 2251/2688/1857 2249/2685/1855 
f 2238/2687/1844 2240/2689/1846 2252/2690/1858 2251/2688/1857 
f 2240/2689/1846 2242/2691/1848 2253/2692/1859 2252/2690/1858 
f 2242/2691/1848 2244/2693/1850 2254/2694/1860 2253/2692/1859 
f 2244/2693/1850 2246/2695/1852 2255/2696/1861 2254/2694/1860 
f 2246/2695/1852 2248/2697/1854 2256/2698/1862 2255/2696/1861 
f 2248/2697/1854 2236/2683/1842 2250/2686/1856 2256/2698/1862 
s 4
f 2250/2699/1856 2249/2700/1855 2209/2701/1815 2216/2702/1822 
f 2249/2700/1855 2251/2703/1857 2210/2704/1816 2209/2701/1815 
s 8
f 2251/2705/1857 2252/2706/1858 2211/2707/1817 2210/2708/1816 
s 4
f 2252/2709/1858 2253/2710/1859 2212/2711/1818 2211/2712/1817 
f 2253/2710/1859 2254/2713/1860 2213/2714/1819 2212/2711/1818 
f 2254/2713/1860 2255/2715/1861 2214/2716/1820 2213/2714/1819 
s 8
f 2255/2717/1861 2256/2718/1862 2215/2719/1821 2214/2720/1820 
s 4
f 2256/2721/1862 2250/2699/1856 2216/2702/1822 2215/2722/1821 
usemtl Material__741
s 2
f 2257/1727/1863 2234/1727/1840 2233/1735/1839 2258/1735/1864 
s 1
f 2259/1735/1865 2260/1735/1866 2261/1727/1867 2262/1727/1868 
s 2
f 2263/1743/1869 2237/1743/1843 2234/1727/1840 2257/1727/1863 
s 1
f 2262/1727/1868 2261/1727/1867 2264/1743/1870 2265/1743/1871 
s 2
f 2266/2682/1872 2239/2682/1845 2237/1743/1843 2263/1743/1869 
s 1
f 2265/1743/1871 2264/1743/1870 2267/2682/1873 2268/2682/1874 
s 2
f 2269/1747/1875 2241/1747/1847 2239/2682/1845 2266/2682/1872 
s 1
f 2268/2682/1874 2267/2682/1873 2270/1747/1876 2271/1747/1877 
s 2
f 2272/1731/1878 2243/1731/1849 2241/1747/1847 2269/1747/1875 
s 1
f 2271/1747/1877 2270/1747/1876 2273/1731/1879 2274/1731/1880 
s 2
f 2275/1739/1881 2245/1739/1851 2243/1731/1849 2272/1731/1878 
s 1
f 2274/1731/1880 2273/1731/1879 2276/1739/1882 2277/1739/1883 
s 2
f 2278/2454/1884 2247/2454/1853 2245/1739/1851 2275/1739/1881 
s 1
f 2277/1739/1883 2276/1739/1882 2279/2454/1885 2280/2454/1886 
s 2
f 2258/1735/1864 2233/1735/1839 2247/2454/1853 2278/2454/1884 
s 1
f 2280/2454/1886 2279/2454/1885 2260/1735/1866 2259/1735/1865 
s 4
f 2257/1727/1863 2258/1735/1864 2219/1735/1825 2218/1727/1824 
f 2258/1735/1864 2278/2454/1884 2232/2454/1838 2219/1735/1825 
f 2278/2454/1884 2275/1739/1881 2230/1739/1836 2232/2454/1838 
f 2275/1739/1881 2272/1731/1878 2228/1731/1834 2230/1739/1836 
f 2272/1731/1878 2269/1747/1875 2226/1747/1832 2228/1731/1834 
f 2269/1747/1875 2266/2682/1872 2224/2682/1830 2226/1747/1832 
f 2266/2682/1872 2263/1743/1869 2222/1743/1828 2224/2682/1830 
f 2263/1743/1869 2257/1727/1863 2218/1727/1824 2222/1743/1828 
f 2259/1735/1865 2262/1727/1868 2217/1727/1823 2220/1735/1826 
f 2262/1727/1868 2265/1743/1871 2221/1743/1827 2217/1727/1823 
f 2265/1743/1871 2268/2682/1874 2223/2682/1829 2221/1743/1827 
f 2268/2682/1874 2271/1747/1877 2225/1747/1831 2223/2682/1829 
f 2271/1747/1877 2274/1731/1880 2227/1731/1833 2225/1747/1831 
f 2274/1731/1880 2277/1739/1883 2229/1739/1835 2227/1731/1833 
f 2277/1739/1883 2280/2454/1886 2231/2454/1837 2229/1739/1835 
f 2280/2454/1886 2259/1735/1865 2220/1735/1826 2231/2454/1837 
s off
f 1738/1891/1490 1737/1890/1335 1716/1863/1474 1715/1862/1474 
f 1737/1863/1335 1732/1860/1336 1713/1860/1474 1716/1863/1474 
f 1732/1881/1336 1731/1880/1485 1714/1861/1474 1713/1860/1474 
f 1731/1861/1485 1738/1862/1490 1715/1862/1474 1714/1861/1474 
s 1
f 2281/2723/1887 2282/2724/1887 2283/2725/1887 2284/2726/1887 
f 2285/2727/1887 2286/2728/1887 2287/2729/1887 2288/2730/1887 
f 2289/2731/1887 2290/2732/1887 2291/2733/1887 2292/2734/1887 
f 2293/2735/1888 2294/2736/1889 2295/2737/1890 2296/2738/1891 
f 2297/2739/1892 2298/2740/1892 2299/2741/1892 2300/2742/1892 
f 2301/2743/1893 2302/2744/1894 2303/2745/1895 2304/2746/1896 
f 2305/2747/1897 2306/2748/1897 2307/2749/1897 2308/2750/1898 
f 2309/2751/1899 2310/2752/1900 2311/2753/1901 2312/2754/1902 
f 2313/2755/1892 2314/2756/1892 2315/2757/1892 2316/2758/1892 
f 2317/2759/1903 2318/2760/1904 2319/2761/1905 2320/2762/1906 
f 2321/2763/1898 2322/2764/1897 2323/2765/1898 2324/2766/1907 
f 2325/2767/1908 2326/2768/1909 2327/2769/1910 2328/2770/1911 
f 2329/2771/1892 2330/2772/1892 2331/2773/1892 2332/2774/1892 
f 2333/2775/1912 2334/2776/1913 2335/2777/1914 2336/2778/1915 
f 2337/2779/1916 2338/2780/1917 2339/2781/1916 2340/2782/1897 
f 2341/2783/1918 2342/2784/1918 2282/2724/1887 2281/2723/1887 
f 2343/2785/1919 2344/2786/1919 2284/2726/1887 2283/2725/1887 
f 2345/2787/1918 2346/2788/1918 2286/2728/1887 2285/2727/1887 
f 2347/2789/1919 2348/2790/1919 2288/2730/1887 2287/2729/1887 
f 2349/2791/1919 2350/2792/1919 2290/2732/1887 2289/2731/1887 
f 2351/2793/1918 2352/2794/1918 2292/2734/1887 2291/2733/1887 
f 2294/2736/1889 2353/2795/1920 2354/2795/1921 2295/2737/1890 
f 2355/2796/1922 2356/2796/1923 2293/2735/1888 2296/2738/1891 
f 2298/2740/1892 2357/2797/1924 2358/2797/1925 2299/2741/1892 
f 2342/2784/1918 2341/2783/1918 2300/2742/1892 2299/2741/1892 
f 2354/2795/1921 2353/2795/1920 2297/2739/1892 2300/2742/1892 
f 2302/2744/1894 2359/2798/1926 2360/2798/1927 2303/2745/1895 
f 2358/2797/1925 2357/2797/1924 2301/2743/1893 2304/2746/1896 
f 2306/2748/1897 2356/2796/1923 2355/2796/1922 2307/2749/1897 
f 2344/2786/1919 2343/2785/1919 2308/2750/1898 2307/2749/1897 
f 2360/2798/1927 2359/2798/1926 2305/2747/1897 2308/2750/1898 
f 2310/2752/1900 2361/2799/1928 2362/2799/1929 2311/2753/1901 
f 2363/2800/1930 2364/2800/1931 2309/2751/1899 2312/2754/1902 
f 2314/2756/1892 2365/2801/1932 2366/2801/1933 2315/2757/1892 
f 2346/2788/1918 2345/2787/1918 2316/2758/1892 2315/2757/1892 
f 2362/2799/1929 2361/2799/1928 2313/2755/1892 2316/2758/1892 
f 2318/2760/1904 2367/2802/1934 2368/2802/1935 2319/2761/1905 
f 2366/2801/1933 2365/2801/1932 2317/2759/1903 2320/2762/1906 
f 2322/2764/1897 2364/2800/1931 2363/2800/1930 2323/2765/1898 
f 2348/2790/1919 2347/2789/1919 2324/2766/1907 2323/2765/1898 
f 2368/2802/1935 2367/2802/1934 2321/2763/1898 2324/2766/1907 
f 2326/2768/1909 2369/2803/1936 2370/2803/1937 2327/2769/1910 
f 2371/1860/1938 2372/1860/1939 2325/2767/1908 2328/2770/1911 
f 2330/2772/1892 2373/2804/1940 2374/2804/1941 2331/2773/1892 
f 2352/2794/1918 2351/2793/1918 2332/2774/1892 2331/2773/1892 
f 2370/2803/1937 2369/2803/1936 2329/2771/1892 2332/2774/1892 
f 2334/2776/1913 2375/1863/1942 2376/1863/1943 2335/2777/1914 
f 2374/2804/1941 2373/2804/1940 2333/2775/1912 2336/2778/1915 
f 2338/2780/1917 2372/1860/1939 2371/1860/1938 2339/2781/1916 
f 2350/2792/1919 2349/2791/1919 2340/2782/1897 2339/2781/1916 
f 2376/1863/1943 2375/1863/1942 2337/2779/1916 2340/2782/1897 
f 2282/2724/1887 2377/2805/1944 2378/2806/1945 2283/2725/1887 
f 2284/2726/1887 2379/2807/1946 2380/2808/1947 2281/2723/1887 
f 2286/2728/1887 2381/2809/1948 2382/2810/1949 2287/2729/1887 
f 2288/2730/1887 2383/2811/1950 2384/2812/1951 2285/2727/1887 
f 2290/2732/1887 2385/2813/1952 2386/2814/1953 2291/2733/1887 
f 2292/2734/1887 2387/2815/1954 2388/2816/1955 2289/2731/1887 
f 2295/2737/1890 2380/2808/1947 2379/2807/1946 2296/2738/1891 
f 2303/2745/1895 2378/2806/1945 2377/2805/1944 2304/2746/1896 
f 2311/2753/1901 2384/2812/1951 2383/2811/1950 2312/2754/1902 
f 2319/2761/1905 2382/2810/1949 2381/2809/1948 2320/2762/1906 
f 2327/2769/1910 2386/2814/1953 2385/2813/1952 2328/2770/1911 
f 2335/2777/1914 2388/2816/1955 2387/2815/1954 2336/2778/1915 
f 2342/2784/1918 2389/2797/1956 2377/2805/1944 2282/2724/1887 
f 2281/2723/1887 2380/2808/1947 2390/2795/1957 2341/2783/1918 
f 2344/2786/1919 2391/2796/1958 2379/2807/1946 2284/2726/1887 
f 2283/2725/1887 2378/2806/1945 2392/2798/1959 2343/2785/1919 
f 2346/2788/1918 2393/2801/1960 2381/2809/1948 2286/2728/1887 
f 2285/2727/1887 2384/2812/1951 2394/2799/1961 2345/2787/1918 
f 2348/2790/1919 2395/2800/1962 2383/2811/1950 2288/2730/1887 
f 2287/2729/1887 2382/2810/1949 2396/2802/1963 2347/2789/1919 
f 2350/2792/1919 2397/1860/1964 2385/2813/1952 2290/2732/1887 
f 2289/2731/1887 2388/2816/1955 2398/1863/1965 2349/2791/1919 
f 2352/2794/1918 2399/2804/1966 2387/2815/1954 2292/2734/1887 
f 2291/2733/1887 2386/2814/1953 2400/2803/1967 2351/2793/1918 
f 2354/2795/1921 2390/2795/1957 2380/2808/1947 2295/2737/1890 
f 2296/2738/1891 2379/2807/1946 2391/2796/1958 2355/2796/1922 
f 2358/2797/1925 2389/2797/1956 2299/2741/1892 
f 2341/2783/1918 2390/2795/1957 2300/2742/1892 
f 2299/2741/1892 2389/2797/1956 2342/2784/1918 
f 2300/2742/1892 2390/2795/1957 2354/2795/1921 
f 2360/2798/1927 2392/2798/1959 2378/2806/1945 2303/2745/1895 
f 2304/2746/1896 2377/2805/1944 2389/2797/1956 2358/2797/1925 
f 2355/2796/1922 2391/2796/1958 2307/2749/1897 
f 2343/2785/1919 2392/2798/1959 2308/2750/1898 
f 2307/2749/1897 2391/2796/1958 2344/2786/1919 
f 2308/2750/1898 2392/2798/1959 2360/2798/1927 
f 2362/2799/1929 2394/2799/1961 2384/2812/1951 2311/2753/1901 
f 2312/2754/1902 2383/2811/1950 2395/2800/1962 2363/2800/1930 
f 2366/2801/1933 2393/2801/1960 2315/2757/1892 
f 2345/2787/1918 2394/2799/1961 2316/2758/1892 
f 2315/2757/1892 2393/2801/1960 2346/2788/1918 
f 2316/2758/1892 2394/2799/1961 2362/2799/1929 
f 2368/2802/1935 2396/2802/1963 2382/2810/1949 2319/2761/1905 
f 2320/2762/1906 2381/2809/1948 2393/2801/1960 2366/2801/1933 
f 2363/2800/1930 2395/2800/1962 2323/2765/1898 
f 2347/2789/1919 2396/2802/1963 2324/2766/1907 
f 2323/2765/1898 2395/2800/1962 2348/2790/1919 
f 2324/2766/1907 2396/2802/1963 2368/2802/1935 
f 2370/2803/1937 2400/2803/1967 2386/2814/1953 2327/2769/1910 
f 2328/2770/1911 2385/2813/1952 2397/1860/1964 2371/1860/1938 
f 2374/2804/1941 2399/2804/1966 2331/2773/1892 
f 2351/2793/1918 2400/2803/1967 2332/2774/1892 
f 2331/2773/1892 2399/2804/1966 2352/2794/1918 
f 2332/2774/1892 2400/2803/1967 2370/2803/1937 
f 2376/1863/1943 2398/1863/1965 2388/2816/1955 2335/2777/1914 
f 2336/2778/1915 2387/2815/1954 2399/2804/1966 2374/2804/1941 
f 2371/1860/1938 2397/1860/1964 2339/2781/1916 
f 2349/2791/1919 2398/1863/1965 2340/2782/1897 
f 2339/2781/1916 2397/1860/1964 2350/2792/1919 
f 2340/2782/1897 2398/1863/1965 2376/1863/1943 
usemtl Material__404
s 8
f 2401/2817/1968 1559/2818/1325 1657/2819/1423 2402/2820/1969 
f 2402/2820/1969 1657/2819/1423 1656/2821/1422 2403/2822/1970 
f 2403/2822/1970 1656/2821/1422 1658/2823/1424 2404/2824/1971 
f 2404/2824/1971 1658/2823/1424 1655/2825/1421 2405/2826/1972 
f 2405/2826/1972 1655/2825/1421 1654/2827/1420 2406/2828/1973 
f 2406/2828/1973 1654/2827/1420 1558/2829/1324 2407/2830/1974 
f 2407/2831/1974 1558/2832/1324 1557/2833/1323 2408/2834/1975 
f 2408/2834/1975 1557/2833/1323 1559/2818/1325 2401/2817/1968 
usemtl Material__741
s 1
f 1541/2835/1307 2025/2836/1642 2026/2837/1643 1542/2838/1308 
f 1543/2839/1309 2401/2840/1968 2402/2841/1969 1544/2842/1310 
f 1545/2843/1311 2027/2844/1644 2025/2836/1642 1541/2835/1307 
f 1544/2842/1310 2402/2841/1969 2403/2845/1970 1546/2846/1312 
f 1547/2847/1313 2028/2848/1645 2027/2844/1644 1545/2843/1311 
f 1546/2846/1312 2403/2845/1970 2404/2849/1971 1548/2850/1314 
f 1549/2851/1315 2029/2852/1646 2028/2848/1645 1547/2847/1313 
f 1548/2850/1314 2404/2849/1971 2405/2853/1972 1550/2854/1316 
f 1551/2855/1317 2030/2856/1647 2029/2852/1646 1549/2851/1315 
f 1550/2854/1316 2405/2853/1972 2406/2857/1973 1552/2858/1318 
f 1553/2859/1319 2031/2860/1648 2030/2856/1647 1551/2855/1317 
f 1552/2858/1318 2406/2857/1973 2407/2861/1974 1554/2862/1320 
f 1555/2863/1321 2032/2864/1649 2031/2860/1648 1553/2859/1319 
f 1554/2862/1320 2407/2861/1974 2408/2865/1975 1556/2866/1322 
f 1542/2838/1308 2026/2837/1643 2032/2864/1649 1555/2863/1321 
f 1556/2866/1322 2408/2865/1975 2401/2840/1968 1543/2839/1309 
usemtl Material__404
s 2
f 2409/2867/1976 2410/2868/1977 2411/2869/1978 2412/2870/1979 2413/2871/1980 2414/2872/1981 2415/2873/1982 2416/2874/1983 
usemtl Material__741
s 1
f 2417/2875/1984 2418/2876/1985 2419/2877/1986 2420/2878/1987 
f 2418/2876/1985 2421/2879/1988 2422/2880/1989 2419/2877/1986 
f 2421/2881/1988 2423/2882/1990 2424/2883/1991 2422/2884/1989 
f 2423/2882/1990 2425/2885/1992 2426/2886/1993 2424/2883/1991 
f 2425/2885/1992 2427/2887/1994 2428/2888/1995 2426/2886/1993 
f 2427/2887/1994 2429/2889/1996 2430/2890/1997 2428/2888/1995 
f 2429/2889/1996 2431/2891/1998 2432/2892/1999 2430/2890/1997 
f 2431/2891/1998 2417/2875/1984 2420/2878/1987 2432/2892/1999 
usemtl Material__404
s 2
f 2433/2893/2000 2434/2894/2001 2435/2895/2002 2436/2896/2003 2437/2897/2004 2438/2898/2005 2439/2899/2006 2440/2900/2007 
s 1
f 1993/2359/1623 1964/2314/1626 1963/2313/1639 1994/2360/1624 
f 1947/2289/1625 1968/2318/1624 1967/2317/1623 1948/2290/1626 
f 1997/2363/1627 1970/2320/1628 1964/2314/1626 1993/2359/1623 
f 1948/2290/1626 1967/2317/1623 1972/2322/1627 1950/2292/1628 
f 1999/2365/1629 1974/2326/1630 1970/2320/1628 1997/2363/1627 
f 1950/2292/1628 1972/2322/1627 1976/2329/1629 1952/2296/1630 
f 2001/2369/1631 1978/2332/1640 1974/2326/1630 1999/2365/1629 
f 1952/2296/1630 1976/2329/1629 1980/2334/1631 1954/2298/1632 
f 2003/2371/1633 1982/2338/1634 1978/2332/1640 2001/2369/1631 
f 1954/2298/1632 1980/2334/1631 1984/2341/1633 1956/2302/1634 
f 2005/2375/1635 1986/2344/1636 1982/2338/1634 2003/2371/1633 
f 1956/2302/1634 1984/2341/1633 1988/2346/1635 1958/2304/1636 
f 2007/2377/1637 1990/2350/1638 1986/2344/1636 2005/2375/1635 
f 1958/2304/1636 1988/2346/1635 1992/2353/1637 1960/2308/1638 
f 1994/2360/1624 1963/2313/1639 1990/2350/1638 2007/2377/1637 
f 1960/2308/1638 1992/2353/1637 1968/2318/1624 1947/2289/1625 
f 1945/2287/1623 1996/2362/1626 1995/2361/1625 1946/2288/1624 
f 1949/2291/1627 1998/2364/1641 1996/2362/1626 1945/2287/1623 
f 1951/2293/1629 2000/2368/1630 1998/2364/1641 1949/2291/1627 
f 1953/2297/1631 2002/2370/1640 2000/2368/1630 1951/2293/1629 
f 1955/2299/1633 2004/2374/1634 2002/2370/1640 1953/2297/1631 
f 1957/2303/1635 2006/2376/1636 2004/2374/1634 1955/2299/1633 
f 1959/2305/1637 2008/2380/1638 2006/2376/1636 1957/2303/1635 
f 1946/2288/1624 1995/2361/1625 2008/2380/1638 1959/2305/1637 
f 1961/2311/1623 2010/2384/1626 2009/2383/1639 1962/2312/1624 
f 1965/2315/1639 2012/2386/1624 2011/2385/1623 1966/2316/1626 
f 1969/2319/1627 2013/2387/1641 2010/2384/1626 1961/2311/1623 
f 1966/2316/1626 2011/2385/1623 2014/2388/1627 1971/2321/1628 
f 1973/2323/1629 2015/2390/1630 2013/2387/1641 1969/2319/1627 
f 1971/2321/1628 2014/2388/1627 2016/2391/1629 1975/2328/1630 
f 1977/2331/1631 2017/2393/1640 2015/2390/1630 1973/2323/1629 
f 1975/2328/1630 2016/2391/1629 2018/2394/1631 1979/2333/1640 
f 1981/2335/1633 2019/2396/1634 2017/2393/1640 1977/2331/1631 
f 1979/2333/1640 2018/2394/1631 2020/2397/1633 1983/2340/1634 
f 1985/2343/1635 2021/2399/1636 2019/2396/1634 1981/2335/1633 
f 1983/2340/1634 2020/2397/1633 2022/2400/1635 1987/2345/1636 
f 1989/2347/1637 2023/2402/1638 2021/2399/1636 1985/2343/1635 
f 1987/2345/1636 2022/2400/1635 2024/2403/1637 1991/2352/1638 
f 1962/2312/1624 2009/2383/1639 2023/2402/1638 1989/2347/1637 
f 1991/2352/1638 2024/2403/1637 2012/2386/1624 1965/2315/1639 
s 4
f 2417/2875/1984 2433/2893/2000 2440/2900/2007 2418/2876/1985 
f 2431/2891/1998 2434/2894/2001 2433/2893/2000 2417/2875/1984 
f 2421/2879/1988 2439/2899/2006 2438/2898/2005 2423/2882/1990 
f 2427/2887/1994 2436/2896/2003 2435/2895/2002 2429/2889/1996 
f 2418/2876/1985 2440/2900/2007 2439/2899/2006 2421/2879/1988 
f 2429/2889/1996 2435/2895/2002 2434/2894/2001 2431/2891/1998 
f 2423/2882/1990 2438/2898/2005 2437/2897/2004 2425/2885/1992 
f 2425/2885/1992 2437/2897/2004 2436/2896/2003 2427/2887/1994 
f 2409/2867/1976 2420/2878/1987 2419/2877/1986 2410/2868/1977 
f 2410/2868/1977 2419/2877/1986 2422/2880/1989 2411/2869/1978 
f 2411/2869/1978 2422/2880/1989 2424/2883/1991 2412/2870/1979 
f 2412/2870/1979 2424/2883/1991 2426/2886/1993 2413/2871/1980 
f 2413/2871/1980 2426/2886/1993 2428/2888/1995 2414/2872/1981 
f 2414/2872/1981 2428/2888/1995 2430/2890/1997 2415/2873/1982 
f 2415/2873/1982 2430/2890/1997 2432/2892/1999 2416/2874/1983 
f 2416/2874/1983 2432/2892/1999 2420/2878/1987 2409/2867/1976 
usemtl Material__741
s off
f 1870/1711/1612 1869/1710/1611 2441/1710/2008 2442/1711/2009 
f 1869/1710/1611 1871/1706/1613 2443/1706/2010 2441/1710/2008 
f 1871/1706/1613 1872/1709/1614 2444/1709/2011 2443/1706/2010 
f 1872/1709/1614 1870/1711/1612 2442/1711/2009 2444/1709/2011 
f 2441/1710/2008 2445/1710/2012 2446/1711/2013 2442/1711/2009 
f 2443/1706/2010 2447/1706/2014 2445/1710/2012 2441/1710/2008 
f 2444/1709/2011 2448/1709/2015 2447/1706/2014 2443/1706/2010 
f 2442/1711/2009 2446/1711/2013 2448/1709/2015 2444/1709/2011 
usemtl Material__740
s 32
f 2449/2901/2016 2450/2902/2017 2451/2903/2018 2452/2904/2019 
s off
f 2449/2901/2016 2445/2905/2012 2447/2906/2014 2450/2902/2017 
f 2450/2902/2017 2447/2906/2014 2448/2907/2015 2451/2903/2018 
f 2451/2903/2018 2448/2907/2015 2446/2908/2013 2452/2904/2019 
f 2452/2904/2019 2446/2908/2013 2445/2905/2012 2449/2901/2016 
usemtl Material__741
f 1636/2682/1402 1635/2909/1401 2453/2909/2020 2454/2682/2021 
f 1635/1743/1401 1634/1742/1400 2455/2910/2022 2453/2911/2020 
f 1634/1990/1400 1637/1993/1403 2456/1993/2023 2455/1990/2022 
f 1637/1745/1403 1636/1744/1402 2454/2912/2021 2456/2913/2023 
usemtl Material__740
f 2457/2914/2024 2458/2915/2025 2459/2916/2026 2460/2917/2027 
usemtl Material__741
f 2453/2909/2020 2457/2909/2024 2460/2682/2027 2454/2682/2021 
f 2455/2910/2022 2458/1990/2025 2457/2909/2024 2453/2911/2020 
f 2456/1993/2023 2459/1993/2026 2458/1990/2025 2455/1990/2022 
f 2454/2912/2021 2460/2682/2027 2459/1993/2026 2456/2913/2023 
f 1744/1899/1344 1743/1898/1495 2461/1873/2028 2462/1872/2029 
f 1743/1873/1495 1734/1874/1487 2463/1874/2030 2461/1873/2028 
f 1734/1883/1487 1733/1882/1486 2464/1875/2031 2463/1874/2030 
f 1733/1875/1486 1744/1872/1344 2462/1872/2029 2464/1875/2031 
f 2462/1872/2029 2461/1873/2028 1726/1873/1480 1725/1872/1479 
f 2461/1873/2028 2463/1874/2030 1727/1874/1481 1726/1873/1480 
f 2463/1874/2030 2464/1875/2031 1728/1875/1482 1727/1874/1481 
f 2464/1875/2031 2462/1872/2029 1725/1872/1479 1728/1875/1482 
s 8
f 2138/2539/1755 2465/2918/1755 2466/2919/1756 2139/2540/1756 
f 2142/2543/1759 2467/2920/1759 2465/2918/1755 2138/2539/1755 
f 2144/2545/1761 2468/2921/1761 2467/2920/1759 2142/2543/1759 
f 2146/2547/1763 2469/2922/1763 2468/2921/1761 2144/2545/1761 
f 2148/2549/1765 2470/2923/1765 2469/2924/1763 2146/2550/1763 
f 2150/2553/1767 2471/2925/1767 2470/2923/1765 2148/2549/1765 
f 2152/2555/1769 2472/2926/1769 2471/2925/1767 2150/2553/1767 
f 2154/2557/1771 2473/2927/1771 2474/2928/1772 2155/2558/1772 
f 2158/2561/1775 2475/2929/1775 2473/2927/1771 2154/2557/1771 
f 2160/2563/1777 2476/2930/1777 2475/2929/1775 2158/2561/1775 
f 2162/2565/1779 2477/2931/1779 2476/2930/1777 2160/2563/1777 
f 2164/2567/1781 2478/2932/1781 2477/2931/1779 2162/2565/1779 
usemtl Material__740
f 2140/2933/1757 2139/2934/1756 2479/2935/735 2183/2936/1789 
f 2184/2937/1790 2480/2938/1238 2152/2939/1769 2151/2940/1768 
f 2185/2941/1791 2481/2942/2032 2480/2938/1238 2184/2937/1790 
f 2156/2943/1773 2155/2944/1772 2481/2942/2032 2185/2941/1791 
f 2186/2945/1792 2482/2946/2033 2164/2947/1781 2163/2948/1780 
f 2183/2936/1789 2479/2935/735 2482/2946/2033 2186/2945/1792 
f 2139/2934/1756 2466/2949/1756 2483/2950/735 2479/2935/735 
f 2480/2938/1238 2484/2951/1238 2472/2952/1769 2152/2939/1769 
f 2481/2942/2032 2485/2953/2032 2484/2951/1238 2480/2938/1238 
f 2155/2944/1772 2474/2954/1772 2485/2953/2032 2481/2942/2032 
f 2482/2946/2033 2486/2955/2033 2478/2956/1781 2164/2947/1781 
f 2479/2935/735 2483/2950/735 2486/2955/2033 2482/2946/2033 
s off
f 2062/2957/1679 2061/2958/1678 2063/2959/1680 2064/2960/1681 
usemtl Material__741
s 1
f 2487/1/2034 2488/4/2035 2489/3/2036 2490/2/2037 
f 2491/5/2038 2492/7/2039 2493/6/2040 
usemtl Material__404
f 2494/8/2041 2495/10/2042 2496/9/2043 
usemtl Material__741
f 2497/11/2044 2498/14/2045 2499/13/2046 2500/12/2047 
usemtl Material__404
f 2501/15/2048 2502/17/2049 2503/16/2050 
usemtl Material__741
f 2504/18/2051 2505/21/2052 2506/20/2053 2507/19/2054 
usemtl wire_115115115
f 2508/22/2055 2509/25/2056 2510/24/2057 2511/23/2058 
f 2511/23/2058 2512/27/2059 2513/26/2060 2508/22/2055 
usemtl Material__741
f 2514/28/2061 2515/31/2062 2516/30/2063 2517/29/2064 
f 32/32/32 2518/35/2065 2519/34/2066 33/33/33 
f 2520/36/2067 2521/39/2068 2522/38/2069 2523/37/2070 
usemtl wire_115115115
s 8
f 2524/40/2071 2525/43/2072 2526/42/2073 2527/41/2074 
s 1
f 2513/26/2060 2512/27/2059 2528/45/2075 2529/44/2076 
usemtl Material__741
f 2530/46/2077 2531/49/2078 2532/48/2079 2533/47/2080 
usemtl wire_115115115
f 2534/50/2081 2535/53/2082 2536/52/2083 2537/51/2084 
usemtl Material__741
f 2538/54/2085 2539/57/2086 2540/56/2087 2541/55/2088 
f 2542/58/2089 2543/61/2090 2544/60/2091 2545/59/2092 
f 2488/4/2035 2487/1/2034 2546/63/2093 2547/62/2094 
usemtl Material__404
s 2
f 2548/64/2095 2549/67/2096 2550/66/2097 2551/65/2098 
usemtl Material__741
s 1
f 2552/68/2099 2553/70/2100 2554/69/2101 
f 2555/71/2102 2556/74/2103 2557/73/2104 2558/72/2105 
usemtl Material__404
f 2559/75/2106 2560/78/2107 2561/77/2108 2562/76/2109 
usemtl wire_115115115
f 2511/23/2058 80/80/80 79/79/79 2512/27/2059 
usemtl Material__404
s 2
f 81/81/81 84/84/84 2563/83/2110 2564/82/2111 
usemtl Material__741
s 1
f 2565/85/2112 88/88/88 87/87/87 2566/86/2113 
usemtl Material__404
s 2
f 89/89/89 92/92/92 2567/91/2114 2568/90/2115 
usemtl Material__741
s 1
f 93/93/93 96/96/96 2569/95/2116 2570/94/2117 
usemtl wire_115115115
f 79/79/79 97/97/97 2528/45/2075 2512/27/2059 
usemtl Material__741
f 2571/98/2118 101/101/101 100/100/100 2572/99/2119 
usemtl Material__478
s 16
f 102/102/102 105/105/105 2573/104/2120 2574/103/2121 
usemtl Material__741
s 1
f 2575/106/2122 2576/108/2123 2577/107/2124 
f 2578/109/2125 2579/112/2126 2580/111/2127 2581/110/2128 
usemtl Material__404
f 2582/113/2129 2583/116/2130 2584/115/2131 2585/114/2132 
usemtl Material__741
f 2586/117/2133 120/120/120 119/119/119 2587/118/2134 
f 2588/121/2135 2589/124/2136 2590/123/2137 2591/122/2138 
f 2592/125/2139 2593/127/2140 2594/126/2141 
f 2576/108/2123 2595/130/2142 2596/129/2143 2597/128/2144 
usemtl Material__404
f 2598/131/2145 2599/133/2146 2600/132/2147 2494/8/2041 
usemtl Material__741
s 8
f 2601/134/2148 2602/137/2149 2603/136/2150 2604/135/2151 
s 1
f 2601/134/2148 2605/139/2152 2606/138/2153 2541/55/2088 
usemtl Material__404
f 2607/140/2154 2608/143/2155 2609/142/2156 2610/141/2157 
f 2610/141/2157 2609/142/2156 2611/144/2158 
usemtl wire_115115115
f 2510/24/2057 2509/25/2056 2612/146/2159 2613/145/2160 
f 2510/24/2057 147/147/147 80/80/80 2511/23/2058 
usemtl Material__741
f 2614/148/2161 2615/151/2162 2616/150/2163 2617/149/2164 
f 2618/152/2165 2565/85/2112 2566/86/2113 2593/153/2140 
f 2619/154/2166 2588/121/2135 2591/122/2138 2620/155/2167 
f 2547/62/2094 2546/63/2093 2543/61/2090 2542/58/2089 
f 2615/151/2162 2530/46/2077 2533/47/2080 2616/150/2163 
usemtl wire_115115115
f 2621/156/2168 2622/158/2169 2623/157/2170 
usemtl Material__404
f 2624/159/2171 2625/162/2172 2626/161/2173 2627/160/2174 
f 2628/163/2175 2629/166/2176 2630/165/2177 2631/164/2178 
f 2629/166/2176 2632/168/2179 2633/167/2180 2630/165/2177 
f 2632/168/2179 2634/170/2181 2635/169/2182 2633/167/2180 
f 2634/170/2181 2636/172/2183 2637/171/2184 2635/169/2182 
f 2638/173/2185 2639/176/2186 2640/175/2187 2641/174/2188 
f 2609/142/2156 2608/143/2155 2559/75/2106 2562/76/2109 
f 2642/177/2189 2609/142/2156 2562/76/2109 2643/178/2190 
f 2559/75/2106 2495/10/2042 2600/132/2147 2560/78/2107 
usemtl wire_115115115
f 2621/156/2168 2644/181/2191 2645/180/2192 2646/179/2193 
f 2535/53/2082 2534/50/2081 2647/183/2194 2648/182/2195 
f 2534/50/2081 2649/184/2196 2647/183/2194 
usemtl Material__478
s 4
f 2650/185/2197 2651/188/2198 2652/187/2199 2653/186/2200 
f 2653/186/2200 2652/187/2199 189/190/189 188/189/188 
usemtl Material__404
s 8
f 190/191/190 192/193/192 2654/192/2201 
f 2582/113/2129 2655/195/2202 2656/194/2203 2583/116/2130 
f 2624/159/2171 2657/196/2204 2625/162/2172 
f 2628/163/2175 2658/198/2205 2659/197/2206 2629/166/2176 
f 2629/166/2176 2659/197/2206 2660/199/2207 2632/168/2179 
f 2632/168/2179 2660/199/2207 2661/200/2208 2634/170/2181 
f 2634/170/2181 2661/200/2208 2662/201/2209 2636/172/2183 
f 2663/202/2210 2664/205/2211 2665/204/2212 2666/203/2213 
s 2
f 2666/203/2213 2665/204/2212 2667/207/2214 2668/206/2215 
usemtl Material__478
s 4
f 2669/208/2216 2670/211/2217 2671/210/2218 2672/209/2219 
usemtl Material__741
s 1
f 2563/212/2110 2673/215/2220 2674/214/2221 2564/213/2111 
usemtl wire_115115115
s 8
f 2675/216/2222 2676/219/2223 2677/218/2224 2678/217/2225 
s 1
f 2679/220/2226 2680/222/2227 2681/221/2228 
f 2644/181/2191 2682/225/2229 2683/224/2230 2684/223/2231 
usemtl Material__404
s 2
f 2563/83/2110 84/84/84 223/227/223 2490/226/2037 
usemtl Material__741
s 1
f 2685/228/2232 227/231/227 226/230/226 2686/229/2233 
f 2673/215/2220 2687/233/2234 2688/232/2235 2674/214/2221 
usemtl wire_115115115
f 2675/216/2222 2645/180/2192 2689/234/2236 2527/41/2074 
usemtl Material__404
s 8
f 2690/235/2237 2691/236/2238 2664/205/2211 2663/202/2210 
s 1
f 2692/237/2239 2693/239/2240 2694/238/2241 2607/140/2154 
f 2695/240/2242 2692/237/2239 2607/140/2154 2610/141/2157 
usemtl Material__478
s 4
f 2696/241/2243 2697/244/2244 2698/243/2245 2699/242/2246 
usemtl Material__741
s 1
f 2700/245/2247 2701/248/2248 2702/247/2249 2703/246/2250 
f 2704/249/2251 2571/98/2118 2572/99/2119 2705/250/2252 
f 2572/99/2119 100/100/100 248/252/248 2706/251/2253 
usemtl Material__404
f 2600/132/2147 2599/133/2146 2707/253/2254 2560/78/2107 
usemtl Material__741
f 2705/250/2252 2572/99/2119 2706/251/2253 2708/254/2255 
f 2709/255/2256 2710/257/2257 2711/256/2258 
f 2712/258/2259 2713/261/2260 2714/260/2261 2715/259/2262 
usemtl Material__404
f 2666/203/2213 2716/263/2263 2717/262/2264 2663/202/2210 
usemtl Material__741
f 2575/106/2122 2718/266/2265 2719/265/2266 2720/264/2267 
s 8
f 2601/134/2148 2604/135/2151 2721/267/2268 2605/139/2152 
s 1
f 2722/268/2269 2718/266/2265 2723/270/2270 2724/269/2271 
usemtl Material__478
s 4
f 2725/271/2272 2726/274/2273 2727/273/2274 2728/272/2275 
f 2726/274/2273 2729/276/2276 2730/275/2277 2727/273/2274 
usemtl Material__404
s 2
f 2731/277/2278 2732/280/2279 2733/279/2280 2734/278/2281 
f 277/281/277 2731/277/2278 2734/278/2281 278/282/278 
f 2732/280/2279 2735/284/2282 2736/283/2283 2733/279/2280 
f 2737/285/2284 2738/288/2285 2739/287/2286 2740/286/2287 
s 4
f 2666/203/2213 2668/206/2215 2741/289/2288 
usemtl Material__478
s 1
f 2742/290/2289 2743/292/2290 2744/291/2291 2653/186/2200 
f 2745/293/2292 2746/294/2293 2672/209/2219 2650/185/2197 
usemtl Material__741
s 4
f 2747/295/2294 2748/298/2295 293/297/293 292/296/292 
usemtl Material__478
s 1
f 2749/299/2296 2750/300/2297 2699/242/2246 2669/208/2216 
f 2751/301/2298 2752/303/2299 2753/302/2300 2696/241/2243 
f 2754/304/2301 2755/305/2302 2726/274/2273 2725/271/2272 
f 2755/305/2302 2756/306/2303 2729/276/2276 2726/274/2273 
usemtl Material__404
s 2
f 2756/307/2303 2757/310/2304 2730/309/2277 2729/308/2276 
s off
f 304/311/304 307/314/307 2758/313/2305 2759/312/2306 
usemtl Material__478
s 16
f 2653/186/2200 2760/316/2307 2761/315/2308 2742/290/2289 
usemtl Material__741
s 4
f 2762/317/2309 2763/320/2310 2764/319/2311 2765/318/2312 
f 2579/112/2126 2766/323/2313 315/322/315 314/321/314 
usemtl Material__404
s 2
f 188/324/188 318/327/318 2767/326/2314 2653/325/2200 
f 2653/325/2200 2767/326/2314 2768/329/2315 2760/328/2307 
f 2574/330/2121 2768/329/2315 320/332/320 102/331/102 
s off
f 318/327/318 304/311/304 2759/312/2306 2767/326/2314 
f 2767/326/2314 2759/312/2306 2758/313/2305 2768/329/2315 
f 2768/329/2315 2758/313/2305 307/314/307 320/332/320 
usemtl Material__741
s 1
f 2769/333/2316 2770/336/2317 2771/335/2318 2772/334/2319 
f 2773/337/2320 2774/340/2321 2775/339/2322 2776/338/2323 
usemtl wire_115115115
s 8
f 2777/341/2324 2525/43/2072 2524/40/2071 2778/342/2325 
usemtl Material__741
s 1
f 2602/137/2149 2540/56/2087 2779/344/2326 2780/343/2327 
usemtl Material__404
f 2781/345/2328 2782/348/2329 2783/347/2330 2784/346/2331 
usemtl Material__741
f 2785/349/2332 2786/352/2333 2787/351/2334 2788/350/2335 
usemtl wire_115115115
s 8
f 2789/353/2336 2777/341/2324 2778/342/2325 2790/354/2337 
usemtl Material__478
s 4
f 2672/209/2219 2671/210/2218 2651/188/2198 2650/185/2197 
usemtl Material__741
s 1
f 2791/355/2338 2773/337/2320 2776/338/2323 2792/356/2339 
f 2720/264/2267 2719/265/2266 2793/358/2340 2794/357/2341 
usemtl Material__404
s 2
f 2736/283/2283 2735/284/2282 2737/285/2284 2740/286/2287 
usemtl Material__478
s 1
f 2672/209/2219 2746/294/2293 2749/299/2296 2669/208/2216 
usemtl Material__404
s 8
f 2795/359/2342 2796/360/2343 2658/198/2205 2628/163/2175 
usemtl Material__741
s 1
f 2797/361/2344 2798/362/2345 2545/59/2092 2544/60/2091 
f 2798/362/2345 2799/364/2346 2800/363/2347 2545/59/2092 
usemtl Material__404
f 2694/238/2241 2495/10/2042 2608/143/2155 2607/140/2154 
f 2495/10/2042 2559/75/2106 2608/143/2155 
f 2600/132/2147 2495/10/2042 2494/8/2041 
usemtl wire_115115115
f 2646/179/2193 2645/180/2192 2675/216/2222 2678/217/2225 
f 2648/182/2195 2647/183/2194 2778/342/2325 2524/40/2071 
f 2648/182/2195 2689/234/2236 2684/223/2231 2535/53/2082 
usemtl Material__478
s 4
f 2699/242/2246 2698/243/2245 2670/211/2217 2669/208/2216 
usemtl Material__741
s 1
f 2801/365/2348 2700/245/2247 2703/246/2250 2802/366/2349 
s 8
f 2605/139/2152 2721/267/2268 2803/368/2350 2804/367/2351 
s 1
f 2724/269/2271 2723/270/2270 2805/371/2352 2806/370/2353 2807/369/2354 
usemtl Material__404
s 2
f 2739/287/2286 2738/288/2285 2668/206/2215 2667/207/2214 
usemtl Material__478
s 1
f 2699/242/2246 2750/300/2297 2751/301/2298 2696/241/2243 
usemtl wire_115115115
f 2647/183/2194 2649/184/2196 2790/354/2337 2778/342/2325 
usemtl Material__404
f 2808/372/2355 2809/373/2356 2610/141/2157 
f 2810/374/2357 2811/375/2358 2692/237/2239 
f 2695/240/2242 2812/376/2359 2692/237/2239 
f 2693/239/2240 2496/9/2043 2694/238/2241 
f 2494/8/2041 2813/377/2360 2598/131/2145 
s 2
f 2568/90/2115 2567/91/2114 2814/379/2361 2815/378/2362 
f 2568/90/2115 2816/381/2363 368/380/368 89/89/89 
f 2564/82/2111 2567/91/2114 81/81/81 
f 81/81/81 2567/91/2114 92/92/92 
s 1
f 2817/382/2364 2561/77/2108 2818/384/2365 2819/383/2366 
s 4
f 2652/187/2199 2651/188/2198 2732/280/2279 2731/277/2278 
f 189/190/189 2652/187/2199 2731/277/2278 277/281/277 
f 2671/210/2218 2670/211/2217 2737/285/2284 2735/284/2282 
f 2698/243/2245 2697/244/2244 2668/206/2215 2738/288/2285 
f 2820/385/2367 2728/272/2275 2716/263/2263 2666/203/2213 
f 2727/273/2274 2730/275/2277 2564/213/2111 2674/214/2221 
usemtl Material__478
f 2820/385/2367 2741/289/2288 2753/302/2300 2725/271/2272 
usemtl Material__404
s 2
f 2730/309/2277 2814/379/2361 2567/91/2114 2564/82/2111 
s 4
f 2651/188/2198 2671/210/2218 2735/284/2282 2732/280/2279 
f 2670/211/2217 2698/243/2245 2738/288/2285 2737/285/2284 
s 2
f 2815/378/2362 2814/379/2361 2757/310/2304 
f 368/380/368 2816/381/2363 2708/388/2255 2706/387/2253 248/386/248 
s 1
f 2818/384/2365 2561/77/2108 2560/78/2107 2707/253/2254 
f 2562/76/2109 2561/77/2108 2817/382/2364 2643/178/2190 
s 4
f 2503/16/2050 2643/178/2190 2817/382/2364 2815/389/2362 
f 2815/389/2362 2817/382/2364 2819/383/2366 2568/390/2115 
s 8
f 2568/390/2115 2819/383/2366 2818/384/2365 2816/391/2363 
f 2816/391/2363 2818/384/2365 2707/253/2254 2708/392/2255 
f 2708/392/2255 2707/253/2254 2599/133/2146 2705/393/2252 
f 2705/393/2252 2599/133/2146 2598/131/2145 2821/395/2368 2704/394/2251 
s 4
f 2822/396/2369 2821/395/2368 2598/131/2145 2813/377/2360 2823/397/2370 
f 2824/398/2371 2496/9/2043 2693/239/2240 2825/399/2372 
f 2825/399/2372 2693/239/2240 2826/401/2373 2827/400/2374 
f 2828/402/2375 2810/374/2357 2812/376/2359 2829/403/2376 
f 2830/404/2377 2695/240/2242 2809/373/2356 2831/405/2378 
f 2832/406/2379 2833/407/2380 2808/372/2355 
f 2638/173/2185 2642/177/2189 2643/178/2190 
usemtl Material__741
s 1
f 2794/357/2341 2595/130/2142 2576/108/2123 2720/264/2267 
f 2576/108/2123 2575/106/2122 2720/264/2267 
f 2719/265/2266 2718/266/2265 2722/268/2269 2785/349/2332 
f 2723/270/2270 2718/266/2265 2575/106/2122 2577/107/2124 
f 2788/350/2335 2793/358/2340 2719/265/2266 2785/349/2332 
f 2805/371/2352 2723/270/2270 2577/107/2124 2834/408/2381 
f 2711/256/2258 2710/257/2257 2712/258/2259 2715/259/2262 
f 2714/260/2261 2713/261/2260 2835/410/2382 2836/409/2383 
f 2577/107/2124 2576/108/2123 2597/128/2144 2834/408/2381 
f 2837/411/2384 2592/125/2139 2594/126/2141 
s 2
f 2838/412/2385 2839/414/2386 2840/413/2387 
f 88/88/88 2565/85/2112 2841/416/2388 394/415/394 
f 2842/417/2389 399/420/399 398/419/398 2843/418/2390 
s 16
f 2596/129/2143 2595/130/2142 2844/422/2391 2845/421/2392 
s 2
f 2565/85/2112 2618/152/2165 2846/423/2393 2841/416/2388 
s 16
f 2788/350/2335 2787/351/2334 2847/425/2394 2848/424/2395 
f 2794/357/2341 2793/358/2340 2849/427/2396 2850/426/2397 
f 2595/130/2142 2794/357/2341 2850/426/2397 2844/422/2391 
f 2793/358/2340 2788/350/2335 2848/424/2395 2849/427/2396 
f 2618/428/2165 2596/129/2143 2845/421/2392 2846/429/2393 
usemtl Material__404
s 2
f 407/430/407 2851/433/2398 2852/432/2399 408/431/408 
s off
f 411/434/411 408/431/408 2852/432/2399 2853/435/2400 
f 413/436/413 2854/437/2401 2851/433/2398 407/430/407 
s 8
f 2855/438/2402 2856/440/2403 2857/439/2404 2618/428/2165 
f 2618/428/2165 2857/439/2404 2858/441/2405 2596/129/2143 
f 2596/129/2143 2858/441/2405 2859/442/2406 2597/128/2144 
f 2597/128/2144 2859/442/2406 2860/443/2407 2834/408/2381 
f 2834/408/2381 2860/443/2407 2861/444/2408 2805/371/2352 
f 2805/371/2352 2861/444/2408 2862/445/2409 2806/370/2353 
f 2825/399/2372 2862/445/2409 2863/446/2410 2824/398/2371 
f 2864/447/2411 2865/448/2412 2856/440/2403 2855/438/2402 
s 4
f 2856/440/2403 2714/450/2261 2836/449/2383 2857/439/2404 
s 2
f 2857/439/2404 2836/449/2383 2835/451/2382 2858/441/2405 
s 4
f 2858/441/2405 2835/451/2382 2713/452/2260 2859/442/2406 
f 2859/442/2406 2713/452/2260 2712/453/2259 2860/443/2407 
f 2860/443/2407 2712/453/2259 2710/454/2257 2861/444/2408 
f 2861/444/2408 2710/454/2257 2709/455/2256 2862/445/2409 
s 2
f 2862/445/2409 2709/455/2256 2711/456/2258 2863/446/2410 
s 4
f 2865/448/2412 2715/457/2262 2714/450/2261 2856/440/2403 
f 2715/457/2262 2865/448/2412 2863/446/2410 2711/456/2258 
s 8
f 2865/448/2412 2864/447/2411 2824/398/2371 2863/446/2410 
usemtl Material__741
s 1
f 2823/397/2370 2837/411/2384 2594/126/2141 2822/458/2369 
f 2594/459/2141 2866/462/2413 2867/461/2414 2822/460/2369 
f 2866/462/2413 429/464/429 428/463/428 2867/461/2414 
usemtl Material__404
f 2868/465/2415 433/468/433 432/467/432 2869/466/2416 
f 2870/469/2417 2868/465/2415 2869/466/2416 2871/470/2418 
usemtl Material__741
s off
f 2594/459/2141 2871/470/2418 2869/466/2416 2866/462/2413 
f 2866/462/2413 2869/466/2416 432/467/432 429/464/429 
f 87/87/87 433/468/433 2868/465/2415 2566/86/2113 
f 2566/86/2113 2868/465/2415 2870/469/2417 2593/153/2140 
f 2593/153/2140 2870/469/2417 2871/470/2418 2594/459/2141 
s 1
f 2593/127/2140 2592/125/2139 2855/438/2402 2618/428/2165 
f 2592/125/2139 2837/411/2384 2864/447/2411 2855/438/2402 
f 2837/411/2384 2823/397/2370 2824/398/2371 2864/447/2411 
usemtl Material__404
s 4
f 2823/397/2370 2813/377/2360 2496/9/2043 2824/398/2371 
s 1
f 2813/377/2360 2494/8/2041 2496/9/2043 
usemtl Material__741
f 2842/417/2389 2872/472/2419 436/471/436 399/420/399 
f 438/473/438 2873/476/2420 2874/475/2421 439/474/439 
usemtl Material__404
s 2
f 2875/477/2422 2876/480/2423 444/479/444 443/478/443 
usemtl Material__741
s 1
f 2877/481/2424 449/484/449 448/483/448 2878/482/2425 
f 2879/485/2426 2880/486/2427 2876/480/2423 2875/477/2422 
f 452/487/452 2879/485/2426 2875/477/2422 443/478/443 
usemtl Material__404
s 2
f 2881/488/2428 2551/65/2098 2550/66/2097 2882/489/2429 
f 2550/66/2097 2883/491/2430 2884/490/2431 2882/489/2429 
usemtl Material__741
s 4
f 2766/323/2313 2747/295/2294 292/296/292 315/322/315 
f 2765/318/2312 2764/319/2311 2885/492/2432 
s 1
f 2886/493/2433 2552/68/2099 2554/69/2101 2887/494/2434 
usemtl Material__404
s 4
f 2888/495/2435 2889/496/2436 2809/373/2356 
usemtl Material__741
s 1
f 2839/414/2386 2497/11/2044 2500/12/2047 2842/417/2389 
f 2541/55/2088 2540/56/2087 2602/137/2149 2601/134/2148 
f 2539/57/2086 2890/497/2437 2779/344/2326 2540/56/2087 
usemtl Material__404
f 2829/403/2376 2891/498/2438 2804/367/2351 2828/402/2375 
s 4
f 2829/403/2376 2812/376/2359 2695/240/2242 2830/404/2377 
usemtl Material__741
s 1
f 2500/12/2047 2873/476/2420 2892/499/2439 
f 2500/12/2047 2872/472/2419 2842/417/2389 
f 2893/500/2440 2786/352/2333 2785/349/2332 2722/268/2269 
f 2894/501/2441 2893/500/2440 2722/268/2269 2724/269/2271 
f 2787/351/2334 2786/352/2333 2895/503/2442 2896/502/2443 
usemtl Material__404
f 2827/400/2374 2897/504/2444 2807/369/2354 2825/399/2372 
s 4
f 2827/400/2374 2826/401/2373 2811/375/2358 2898/505/2445 
s 16
f 2899/506/2446 2847/425/2394 2900/508/2447 2901/507/2448 
usemtl Material__741
s 1
f 2902/509/2449 2903/510/2450 2493/6/2040 
f 2903/510/2450 2904/511/2451 2516/30/2063 2493/6/2040 
f 2905/512/2452 2906/515/2453 2907/514/2454 2908/513/2455 
f 2909/516/2456 2910/519/2457 2911/518/2458 2912/517/2459 
f 2913/520/2460 2914/521/2461 2517/29/2064 
f 2914/521/2461 2514/28/2061 2517/29/2064 
usemtl Material__404
s 2
f 2915/522/2462 2916/525/2463 2917/524/2464 2918/523/2465 
f 2918/523/2465 2917/524/2464 2919/527/2466 2920/526/2467 
f 2920/526/2467 2919/527/2466 2921/528/2468 2909/516/2456 
f 2909/516/2456 2921/528/2468 2922/529/2469 2910/519/2457 
f 2521/39/2068 2923/532/2470 2924/531/2471 2925/530/2472 
f 2925/530/2472 2924/531/2471 2926/534/2473 2927/533/2474 
f 2927/533/2474 2926/534/2473 2928/536/2475 2929/535/2476 
f 2929/535/2476 2928/536/2475 2930/538/2477 2931/537/2478 
s 4
f 2916/525/2463 2903/510/2450 2902/509/2449 2917/524/2464 
f 2917/524/2464 2902/509/2449 2492/7/2039 2919/527/2466 
f 2919/527/2466 2492/7/2039 2491/5/2038 2921/528/2468 
f 2921/528/2468 2491/5/2038 2515/31/2062 2922/529/2469 
f 2923/532/2470 2514/28/2061 2914/521/2461 2924/531/2471 
f 2924/531/2471 2914/521/2461 2913/520/2460 2926/534/2473 
f 2926/534/2473 2913/520/2460 2932/539/2479 2928/536/2475 
f 2928/536/2475 2932/539/2479 2904/511/2451 2930/538/2477 
usemtl Material__741
s 1
f 2920/526/2467 2933/542/2480 506/541/506 505/540/505 
f 2920/526/2467 2570/94/2117 2918/523/2465 
f 2570/94/2117 2569/95/2116 2934/543/2481 2915/522/2462 2918/523/2465 
f 2920/526/2467 505/540/505 93/93/93 2570/94/2117 
f 2516/30/2063 2515/31/2062 2491/5/2038 2493/6/2040 
f 2931/537/2478 2935/545/2482 2936/544/2483 2929/535/2476 
usemtl Material__404
s 8
f 2583/116/2130 2656/194/2203 2657/196/2204 2624/159/2171 
usemtl Material__741
s 1
f 2516/30/2063 2904/511/2451 2932/539/2479 2517/29/2064 
f 2937/546/2484 2938/547/2485 2520/36/2067 
usemtl Material__404
s 2
f 2910/519/2457 2922/529/2469 2923/532/2470 2521/39/2068 
f 2931/537/2478 2930/538/2477 2916/525/2463 2915/522/2462 
s 4
f 2922/529/2469 2515/31/2062 2514/28/2061 2923/532/2470 
f 2930/538/2477 2904/511/2451 2903/510/2450 2916/525/2463 
usemtl Material__741
s 1
f 2523/37/2070 2522/38/2069 2798/362/2345 2797/361/2344 
f 2522/38/2069 2939/548/2486 2799/364/2346 2798/362/2345 
f 2927/533/2474 2940/549/2487 2939/548/2486 2522/38/2069 
f 2927/533/2474 2522/38/2069 2925/530/2472 
usemtl Material__404
s 4
f 2638/173/2185 2643/178/2190 2503/16/2050 
f 2641/174/2188 2611/144/2158 2642/177/2189 2638/173/2185 
s 1
f 2611/144/2158 2609/142/2156 2642/177/2189 
f 2610/141/2157 2611/144/2158 2808/372/2355 
f 2610/141/2157 2809/373/2356 2695/240/2242 
f 2692/237/2239 2812/376/2359 2810/374/2357 
f 2692/237/2239 2826/401/2373 2693/239/2240 
f 2496/9/2043 2495/10/2042 2694/238/2241 
usemtl Material__741
s off
f 2854/437/2401 413/436/413 411/551/411 2853/550/2400 
usemtl Material__404
s 8
f 2625/162/2172 2796/360/2343 2795/359/2342 
f 2625/162/2172 2657/196/2204 2796/360/2343 
usemtl Material__741
s 4
f 2765/318/2312 2885/492/2432 2941/552/2488 
s 1
f 2913/520/2460 2517/29/2064 2932/539/2479 
f 2493/6/2040 2492/7/2039 2902/509/2449 
usemtl Material__404
s 8
f 2654/192/2201 192/193/192 2655/195/2202 
f 2654/192/2201 2655/195/2202 2582/113/2129 
usemtl wire_115115115
s 1
f 2613/145/2160 516/553/516 147/147/147 2510/24/2057 
f 2942/554/2489 2943/555/2490 2790/354/2337 2649/184/2196 
f 2613/145/2160 2612/146/2159 2944/556/2491 
usemtl Material__741
f 2945/557/2492 2614/148/2161 2617/149/2164 2946/558/2493 
usemtl wire_115115115
s 8
f 2943/555/2490 2947/559/2494 2789/353/2336 2790/354/2337 
s 1
f 2534/50/2081 2942/554/2489 2649/184/2196 
usemtl Material__404
f 2886/493/2433 2948/561/2495 2949/560/2496 2552/68/2099 
f 2552/68/2099 2949/560/2496 2950/563/2497 2951/562/2498 
s off
f 2950/563/2497 2781/566/2328 2784/565/2331 2952/564/2499 
f 2952/564/2499 2784/565/2331 2783/567/2330 2948/561/2495 
f 2948/561/2495 2783/567/2330 2782/568/2329 2949/560/2496 
f 2949/560/2496 2782/568/2329 2781/566/2328 2950/563/2497 
f 2953/569/2500 2954/572/2501 2955/571/2502 2956/570/2503 
f 2957/573/2504 2958/576/2505 2953/575/2500 2956/574/2503 
f 2958/577/2505 2957/580/2504 2959/579/2506 2960/578/2507 
f 2961/581/2508 2962/584/2509 2963/583/2510 2964/582/2511 
f 2965/585/2512 2966/588/2513 2961/587/2508 2964/586/2511 
f 2966/589/2513 2965/592/2512 2967/591/2514 2968/590/2515 
f 2969/593/2516 2970/596/2517 2971/595/2518 2972/594/2519 
f 2973/597/2520 2974/600/2521 2969/599/2516 2972/598/2519 
f 2974/601/2521 2973/604/2520 2975/603/2522 2976/602/2523 
f 2977/605/2516 2978/608/2517 2979/607/2518 2980/606/2519 
f 2981/609/2520 2982/612/2521 2977/611/2516 2980/610/2519 
f 2982/613/2521 2981/616/2520 2983/615/2522 2984/614/2523 
usemtl Material__741
s 1
f 2912/517/2459 2933/542/2480 2920/526/2467 2909/516/2456 
usemtl Material__404
f 2985/617/2524 2986/620/2525 2987/619/2526 2988/618/2527 
f 564/621/556 2989/624/2528 2990/623/2529 565/622/557 
f 2988/618/2527 2990/623/2529 2989/624/2528 2985/617/2524 
usemtl Material__741
f 2907/514/2454 2938/547/2485 2937/546/2484 2908/513/2455 
f 568/625/560 2906/515/2453 2905/512/2452 569/626/561 
f 2521/39/2068 2911/518/2458 2910/519/2457 
f 2520/36/2067 2938/547/2485 2911/518/2458 2521/39/2068 
s off
f 568/625/560 565/628/557 2990/627/2529 2906/515/2453 
f 2906/515/2453 2990/627/2529 2988/629/2527 2907/514/2454 
f 2907/514/2454 2988/629/2527 2987/630/2526 2938/547/2485 
f 2938/547/2485 2987/630/2526 2986/631/2525 2911/518/2458 
f 2911/518/2458 2986/631/2525 2985/632/2524 2912/517/2459 
f 2912/517/2459 2985/632/2524 2989/633/2528 2933/542/2480 
f 2933/542/2480 2989/633/2528 564/634/556 506/541/506 
usemtl wire_115115115
s 1
f 2613/145/2160 2944/556/2491 2991/635/2530 
f 2621/156/2168 2623/157/2170 2992/636/2531 
usemtl Material__478
s 16
f 2993/637/2532 2994/640/2533 574/639/566 573/638/565 
usemtl wire_115115115
s 8
f 2995/641/2534 2996/642/2535 2678/217/2225 2677/218/2224 
usemtl Material__741
s 1
f 2620/155/2167 2997/644/2536 2998/643/2537 2619/154/2166 
usemtl wire_115115115
f 2992/636/2531 2682/225/2229 2644/181/2191 2621/156/2168 
f 2991/635/2530 580/645/572 516/553/516 2613/145/2160 
f 2999/646/2538 3000/647/2539 2943/555/2490 2942/554/2489 
f 2537/51/2084 2999/646/2538 2942/554/2489 2534/50/2081 
usemtl Material__741
f 3001/648/2540 2702/247/2249 2701/248/2248 3002/649/2541 
f 2997/644/2536 3003/651/2542 3004/650/2543 2998/643/2537 
usemtl wire_115115115
f 3005/652/2544 2622/158/2169 2621/156/2168 2646/179/2193 
usemtl Material__741
f 2792/356/2339 2772/334/2319 2771/335/2318 2791/355/2338 
usemtl wire_115115115
s 8
f 3000/647/2539 3006/653/2545 2947/559/2494 2943/555/2490 
s 1
f 2996/642/2535 3005/652/2544 2646/179/2193 2678/217/2225 
usemtl Material__741
f 3007/654/2546 2945/657/2492 3008/656/2547 3009/655/2548 
f 2587/118/2134 3007/654/2546 3009/655/2548 2586/117/2133 
usemtl wire_115115115
f 3010/658/2549 2944/556/2491 2612/146/2159 
usemtl Material__741
f 2558/72/2105 3001/648/2540 3002/649/2541 2555/71/2102 
f 3011/659/2550 3012/662/729 3013/661/939 3014/660/938 
f 3015/663/730 3011/659/2550 3014/660/938 3016/664/940 
f 3017/665/2551 3015/663/730 3016/664/940 3018/666/941 
f 3019/667/1222 3017/665/2551 3018/666/941 3020/668/2552 
f 3021/669/1040 3019/667/1222 3020/668/2552 3022/670/943 
f 3023/671/597 3021/669/1040 3022/670/943 3024/672/944 
f 3025/673/2553 3023/676/597 3024/675/944 3026/674/945 
f 3027/677/601 3025/673/2553 3026/674/945 3028/678/946 
f 3029/679/603 3027/677/601 3028/678/946 3030/680/947 
f 3031/681/605 3029/679/603 3030/680/947 3032/682/948 
f 3033/683/1041 3031/681/605 3032/682/948 3034/684/949 
f 3035/685/609 3033/683/1041 3034/684/949 3036/686/2554 
f 3037/687/1042 3035/685/609 3036/686/2554 3038/688/951 
f 3039/689/731 3037/687/1042 3038/688/951 3040/690/952 
f 3041/691/2555 3039/689/731 3040/690/952 3042/692/953 
f 3012/662/729 3041/691/2555 3042/692/953 3013/661/939 
s 2
f 3043/693/2556 3044/696/2557 3045/695/2558 3046/694/2559 
f 3047/697/2560 3043/693/2556 3046/694/2559 3048/698/2561 
f 3049/699/2562 3047/697/2560 3048/698/2561 3050/700/2563 
f 3051/701/2564 3049/699/2562 3050/700/2563 3052/702/2565 
f 3053/703/2566 3051/701/2564 3052/702/2565 3054/704/2567 
f 3055/705/2568 3053/703/2566 3054/704/2567 3056/706/2569 
f 3057/707/2570 3055/705/2568 3056/706/2569 3058/708/2571 
f 3059/709/2572 3057/707/2570 3058/708/2571 3060/710/2573 
f 3061/711/2574 3059/709/2572 3060/710/2573 3062/712/2575 
f 3063/713/2576 3061/711/2574 3062/712/2575 3064/714/2577 
f 3065/715/2578 3063/713/2576 3064/714/2577 3066/716/2579 
f 3067/717/2580 3065/715/2578 3066/716/2579 3068/718/2581 
f 3069/719/2582 3067/717/2580 3068/718/2581 3070/720/2583 
f 3071/721/2584 3069/719/2582 3070/720/2583 3072/722/2585 
f 3073/723/2586 3071/721/2584 3072/722/2585 3074/724/2587 
f 3044/696/2557 3073/723/2586 3074/724/2587 3045/695/2558 
s off
f 3046/694/2559 3045/695/2558 3075/725/2588 
f 3048/698/2561 3046/694/2559 3075/725/2588 
f 3050/700/2563 3048/698/2561 3075/725/2588 
f 3052/702/2565 3050/700/2563 3075/725/2588 
f 3054/704/2567 3052/702/2565 3075/725/2588 
f 3056/706/2569 3054/704/2567 3075/725/2588 
f 3058/708/2571 3056/706/2569 3075/725/2588 
f 3060/710/2573 3058/708/2571 3075/725/2588 
f 3062/712/2575 3060/710/2573 3075/725/2588 
f 3064/714/2577 3062/712/2575 3075/725/2588 
f 3066/716/2579 3064/714/2577 3075/725/2588 
f 3068/718/2581 3066/716/2579 3075/725/2588 
f 3070/720/2583 3068/718/2581 3075/725/2588 
f 3072/722/2585 3070/720/2583 3075/725/2588 
f 3074/724/2587 3072/722/2585 3075/725/2588 
f 3045/695/2558 3074/724/2587 3075/725/2588 
s 1
f 3076/726/2589 3077/729/2590 3078/728/2591 3079/727/2592 
usemtl Material__404
f 3080/730/2593 3081/733/2594 3082/732/2595 3083/731/2596 
usemtl Material__741
s 8
f 666/734/658 669/737/661 3084/736/2597 3085/735/2598 
s 4
f 669/737/661 671/739/663 3086/738/2599 3084/736/2597 
usemtl Material__404
s 1
f 3087/740/2600 3088/743/2601 3089/742/2602 3090/741/2603 
usemtl Material__741
s 8
f 3091/744/2604 3092/747/2605 3093/746/2606 3094/745/2607 
s 4
f 3092/747/2605 3095/749/2608 3096/748/2609 3093/746/2606 
usemtl Material__404
s 1
f 3083/731/2596 3082/732/2595 3088/743/2601 3087/740/2600 
usemtl Material__741
s 8
f 3094/745/2607 3093/746/2606 3076/751/2589 3079/750/2592 
s 4
f 3093/746/2606 3096/748/2609 3077/752/2590 3076/751/2589 
s off
f 3097/753/675 3098/756/675 3099/755/674 3100/754/674 
f 3100/757/674 3099/760/674 3101/759/677 3102/758/677 
f 3102/755/677 3101/754/677 3103/753/676 3104/756/676 
f 3104/761/676 3103/758/676 3098/757/675 3097/762/675 
s 2
f 3096/763/2609 3105/764/2610 3078/728/2591 3077/729/2590 
usemtl Material__404
s 4
f 3078/728/2591 3081/733/2594 3080/765/2593 3079/727/2592 
s 2
f 3079/750/2592 3080/730/2593 3083/731/2596 3094/745/2607 
f 3094/745/2607 3083/731/2596 3087/740/2600 3091/744/2604 
f 3091/744/2604 3087/740/2600 3090/741/2603 3085/735/2598 
usemtl Material__741
f 671/766/663 692/769/680 3106/768/2611 3086/767/2599 
f 3095/770/2608 3107/771/2612 3105/764/2610 3096/763/2609 
s 8
f 3085/735/2598 3084/736/2597 3092/747/2605 3091/744/2604 
s 4
f 3084/736/2597 3086/738/2599 3095/749/2608 3092/747/2605 
usemtl Material__404
s 1
f 3090/741/2603 3089/742/2602 695/773/683 694/772/682 
s 2
f 3085/735/2598 3090/741/2603 694/772/682 666/734/658 
usemtl Material__741
f 3086/767/2599 3106/768/2611 3107/771/2612 3095/770/2608 
f 3108/774/609 3109/776/691 3110/775/690 
f 3108/774/609 3110/775/690 3111/777/689 
f 3108/774/609 3111/777/689 3112/778/2613 
f 3108/779/609 3112/781/2613 3113/780/687 
f 3108/779/609 3113/780/687 3114/782/685 
f 3108/779/609 3114/782/685 3115/783/686 
f 3108/779/609 3115/783/686 3116/784/696 
f 3108/779/609 3116/784/696 3117/785/695 
f 3108/779/609 3117/785/695 3118/786/694 
f 3108/774/609 3118/788/694 3119/787/693 
f 3108/774/609 3119/787/693 3120/789/692 
f 3108/774/609 3120/789/692 3109/776/691 
f 3121/790/707 3122/793/2614 3123/792/710 3124/791/708 
f 3125/794/705 3121/790/707 3124/791/708 3126/795/706 
f 3127/796/2615 3125/794/705 3126/795/706 3128/797/2616 
f 3129/794/701 3127/796/2615 3128/798/2616 3130/795/702 
f 3131/790/697 3129/794/701 3130/795/702 3132/791/698 
f 3133/793/2617 3131/790/697 3132/791/698 3134/792/699 
f 3135/799/719 3133/793/2617 3134/792/699 3136/800/720 
f 3137/801/717 3135/799/719 3136/800/720 3138/802/718 
f 3139/803/2618 3137/801/717 3138/802/718 3140/804/2619 
f 3141/801/713 3139/803/2618 3140/805/2619 3142/802/714 
f 3143/799/711 3141/801/713 3142/802/714 3144/800/712 
f 3122/793/2614 3143/799/711 3144/800/712 3123/792/710 
s 1
f 3145/806/722 3146/809/723 3147/808/724 3148/807/721 
s 2
f 3148/810/721 3147/813/724 3149/812/728 3150/811/727 
s 1
f 3150/814/727 3149/817/728 3151/816/726 3152/815/725 
s 2
f 3152/818/725 3151/821/726 3146/820/723 3145/819/722 
usemtl Material__404
f 3153/822/729 3154/825/729 3155/824/730 3156/823/730 
f 3156/823/730 3155/824/730 3157/827/593 3158/826/593 
f 3158/826/593 3157/827/593 3159/829/597 3160/828/597 
f 3160/830/597 3159/833/597 3161/832/1259 3162/831/1259 
f 3162/831/1259 3161/832/1259 3163/835/605 3164/834/605 
f 3164/834/605 3163/835/605 3165/837/609 3166/836/609 
f 3166/836/609 3165/837/609 3167/839/731 3168/838/731 
f 3168/838/731 3167/839/731 3154/825/729 3153/822/729 
usemtl Material__741
s 8
f 3169/840/2620 3170/843/1238 3171/842/738 3172/841/2621 
f 3172/841/2621 3171/842/738 3173/845/1222 3174/844/2622 
f 3174/844/2622 3173/845/1222 3175/847/734 3176/846/2623 
f 3176/848/2623 3175/851/734 3177/850/2624 3178/849/2625 
f 3178/849/2625 3177/850/2624 3179/853/745 3180/852/744 
f 3180/852/744 3179/853/745 3181/855/609 3182/854/2626 
f 3182/854/2626 3181/855/609 3183/857/742 3184/856/741 
f 3184/856/741 3183/857/742 3170/843/1238 3169/840/2620 
s 1
f 3184/858/741 3169/861/2620 3185/860/2627 3186/859/1203 
usemtl Material__404
s off
f 3187/862/601 3188/864/601 3189/863/601 
f 3190/865/601 3187/862/601 3189/863/601 
f 3191/866/601 3190/865/601 3189/863/601 
f 3192/867/601 3191/866/601 3189/863/601 
f 3193/868/601 3192/867/601 3189/863/601 
f 3194/869/601 3193/868/601 3189/863/601 
f 3195/870/601 3194/869/601 3189/863/601 
f 3188/864/601 3195/870/601 3189/863/601 
usemtl Material__741
s 1
f 2887/494/2434 3196/872/2628 3197/871/2629 2886/493/2433 
f 3198/873/2630 2606/138/2153 2891/498/2438 3199/874/2631 
f 3200/875/2632 3201/877/2633 3202/876/2634 
f 2886/493/2433 3197/871/2629 3203/878/2635 
f 2541/55/2088 2606/138/2153 3204/879/2636 
f 3205/880/2637 3204/879/2636 3198/873/2630 
usemtl Material__404
f 3206/881/2638 3207/884/2639 3208/883/2640 3209/882/2641 
f 3210/885/2642 3208/883/2640 3207/884/2639 3211/886/2643 
usemtl Material__741
f 3200/875/2632 3212/888/2644 3213/887/2645 
f 2541/55/2088 3204/879/2636 2538/54/2085 
f 3198/873/2630 3204/879/2636 2606/138/2153 
usemtl Material__478
s 2
f 3197/871/2629 3196/872/2628 3214/890/2646 3215/889/2647 
f 3197/871/2629 3215/889/2647 3216/892/2648 3217/891/2649 
f 3217/891/2649 3216/892/2648 3218/893/2650 3200/875/2632 
f 3200/875/2632 3218/893/2650 3219/894/2651 3201/877/2633 
f 3220/895/2652 3201/877/2633 3219/894/2651 3221/896/2653 
f 3196/872/2628 3220/895/2652 3221/896/2653 3214/890/2646 
usemtl Material__404
f 2840/413/2387 2843/418/2390 3222/898/2654 3223/897/2655 
f 394/415/394 2841/416/2388 3224/900/2656 812/899/394 
f 2843/418/2390 398/419/398 814/901/777 3222/898/2654 
s 16
f 2845/421/2392 2844/422/2391 3225/903/2657 3226/902/2658 
s 2
f 2841/416/2388 2846/423/2393 3227/904/2659 3224/900/2656 
s 16
f 2848/424/2395 2847/425/2394 2899/506/2446 3228/905/2660 
f 2850/426/2397 2849/427/2396 3229/907/2661 3230/906/2662 
f 2844/422/2391 2850/426/2397 3230/906/2662 3225/903/2657 
f 2849/427/2396 2848/424/2395 3228/905/2660 3229/907/2661 
f 2846/429/2393 2845/421/2392 3226/902/2658 3227/908/2659 
usemtl Material__741
f 2840/413/2387 2900/508/2447 3231/909/2663 
f 3232/910/2664 3233/912/2665 3234/911/2666 
usemtl Material__478
s 1
f 3235/913/2667 2573/104/2120 105/105/105 826/914/789 
usemtl Material__741
s 16
f 3236/915/2668 3237/916/2669 3232/910/2664 3234/911/2666 
usemtl Material__478
f 3236/915/2668 3238/919/2670 3239/918/2671 3240/917/2672 
s 4
f 2745/293/2292 2742/290/2289 3241/921/2673 3242/920/2674 
f 2746/294/2293 2745/293/2292 3242/920/2674 3243/922/2675 
usemtl Material__741
s 2
f 293/297/293 2748/298/2295 3235/913/2667 826/914/789 
usemtl Material__478
s 4
f 2750/300/2297 2749/299/2296 3244/924/2676 3245/923/2677 
f 2754/304/2301 2752/303/2299 3238/919/2670 3236/915/2668 
f 2755/305/2302 2754/304/2301 3236/915/2668 3234/911/2666 
f 2756/306/2303 2755/305/2302 3234/911/2666 2757/925/2304 
s 8
f 2742/290/2289 2761/315/2308 3246/926/2678 3241/921/2673 
usemtl Material__741
s 2
f 3246/926/2678 2763/320/2310 2762/317/2309 3241/921/2673 
usemtl Material__478
s 4
f 2749/299/2296 2746/294/2293 3243/922/2675 3244/924/2676 
f 2751/301/2298 2750/300/2297 3245/923/2677 3247/927/2679 
usemtl Material__741
s 16
f 2762/317/2309 3248/928/2680 3242/920/2674 3241/921/2673 
f 3248/928/2680 2951/562/2498 3243/922/2675 3242/920/2674 
usemtl Material__404
f 2951/562/2498 3203/878/2635 3244/924/2676 3243/922/2675 
usemtl Material__741
f 3203/878/2635 3249/929/2681 3245/923/2677 3244/924/2676 
f 3249/929/2681 3213/887/2645 3247/927/2679 3245/923/2677 
usemtl Material__404
s 1
f 2951/562/2498 2950/563/2497 2952/564/2499 3203/878/2635 
f 3203/878/2635 2952/564/2499 2948/561/2495 2886/493/2433 
usemtl Material__741
f 3200/875/2632 3213/887/2645 3249/929/2681 3217/891/2649 
usemtl Material__404
f 2641/174/2188 2640/175/2187 3250/930/2682 2832/406/2379 
s 2
f 2815/378/2362 2501/932/2048 2503/931/2050 
f 2730/309/2277 2757/310/2304 2814/379/2361 
usemtl Material__478
s 4
f 3251/933/2683 3252/935/2684 843/934/806 278/282/278 2734/278/2281 
usemtl Material__741
s 2
f 2771/335/2318 3253/938/2685 3254/937/2686 3255/936/2687 
usemtl Material__478
s 4
f 2801/365/2348 3256/939/2688 2736/283/2283 2740/286/2287 
usemtl Material__741
s 2
f 2558/72/2105 2557/73/2104 3257/941/2689 3258/940/2690 
usemtl Material__478
s 4
f 2556/74/2103 2555/71/2102 2664/205/2211 2691/236/2238 
usemtl Material__741
s 2
f 2587/118/2134 119/119/119 852/943/815 3259/942/2691 
usemtl Material__478
s 4
f 120/120/120 2586/117/2133 2655/945/2202 192/944/192 
usemtl Material__741
s 2
f 2591/122/2138 2590/123/2137 3260/947/2692 3261/946/2693 
usemtl Material__478
s 4
f 2589/124/2136 2588/121/2135 2659/197/2206 2658/198/2205 
usemtl Material__741
s 2
f 2620/155/2167 2591/122/2138 3261/946/2693 3262/948/2694 
usemtl Material__478
s 4
f 2588/121/2135 2619/154/2166 2660/199/2207 2659/197/2206 
usemtl Material__741
s 2
f 2703/246/2250 2702/247/2249 3263/950/2695 3264/949/2696 
usemtl Material__478
s 4
f 2701/248/2248 2700/245/2247 2739/287/2286 2667/207/2214 
f 3256/939/2688 2770/336/2317 2769/333/2316 2733/279/2280 2736/283/2283 
f 3265/951/2697 2589/124/2136 2658/198/2205 2796/360/2343 
usemtl Material__741
s 2
f 2802/366/2349 2703/246/2250 3264/949/2696 3266/952/2698 
usemtl Material__478
s 4
f 2700/245/2247 2801/365/2348 2740/286/2287 2739/287/2286 
f 3009/655/2548 3008/656/2547 2657/954/2204 2656/953/2203 
f 2769/955/2316 3251/933/2683 2734/278/2281 2733/279/2280 
f 2619/154/2166 2998/643/2537 2661/200/2208 2660/199/2207 
usemtl Material__741
s 2
f 2997/644/2536 2620/155/2167 3262/948/2694 3267/956/2699 
usemtl Material__478
s 4
f 3002/649/2541 2701/248/2248 2667/207/2214 2665/204/2212 
usemtl Material__741
s 2
f 2702/247/2249 3001/648/2540 3268/957/2700 3263/950/2695 
usemtl Material__478
s 4
f 2998/643/2537 3004/650/2543 2662/201/2209 2661/200/2208 
usemtl Material__741
s 2
f 2557/73/2104 3003/651/2542 3269/958/2701 3257/941/2689 
usemtl Material__478
s 4
f 3008/959/2547 3265/951/2697 2796/360/2343 2657/196/2204 
f 2586/117/2133 3009/655/2548 2656/953/2203 2655/945/2202 
usemtl Material__741
s 2
f 3007/654/2546 2587/118/2134 3259/942/2691 3270/960/2702 
usemtl Material__478
s 4
f 2555/71/2102 3002/649/2541 2665/204/2212 2664/205/2211 
usemtl Material__741
s 2
f 3001/648/2540 2558/72/2105 3258/940/2690 3268/957/2700 
s 4
f 2533/47/2080 2532/48/2079 3271/962/2703 3272/961/2704 
f 2531/49/2078 2530/46/2077 3273/964/2705 3274/963/2706 
f 2617/149/2164 2616/150/2163 3275/966/2707 3276/965/2708 
f 2615/151/2162 2614/148/2161 3277/968/2709 3278/967/2710 
f 2616/150/2163 2533/47/2080 3272/961/2704 3275/966/2707 
f 2530/46/2077 2615/151/2162 3278/967/2710 3273/964/2705 
f 2776/338/2323 2775/339/2322 3279/970/2711 3280/969/2712 
f 2532/48/2079 2774/340/2321 3281/971/2713 3271/962/2703 
f 2792/356/2339 2776/338/2323 3280/969/2712 3282/972/2714 
f 2773/337/2320 2791/355/2338 3283/974/2715 3284/973/2716 
f 2946/558/2493 2617/149/2164 3276/965/2708 3285/975/2717 
f 2614/148/2161 2945/557/2492 3286/976/2718 3277/968/2709 
f 2791/355/2338 2771/335/2318 3255/936/2687 3283/974/2715 
f 2772/334/2319 2792/356/2339 3282/972/2714 3287/977/2719 
s 2
f 2772/978/2319 3287/981/2719 3288/980/2720 3289/979/2721 
f 2945/982/2492 3007/654/2546 3270/960/2702 3286/983/2718 
f 2946/558/2493 3285/975/2717 3260/947/2692 2590/123/2137 
s 1
f 2769/955/2316 2772/984/2319 3289/979/2721 3251/933/2683 
usemtl Material__404
s 2
f 2549/67/2096 2883/491/2430 2550/66/2097 
usemtl Material__741
s 1
f 2505/21/2052 2685/228/2232 2686/229/2233 
usemtl Material__404
s off
f 883/985/846 885/987/848 3290/986/2722 2680/222/2227 
f 2680/222/2227 3290/986/2722 3291/988/2723 2681/221/2228 
f 2681/221/2228 3291/988/2723 3292/990/2724 3293/989/2725 
s 8
f 3293/989/2725 3292/990/2724 3294/992/2726 3295/991/2727 
f 3295/991/2727 3294/992/2726 3296/994/2728 3297/993/2729 
usemtl Material__741
s 1
f 3008/959/2547 2945/557/2492 2946/558/2493 3265/951/2697 
f 3265/951/2697 2946/558/2493 2590/123/2137 2589/124/2136 
usemtl Material__404
f 2831/405/2378 3298/995/2730 3199/874/2631 2830/404/2377 
s 8
f 2804/367/2351 2803/368/2350 3299/996/2731 2828/402/2375 
usemtl Material__741
s 1
f 2804/367/2351 2891/498/2438 2606/138/2153 2605/139/2152 
f 2807/369/2354 2897/504/2444 2894/501/2441 2724/269/2271 
usemtl Material__404
f 3199/874/2631 2891/498/2438 2829/403/2376 2830/404/2377 
usemtl Material__741
f 3199/874/2631 3300/997/2732 3205/880/2637 3198/873/2630 
usemtl Material__404
f 2807/369/2354 2806/370/2353 2825/399/2372 
s 8
f 2806/370/2353 2862/445/2409 2825/399/2372 
s 1
f 3301/998/2733 3302/1000/2734 3303/999/2735 2888/495/2435 
usemtl Material__741
f 3199/874/2631 3298/995/2730 3304/1001/2736 
usemtl Material__478
f 3239/918/2671 3303/999/2735 3302/1000/2734 3240/917/2672 
usemtl Material__741
f 3237/916/2669 3250/930/2682 2640/175/2187 
f 2640/175/2187 3232/910/2664 3237/916/2669 
f 2640/175/2187 2639/176/2186 3232/910/2664 
usemtl Material__404
f 3305/1002/2737 3306/1004/2738 3307/1003/2739 
s 2
f 2501/932/2048 2815/378/2362 2757/310/2304 3308/1005/2740 
usemtl Material__741
s 1
f 3309/1006/2741 2895/503/2442 2786/352/2333 2893/500/2440 
f 3310/1007/2742 3309/1006/2741 2893/500/2440 2894/501/2441 
f 3311/1008/2743 3310/1007/2742 2894/501/2441 2897/504/2444 
s 2
f 2896/502/2443 2895/503/2442 2603/136/2150 3231/909/2663 
usemtl Material__404
s 16
f 2901/507/2448 2900/508/2447 3312/1009/2744 
usemtl Material__741
f 2896/502/2443 2900/508/2447 2847/425/2394 2787/351/2334 
usemtl Material__404
s 1
f 2898/505/2445 3311/1008/2743 2897/504/2444 2827/400/2374 
s 4
f 2898/505/2445 2811/375/2358 3299/996/2731 
usemtl Material__741
s 2
f 2604/135/2151 2603/136/2150 2895/503/2442 3309/1006/2741 
f 2721/267/2268 2604/135/2151 3309/1006/2741 3310/1007/2742 
f 2803/368/2350 2721/267/2268 3310/1007/2742 3311/1008/2743 
s 16
f 3231/909/2663 2900/508/2447 2896/502/2443 
usemtl Material__404
s 2
f 3299/996/2731 2803/368/2350 3311/1008/2743 2898/505/2445 
usemtl Material__741
s 8
f 3231/909/2663 2603/136/2150 2602/137/2149 2780/343/2327 
usemtl Material__404
s 16
f 3312/1009/2744 2900/508/2447 2840/413/2387 3223/897/2655 
usemtl Material__741
f 2840/413/2387 3231/909/2663 2838/412/2385 
usemtl Material__404
s 4
f 3299/996/2731 2811/375/2358 2810/374/2357 
f 3299/996/2731 2810/374/2357 2828/402/2375 
s 1
f 2692/237/2239 2811/375/2358 2826/401/2373 
usemtl Material__741
f 436/471/436 2872/472/2419 3313/1011/2745 908/1010/870 
f 2873/476/2420 438/473/438 911/1013/873 3314/1012/2746 
f 449/484/449 2877/481/2424 3314/1012/2746 911/1013/873 
f 2877/481/2424 2880/486/2427 3315/1014/2747 3314/1012/2746 
f 2879/485/2426 452/487/452 908/1010/870 3313/1011/2745 
f 2872/472/2419 2892/499/2439 3315/1014/2747 3313/1011/2745 
f 3203/878/2635 3197/871/2629 3249/929/2681 
f 3249/929/2681 3197/871/2629 3217/891/2649 
s 8
f 2765/318/2312 3316/1016/2748 3317/1015/2749 2762/317/2309 
f 2762/317/2309 3317/1015/2749 3318/1017/2750 3248/928/2680 
f 3248/928/2680 3318/1017/2750 3319/1018/2751 2951/562/2498 
f 2951/562/2498 3319/1018/2751 3320/1019/2752 2552/68/2099 
f 2552/68/2099 3320/1019/2752 3321/1020/2753 2553/70/2100 
f 3322/1021/2754 3323/1023/2755 3324/1022/2756 2578/109/2125 
f 2941/552/2488 2578/109/2125 3324/1022/2756 
usemtl Material__404
s 1
f 2548/64/2095 2551/65/2098 3325/1025/2757 3326/1024/2758 
f 2549/67/2096 2548/64/2095 3326/1024/2758 3327/1026/2759 
f 2881/488/2428 2882/489/2429 3328/1028/2760 3329/1027/2761 
f 2551/65/2098 2881/488/2428 3329/1027/2761 3325/1025/2757 
f 2882/489/2429 2884/490/2431 3330/1029/2762 3328/1028/2760 
f 2884/490/2431 2883/491/2430 3331/1030/2763 3330/1029/2762 
f 2883/491/2430 2549/67/2096 3327/1026/2759 3331/1030/2763 
usemtl Material__741
s off
f 3317/1015/2749 3316/1016/2748 3325/1025/2757 3329/1027/2761 
f 3318/1017/2750 3317/1015/2749 3329/1027/2761 3328/1028/2760 
f 3319/1018/2751 3318/1017/2750 3328/1028/2760 3330/1029/2762 
f 3320/1019/2752 3319/1018/2751 3330/1029/2762 3331/1030/2763 
f 3324/1022/2756 3323/1023/2755 3327/1026/2759 3326/1024/2758 
f 3316/1016/2748 3324/1022/2756 3326/1024/2758 3325/1025/2757 
s 1
f 3332/1031/2764 3252/935/2684 3251/933/2683 3289/979/2721 
f 2994/640/2533 3333/1032/2765 2507/19/2054 2506/20/2053 
usemtl Material__404
s 2
f 3297/993/2729 3334/1033/2766 3288/980/2720 3295/991/2727 
s 4
f 3297/993/2729 3296/994/2728 3332/1031/2764 3334/1033/2766 
usemtl Material__478
s 1
f 932/1034/894 3335/1037/2767 3336/1036/2768 933/1035/895 
s 16
f 2993/637/2532 3337/1038/2769 3333/1032/2765 2994/640/2533 
s 32
f 2519/34/2066 3332/1031/2764 3296/994/2728 
usemtl Material__741
f 2519/34/2066 2518/35/2065 3252/935/2684 3332/1031/2764 
usemtl Material__478
s 2
f 2518/35/2065 32/32/32 843/934/806 3252/935/2684 
s 32
f 2993/637/2532 573/638/565 3336/1036/2768 
usemtl Material__741
s 1
f 3253/938/2685 3256/939/2688 2801/365/2348 2802/366/2349 
usemtl Material__404
s 2
f 2995/641/2534 3254/937/2686 3266/952/2698 2996/642/2535 
usemtl Material__741
s 1
f 2771/335/2318 2770/336/2317 3256/939/2688 3253/938/2685 
usemtl Material__404
s 2
f 3255/936/2687 3254/937/2686 2995/641/2534 
f 3258/940/2690 3257/941/2689 2682/225/2229 2992/636/2531 
f 3261/946/2693 3260/947/2692 3000/647/2539 2999/646/2538 
f 3262/948/2694 3261/946/2693 2999/646/2538 2537/51/2084 
f 3264/949/2696 3263/950/2695 2622/158/2169 3005/652/2544 
f 3266/952/2698 3264/949/2696 3005/652/2544 2996/642/2535 
f 3267/956/2699 3262/948/2694 2537/51/2084 2536/52/2083 
f 3263/950/2695 3268/957/2700 2623/157/2170 2622/158/2169 
f 3257/941/2689 3269/958/2701 2683/224/2230 2682/225/2229 
f 3268/957/2700 3258/940/2690 2992/636/2531 2623/157/2170 
s 4
f 3272/961/2704 3271/962/2703 2525/43/2072 2777/341/2324 
f 3276/965/2708 3275/966/2707 2789/353/2336 2947/559/2494 
f 3275/966/2707 3272/961/2704 2777/341/2324 2789/353/2336 
f 3271/962/2703 3281/971/2713 2526/1039/2073 2525/43/2072 
f 3284/973/2716 3283/974/2715 2677/218/2224 2676/219/2223 
f 3285/975/2717 3276/965/2708 2947/559/2494 3006/653/2545 
f 3283/974/2715 3255/936/2687 2995/641/2534 2677/218/2224 
s 2
f 3260/947/2692 3285/975/2717 3006/653/2545 3000/647/2539 
usemtl Material__741
f 3266/952/2698 3254/937/2686 3253/938/2685 2802/366/2349 
usemtl Material__404
f 3259/942/2691 852/943/815 580/645/572 2991/635/2530 
f 3270/960/2702 3259/942/2691 2991/635/2530 2944/556/2491 
s 4
f 3274/963/2706 3273/964/2705 2508/1041/2055 2513/1040/2060 
f 3278/967/2710 3277/968/2709 2612/1043/2159 2509/1042/2056 
f 3273/964/2705 3278/967/2710 2509/1042/2056 2508/1041/2055 
f 3280/969/2712 3279/970/2711 2529/1045/2076 2679/1044/2226 
f 3282/972/2714 3280/969/2712 2679/1044/2226 2681/1046/2228 
f 3277/968/2709 3286/976/2718 3010/1047/2549 2612/1043/2159 
f 3287/977/2719 3282/972/2714 2681/1046/2228 3293/1048/2725 
s 2
f 3288/980/2720 3287/981/2719 3293/989/2725 3295/991/2727 
f 3286/983/2718 3270/960/2702 2944/556/2491 3010/658/2549 
usemtl Material__741
f 3288/980/2720 3334/1033/2766 3332/1031/2764 3289/979/2721 
s 4
f 2780/343/2327 2779/344/2326 3338/1049/2770 2838/412/2385 
s 32
f 2497/11/2044 2839/414/2386 2838/412/2385 3338/1049/2770 
s 4
f 2779/344/2326 2890/497/2437 3339/1050/2771 3338/1049/2770 
s off
f 3231/909/2663 2780/343/2327 2838/412/2385 
s 32
f 3339/1050/2771 3327/1026/2759 3323/1023/2755 3322/1021/2754 
s off
f 3327/1026/2759 3321/1020/2753 3320/1019/2752 3331/1030/2763 
s 4
f 3327/1026/2759 3339/1050/2771 2553/70/2100 3321/1020/2753 
usemtl Material__478
s 16
f 2574/103/2121 2573/104/2120 3340/1052/2772 3341/1051/2773 
usemtl Material__741
s 4
f 2748/298/2295 2747/295/2294 3342/1054/2774 3343/1053/2775 
usemtl Material__478
s 16
f 2761/315/2308 2760/316/2307 3341/1051/2773 3340/1052/2772 
usemtl Material__741
s 4
f 2764/319/2311 2763/320/2310 3343/1053/2775 3342/1054/2774 
f 2766/323/2313 2579/112/2126 2578/109/2125 3344/1055/2776 
usemtl Material__404
s 2
f 2760/328/2307 2768/329/2315 3341/1056/2773 
f 2768/329/2315 2574/330/2121 3341/1056/2773 
usemtl Material__741
s 4
f 2747/295/2294 2766/323/2313 3344/1055/2776 3342/1054/2774 
f 2885/492/2432 2764/319/2311 3342/1054/2774 3344/1055/2776 
f 2941/552/2488 2885/492/2432 3344/1055/2776 2578/109/2125 
usemtl Material__478
s 1
f 2573/104/2120 3235/913/2667 3345/1057/2777 3340/1052/2772 
usemtl Material__741
s 2
f 3235/913/2667 2748/298/2295 3343/1053/2775 3345/1057/2777 
usemtl Material__478
s 8
f 3246/926/2678 2761/315/2308 3340/1052/2772 3345/1057/2777 
usemtl Material__741
s 2
f 2763/320/2310 3246/926/2678 3345/1057/2777 3343/1053/2775 
s 8
f 2941/552/2488 3324/1022/2756 3316/1016/2748 2765/318/2312 
s 1
f 3346/1058/2778 2502/17/2049 2501/15/2048 3308/1059/2740 
f 3347/1060/2779 3233/912/2665 3232/910/2664 2639/176/2186 
s 16
f 3234/911/2666 3233/912/2665 3346/1058/2778 2757/925/2304 
f 2757/925/2304 3346/1058/2778 3308/1059/2740 
usemtl Material__404
s 1
f 2638/173/2185 3347/1060/2779 2639/176/2186 
f 2503/16/2050 2502/17/2049 3347/1060/2779 2638/173/2185 
f 3346/1058/2778 3348/1062/2780 3349/1061/2781 2502/17/2049 
f 3347/1060/2779 3350/1064/2782 3351/1063/2783 3233/912/2665 
f 3305/1002/2737 3352/1066/2784 3353/1065/2785 
s 2
f 3307/1003/2739 3306/1004/2738 3350/1064/2782 3349/1061/2781 
s 1
f 3307/1003/2739 3352/1066/2784 3305/1002/2737 
f 3353/1065/2785 3306/1004/2738 3305/1002/2737 
s 2
f 3353/1065/2785 3352/1066/2784 3348/1062/2780 3351/1063/2783 
s 4
f 3349/1061/2781 3348/1062/2780 3352/1066/2784 3307/1003/2739 
f 3351/1063/2783 3350/1064/2782 3306/1004/2738 3353/1065/2785 
s 1
f 3349/1061/2781 3350/1064/2782 3347/1060/2779 2502/17/2049 
f 3351/1063/2783 3348/1062/2780 3346/1058/2778 3233/912/2665 
usemtl Material__741
s 2
f 2539/57/2086 2538/54/2085 3354/1068/2786 3355/1067/2787 
s 16
f 2554/69/2101 2553/70/2100 3339/1050/2771 3355/1067/2787 
f 2887/494/2434 2554/69/2101 3355/1067/2787 3354/1068/2786 
s 2
f 2890/497/2437 2539/57/2086 3355/1067/2787 3339/1050/2771 
s 16
f 3196/872/2628 2887/494/2434 3354/1068/2786 3356/1069/2788 
s 8
f 3212/888/2644 3202/876/2634 3357/1071/2789 3358/1070/2790 
s 4
f 3204/879/2636 3205/880/2637 3359/1072/2791 3356/1069/2788 
s off
f 3213/887/2645 3212/888/2644 3358/1070/2790 3247/927/2679 
s 2
f 2538/54/2085 3204/879/2636 3356/1069/2788 3354/1068/2786 
s 8
f 3201/877/2633 3220/895/2652 3359/1072/2791 3360/1073/2792 
f 3220/895/2652 3196/872/2628 3356/1069/2788 3359/1072/2791 
s 4
f 3205/880/2637 3300/997/2732 3360/1073/2792 3359/1072/2791 
f 3300/997/2732 3361/1074/2793 3357/1071/2789 3360/1073/2792 
s off
f 3304/1001/2736 3362/1075/2794 3247/927/2679 3358/1070/2790 
s 2
f 2840/413/2387 2839/414/2386 2842/417/2389 2843/418/2390 
usemtl Material__404
f 444/479/444 2876/480/2423 2878/482/2425 448/483/448 
usemtl Material__741
s 1
f 2876/480/2423 2880/486/2427 2877/481/2424 2878/482/2425 
f 3315/1014/2747 2880/486/2427 2879/485/2426 3313/1011/2745 
f 3315/1014/2747 2892/499/2439 2873/476/2420 3314/1012/2746 
f 2500/12/2047 2892/499/2439 2872/472/2419 
s 8
f 2499/13/2046 2498/14/2045 3339/1050/2771 2581/110/2128 
f 439/474/439 2874/475/2421 2580/111/2127 962/1076/924 
s 1
f 2499/13/2046 2874/475/2421 2873/476/2420 2500/12/2047 
s 32
f 3339/1050/2771 2498/14/2045 2497/11/2044 3338/1049/2770 
s 8
f 2581/110/2128 2580/111/2127 2874/475/2421 2499/13/2046 
s 1
f 2581/110/2128 3339/1050/2771 3322/1021/2754 2578/109/2125 
f 962/1076/924 2580/111/2127 2579/112/2126 314/321/314 
s off
f 3363/1077/2795 966/1080/928 965/1079/927 3364/1078/2796 
f 3364/1078/2796 965/1079/927 968/1082/930 3365/1081/2797 
f 3365/1083/2797 968/1085/930 970/1084/932 3366/1083/2798 
f 3366/1083/2798 970/1084/932 966/1080/928 3363/1077/2795 
f 3367/1077/2795 974/1080/928 973/1079/927 3368/1078/2796 
f 3368/1078/2796 973/1079/927 976/1082/930 3369/1081/2797 
f 3369/1083/2797 976/1085/930 978/1084/932 3370/1083/2798 
f 3370/1083/2798 978/1084/932 974/1080/928 3367/1077/2795 
f 3371/1077/2795 982/1080/934 981/1079/933 3372/1078/2796 
f 3372/1078/2796 981/1079/933 984/1082/930 3373/1081/2799 
f 3373/1083/2799 984/1085/930 986/1084/932 3374/1083/2798 
f 3374/1083/2798 986/1084/932 982/1080/934 3371/1077/2795 
f 3375/1077/2795 990/1080/934 989/1079/933 3376/1078/2796 
f 3376/1078/2796 989/1079/933 992/1082/930 3377/1081/2799 
f 3377/1083/2799 992/1085/930 994/1084/932 3378/1083/2798 
f 3378/1083/2798 994/1084/932 990/1080/934 3375/1077/2795 
s 1
f 3199/874/2631 3304/1001/2736 3361/1074/2793 
f 3298/995/2730 3379/1086/2800 3362/1075/2794 3304/1001/2736 
s 16
f 3379/1086/2800 3238/919/2670 3247/927/2679 3362/1075/2794 
usemtl Material__478
s 1
f 2753/302/2300 2752/303/2299 2754/304/2301 2725/271/2272 
s 4
f 2753/302/2300 2741/289/2288 2697/244/2244 2696/241/2243 
f 3238/919/2670 2752/303/2299 2751/301/2298 3247/927/2679 
usemtl Material__404
f 2666/203/2213 2741/289/2288 2820/385/2367 
f 2741/289/2288 2668/206/2215 2697/244/2244 
s off
f 3298/995/2730 2831/405/2378 2889/496/2436 3380/1087/2801 
f 2888/495/2435 3303/999/2735 3380/1087/2801 2889/496/2436 
usemtl Material__478
f 3303/999/2735 3239/918/2671 3238/919/2670 3380/1087/2801 
usemtl Material__741
f 3379/1086/2800 3298/995/2730 3380/1087/2801 3238/919/2670 
usemtl Material__404
s 4
f 2831/405/2378 2809/373/2356 2889/496/2436 
f 2888/495/2435 2809/373/2356 2808/372/2355 3301/998/2733 
usemtl Material__478
s 16
f 3215/889/2647 3214/890/2646 3206/881/2638 3209/882/2641 
s 8
f 3216/892/2648 3215/889/2647 3209/882/2641 3208/883/2640 
f 3218/893/2650 3216/892/2648 3208/883/2640 3210/885/2642 
s 16
f 3219/894/2651 3218/893/2650 3210/885/2642 3211/886/2643 
s 8
f 3221/896/2653 3219/894/2651 3211/886/2643 3207/884/2639 
f 3214/890/2646 3221/896/2653 3207/884/2639 3206/881/2638 
usemtl Material__404
s off
f 2832/406/2379 3250/930/2682 3381/1088/2802 2833/407/2380 
f 3302/1000/2734 3301/998/2733 2833/407/2380 3381/1088/2802 
usemtl Material__478
f 3240/917/2672 3302/1000/2734 3381/1088/2802 3236/915/2668 
usemtl Material__741
f 3250/930/2682 3237/916/2669 3236/915/2668 3381/1088/2802 
usemtl Material__404
s 4
f 2832/406/2379 2808/372/2355 2611/144/2158 2641/174/2188 
f 3301/998/2733 2808/372/2355 2833/407/2380 
s 8
f 3171/842/738 3170/843/1238 3382/1090/1238 3383/1089/738 
f 3173/845/1222 3171/842/738 3383/1089/738 3384/1091/1222 
f 3175/847/734 3173/845/1222 3384/1091/1222 3385/1092/734 
f 3177/850/2624 3175/851/734 3385/1094/734 3386/1093/2624 
f 3179/853/745 3177/850/2624 3386/1093/2624 3387/1095/745 
f 3181/855/609 3179/853/745 3387/1095/745 3388/1096/609 
f 3183/857/742 3181/855/609 3388/1096/609 3389/1097/742 
f 3170/843/1238 3183/857/742 3389/1097/742 3382/1090/1238 
usemtl Material__741
s 1
f 3390/1098/586 3391/1101/587 3044/1100/2557 3043/1099/2556 
f 3392/1102/590 3390/1098/586 3043/1099/2556 3047/1103/2560 
f 3393/1104/592 3392/1102/590 3047/1103/2560 3049/1105/2562 
f 3394/1106/2803 3393/1104/592 3049/1105/2562 3051/1107/2564 
f 3395/1108/596 3394/1106/2803 3051/1107/2564 3053/1109/2566 
f 3396/1110/598 3395/1108/596 3053/1109/2566 3055/1111/2568 
f 3397/1112/600 3396/1115/598 3055/1114/2568 3057/1113/2570 
f 3398/1116/602 3397/1112/600 3057/1113/2570 3059/1117/2572 
f 3399/1118/604 3398/1116/602 3059/1117/2572 3061/1119/2574 
f 3400/1120/606 3399/1118/604 3061/1119/2574 3063/1121/2576 
f 3401/1122/608 3400/1120/606 3063/1121/2576 3065/1123/2578 
f 3402/1124/2804 3401/1122/608 3065/1123/2578 3067/1125/2580 
f 3403/1126/612 3402/1124/2804 3067/1125/2580 3069/1127/2582 
f 3404/1128/614 3403/1126/612 3069/1127/2582 3071/1129/2584 
f 3405/1130/616 3404/1128/614 3071/1129/2584 3073/1131/2586 
f 3391/1101/587 3405/1130/616 3073/1131/2586 3044/1100/2557 
usemtl Material__404
f 3406/1132/2805 1023/1133/955 190/191/190 2654/192/2201 
usemtl Material__741
f 2934/543/2481 2935/545/2482 2931/537/2478 2915/522/2462 
f 2936/544/2483 2940/549/2487 2927/533/2474 2929/535/2476 
f 2800/363/2347 3407/1134/2806 2542/58/2089 2545/59/2092 
f 3407/1134/2806 3408/1135/2807 2547/62/2094 2542/58/2089 
f 3408/1135/2807 3409/1136/2808 2488/4/2035 2547/62/2094 
f 3409/1136/2808 3410/1137/2809 2489/3/2036 2488/4/2035 
usemtl Material__404
f 2717/262/2264 3411/1138/2810 2690/235/2237 2663/202/2210 
usemtl Material__741
f 2688/232/2235 3412/1139/2811 2674/214/2221 
usemtl Material__404
f 2631/164/2178 3413/1140/2812 2795/359/2342 2628/163/2175 
s 4
f 3412/1139/2811 2716/263/2263 2728/272/2275 
s 1
f 2585/114/2132 3406/1132/2805 2654/192/2201 2582/113/2129 
f 2627/160/2174 2584/115/2131 2583/116/2130 2624/159/2171 
f 3413/1140/2812 3414/1141/2813 2625/162/2172 2795/359/2342 
f 3414/1141/2813 2626/161/2173 2625/162/2172 
usemtl Material__478
s 4
f 2725/271/2272 2728/272/2275 2820/385/2367 
usemtl Material__741
s 1
f 2522/38/2069 2521/39/2068 2925/530/2472 
s 8
f 2569/95/2116 96/96/96 1033/1143/965 3415/1142/2814 
usemtl Material__404
s 2
f 2585/114/2132 2584/115/2131 3416/1145/2815 3417/1144/2816 
f 2627/160/2174 2626/161/2173 3418/1147/2817 3419/1146/2818 
f 2631/164/2178 2630/165/2177 3420/1149/2819 3421/1148/2820 
f 2630/165/2177 2633/167/2180 3422/1150/2821 3420/1149/2819 
f 2633/167/2180 2635/169/2182 3423/1151/2822 3422/1150/2821 
f 2635/169/2182 2637/171/2184 3424/1152/2823 3423/1151/2822 
usemtl Material__741
s 8
f 2688/232/2235 2687/233/2234 3425/1154/2824 3426/1153/2825 
usemtl Material__404
s 2
f 2717/262/2264 2716/263/2263 3427/1155/2826 3426/1153/2825 
usemtl Material__741
s 8
f 2800/363/2347 2799/364/2346 3428/1156/2827 3421/1148/2820 
f 2934/543/2481 2569/95/2116 3415/1142/2814 3417/1144/2816 
f 2936/544/2483 2935/545/2482 3416/1145/2815 3419/1146/2818 
f 2799/364/2346 2939/548/2486 3429/1157/2828 3428/1156/2827 
f 2939/548/2486 2940/549/2487 3418/1147/2817 3429/1157/2828 
usemtl Material__404
s 2
f 1023/1133/955 3406/1132/2805 3415/1142/2814 1033/1143/965 
usemtl Material__741
s 8
f 2935/545/2482 2934/543/2481 3417/1144/2816 3416/1145/2815 
f 2940/549/2487 2936/544/2483 3419/1146/2818 3418/1147/2817 
f 3407/1134/2806 2800/363/2347 3421/1148/2820 3420/1149/2819 
f 3408/1135/2807 3407/1134/2806 3420/1149/2819 3422/1150/2821 
f 3409/1136/2808 3408/1135/2807 3422/1150/2821 3423/1151/2822 
f 2687/233/2234 3410/1137/2809 3424/1152/2823 3425/1154/2824 
usemtl Material__404
s 2
f 3411/1138/2810 2717/262/2264 3426/1153/2825 3425/1154/2824 
usemtl Material__741
s 8
f 3412/1139/2811 2688/232/2235 3426/1153/2825 3427/1155/2826 
usemtl Material__404
s 2
f 3413/1140/2812 2631/164/2178 3421/1148/2820 3428/1156/2827 
s 16
f 2716/263/2263 3412/1139/2811 3427/1155/2826 
s 2
f 3406/1132/2805 2585/114/2132 3417/1144/2816 3415/1142/2814 
f 2584/115/2131 2627/160/2174 3419/1146/2818 3416/1145/2815 
f 3414/1141/2813 3413/1140/2812 3428/1156/2827 3429/1157/2828 
f 2626/161/2173 3414/1141/2813 3429/1157/2828 3418/1147/2817 
s 4
f 3412/1139/2811 2728/272/2275 2727/273/2274 2674/214/2221 
usemtl Material__478
s 8
f 3430/1158/2829 3431/1161/2830 3432/1160/993 3433/1159/991 
f 3434/1162/2831 3430/1158/2829 3433/1159/991 3435/1163/989 
f 3436/1164/2832 3434/1162/2831 3435/1163/989 3437/1165/2833 
f 3438/1166/2834 3436/1164/2832 3437/1165/2833 3439/1163/985 
f 3440/1167/2835 3438/1166/2834 3439/1163/985 3441/1159/981 
f 3442/1161/2836 3440/1167/2835 3441/1159/981 3443/1160/982 
f 3444/1168/1002 3442/1161/2836 3443/1160/982 3445/1169/1003 
f 3446/1170/1000 3444/1168/1002 3445/1169/1003 3447/1171/1001 
f 3448/1172/2837 3446/1170/1000 3447/1171/1001 3449/1173/2838 
f 3450/1174/996 3448/1172/2837 3449/1173/2838 3451/1171/997 
f 3452/1175/994 3450/1174/996 3451/1171/997 3453/1169/995 
f 3431/1161/2830 3452/1175/994 3453/1169/995 3432/1160/993 
usemtl Material__741
s 1
f 3124/791/708 3123/792/710 3454/1177/1010 3455/1176/1009 
f 3126/795/706 3124/791/708 3455/1176/1009 3456/1178/1008 
f 3128/797/2616 3126/795/706 3456/1178/1008 3457/1179/2839 
f 3130/795/702 3128/798/2616 3457/1180/2839 3458/1178/1006 
f 3132/791/698 3130/795/702 3458/1178/1006 3459/1176/1004 
f 3134/792/699 3132/791/698 3459/1176/1004 3460/1177/1005 
f 3136/800/720 3134/792/699 3460/1177/1005 3461/1181/1015 
f 3138/802/718 3136/800/720 3461/1181/1015 3462/1182/1014 
f 3140/804/2619 3138/802/718 3462/1182/1014 3463/1183/2840 
f 3142/802/714 3140/805/2619 3463/1184/2840 3464/1182/1012 
f 3144/800/712 3142/802/714 3464/1182/1012 3465/1181/1011 
f 3123/792/710 3144/800/712 3465/1181/1011 3454/1177/1010 
usemtl Material__478
s 2
f 3431/1161/2830 3430/1158/2829 3455/1176/1009 3454/1177/1010 
f 3430/1158/2829 3434/1162/2831 3456/1178/1008 3455/1176/1009 
f 3434/1162/2831 3436/1164/2832 3457/1179/2839 3456/1178/1008 
f 3436/1164/2832 3438/1166/2834 3458/1178/1006 3457/1180/2839 
f 3438/1166/2834 3440/1167/2835 3459/1176/1004 3458/1178/1006 
f 3440/1167/2835 3442/1161/2836 3460/1177/1005 3459/1176/1004 
f 3442/1161/2836 3444/1168/1002 3461/1181/1015 3460/1177/1005 
f 3444/1168/1002 3446/1170/1000 3462/1182/1014 3461/1181/1015 
f 3446/1170/1000 3448/1172/2837 3463/1183/2840 3462/1182/1014 
f 3448/1172/2837 3450/1174/996 3464/1182/1012 3463/1184/2840 
f 3450/1174/996 3452/1175/994 3465/1181/1011 3464/1182/1012 
f 3452/1175/994 3431/1161/2830 3454/1177/1010 3465/1181/1011 
usemtl Material__741
f 3466/1185/1026 3467/1188/1028 3468/1187/2841 3469/1186/1027 
f 3470/1189/1024 3466/1185/1026 3469/1186/1027 3471/1190/1025 
f 3472/1191/1022 3470/1189/1024 3471/1190/1025 3473/1192/2842 
f 3474/1189/1020 3472/1191/1022 3473/1193/2842 3475/1190/1021 
f 3476/1185/1016 3474/1189/1020 3475/1190/1021 3477/1186/1017 
f 3478/1188/1019 3476/1185/1016 3477/1186/1017 3479/1194/2843 
f 3480/1195/1038 3478/1188/1019 3479/1194/2843 3481/1196/1039 
f 3482/1197/1036 3480/1195/1038 3481/1196/1039 3483/1198/2844 
f 3484/1199/2845 3482/1197/1036 3483/1198/2844 3485/1200/2846 
f 3486/1197/1032 3484/1199/2845 3485/1202/2846 3487/1201/2847 
f 3488/1195/1030 3486/1197/1032 3487/1201/2847 3489/1203/1031 
f 3467/1188/1028 3488/1195/1030 3489/1203/1031 3468/1187/2841 
f 3122/793/2614 3121/790/707 3469/1186/1027 3468/1187/2841 
f 3121/790/707 3125/794/705 3471/1190/1025 3469/1186/1027 
f 3125/794/705 3127/796/2615 3473/1192/2842 3471/1190/1025 
f 3127/796/2615 3129/794/701 3475/1190/1021 3473/1193/2842 
f 3129/794/701 3131/790/697 3477/1186/1017 3475/1190/1021 
f 3131/790/697 3133/793/2617 3479/1194/2843 3477/1186/1017 
f 3133/793/2617 3135/799/719 3481/1196/1039 3479/1194/2843 
f 3135/799/719 3137/801/717 3483/1198/2844 3481/1196/1039 
f 3137/801/717 3139/803/2618 3485/1200/2846 3483/1198/2844 
f 3139/803/2618 3141/801/713 3487/1201/2847 3485/1202/2846 
f 3141/801/713 3143/799/711 3489/1203/1031 3487/1201/2847 
f 3143/799/711 3122/793/2614 3468/1187/2841 3489/1203/1031 
f 3110/775/690 3109/776/691 3467/1188/1028 3466/1185/1026 
f 3111/777/689 3110/775/690 3466/1185/1026 3470/1189/1024 
f 3112/778/2613 3111/777/689 3470/1189/1024 3472/1191/1022 
f 3113/780/687 3112/781/2613 3472/1191/1022 3474/1189/1020 
f 3114/782/685 3113/780/687 3474/1189/1020 3476/1185/1016 
f 3115/783/686 3114/782/685 3476/1185/1016 3478/1188/1019 
f 3116/784/696 3115/783/686 3478/1188/1019 3480/1195/1038 
f 3117/785/695 3116/784/696 3480/1195/1038 3482/1197/1036 
f 3118/786/694 3117/785/695 3482/1197/1036 3484/1199/2845 
f 3119/787/693 3118/788/694 3484/1199/2845 3486/1197/1032 
f 3120/789/692 3119/787/693 3486/1197/1032 3488/1195/1030 
f 3109/776/691 3120/789/692 3488/1195/1030 3467/1188/1028 
s 8
f 3357/1071/2789 3202/876/2634 3201/877/2633 3360/1073/2792 
s 4
f 3357/1071/2789 3361/1074/2793 3304/1001/2736 3358/1070/2790 
s 1
f 3199/874/2631 3361/1074/2793 3300/997/2732 
f 3200/875/2632 3202/876/2634 3212/888/2644 
usemtl Material__404
s 2
f 3014/660/938 3013/661/939 3490/1205/588 3491/1204/2550 
f 3016/664/940 3014/660/938 3491/1204/2550 3492/1206/730 
f 3018/666/941 3016/664/940 3492/1206/730 3493/1207/2551 
f 3020/668/2552 3018/666/941 3493/1207/2551 3494/1208/1222 
f 3022/670/943 3020/668/2552 3494/1208/1222 3495/1209/595 
f 3024/672/944 3022/670/943 3495/1209/595 3496/1210/2848 
f 3026/674/945 3024/675/944 3496/1212/2848 3497/1211/599 
f 3028/678/946 3026/674/945 3497/1211/599 3498/1213/601 
f 3030/680/947 3028/678/946 3498/1213/601 3499/1214/603 
f 3032/682/948 3030/680/947 3499/1214/603 3500/1215/2849 
f 3034/684/949 3032/682/948 3500/1215/2849 3501/1216/607 
f 3036/686/2554 3034/684/949 3501/1216/607 3502/1217/684 
f 3038/688/951 3036/686/2554 3502/1217/684 3503/1218/611 
f 3040/690/952 3038/688/951 3503/1218/611 3504/1219/731 
f 3042/692/953 3040/690/952 3504/1219/731 3505/1220/2555 
f 3013/661/939 3042/692/953 3505/1220/2555 3490/1205/588 
s 4
f 3391/1101/587 3390/1098/586 3491/1204/2550 3490/1205/588 
f 3390/1098/586 3392/1102/590 3492/1206/730 3491/1204/2550 
f 3392/1102/590 3393/1104/592 3493/1207/2551 3492/1206/730 
f 3393/1104/592 3394/1106/2803 3494/1208/1222 3493/1207/2551 
f 3394/1106/2803 3395/1108/596 3495/1209/595 3494/1208/1222 
f 3395/1108/596 3396/1110/598 3496/1210/2848 3495/1209/595 
f 3396/1115/598 3397/1112/600 3497/1211/599 3496/1212/2848 
f 3397/1112/600 3398/1116/602 3498/1213/601 3497/1211/599 
f 3398/1116/602 3399/1118/604 3499/1214/603 3498/1213/601 
f 3399/1118/604 3400/1120/606 3500/1215/2849 3499/1214/603 
f 3400/1120/606 3401/1122/608 3501/1216/607 3500/1215/2849 
f 3401/1122/608 3402/1124/2804 3502/1217/684 3501/1216/607 
f 3402/1124/2804 3403/1126/612 3503/1218/611 3502/1217/684 
f 3403/1126/612 3404/1128/614 3504/1219/731 3503/1218/611 
f 3404/1128/614 3405/1130/616 3505/1220/2555 3504/1219/731 
f 3405/1130/616 3391/1101/587 3490/1205/588 3505/1220/2555 
s 2
f 101/101/101 2571/98/2118 3506/1222/2850 1124/1221/1043 
f 2571/98/2118 2704/249/2251 2821/1223/2368 3506/1222/2850 
s off
f 2822/460/2369 2867/461/2414 3506/1222/2850 2821/1223/2368 
f 2867/461/2414 428/463/428 1124/1221/1043 3506/1222/2850 
usemtl Material__478
s 1
f 2653/186/2200 2744/291/2291 3507/1224/2851 2650/185/2197 
f 2650/185/2197 3507/1224/2851 3508/1225/2852 2745/293/2292 
usemtl Material__404
f 3509/1226/2853 3510/1228/2854 3511/1227/2855 
f 3512/1229/2856 3510/1228/2854 3509/1226/2853 
f 3513/1230/2857 3512/1229/2856 3509/1226/2853 
f 3511/1227/2855 3513/1230/2857 3509/1226/2853 
usemtl Material__478
f 3508/1225/2852 2743/292/2290 2742/290/2289 2745/293/2292 
s off
f 2743/292/2290 3510/1228/2854 3512/1229/2856 2744/291/2291 
f 2744/291/2291 3512/1229/2856 3513/1230/2857 3507/1224/2851 
f 3507/1224/2851 3513/1230/2857 3511/1227/2855 3508/1225/2852 
f 3508/1225/2852 3511/1227/2855 3510/1228/2854 2743/292/2290 
usemtl Material__404
s 1
f 3514/1231/2858 3515/1234/2859 3516/1233/2860 3517/1232/2861 
f 3517/1232/2861 3516/1233/2860 3518/1236/1160 3519/1235/2862 
f 3519/1235/2862 3518/1236/1160 3520/1238/2863 3521/1237/2864 
f 3521/1237/2864 3520/1238/2863 3522/1240/2865 3523/1239/2866 
f 3523/1239/2866 3522/1240/2865 3524/1242/2867 3525/1241/2868 
f 3525/1241/2868 3524/1242/2867 3526/1244/1262 3527/1243/2869 
f 3527/1243/2869 3526/1244/1262 3528/1246/2870 3529/1245/2871 
f 3529/1245/2871 3528/1246/2870 3530/1248/2872 3531/1247/2873 
f 3531/1247/2873 3530/1248/2872 3532/1250/2874 3533/1249/2875 
f 3533/1249/2875 3532/1250/2874 3534/1252/2876 3535/1251/2877 
f 3535/1251/2877 3534/1252/2876 3536/1254/2878 3537/1253/2879 
f 3537/1253/2879 3536/1254/2878 3538/1256/2880 3539/1255/2881 
f 3539/1255/2881 3538/1256/2880 3540/1258/1171 3541/1257/2882 
f 3542/1259/2883 3543/1260/1172 3515/1234/2859 3514/1231/2858 
usemtl Material__741
s 2
f 3544/1261/2884 3545/1264/2885 3546/1263/2886 3547/1262/2887 
f 3548/1265/2888 3544/1261/2884 3547/1262/2887 3549/1266/2889 
f 3550/1267/2890 3548/1265/2888 3549/1266/2889 3551/1268/2891 
f 3552/1269/2892 3550/1267/2890 3551/1268/2891 3553/1270/2893 
f 3554/1271/2894 3552/1269/2892 3553/1270/2893 3555/1272/2895 
f 3556/1273/2896 3554/1271/2894 3555/1272/2895 3557/1274/2897 
f 3558/1275/2898 3556/1273/2896 3557/1274/2897 3559/1276/2899 
f 3560/1277/2900 3558/1275/2898 3559/1276/2899 3561/1278/2901 
f 3562/1279/2902 3560/1277/2900 3561/1278/2901 3563/1280/2903 
f 3564/1281/2904 3562/1279/2902 3563/1280/2903 3565/1282/2905 
f 3566/1283/2906 3564/1281/2904 3565/1282/2905 3567/1284/2907 
f 3568/1285/2908 3566/1283/2906 3567/1284/2907 3569/1286/2909 
f 3570/1287/2910 3568/1285/2908 3569/1286/2909 3571/1288/2911 
f 3572/1289/2912 3570/1287/2910 3571/1288/2911 3573/1290/2913 
usemtl Material__404
f 3574/1291/2914 3575/1294/2915 3576/1293/2916 3577/1292/2917 
s 1
f 3574/1295/2914 3514/1231/2858 3517/1232/2861 3575/1296/2915 
f 3575/1296/2915 3517/1232/2861 3519/1235/2862 3578/1297/2918 
f 3578/1297/2918 3519/1235/2862 3521/1237/2864 3579/1298/2919 
f 3579/1298/2919 3521/1237/2864 3523/1239/2866 3580/1299/2920 
f 3580/1299/2920 3523/1239/2866 3525/1241/2868 3581/1300/2921 
f 3581/1300/2921 3525/1241/2868 3527/1243/2869 3582/1301/2922 
f 3582/1301/2922 3527/1243/2869 3529/1245/2871 3583/1302/2923 
f 3583/1302/2923 3529/1245/2871 3531/1247/2873 3584/1303/2924 
f 3584/1303/2924 3531/1247/2873 3533/1249/2875 3585/1304/2925 
f 3585/1304/2925 3533/1249/2875 3535/1251/2877 3586/1305/2926 
f 3586/1305/2926 3535/1251/2877 3537/1253/2879 3576/1306/2916 
f 3576/1306/2916 3537/1253/2879 3539/1255/2881 3577/1307/2917 
f 3577/1307/2917 3539/1255/2881 3541/1257/2882 3587/1308/2927 
usemtl Material__741
f 3546/1263/2886 3588/1310/2928 3589/1309/2929 3547/1262/2887 
f 3547/1262/2887 3589/1309/2929 3590/1311/2930 3549/1266/2889 
f 3549/1266/2889 3590/1311/2930 3591/1312/2931 3551/1268/2891 
f 3551/1268/2891 3591/1312/2931 3592/1313/2932 3553/1270/2893 
f 3553/1270/2893 3592/1313/2932 3593/1314/2933 3555/1272/2895 
f 3555/1272/2895 3593/1314/2933 3594/1315/2934 3557/1274/2897 
f 3557/1274/2897 3594/1315/2934 3595/1316/2935 3559/1276/2899 
f 3559/1276/2899 3595/1316/2935 3596/1317/2936 3561/1278/2901 
f 3561/1278/2901 3596/1317/2936 3597/1318/2937 3563/1280/2903 
f 3563/1280/2903 3597/1318/2937 3598/1319/2938 3565/1282/2905 
f 3565/1282/2905 3598/1319/2938 3599/1320/2939 3567/1284/2907 
f 3567/1284/2907 3599/1320/2939 3600/1321/2940 3569/1286/2909 
f 3569/1286/2909 3600/1321/2940 3601/1322/2941 3571/1288/2911 
f 3571/1288/2911 3601/1322/2941 3602/1323/2942 3573/1290/2913 
usemtl Material__404
f 3603/1324/2943 3542/1259/2883 3514/1231/2858 3574/1295/2914 
s 2
f 3574/1291/2914 3577/1292/2917 3587/1326/2927 3603/1325/2943 
f 3576/1293/2916 3575/1294/2915 3578/1328/2918 3586/1327/2926 
f 3586/1327/2926 3578/1328/2918 3579/1330/2919 3585/1329/2925 
f 3585/1329/2925 3579/1330/2919 3580/1332/2920 3584/1331/2924 
f 3584/1331/2924 3580/1332/2920 3581/1334/2921 3583/1333/2923 
f 3583/1333/2923 3581/1334/2921 3582/1335/2922 
s 1
f 3545/1336/2885 3544/1339/2884 3604/1338/2944 3605/1337/2945 
f 3544/1339/2884 3548/1341/2888 3606/1340/2946 3604/1338/2944 
f 3548/1341/2888 3550/1343/2890 3607/1342/2947 3606/1340/2946 
f 3550/1343/2890 3552/1345/2892 3608/1344/2948 3607/1342/2947 
f 3552/1345/2892 3554/1347/2894 3609/1346/2949 3608/1344/2948 
f 3554/1347/2894 3556/1349/2896 3610/1348/2950 3609/1346/2949 
f 3556/1349/2896 3558/1351/2898 3611/1350/2951 3610/1348/2950 
f 3558/1351/2898 3560/1353/2900 3612/1352/2952 3611/1350/2951 
f 3560/1353/2900 3562/1355/2902 3613/1354/2953 3612/1352/2952 
f 3562/1355/2902 3564/1357/2904 3614/1356/2954 3613/1354/2953 
f 3564/1357/2904 3566/1359/2906 3615/1358/2955 3614/1356/2954 
f 3566/1359/2906 3568/1361/2908 3616/1360/2956 3615/1358/2955 
f 3568/1361/2908 3570/1363/2910 3617/1362/2957 3616/1360/2956 
f 3570/1363/2910 3572/1365/2912 3618/1364/2958 3617/1362/2957 
s 2
f 3605/1366/2945 3604/1369/2944 3617/1368/2957 3618/1367/2958 
f 3616/1370/2956 3617/1368/2957 3604/1369/2944 3606/1371/2946 
f 3616/1370/2956 3606/1371/2946 3607/1373/2947 3615/1372/2955 
f 3615/1372/2955 3607/1373/2947 3608/1375/2948 3614/1374/2954 
f 3614/1374/2954 3608/1375/2948 3609/1377/2949 3613/1376/2953 
f 3613/1376/2953 3609/1377/2949 3610/1379/2950 3612/1378/2952 
f 3612/1378/2952 3610/1379/2950 3611/1380/2951 
s 4
f 3603/1381/2943 3587/1384/2927 3605/1383/2945 3618/1382/2958 
f 3605/1383/2945 3587/1384/2927 3541/1385/2882 
f 3603/1381/2943 3618/1382/2958 3542/1386/2883 
f 3542/1386/2883 3618/1382/2958 3619/1388/2959 3543/1387/1172 
f 3605/1383/2945 3541/1385/2882 3540/1390/1171 3620/1389/2960 
usemtl Material__741
s 1
f 3621/1391/1054 3622/1392/1185 3601/1322/2941 3600/1321/2940 
f 3623/1393/1057 3621/1391/1054 3600/1321/2940 3599/1320/2939 
f 3624/1394/2961 3623/1393/1057 3599/1320/2939 3598/1319/2938 
f 3625/1395/2962 3624/1394/2961 3598/1319/2938 3597/1318/2937 
usemtl Material__404
f 3524/1242/2867 3522/1240/2865 3626/1396/2963 
f 3526/1244/1262 3524/1242/2867 3626/1396/2963 3627/1397/2964 
f 3528/1246/2870 3526/1244/1262 3627/1397/2964 3628/1398/2965 
f 3628/1398/2965 3530/1248/2872 3528/1246/2870 
usemtl Material__741
f 3629/1399/2966 3630/1400/2967 3593/1314/2933 3592/1313/2932 
f 3631/1401/1072 3629/1399/2966 3592/1313/2932 3591/1312/2931 
f 3632/1402/2968 3631/1401/1072 3591/1312/2931 3590/1311/2930 
f 3633/1403/2969 3632/1402/2968 3590/1311/2930 3589/1309/2929 
f 3634/1404/1078 3633/1403/2969 3589/1309/2929 3588/1310/2928 
f 3622/1392/1185 3635/1405/1080 3602/1323/2942 3601/1322/2941 
f 3630/1400/2967 3594/1315/2934 3593/1314/2933 
f 3596/1317/2936 3625/1395/2962 3597/1318/2937 
usemtl Material__404
s 8
f 3516/1233/2860 3515/1234/2859 3636/1407/2970 3637/1406/2971 
f 3518/1236/1160 3516/1233/2860 3637/1406/2971 3638/1408/1175 
f 3520/1238/2863 3518/1236/1160 3638/1408/1175 3639/1409/597 
f 3522/1240/2865 3520/1238/2863 3639/1409/597 3640/1410/2972 
f 3532/1250/2874 3530/1248/2872 3641/1412/2973 3642/1411/2849 
f 3534/1252/2876 3532/1250/2874 3642/1411/2849 3643/1413/2974 
f 3536/1254/2878 3534/1252/2876 3643/1413/2974 3644/1414/1196 
f 3538/1256/2880 3536/1254/2878 3644/1414/1196 3645/1415/2975 
f 3540/1258/1171 3538/1256/2880 3645/1415/2975 3620/1416/2960 
f 3515/1234/2859 3543/1260/1172 3619/1417/2959 3636/1407/2970 
usemtl Material__741
s 2
f 3595/1316/2935 3594/1315/2934 3646/1419/2976 3647/1418/2977 
f 3596/1317/2936 3595/1316/2935 3647/1418/2977 3648/1420/2978 
f 3622/1392/1185 3621/1391/1054 3637/1406/2971 3636/1407/2970 
f 3621/1391/1054 3623/1393/1057 3638/1408/1175 3637/1406/2971 
f 3623/1393/1057 3624/1394/2961 3639/1409/597 3638/1408/1175 
f 3624/1394/2961 3625/1395/2962 3640/1410/2972 3639/1409/597 
usemtl Material__404
s 8
f 3626/1396/2963 3522/1240/2865 3640/1410/2972 3648/1420/2978 
f 3627/1397/2964 3626/1396/2963 3648/1420/2978 3647/1418/2977 
f 3628/1398/2965 3627/1397/2964 3647/1418/2977 3646/1419/2976 
f 3530/1248/2872 3628/1398/2965 3646/1419/2976 3641/1412/2973 
usemtl Material__741
s 2
f 3630/1400/2967 3629/1399/2966 3642/1411/2849 3641/1412/2973 
f 3629/1399/2966 3631/1401/1072 3643/1413/2974 3642/1411/2849 
f 3631/1401/1072 3632/1402/2968 3644/1414/1196 3643/1413/2974 
f 3632/1402/2968 3633/1403/2969 3645/1415/2975 3644/1414/1196 
f 3633/1403/2969 3634/1404/1078 3620/1416/2960 3645/1415/2975 
f 3635/1405/1080 3622/1392/1185 3636/1407/2970 3619/1417/2959 
f 3594/1315/2934 3630/1400/2967 3641/1412/2973 3646/1419/2976 
f 3625/1395/2962 3596/1317/2936 3648/1420/2978 3640/1410/2972 
usemtl Material__404
s 4
f 3619/1388/2959 3618/1382/2958 3572/1421/2912 
f 3619/1388/2959 3602/1423/2942 3635/1422/1080 
f 3602/1423/2942 3572/1421/2912 3573/1424/2913 
f 3619/1388/2959 3572/1421/2912 3602/1423/2942 
f 3545/1425/2885 3620/1389/2960 3634/1428/1078 3588/1427/2928 3546/1426/2886 
f 3620/1389/2960 3545/1425/2885 3605/1383/2945 
s 1
f 3649/1231/2858 3650/1234/2859 3651/1233/1158 3652/1232/2861 
f 3652/1232/2861 3651/1233/1158 3653/1236/1160 3654/1235/2862 
f 3654/1235/2862 3653/1236/1160 3655/1238/2863 3656/1237/2864 
f 3656/1237/2864 3655/1238/2863 3657/1240/2865 3658/1239/2866 
f 3658/1239/2866 3657/1240/2865 3659/1242/2867 3660/1241/2868 
f 3660/1241/2868 3659/1242/2867 3661/1244/1262 3662/1243/2869 
f 3662/1243/2869 3661/1244/1262 3663/1246/2870 3664/1245/2871 
f 3664/1245/2871 3663/1246/2870 3665/1248/2872 3666/1247/2873 
f 3666/1247/2873 3665/1248/2872 3667/1250/2874 3668/1249/2875 
f 3668/1249/2875 3667/1250/2874 3669/1252/2876 3670/1251/2877 
f 3670/1251/2877 3669/1252/2876 3671/1254/2878 3672/1253/2879 
f 3672/1253/2879 3671/1254/2878 3673/1256/2880 3674/1255/2881 
f 3674/1255/2881 3673/1256/2880 3675/1258/1171 3676/1257/2882 
f 3677/1259/2979 3678/1260/1172 3650/1234/2859 3649/1231/2858 
usemtl Material__741
s 2
f 3679/1261/2884 3680/1264/2885 3681/1263/2886 3682/1262/2887 
f 3683/1265/2888 3679/1261/2884 3682/1262/2887 3684/1266/2889 
f 3685/1267/2890 3683/1265/2888 3684/1266/2889 3686/1268/2891 
f 3687/1269/2892 3685/1267/2890 3686/1268/2891 3688/1270/2893 
f 3689/1271/2894 3687/1269/2892 3688/1270/2893 3690/1272/2895 
f 3691/1273/2896 3689/1271/2894 3690/1272/2895 3692/1274/2897 
f 3693/1275/2898 3691/1273/2896 3692/1274/2897 3694/1276/2899 
f 3695/1277/2900 3693/1275/2898 3694/1276/2899 3696/1278/2901 
f 3697/1279/2902 3695/1277/2900 3696/1278/2901 3698/1280/2903 
f 3699/1281/2904 3697/1279/2902 3698/1280/2903 3700/1282/2905 
f 3701/1283/2906 3699/1281/2904 3700/1282/2905 3702/1284/2907 
f 3703/1285/2908 3701/1283/2906 3702/1284/2907 3704/1286/2909 
f 3705/1287/2910 3703/1285/2908 3704/1286/2909 3706/1288/2911 
f 3707/1289/2912 3705/1287/2910 3706/1288/2911 3708/1290/2913 
usemtl Material__404
f 3709/1291/2914 3710/1294/2915 3711/1293/2916 3712/1292/2917 
s 1
f 3709/1295/2914 3649/1231/2858 3652/1232/2861 3710/1296/2915 
f 3710/1296/2915 3652/1232/2861 3654/1235/2862 3713/1297/2918 
f 3713/1297/2918 3654/1235/2862 3656/1237/2864 3714/1298/2919 
f 3714/1298/2919 3656/1237/2864 3658/1239/2866 3715/1299/2920 
f 3715/1299/2920 3658/1239/2866 3660/1241/2868 3716/1300/2921 
f 3716/1300/2921 3660/1241/2868 3662/1243/2869 3717/1301/2922 
f 3717/1301/2922 3662/1243/2869 3664/1245/2871 3718/1302/2923 
f 3718/1302/2923 3664/1245/2871 3666/1247/2873 3719/1303/2924 
f 3719/1303/2924 3666/1247/2873 3668/1249/2875 3720/1304/2925 
f 3720/1304/2925 3668/1249/2875 3670/1251/2877 3721/1305/2926 
f 3721/1305/2926 3670/1251/2877 3672/1253/2879 3711/1306/2916 
f 3711/1306/2916 3672/1253/2879 3674/1255/2881 3712/1307/2917 
f 3712/1307/2917 3674/1255/2881 3676/1257/2882 3722/1308/2980 
usemtl Material__741
f 3681/1263/2886 3723/1310/2928 3724/1309/2929 3682/1262/2887 
f 3682/1262/2887 3724/1309/2929 3725/1311/2981 3684/1266/2889 
f 3684/1266/2889 3725/1311/2981 3726/1312/2931 3686/1268/2891 
f 3686/1268/2891 3726/1312/2931 3727/1313/2932 3688/1270/2893 
f 3688/1270/2893 3727/1313/2932 3728/1314/2933 3690/1272/2895 
f 3690/1272/2895 3728/1314/2933 3729/1315/2934 3692/1274/2897 
f 3692/1274/2897 3729/1315/2934 3730/1316/2935 3694/1276/2899 
f 3694/1276/2899 3730/1316/2935 3731/1317/2936 3696/1278/2901 
f 3696/1278/2901 3731/1317/2936 3732/1318/2937 3698/1280/2903 
f 3698/1280/2903 3732/1318/2937 3733/1319/2938 3700/1282/2905 
f 3700/1282/2905 3733/1319/2938 3734/1320/2982 3702/1284/2907 
f 3702/1284/2907 3734/1320/2982 3735/1321/2983 3704/1286/2909 
f 3704/1286/2909 3735/1321/2983 3736/1322/2941 3706/1288/2911 
f 3706/1288/2911 3736/1322/2941 3737/1323/2942 3708/1290/2913 
usemtl Material__404
f 3738/1324/2984 3677/1259/2979 3649/1231/2858 3709/1295/2914 
s 2
f 3709/1291/2914 3712/1292/2917 3722/1326/2980 3738/1325/2984 
f 3711/1293/2916 3710/1294/2915 3713/1328/2918 3721/1327/2926 
f 3721/1327/2926 3713/1328/2918 3714/1330/2919 3720/1329/2925 
f 3720/1329/2925 3714/1330/2919 3715/1332/2920 3719/1331/2924 
f 3719/1331/2924 3715/1332/2920 3716/1334/2921 3718/1333/2923 
f 3718/1333/2923 3716/1334/2921 3717/1335/2922 
s 1
f 3680/1336/2885 3679/1339/2884 3739/1338/2944 3740/1337/2945 
f 3679/1339/2884 3683/1341/2888 3741/1340/2946 3739/1338/2944 
f 3683/1341/2888 3685/1343/2890 3742/1342/2947 3741/1340/2946 
f 3685/1343/2890 3687/1345/2892 3743/1344/2948 3742/1342/2947 
f 3687/1345/2892 3689/1347/2894 3744/1346/2949 3743/1344/2948 
f 3689/1347/2894 3691/1349/2896 3745/1348/2950 3744/1346/2949 
f 3691/1349/2896 3693/1351/2898 3746/1350/2951 3745/1348/2950 
f 3693/1351/2898 3695/1353/2900 3747/1352/2952 3746/1350/2951 
f 3695/1353/2900 3697/1355/2902 3748/1354/2953 3747/1352/2952 
f 3697/1355/2902 3699/1357/2904 3749/1356/2954 3748/1354/2953 
f 3699/1357/2904 3701/1359/2906 3750/1358/2955 3749/1356/2954 
f 3701/1359/2906 3703/1361/2908 3751/1360/2956 3750/1358/2955 
f 3703/1361/2908 3705/1363/2910 3752/1362/2957 3751/1360/2956 
f 3705/1363/2910 3707/1365/2912 3753/1364/2958 3752/1362/2957 
s 2
f 3740/1366/2945 3739/1369/2944 3752/1368/2957 3753/1367/2958 
f 3751/1370/2956 3752/1368/2957 3739/1369/2944 3741/1371/2946 
f 3751/1370/2956 3741/1371/2946 3742/1373/2947 3750/1372/2955 
f 3750/1372/2955 3742/1373/2947 3743/1375/2948 3749/1374/2954 
f 3749/1374/2954 3743/1375/2948 3744/1377/2949 3748/1376/2953 
f 3748/1376/2953 3744/1377/2949 3745/1379/2950 3747/1378/2952 
f 3747/1378/2952 3745/1379/2950 3746/1380/2951 
s 4
f 3738/1381/2984 3722/1384/2980 3740/1383/2945 3753/1382/2958 
f 3740/1383/2945 3722/1384/2980 3676/1385/2882 
f 3738/1381/2984 3753/1382/2958 3677/1386/2979 
f 3677/1386/2979 3753/1382/2958 3754/1388/2959 3678/1387/1172 
f 3740/1383/2945 3676/1385/2882 3675/1390/1171 3755/1389/2960 
usemtl Material__741
s 1
f 3756/1391/1054 3757/1392/1185 3736/1322/2941 3735/1321/2983 
f 3758/1393/1057 3756/1391/1054 3735/1321/2983 3734/1320/2982 
f 3759/1394/2961 3758/1393/1057 3734/1320/2982 3733/1319/2938 
f 3760/1395/2962 3759/1394/2961 3733/1319/2938 3732/1318/2937 
usemtl Material__404
f 3659/1242/2867 3657/1240/2865 3761/1396/2963 
f 3661/1244/1262 3659/1242/2867 3761/1396/2963 3762/1397/2964 
f 3663/1246/2870 3661/1244/1262 3762/1397/2964 3763/1398/2965 
f 3763/1398/2965 3665/1248/2872 3663/1246/2870 
usemtl Material__741
f 3764/1399/2966 3765/1400/2967 3728/1314/2933 3727/1313/2932 
f 3766/1401/2985 3764/1399/2966 3727/1313/2932 3726/1312/2931 
f 3767/1402/2986 3766/1401/2985 3726/1312/2931 3725/1311/2981 
f 3768/1403/2969 3767/1402/2986 3725/1311/2981 3724/1309/2929 
f 3769/1404/2987 3768/1403/2969 3724/1309/2929 3723/1310/2928 
f 3757/1392/1185 3770/1405/1080 3737/1323/2942 3736/1322/2941 
f 3765/1400/2967 3729/1315/2934 3728/1314/2933 
f 3731/1317/2936 3760/1395/2962 3732/1318/2937 
usemtl Material__404
s 8
f 3651/1233/1158 3650/1234/2859 3771/1407/2970 3772/1406/2971 
f 3653/1236/1160 3651/1233/1158 3772/1406/2971 3773/1408/1175 
f 3655/1238/2863 3653/1236/1160 3773/1408/1175 3774/1409/597 
f 3657/1240/2865 3655/1238/2863 3774/1409/597 3775/1410/2972 
f 3667/1250/2874 3665/1248/2872 3776/1412/2973 3777/1411/2849 
f 3669/1252/2876 3667/1250/2874 3777/1411/2849 3778/1413/2974 
f 3671/1254/2878 3669/1252/2876 3778/1413/2974 3779/1414/1196 
f 3673/1256/2880 3671/1254/2878 3779/1414/1196 3780/1415/1180 
f 3675/1258/1171 3673/1256/2880 3780/1415/1180 3755/1416/2960 
f 3650/1234/2859 3678/1260/1172 3754/1417/2959 3771/1407/2970 
usemtl Material__741
s 2
f 3730/1316/2935 3729/1315/2934 3781/1419/2976 3782/1418/2977 
f 3731/1317/2936 3730/1316/2935 3782/1418/2977 3783/1420/2978 
f 3757/1392/1185 3756/1391/1054 3772/1406/2971 3771/1407/2970 
f 3756/1391/1054 3758/1393/1057 3773/1408/1175 3772/1406/2971 
f 3758/1393/1057 3759/1394/2961 3774/1409/597 3773/1408/1175 
f 3759/1394/2961 3760/1395/2962 3775/1410/2972 3774/1409/597 
usemtl Material__404
s 8
f 3761/1396/2963 3657/1240/2865 3775/1410/2972 3783/1420/2978 
f 3762/1397/2964 3761/1396/2963 3783/1420/2978 3782/1418/2977 
f 3763/1398/2965 3762/1397/2964 3782/1418/2977 3781/1419/2976 
f 3665/1248/2872 3763/1398/2965 3781/1419/2976 3776/1412/2973 
usemtl Material__741
s 2
f 3765/1400/2967 3764/1399/2966 3777/1411/2849 3776/1412/2973 
f 3764/1399/2966 3766/1401/2985 3778/1413/2974 3777/1411/2849 
f 3766/1401/2985 3767/1402/2986 3779/1414/1196 3778/1413/2974 
f 3767/1402/2986 3768/1403/2969 3780/1415/1180 3779/1414/1196 
f 3768/1403/2969 3769/1404/2987 3755/1416/2960 3780/1415/1180 
f 3770/1405/1080 3757/1392/1185 3771/1407/2970 3754/1417/2959 
f 3729/1315/2934 3765/1400/2967 3776/1412/2973 3781/1419/2976 
f 3760/1395/2962 3731/1317/2936 3783/1420/2978 3775/1410/2972 
usemtl Material__404
s 4
f 3754/1388/2959 3753/1382/2958 3707/1421/2912 
f 3754/1388/2959 3737/1423/2942 3770/1422/1080 
f 3737/1423/2942 3707/1421/2912 3708/1424/2913 
f 3754/1388/2959 3707/1421/2912 3737/1423/2942 
f 3680/1425/2885 3755/1389/2960 3769/1428/2987 3723/1427/2928 3681/1426/2886 
f 3755/1389/2960 3680/1425/2885 3740/1383/2945 
usemtl Material__741
s 2
f 227/231/227 2685/228/2232 3784/1430/2988 1403/1429/1197 
f 2685/228/2232 2505/21/2052 3785/1431/2989 3784/1430/2988 
f 2505/21/2052 2504/18/2051 3786/1432/2990 3785/1431/2989 
s 4
f 2507/19/2054 3333/1032/2765 3787/1434/2991 3788/1433/2992 
usemtl Material__478
s 16
f 3333/1032/2765 3337/1038/2769 3787/1434/2991 
s 32
f 3337/1038/2769 3335/1037/2767 2519/34/2066 
usemtl Material__404
s 1
f 3292/990/2724 3786/1432/2990 3788/1433/2992 3294/992/2726 
f 1403/1429/1197 3784/1430/2988 3290/986/2722 885/987/848 
s 16
f 3784/1430/2988 3785/1431/2989 3291/988/2723 3290/986/2722 
f 3785/1431/2989 3786/1432/2990 3292/990/2724 3291/988/2723 
s 1
f 3788/1433/2992 3787/1434/2991 3296/994/2728 3294/992/2726 
usemtl Material__741
s 4
f 3788/1433/2992 3786/1432/2990 2504/18/2051 2507/19/2054 
s 1
f 3182/1435/2626 3789/1438/2993 3790/1437/746 3180/1436/744 
f 3180/1436/744 3790/1437/746 3791/1440/2994 3178/1439/2625 
f 3792/863/588 3793/1442/1208 3794/1441/2995 
f 3792/863/588 3185/860/2627 3793/1442/1208 
f 3184/858/741 3186/859/1203 3789/1438/2993 3182/1435/2626 
f 3178/1439/2625 3791/1440/2994 3795/1444/1207 3176/1443/2623 
f 3176/1443/2623 3795/1444/1207 3794/1441/2995 3174/1445/2622 
f 3186/859/1203 3185/860/2627 3792/863/588 
f 3790/1437/746 3789/1438/2993 3792/863/588 
f 3791/1440/2994 3790/1437/746 3792/863/588 
f 3794/1441/2995 3793/1442/1208 3172/1446/2621 3174/1445/2622 
f 3793/1442/1208 3185/860/2627 3169/861/2620 3172/1446/2621 
f 3789/1438/2993 3186/859/1203 3792/863/588 
f 3795/1444/1207 3791/1440/2994 3792/863/588 
f 3794/1441/2995 3795/1444/1207 3792/863/588 
usemtl Material__404
s 2
f 3106/768/2611 692/769/680 695/773/683 3089/742/2602 
f 3105/764/2610 3107/771/2612 3088/743/2601 3082/732/2595 
f 3107/771/2612 3106/768/2611 3089/742/2602 3088/743/2601 
f 3078/728/2591 3105/764/2610 3082/732/2595 3081/733/2594 
usemtl Material__478
s 1
f 3453/1447/995 3796/1450/1215 3797/1449/1213 3432/1448/993 
f 3449/1173/2838 3798/1453/1212 3799/1452/1216 3451/1451/997 
f 3451/1451/997 3799/1452/1216 3796/1450/1215 3453/1447/995 
f 3441/1159/981 3800/1456/1217 3801/1455/1209 3443/1454/982 
f 3443/1160/982 3801/1459/1209 3802/1458/1210 3445/1457/1003 
f 3445/1169/1003 3802/1462/1210 3803/1461/1211 3447/1460/1001 
f 3447/1460/1001 3803/1461/1211 3798/1464/1212 3449/1463/2838 
f 3432/1160/993 3797/1467/1213 3804/1466/1214 3433/1465/991 
f 3433/1159/991 3804/1470/1214 3805/1469/1220 3435/1468/989 
f 3435/1163/989 3805/1473/1220 3806/1472/2996 3437/1471/2833 
f 3437/1165/2833 3806/1476/2996 3807/1475/1218 3439/1474/985 
f 3439/1474/985 3807/1475/1218 3800/1478/1217 3441/1477/981 
usemtl wire_115115115
f 3808/1479/1226 3809/1481/1228 3810/1480/593 
f 3811/1482/1229 3812/1483/2997 3810/1480/593 
f 3809/1481/1228 3811/1482/1229 3810/1480/593 
f 3813/1484/1221 3814/1485/1230 3810/1480/593 
f 3815/1486/1223 3813/1487/1221 3810/1480/593 
f 3816/1488/1224 3815/1489/1223 3810/1480/593 
f 3812/1490/2997 3816/1488/1224 3810/1480/593 
f 3817/1491/1227 3808/1492/1226 3810/1480/593 
f 3818/1493/1233 3817/1494/1227 3810/1480/593 
f 3819/1495/2998 3818/1496/1233 3810/1480/593 
f 3820/1497/1231 3819/1498/2998 3810/1480/593 
f 3814/1499/1230 3820/1497/1231 3810/1480/593 
usemtl Material__478
s 2
f 3797/1449/1213 3796/1450/1215 3809/1481/1228 3808/1479/1226 
f 3799/1452/1216 3798/1453/1212 3812/1483/2997 3811/1482/1229 
f 3796/1450/1215 3799/1452/1216 3811/1482/1229 3809/1481/1228 
f 3801/1455/1209 3800/1456/1217 3814/1485/1230 3813/1484/1221 
f 3802/1458/1210 3801/1459/1209 3813/1487/1221 3815/1486/1223 
f 3803/1461/1211 3802/1462/1210 3815/1489/1223 3816/1488/1224 
f 3798/1464/1212 3803/1461/1211 3816/1488/1224 3812/1490/2997 
f 3804/1466/1214 3797/1467/1213 3808/1492/1226 3817/1491/1227 
f 3805/1469/1220 3804/1470/1214 3817/1494/1227 3818/1493/1233 
f 3806/1472/2996 3805/1473/1220 3818/1496/1233 3819/1495/2998 
f 3807/1475/1218 3806/1476/2996 3819/1498/2998 3820/1497/1231 
f 3800/1478/1217 3807/1475/1218 3820/1497/1231 3814/1499/1230 
usemtl Material__741
s 1
f 2686/229/2233 1441/1500/1234 574/639/566 2994/640/2533 2506/20/2053 
usemtl Material__404
f 3821/1501/2999 3822/1503/3000 3823/1502/3001 
usemtl Material__741
f 2505/21/2052 2686/229/2233 2506/20/2053 
s off
f 1441/1500/1234 3823/1502/3001 3822/1503/3000 226/230/226 
f 226/230/226 3822/1503/3000 3821/1501/2999 2686/229/2233 
f 2686/229/2233 3821/1501/2999 3823/1502/3001 1441/1500/1234 
usemtl Material__478
s 32
f 3336/1036/2768 3335/1037/2767 3337/1038/2769 2993/637/2532 
s 1
f 2519/34/2066 3335/1037/2767 932/1034/894 33/33/33 
s 32
f 3787/1434/2991 3337/1038/2769 2519/34/2066 
f 3787/1434/2991 2519/34/2066 3296/994/2728 
s 1
f 3336/1036/2768 573/638/565 933/1035/895 
usemtl Material__741
f 2490/2/2037 2489/3/2036 2673/215/2220 2563/212/2110 
usemtl wire_115115115
s 8
f 2527/41/2074 2526/42/2073 2676/219/2223 2675/216/2222 
s 1
f 2529/44/2076 2528/45/2075 2680/222/2227 2679/220/2226 
f 2528/45/2075 97/97/97 883/985/846 2680/222/2227 
usemtl Material__404
f 2637/171/2184 2636/172/2183 2690/235/2237 3411/1138/2810 
s 8
f 2636/172/2183 2662/201/2209 2691/236/2238 2690/235/2237 
usemtl wire_115115115
s 1
f 2684/223/2231 2683/224/2230 2536/52/2083 2535/53/2082 
usemtl Material__404
s 2
f 2490/226/2037 223/227/223 1445/1505/84 2487/1504/2034 
usemtl wire_115115115
s 1
f 2527/41/2074 2689/234/2236 2648/182/2195 2524/40/2071 
usemtl Material__741
f 2775/339/2322 2774/340/2321 2532/48/2079 2531/49/2078 
usemtl wire_115115115
f 2684/223/2231 2689/234/2236 2645/180/2192 2644/181/2191 
usemtl Material__741
f 3004/650/2543 3003/651/2542 2557/73/2104 2556/74/2103 
usemtl Material__478
s 4
f 2662/201/2209 3004/650/2543 2556/74/2103 2691/236/2238 
usemtl Material__741
s 2
f 3269/958/2701 3003/651/2542 2997/644/2536 3267/956/2699 
s 4
f 3279/970/2711 2775/339/2322 2531/49/2078 3274/963/2706 
f 3281/971/2713 2774/340/2321 2773/337/2320 3284/973/2716 
usemtl Material__404
s 2
f 2683/224/2230 3269/958/2701 3267/956/2699 2536/52/2083 
s 4
f 2526/1039/2073 3281/971/2713 3284/973/2716 2676/219/2223 
f 2529/1045/2076 3279/970/2711 3274/963/2706 2513/1040/2060 
usemtl Material__741
s 1
f 2489/3/2036 3410/1137/2809 2687/233/2234 2673/215/2220 
usemtl Material__404
s 2
f 3424/1152/2823 2637/171/2184 3411/1138/2810 3425/1154/2824 
usemtl Material__741
s 8
f 3424/1152/2823 3410/1137/2809 3409/1136/2808 3423/1151/2822 
usemtl Material__404
s 1
f 3824/1506/1238 3825/1506/1238 3826/1507/738 3827/1507/738 
f 3827/1507/738 3826/1507/738 3828/1508/1222 3829/1508/1222 
f 3829/1508/1222 3828/1508/1222 3830/1509/734 3831/1509/734 
f 3831/1509/734 3830/1509/734 3832/1510/735 3833/1510/735 
f 3833/1510/735 3832/1510/735 3834/1511/745 3835/1511/745 
f 3835/1511/745 3834/1511/745 3836/1512/609 3837/1512/609 
f 3837/1512/609 3836/1512/609 3838/1513/742 3839/1513/742 
f 3839/1513/742 3838/1513/742 3825/1506/1238 3824/1506/1238 
s 8
f 3188/864/601 3187/862/601 3840/858/3002 3841/861/3003 
f 3187/862/601 3190/865/601 3842/1435/3004 3840/858/3002 
f 3190/865/601 3191/866/601 3843/1436/3005 3842/1435/3004 
f 3191/866/601 3192/867/601 3844/1439/3006 3843/1436/3005 
f 3192/867/601 3193/868/601 3845/1443/1246 3844/1439/3006 
f 3193/868/601 3194/869/601 3846/1445/3007 3845/1443/1246 
f 3194/869/601 3195/870/601 3847/1446/1244 3846/1445/3007 
f 3195/870/601 3188/864/601 3841/861/3003 3847/1446/1244 
f 3383/1089/738 3382/1090/1238 3841/1515/3003 3840/1514/3002 
f 3384/1091/1222 3383/1089/738 3840/1514/3002 3842/1516/3004 
f 3385/1092/734 3384/1091/1222 3842/1516/3004 3843/1517/3005 
f 3386/1093/2624 3385/1094/734 3843/1519/3005 3844/1518/3006 
f 3387/1095/745 3386/1093/2624 3844/1518/3006 3845/1520/1246 
f 3388/1096/609 3387/1095/745 3845/1520/1246 3846/1521/3007 
f 3389/1097/742 3388/1096/609 3846/1521/3007 3847/1522/1244 
f 3382/1090/1238 3389/1097/742 3847/1522/1244 3841/1515/3003 
f 1470/1523/1247 1473/1526/1250 3848/1525/3008 3849/1524/3009 
f 3849/1524/3009 3848/1525/3008 3850/1528/3010 3851/1527/3011 
f 3851/1527/3011 3850/1528/3010 3852/1530/3012 3853/1529/3013 
f 3853/1529/3013 3852/1530/3012 3854/1532/3014 3855/1531/3015 
s 1
f 3855/1533/3015 3856/1536/3016 1481/1535/730 1480/1534/729 
usemtl Material__741
f 3857/1536/3017 3858/1539/3018 3859/1538/3019 1485/1537/1259 1484/1535/597 
usemtl Material__404
f 3855/1533/3015 1480/1534/729 1488/1541/729 3853/1540/3013 
f 3853/1540/3013 1488/1541/729 1489/1543/729 3851/1542/3011 
f 3851/1542/3011 1489/1543/729 1490/1545/729 3849/1544/3009 
f 3849/1544/3009 1490/1545/729 1470/1546/1247 
usemtl Material__741
f 3859/1538/3019 3860/1548/3020 1491/1547/1262 1485/1537/1259 
f 3860/1548/3020 3861/1550/3021 1493/1549/1264 1491/1547/1262 
usemtl Material__404
s 8
f 3848/1525/3008 1473/1526/1250 1496/1546/1267 3862/1544/3022 
f 3850/1528/3010 3848/1525/3008 3862/1544/3022 3863/1542/3023 
f 3852/1530/3012 3850/1528/3010 3863/1542/3023 3864/1540/3024 
f 3854/1532/3014 3852/1530/3012 3864/1540/3024 3865/1533/3025 
s off
f 3855/1551/3015 3854/1553/3014 3865/1552/3025 
f 3855/1551/3015 3865/1552/3025 3866/1557/3026 3858/1556/3018 3857/1555/3017 3856/1554/3016 
usemtl Material__741
f 1484/1558/597 1481/1561/730 3856/1560/3016 3857/1559/3017 
usemtl Material__404
s 1
f 3863/1542/3023 3862/1544/3022 3867/1563/3027 3868/1562/3028 
s 2
f 3860/1548/3020 3859/1538/3019 3869/1564/3029 3868/1562/3028 
f 3859/1538/3019 3858/1539/3018 3866/1565/3026 3869/1564/3029 
f 3861/1550/3021 3867/1563/3027 1504/1566/1275 1493/1549/1264 
f 3868/1562/3028 3867/1563/3027 3861/1550/3021 3860/1548/3020 
s 1
f 3868/1562/3028 3869/1564/3029 3864/1540/3024 3863/1542/3023 
f 3869/1564/3029 3866/1565/3026 3865/1533/3025 3864/1540/3024 
f 1504/1566/1275 3867/1563/3027 3862/1544/3022 1496/1546/1267 
f 3870/1567/3030 3871/1570/3031 3872/1569/3032 3873/1568/3033 
f 3874/1571/3034 3870/1567/3030 3873/1568/3033 3875/1572/3035 
f 3876/1573/3036 3874/1576/3034 3875/1575/3035 3877/1574/3037 
f 3878/1577/3038 3876/1573/3036 3877/1574/3037 3879/1578/3039 
f 3880/1579/3040 3878/1582/3038 3879/1581/3039 3881/1580/3041 
f 3882/1583/3042 3880/1579/3040 3881/1580/3041 3883/1584/3043 
f 3884/1585/3044 3882/1588/3042 3883/1587/3043 3885/1586/3045 
f 3871/1589/3031 3884/1585/3044 3885/1586/3045 3872/1590/3032 
s 2
f 3886/1591/3046 3887/1594/3047 3888/1593/3048 3889/1592/3049 
s 8
f 3890/1595/3050 3891/1598/3050 3892/1597/3051 3893/1596/3051 
f 3893/1596/3051 3892/1597/3051 3894/1600/3052 3895/1599/3053 
f 3895/1601/3053 3894/1604/3052 3896/1603/3054 3897/1602/3054 
f 3897/1602/3054 3896/1603/3054 3898/1606/3055 3899/1605/3055 
f 3899/1607/3055 3898/1610/3055 3900/1609/3056 3901/1608/3056 
f 3901/1608/3056 3900/1609/3056 3902/1612/3057 3903/1611/3058 
f 3903/1613/3058 3902/1616/3057 3904/1615/3059 3905/1614/3060 
f 3905/1614/3060 3904/1615/3059 3891/1618/3050 3890/1617/3050 
usemtl Material__741
s 2
f 3906/1619/3061 3907/1622/3062 3908/1621/3063 3909/1620/3064 
f 3910/1623/3065 3911/1626/3066 3907/1625/3062 3906/1624/3061 
f 3912/1627/3067 3913/1630/3068 3911/1629/3066 3910/1628/3065 
f 3914/1631/3069 3915/1634/3070 3913/1633/3068 3912/1632/3067 
f 3916/1635/3071 3917/1638/3072 3915/1637/3070 3914/1636/3069 
f 3918/1639/3073 3919/1642/3074 3917/1641/3072 3916/1640/3071 
f 3920/1643/3075 3921/1646/3076 3919/1645/3074 3918/1644/3073 
f 3909/1647/3064 3908/1650/3063 3921/1649/3076 3920/1648/3075 
usemtl Material__404
s 1
f 3922/1651/3077 3923/1653/3078 3924/1652/3079 
usemtl Material__741
s 4
f 3925/1654/3080 3926/1657/3081 3927/1656/3082 3928/1655/3083 
usemtl Material__404
s 8
f 3929/1658/3084 3930/1661/3085 3931/1660/3086 3932/1659/3087 
s 16
f 3933/1662/3088 3934/1665/3089 3935/1664/3090 3936/1663/3091 
s 32
f 3937/1666/3092 3938/1669/3093 3939/1668/3094 3940/1667/3095 
s 64
f 3941/1670/3096 3942/1673/3097 3943/1672/3098 3944/1671/3099 
s off
f 3934/1674/3089 3929/1658/3084 3932/1659/3087 3935/1675/3090 
f 3944/1671/3099 3931/1677/3086 3930/1676/3085 3941/1670/3096 
f 3938/1678/3093 3933/1662/3088 3936/1663/3091 3939/1679/3094 
f 3942/1680/3097 3937/1666/3092 3940/1667/3095 3943/1681/3098 
usemtl Material__741
s 2
f 3945/1682/3100 3946/1685/3101 3947/1684/3102 3948/1683/3103 
s 4
f 3949/1686/3104 3950/1689/3105 3951/1688/3106 3952/1687/3107 
usemtl Material__740
s 8
f 3953/1690/3108 3954/1693/3109 3955/1692/3110 3956/1691/3111 
usemtl Material__404
s 16
f 3957/1694/3112 3958/1697/3113 3959/1696/3114 3960/1695/3115 
usemtl Material__741
s off
f 3946/1685/3101 3945/1682/3100 3961/1699/3116 3962/1698/3117 
f 3945/1682/3100 3948/1683/3103 3963/1701/3118 3964/1700/3119 
f 3950/1689/3105 3949/1686/3104 3965/1703/3120 3966/1702/3121 
f 3967/1704/3122 3961/1699/3116 3964/1700/3119 3968/1705/3123 
f 3969/1706/3124 3970/1709/3125 3971/1708/3126 3972/1707/3127 
f 3949/1686/3104 3967/1704/3122 3968/1705/3123 3965/1703/3120 
f 3961/1699/3116 3945/1682/3100 3964/1700/3119 
f 3948/1683/3103 3947/1684/3102 3973/1710/3128 3969/1706/3124 
f 3963/1701/3118 3948/1683/3103 3969/1706/3124 3972/1707/3127 
f 3951/1688/3106 3950/1689/3105 3970/1709/3125 3974/1711/3129 
f 3950/1689/3105 3966/1702/3121 3971/1708/3126 3970/1709/3125 
usemtl Material__740
s 4
f 3975/1712/3130 3976/1715/3131 3977/1714/3132 3978/1713/3133 
usemtl Material__741
s 1
f 3979/1716/3134 3980/1719/3135 3981/1718/3136 3982/1717/3137 
f 3982/1717/3137 3981/1718/3136 3983/1721/3138 3984/1720/3139 
f 3984/1720/3139 3983/1721/3138 3985/1723/3140 3986/1722/3141 
f 3986/1722/3141 3985/1723/3140 3980/1719/3135 3979/1716/3134 
s off
f 3987/1724/3142 3988/1727/3143 3989/1726/3144 3990/1725/3145 
f 3991/1728/3146 3992/1731/3147 3993/1730/3148 3994/1729/3149 
f 3995/1732/3150 3987/1735/3142 3990/1734/3145 3996/1733/3151 
f 3992/1736/3147 3997/1739/3152 3998/1738/3153 3993/1737/3148 
f 3988/1740/3143 3999/1743/3154 4000/1742/3155 3989/1741/3144 
f 4001/1744/3156 3991/1747/3146 3994/1746/3149 4002/1745/3157 
s 2
f 4003/1748/3158 4004/1751/3159 4005/1750/3160 4006/1749/3161 
usemtl Material__404
s off
f 4007/1752/3162 4008/1755/3163 4009/1754/3164 4010/1753/3165 
f 4011/1756/3166 4007/1759/3162 4010/1758/3165 4012/1757/3167 
f 4012/1760/3167 4010/1763/3165 4009/1762/3164 4013/1761/3168 
f 4013/1764/3168 4009/1767/3164 4008/1766/3163 4014/1765/3169 
f 4014/1768/3169 4008/1771/3163 4007/1770/3162 4011/1769/3166 
usemtl Material__741
s 2
f 4003/1748/3158 4006/1749/3161 4015/1773/3170 4016/1772/3171 
f 4005/1750/3160 4004/1751/3159 4017/1775/3172 4018/1774/3173 
usemtl Material__404
s 1
f 4019/1776/3174 4020/1779/3175 4021/1778/3176 4022/1777/3177 
f 3924/1652/3079 3923/1653/3078 4020/1779/3175 4019/1776/3174 
f 4022/1777/3177 4021/1778/3176 4023/1780/3178 
s 2
f 3888/1593/3048 3887/1594/3047 4024/1782/3179 4025/1781/3180 
f 3886/1591/3046 3889/1592/3049 4026/1783/3181 
f 4025/1781/3180 4024/1782/3179 4027/1784/3182 
usemtl Material__741
s 4
f 3927/1656/3082 3926/1657/3081 4028/1786/3183 4029/1785/3184 
s 64
f 3968/1705/3123 3971/1708/3126 3966/1702/3121 3965/1703/3120 
usemtl Material__404
s 16
f 3960/1695/3115 3959/1696/3114 4030/1788/3185 4031/1787/3186 
f 4031/1787/3186 4030/1788/3185 4032/1790/3187 4033/1789/3188 
s off
f 4034/1791/3189 4035/1794/3190 4036/1793/3191 4037/1792/3192 
f 4038/1795/3193 4034/1791/3189 4037/1792/3192 4039/1796/3194 
f 4040/1797/3195 4038/1795/3193 4039/1796/3194 4041/1798/3196 
f 4042/1799/3197 4040/1797/3195 4041/1798/3196 4043/1800/3198 
f 4044/1801/3199 4042/1799/3197 4043/1800/3198 4045/1802/3200 
f 4046/1803/3201 4044/1801/3199 4045/1802/3200 4047/1804/3202 
f 4048/1805/3203 4046/1803/3201 4047/1804/3202 4049/1806/3204 
f 4035/1794/3190 4048/1805/3203 4049/1806/3204 4036/1793/3191 
s 2
f 4037/1807/3192 4036/1809/3191 4050/1808/684 
f 4039/1810/3194 4037/1807/3192 4050/1808/684 
f 4041/1811/3196 4039/1810/3194 4050/1808/684 
f 4043/1812/3198 4041/1811/3196 4050/1808/684 
f 4045/1813/3200 4043/1812/3198 4050/1808/684 
f 4047/1814/3202 4045/1813/3200 4050/1808/684 
f 4049/1815/3204 4047/1816/3202 4050/1808/684 
f 4036/1809/3191 4049/1815/3204 4050/1808/684 
usemtl Material__741
s 1
f 4051/1817/3205 4052/1820/3206 4018/1819/3173 4017/1818/3172 
f 4053/1821/3207 4054/1824/3208 4006/1823/3161 4005/1822/3160 
f 4055/1825/3209 4056/1828/3210 4016/1827/3171 4015/1826/3170 
f 4057/1829/3211 4058/1832/3212 4004/1831/3159 4003/1830/3158 
f 4052/1833/3206 4053/1834/3207 4005/1750/3160 4018/1774/3173 
f 4058/1835/3212 4051/1836/3205 4017/1775/3172 4004/1751/3159 
f 4054/1837/3208 4055/1838/3209 4015/1773/3170 4006/1749/3161 
f 4056/1839/3210 4057/1840/3211 4003/1748/3158 4016/1772/3171 
s off
f 3961/1699/3116 4059/1842/3213 4060/1841/3214 3962/1698/3117 
f 3962/1698/3117 4060/1841/3214 4061/1844/3215 4062/1843/3216 
f 4062/1843/3216 4061/1844/3215 4063/1845/3217 3967/1704/3122 
f 3967/1704/3122 4063/1845/3217 4059/1842/3213 3961/1699/3116 
f 4060/1841/3214 4059/1842/3213 4064/1847/3218 4065/1846/3219 
f 4061/1844/3215 4060/1841/3214 4065/1846/3219 4066/1848/3220 
f 4063/1845/3217 4061/1844/3215 4066/1848/3220 4067/1849/3221 
f 4059/1842/3213 4063/1845/3217 4067/1849/3221 4064/1847/3218 
s 4
f 3925/1654/3080 3928/1655/3083 4068/1851/3222 4069/1850/3223 
s 8
f 4070/1852/3084 4071/1855/3085 4072/1854/3224 4073/1853/3225 
s 16
f 4074/1856/3088 4075/1859/3089 4076/1858/3226 4077/1857/3227 
f 4078/1860/3228 4079/1863/3228 4080/1862/3228 4081/1861/3228 
s 32
f 4082/1864/3092 4083/1867/3093 4084/1866/3229 4085/1865/3230 
s 64
f 4086/1868/3096 4087/1871/3097 4088/1870/3231 4089/1869/3232 
f 4090/1872/3233 4091/1875/3234 4092/1874/3235 4093/1873/3236 
s off
f 4075/1876/3089 4070/1852/3084 4073/1853/3225 4076/1877/3226 
f 4094/1878/3237 4095/1881/3090 4096/1880/3238 4097/1879/3239 
f 4098/1882/3240 4099/1885/3241 4100/1884/3242 4101/1883/3243 
f 4071/1886/3085 4086/1868/3096 4089/1869/3232 4072/1887/3224 
f 4083/1888/3093 4074/1856/3088 4077/1857/3227 4084/1889/3229 
f 4102/1890/3091 4103/1893/3244 4104/1892/3245 4105/1891/3246 
f 4087/1894/3097 4082/1864/3092 4085/1865/3230 4088/1895/3231 
f 4106/1896/3247 4107/1899/3098 4108/1898/3248 4109/1897/3249 
usemtl Material__404
f 3932/1900/3087 3931/1903/3086 4110/1902/3250 4111/1901/3251 
f 3930/1904/3085 3929/1907/3084 4112/1906/3251 4113/1905/3250 
f 3936/1908/3091 3935/1911/3090 4114/1910/3252 4115/1909/3253 
f 3934/1912/3089 3933/1915/3088 4116/1914/3253 4117/1913/3252 
f 3940/1916/3095 3939/1919/3094 4118/1918/3254 4119/1917/3255 
f 3938/1920/3093 3937/1923/3092 4120/1922/3255 4121/1921/3254 
f 3944/1924/3099 3943/1927/3098 4122/1926/3256 4123/1925/3257 
f 3942/1928/3097 3941/1931/3096 4124/1930/3257 4125/1929/3256 
f 3935/1911/3090 3932/1900/3087 4111/1901/3251 4114/1910/3252 
f 3929/1907/3084 3934/1912/3089 4117/1913/3252 4112/1906/3251 
f 3941/1931/3096 3930/1904/3085 4113/1905/3250 4124/1930/3257 
f 3931/1903/3086 3944/1924/3099 4123/1925/3257 4110/1902/3250 
f 3939/1919/3094 3936/1908/3091 4115/1909/3253 4118/1918/3254 
f 3933/1915/3088 3938/1920/3093 4121/1921/3254 4116/1914/3253 
f 3943/1927/3098 3940/1916/3095 4119/1917/3255 4122/1926/3256 
f 3937/1923/3092 3942/1928/3097 4125/1929/3256 4120/1922/3255 
usemtl Material__741
f 4071/1932/3085 4070/1935/3084 4111/1934/3251 4110/1933/3250 
f 4094/1936/3237 4099/1939/3241 4113/1938/3250 4112/1937/3251 
f 4075/1940/3089 4074/1943/3088 4115/1942/3253 4114/1941/3252 
f 4102/1863/3091 4095/1860/3090 4117/1945/3252 4116/1944/3253 
f 4083/1946/3093 4082/1949/3092 4119/1948/3255 4118/1947/3254 
f 4106/1950/3247 4103/1953/3244 4121/1952/3254 4120/1951/3255 
f 4087/1954/3097 4086/1957/3096 4123/1956/3257 4122/1955/3256 
f 4098/1875/3240 4107/1872/3098 4125/1959/3256 4124/1958/3257 
f 4070/1935/3084 4075/1940/3089 4114/1941/3252 4111/1934/3251 
f 4095/1881/3090 4094/1878/3237 4112/1961/3251 4117/1960/3252 
f 4099/1885/3241 4098/1882/3240 4124/1963/3257 4113/1962/3250 
f 4086/1957/3096 4071/1932/3085 4110/1933/3250 4123/1956/3257 
f 4074/1943/3088 4083/1946/3093 4118/1947/3254 4115/1942/3253 
f 4103/1893/3244 4102/1890/3091 4116/1965/3253 4121/1964/3254 
f 4082/1949/3092 4087/1954/3097 4122/1955/3256 4119/1948/3255 
f 4107/1899/3098 4106/1896/3247 4120/1967/3255 4125/1966/3256 
usemtl Material__404
f 4126/1968/3258 4127/1969/3259 4052/1820/3206 4051/1817/3205 
f 4128/1970/3260 4129/1971/3261 4054/1824/3208 4053/1821/3207 
f 4130/1972/3262 4131/1973/3263 4056/1828/3210 4055/1825/3209 
f 4132/1974/3264 4133/1975/3265 4058/1832/3212 4057/1829/3211 
f 4127/1969/3259 4128/1977/3260 4053/1976/3207 4052/1820/3206 
f 4133/1975/3265 4126/1979/3258 4051/1978/3205 4058/1832/3212 
f 4129/1971/3261 4130/1981/3262 4055/1980/3209 4054/1824/3208 
f 4131/1973/3263 4132/1983/3264 4057/1982/3211 4056/1828/3210 
usemtl Material__741
f 3998/1984/3153 3996/1987/3151 4134/1986/3266 4135/1985/3267 
f 3990/1725/3145 3989/1726/3144 4136/1989/3268 4137/1988/3269 
f 4000/1990/3155 4002/1993/3157 4138/1992/3270 4139/1991/3271 
f 3994/1729/3149 3993/1730/3148 4140/1995/3272 4141/1994/3273 
f 3996/1733/3151 3990/1734/3145 4137/1997/3269 4134/1996/3266 
f 3993/1737/3148 3998/1738/3153 4135/1999/3267 4140/1998/3272 
f 3989/1741/3144 4000/1742/3155 4139/2001/3271 4136/2000/3268 
f 4002/1745/3157 3994/1746/3149 4141/2003/3273 4138/2002/3270 
usemtl Material__404
f 4127/2004/3259 4126/2007/3258 4135/2006/3267 4134/2005/3266 
f 4129/2008/3261 4128/2011/3260 4137/2010/3269 4136/2009/3268 
f 4131/2012/3263 4130/2015/3262 4139/2014/3271 4138/2013/3270 
f 4133/2016/3265 4132/2019/3264 4141/2018/3273 4140/2017/3272 
f 4128/2011/3260 4127/2004/3259 4134/2005/3266 4137/2010/3269 
f 4126/2007/3258 4133/2016/3265 4140/2017/3272 4135/2006/3267 
f 4130/2015/3262 4129/2008/3261 4136/2009/3268 4139/2014/3271 
f 4132/2019/3264 4131/2012/3263 4138/2013/3270 4141/2018/3273 
usemtl Material__741
f 4142/2020/3274 4143/2023/3275 4144/2022/3276 4145/2021/3277 
f 4146/2024/3278 4147/2027/3279 4148/2026/3280 4149/2025/3281 
f 4150/2028/3282 4151/2031/3283 4152/2030/3284 4153/2029/3285 
f 4154/2032/3286 4155/2035/3287 4156/2034/3288 4157/2033/3289 
f 4065/1846/3219 4064/1847/3218 4158/2036/3290 4159/1846/3291 
f 4066/1848/3220 4065/1846/3219 4159/1846/3291 4160/2037/3292 
f 4067/1849/3221 4066/1848/3220 4160/2037/3292 4161/2038/3293 
f 4064/1847/3218 4067/1849/3221 4161/2038/3293 4158/2036/3290 
f 4159/1846/3291 4158/2036/3290 4161/2038/3293 4160/2037/3292 
f 4162/2039/3294 4163/2042/3295 4164/2041/3296 4165/2040/3297 
f 4166/2043/3298 4167/2045/3299 4168/2044/3300 
f 4169/2046/3301 4170/2048/3302 4171/2047/3303 
f 4172/2049/3304 4173/2051/3305 4174/2050/3306 
f 4175/2052/3307 4176/2054/3308 4177/2053/3309 
f 4157/2033/3289 4142/2020/3274 4162/2039/3294 
f 4145/2021/3277 4146/2024/3278 4163/2042/3295 
f 4149/2025/3281 4150/2028/3282 4164/2041/3296 
f 4153/2029/3285 4154/2032/3286 4165/2040/3297 
f 4166/2043/3298 4170/2048/3302 4169/2046/3301 4167/2045/3299 
f 4170/2048/3302 4173/2051/3305 4172/2049/3304 4171/2047/3303 
f 4173/2051/3305 4175/2052/3307 4177/2053/3309 4174/2050/3306 
f 4175/2052/3307 4166/2043/3298 4168/2044/3300 4176/2054/3308 
f 4157/2033/3289 4156/2034/3288 4143/2023/3275 4142/2020/3274 
f 4145/2021/3277 4144/2022/3276 4147/2027/3279 4146/2024/3278 
f 4149/2025/3281 4148/2026/3280 4151/2031/3283 4150/2028/3282 
f 4153/2029/3285 4152/2030/3284 4155/2035/3287 4154/2032/3286 
f 4142/2020/3274 4145/2021/3277 4163/2042/3295 4162/2039/3294 
f 4146/2024/3278 4149/2025/3281 4164/2041/3296 4163/2042/3295 
f 4150/2028/3282 4153/2029/3285 4165/2040/3297 4164/2041/3296 
f 4154/2032/3286 4157/2033/3289 4162/2039/3294 4165/2040/3297 
s 2
f 4178/2055/3310 4179/2058/3311 4180/2057/3312 4181/2056/3313 
f 4182/2059/3311 4178/2055/3310 4181/2056/3313 4183/2060/3314 
f 4184/2061/3315 4182/2059/3311 4183/2060/3314 4185/2062/3316 
f 4179/2058/3311 4184/2061/3315 4185/2062/3316 4180/2057/3312 
s 1
f 4180/2057/3312 3975/2064/3130 3978/2063/3133 4181/2056/3313 
s 8
f 4181/2056/3313 3978/2063/3133 3977/2065/3132 4183/2060/3314 
s 1
f 4183/2060/3314 3977/2065/3132 3976/2066/3131 4185/2062/3316 
s 8
f 4185/2062/3316 3976/2066/3131 3975/2064/3130 4180/2057/3312 
s off
f 4166/2043/3298 4186/2068/3317 4187/2067/3318 4170/2048/3302 
f 4170/2048/3302 4187/2067/3318 4188/2069/3319 4173/2051/3305 
f 4173/2051/3305 4188/2069/3319 4189/2070/3320 4175/2052/3307 
f 4175/2052/3307 4189/2070/3320 4186/2068/3317 4166/2043/3298 
f 4186/2068/3317 3953/2072/3108 3956/2071/3111 4187/2067/3318 
f 4187/2067/3318 3956/2071/3111 3955/2073/3110 4188/2069/3319 
f 4188/2069/3319 3955/2073/3110 3954/2074/3109 4189/2070/3320 
f 4189/2070/3320 3954/2074/3109 3953/2072/3108 4186/2068/3317 
f 3972/1707/3127 4190/1707/3321 4191/1700/3322 3964/1700/3119 3963/1701/3118 
f 3964/1700/3119 4191/1700/3322 4192/1705/3323 3968/1705/3123 
f 3968/1705/3123 4192/1705/3323 4193/1708/3324 3971/1708/3126 
f 3971/1708/3126 4193/1708/3324 4190/1707/3321 3972/1707/3127 
f 4190/1707/3321 4194/1707/3325 4195/1700/3326 4191/1700/3322 
f 4191/1700/3322 4195/1700/3326 4196/1705/3327 4192/1705/3323 
f 4192/1705/3323 4196/1705/3327 4197/1708/3328 4193/1708/3324 
f 4193/1708/3324 4197/1708/3328 4194/1707/3325 4190/1707/3321 
usemtl Material__740
s 64
f 4194/2075/3325 4197/2078/3328 4196/2077/3327 4195/2076/3326 
usemtl Material__741
s off
f 4198/2079/3329 4199/2080/3330 4167/2045/3299 4169/2046/3301 
f 4200/2081/3331 4201/2082/3332 4171/2047/3303 4172/2049/3304 
f 4202/2083/3333 4203/2084/3334 4174/2050/3306 4177/2053/3309 
f 4204/2085/3335 4205/2086/3336 4176/2054/3308 4168/2044/3300 
f 4199/2080/3330 4204/2085/3335 4168/2044/3300 4167/2045/3299 
f 4201/2082/3332 4198/2079/3329 4169/2046/3301 4171/2047/3303 
f 4203/2084/3334 4200/2081/3331 4172/2049/3304 4174/2050/3306 
f 4205/2086/3336 4202/2083/3333 4177/2053/3309 4176/2054/3308 
usemtl Material__404
f 4206/2087/3337 4207/2090/3338 4208/2089/3339 4209/2088/3340 
f 4210/2091/3341 4211/2094/3342 4212/2093/3343 4213/2092/3344 
f 4214/2095/3345 4215/2098/3346 4216/2097/3347 4217/2096/3348 
f 4218/2099/3349 4219/2102/3350 4220/2101/3351 4221/2100/3352 
f 4207/2103/3338 4218/2099/3349 4221/2100/3352 4208/2104/3339 
f 4211/2094/3342 4206/2106/3337 4209/2105/3340 4212/2093/3343 
f 4215/2107/3346 4210/2091/3341 4213/2092/3344 4216/2108/3347 
f 4219/2102/3350 4214/2110/3345 4217/2109/3348 4220/2101/3351 
usemtl Material__741
f 4209/2111/3340 4208/2114/3339 4199/2113/3330 4198/2112/3329 
f 4207/2115/3338 4206/2118/3337 4144/2117/3276 4143/2116/3275 
f 4213/2119/3344 4212/2122/3343 4201/2121/3332 4200/2120/3331 
f 4211/2123/3342 4210/2126/3341 4148/2125/3280 4147/2124/3279 
f 4217/2127/3348 4216/2130/3347 4203/2129/3334 4202/2128/3333 
f 4215/2131/3346 4214/2134/3345 4152/2133/3284 4151/2132/3283 
f 4221/2135/3352 4220/2138/3351 4205/2137/3336 4204/2136/3335 
f 4219/2139/3350 4218/2142/3349 4156/2141/3288 4155/2140/3287 
f 4208/2114/3339 4221/2144/3352 4204/2143/3335 4199/2113/3330 
f 4218/2145/3349 4207/2115/3338 4143/2116/3275 4156/2146/3288 
f 4212/2147/3343 4209/2111/3340 4198/2112/3329 4201/2148/3332 
f 4206/2118/3337 4211/2150/3342 4147/2149/3279 4144/2117/3276 
f 4216/2130/3347 4213/2152/3344 4200/2151/3331 4203/2129/3334 
f 4210/2153/3341 4215/2131/3346 4151/2132/3283 4148/2154/3280 
f 4220/2155/3351 4217/2127/3348 4202/2128/3333 4205/2156/3336 
f 4214/2134/3345 4219/2158/3350 4155/2157/3287 4152/2133/3284 
f 3952/1687/3107 4222/1687/3353 4223/1686/3354 3949/1686/3104 
f 3949/1686/3104 4223/1686/3354 4224/1704/3355 3967/1704/3122 
f 3967/1704/3122 4224/1704/3355 4225/1843/3356 4062/1843/3216 
f 4062/1843/3216 4225/1843/3356 4222/1687/3353 3952/1687/3107 
f 4222/1687/3353 4226/2160/3357 4227/2159/3358 4223/1686/3354 
f 4223/1686/3354 4227/2159/3358 4228/2161/3359 4224/1704/3355 
f 4224/1704/3355 4228/2161/3359 4229/2162/3360 4225/1843/3356 
f 4225/1843/3356 4229/2162/3360 4226/2160/3357 4222/1687/3353 
usemtl Material__740
f 4227/2163/3358 4226/2166/3357 4229/2165/3360 4228/2164/3359 
usemtl Material__741
f 3974/1711/3129 4230/1711/3361 4231/1710/3362 3973/1710/3128 
f 3973/1710/3128 4231/1710/3362 4232/1706/3363 3969/1706/3124 
f 3969/1706/3124 4232/1706/3363 4233/1709/3364 3970/1709/3125 
f 3970/1709/3125 4233/1709/3364 4230/1711/3361 3974/1711/3129 
f 4230/1711/3361 4234/1711/3365 4235/1710/3366 4231/1710/3362 
f 4231/1710/3362 4235/1710/3366 4236/1706/3367 4232/1706/3363 
f 4232/1706/3363 4236/1706/3367 4237/1709/3368 4233/1709/3364 
f 4233/1709/3364 4237/1709/3368 4234/1711/3365 4230/1711/3361 
usemtl Material__404
s 1
f 4238/2167/3030 4239/2170/3031 4240/2169/3032 4241/2168/3033 
f 4242/2171/3032 4243/2174/3033 4244/2173/3030 4245/2172/3031 
f 4246/2175/3034 4238/2167/3030 4241/2168/3033 4247/2176/3035 
f 4243/2174/3033 4248/2178/3035 4249/2177/3034 4244/2173/3030 
f 4250/2179/3036 4246/2182/3034 4247/2181/3035 4251/2180/3037 
f 4248/2183/3035 4252/2186/3037 4253/2185/3036 4249/2184/3034 
f 4254/2187/3038 4250/2179/3036 4251/2180/3037 4255/2188/3039 
f 4252/2186/3037 4256/2190/3039 4257/2189/3038 4253/2185/3036 
f 4258/2191/3040 4254/2194/3038 4255/2193/3039 4259/2192/3041 
f 4256/2195/3039 4260/2198/3041 4261/2197/3040 4257/2196/3038 
f 4262/2199/3042 4258/2191/3040 4259/2192/3041 4263/2200/3043 
f 4260/2198/3041 4264/2202/3043 4265/2201/3042 4261/2197/3040 
f 4266/2203/3044 4262/2206/3042 4263/2205/3043 4267/2204/3045 
f 4264/2207/3043 4268/2210/3045 4269/2209/3044 4265/2208/3042 
f 4239/2211/3031 4266/2203/3044 4267/2204/3045 4240/2212/3032 
f 4268/2210/3045 4242/2214/3032 4245/2213/3031 4269/2209/3044 
f 4270/2215/3030 4271/2218/3031 4272/2217/3032 4273/2216/3033 
f 4274/2219/3034 4270/2215/3030 4273/2216/3033 4275/2220/3035 
f 4276/2221/3036 4274/2224/3034 4275/2223/3035 4277/2222/3037 
f 4278/2225/3038 4276/2221/3036 4277/2222/3037 4279/2226/3039 
f 4280/2227/3040 4278/2230/3038 4279/2229/3039 4281/2228/3041 
f 4282/2231/3042 4280/2227/3040 4281/2228/3041 4283/2232/3043 
f 4284/2233/3044 4282/2236/3042 4283/2235/3043 4285/2234/3045 
f 4271/2237/3031 4284/2233/3044 4285/2234/3045 4272/2238/3032 
f 4286/2239/3030 4287/2242/3031 3886/2241/3046 4026/2240/3181 
f 4288/2243/3032 4289/2246/3033 4290/2245/3369 4291/2244/3370 
f 4292/2247/3034 4286/2239/3030 4026/2240/3181 3889/2248/3049 
f 4289/2246/3033 4293/2250/3035 4294/2249/3371 4290/2245/3369 
f 4295/2251/3036 4292/2254/3034 3889/2253/3049 3888/2252/3048 
f 4293/2255/3035 4296/2258/3037 4297/2257/3372 4294/2256/3371 
f 4298/2259/3038 4295/2251/3036 3888/2252/3048 4025/2260/3180 
f 4296/2258/3037 4299/2262/3039 4300/2261/3373 4297/2257/3372 
f 4301/2263/3040 4298/2266/3038 4025/2265/3180 4027/2264/3182 
f 4299/2267/3039 4302/2270/3041 4303/2269/3374 4300/2268/3373 
f 4304/2271/3042 4301/2263/3040 4027/2264/3182 4024/2272/3179 
f 4302/2270/3041 4305/2274/3043 4306/2273/3375 4303/2269/3374 
f 4307/2275/3044 4304/2278/3042 4024/2277/3179 3887/2276/3047 
f 4305/2279/3043 4308/2282/3045 4309/2281/3376 4306/2280/3375 
f 4287/2283/3031 4307/2275/3044 3887/2276/3047 3886/2284/3046 
f 4308/2282/3045 4288/2286/3032 4291/2285/3370 4309/2281/3376 
s 2
f 3873/1568/3033 3872/1569/3032 4310/2288/3377 4311/2287/3378 
f 3871/1570/3031 3870/1567/3030 4312/2290/3379 4313/2289/3380 
f 3875/1572/3035 3873/1568/3033 4311/2287/3378 4314/2291/3381 
f 3870/1567/3030 3874/1571/3034 4315/2292/3382 4312/2290/3379 
f 3877/1574/3037 3875/1575/3035 4314/2294/3381 4316/2293/3383 
f 3874/1576/3034 3876/1573/3036 4317/2296/3384 4315/2295/3382 
f 3879/1578/3039 3877/1574/3037 4316/2293/3383 4318/2297/3385 
f 3876/1573/3036 3878/1577/3038 4319/2298/3386 4317/2296/3384 
f 3881/1580/3041 3879/1581/3039 4318/2300/3385 4320/2299/3387 
f 3878/1582/3038 3880/1579/3040 4321/2302/3388 4319/2301/3386 
f 3883/1584/3043 3881/1580/3041 4320/2299/3387 4322/2303/3389 
f 3880/1579/3040 3882/1583/3042 4323/2304/3390 4321/2302/3388 
f 3885/1586/3045 3883/1587/3043 4322/2306/3389 4324/2305/3391 
f 3882/1588/3042 3884/1585/3044 4325/2308/3392 4323/2307/3390 
f 3872/1590/3032 3885/1586/3045 4324/2305/3391 4310/2309/3377 
f 3884/1585/3044 3871/1589/3031 4313/2310/3380 4325/2308/3392 
f 4241/2168/3033 4240/2169/3032 4326/2312/3377 4327/2311/3378 
f 4239/2170/3031 4238/2167/3030 4328/2314/3379 4329/2313/3393 
f 4245/2172/3031 4244/2173/3030 4330/2316/3379 4331/2315/3393 
f 4243/2174/3033 4242/2171/3032 4332/2318/3377 4333/2317/3378 
f 4247/2176/3035 4241/2168/3033 4327/2311/3378 4334/2319/3381 
f 4238/2167/3030 4246/2175/3034 4335/2320/3382 4328/2314/3379 
f 4244/2173/3030 4249/2177/3034 4336/2321/3382 4330/2316/3379 
f 4248/2178/3035 4243/2174/3033 4333/2317/3378 4337/2322/3381 
f 4251/2180/3037 4247/2181/3035 4334/2324/3381 4338/2323/3383 
f 4246/2182/3034 4250/2179/3036 4339/2326/3384 4335/2325/3382 
f 4249/2184/3034 4253/2185/3036 4340/2328/3384 4336/2327/3382 
f 4252/2186/3037 4248/2183/3035 4337/2330/3381 4341/2329/3383 
f 4255/2188/3039 4251/2180/3037 4338/2323/3383 4342/2331/3385 
f 4250/2179/3036 4254/2187/3038 4343/2332/3394 4339/2326/3384 
f 4253/2185/3036 4257/2189/3038 4344/2333/3394 4340/2328/3384 
f 4256/2190/3039 4252/2186/3037 4341/2329/3383 4345/2334/3385 
f 4259/2192/3041 4255/2193/3039 4342/2336/3385 4346/2335/3387 
f 4254/2194/3038 4258/2191/3040 4347/2338/3388 4343/2337/3394 
f 4257/2196/3038 4261/2197/3040 4348/2340/3388 4344/2339/3394 
f 4260/2198/3041 4256/2195/3039 4345/2342/3385 4349/2341/3387 
f 4263/2200/3043 4259/2192/3041 4346/2335/3387 4350/2343/3389 
f 4258/2191/3040 4262/2199/3042 4351/2344/3390 4347/2338/3388 
f 4261/2197/3040 4265/2201/3042 4352/2345/3390 4348/2340/3388 
f 4264/2202/3043 4260/2198/3041 4349/2341/3387 4353/2346/3389 
f 4267/2204/3045 4263/2205/3043 4350/2348/3389 4354/2347/3391 
f 4262/2206/3042 4266/2203/3044 4355/2350/3392 4351/2349/3390 
f 4265/2208/3042 4269/2209/3044 4356/2352/3392 4352/2351/3390 
f 4268/2210/3045 4264/2207/3043 4353/2354/3389 4357/2353/3391 
f 4240/2212/3032 4267/2204/3045 4354/2347/3391 4326/2355/3377 
f 4266/2203/3044 4239/2211/3031 4329/2356/3393 4355/2350/3392 
f 4269/2209/3044 4245/2213/3031 4331/2357/3393 4356/2352/3392 
f 4242/2214/3032 4268/2210/3045 4357/2353/3391 4332/2358/3377 
f 4273/2216/3033 4272/2217/3032 4358/2360/3377 4359/2359/3378 
f 4271/2218/3031 4270/2215/3030 4360/2362/3379 4361/2361/3380 
f 4275/2220/3035 4273/2216/3033 4359/2359/3378 4362/2363/3381 
f 4270/2215/3030 4274/2219/3034 4363/2364/3395 4360/2362/3379 
f 4277/2222/3037 4275/2223/3035 4362/2366/3381 4364/2365/3383 
f 4274/2224/3034 4276/2221/3036 4365/2368/3384 4363/2367/3395 
f 4279/2226/3039 4277/2222/3037 4364/2365/3383 4366/2369/3385 
f 4276/2221/3036 4278/2225/3038 4367/2370/3394 4365/2368/3384 
f 4281/2228/3041 4279/2229/3039 4366/2372/3385 4368/2371/3387 
f 4278/2230/3038 4280/2227/3040 4369/2374/3388 4367/2373/3394 
f 4283/2232/3043 4281/2228/3041 4368/2371/3387 4370/2375/3389 
f 4280/2227/3040 4282/2231/3042 4371/2376/3390 4369/2374/3388 
f 4285/2234/3045 4283/2235/3043 4370/2378/3389 4372/2377/3391 
f 4282/2236/3042 4284/2233/3044 4373/2380/3392 4371/2379/3390 
f 4272/2238/3032 4285/2234/3045 4372/2377/3391 4358/2381/3377 
f 4284/2233/3044 4271/2237/3031 4361/2382/3380 4373/2380/3392 
f 4287/2242/3031 4286/2239/3030 4374/2384/3379 4375/2383/3393 
f 4289/2246/3033 4288/2243/3032 4376/2386/3377 4377/2385/3378 
f 4286/2239/3030 4292/2247/3034 4378/2387/3395 4374/2384/3379 
f 4293/2250/3035 4289/2246/3033 4377/2385/3378 4379/2388/3381 
f 4292/2254/3034 4295/2251/3036 4380/2390/3384 4378/2389/3395 
f 4296/2258/3037 4293/2255/3035 4379/2392/3381 4381/2391/3383 
f 4295/2251/3036 4298/2259/3038 4382/2393/3394 4380/2390/3384 
f 4299/2262/3039 4296/2258/3037 4381/2391/3383 4383/2394/3385 
f 4298/2266/3038 4301/2263/3040 4384/2396/3388 4382/2395/3394 
f 4302/2270/3041 4299/2267/3039 4383/2398/3385 4385/2397/3387 
f 4301/2263/3040 4304/2271/3042 4386/2399/3390 4384/2396/3388 
f 4305/2274/3043 4302/2270/3041 4385/2397/3387 4387/2400/3389 
f 4304/2278/3042 4307/2275/3044 4388/2402/3392 4386/2401/3390 
f 4308/2282/3045 4305/2279/3043 4387/2404/3389 4389/2403/3391 
f 4307/2275/3044 4287/2283/3031 4375/2405/3393 4388/2402/3392 
f 4288/2286/3032 4308/2282/3045 4389/2403/3391 4376/2406/3377 
s 8
f 4390/2407/3396 4391/2410/3397 4035/2409/3190 4034/2408/3189 
f 4392/2411/3398 4390/2407/3396 4034/2408/3189 4038/2412/3193 
f 4393/2413/3399 4392/2411/3398 4038/2412/3193 4040/2414/3195 
f 4394/2415/3400 4393/2413/3399 4040/2414/3195 4042/2416/3197 
f 4395/2417/3401 4394/2415/3400 4042/2416/3197 4044/2418/3199 
f 4396/2419/3402 4395/2422/3401 4044/2421/3199 4046/2420/3201 
f 4397/2423/3403 4396/2419/3402 4046/2420/3201 4048/2424/3203 
f 4391/2410/3397 4397/2423/3403 4048/2424/3203 4035/2409/3190 
usemtl Material__741
s off
f 4072/1854/3224 4089/1869/3232 3925/1654/3080 4069/1850/3223 
f 4069/1850/3223 4068/1851/3222 4073/1853/3225 4072/1854/3224 
f 4076/1877/3226 4073/1853/3225 4068/1851/3222 3928/1655/3083 
f 3928/1655/3083 3927/1656/3082 4077/1857/3227 4076/1877/3226 
f 4084/1889/3229 4077/1857/3227 3927/1656/3082 4029/1785/3184 
f 4029/1785/3184 4028/1786/3183 4085/1865/3230 4084/1889/3229 
f 4088/1895/3231 4085/1865/3230 4028/1786/3183 3926/1657/3081 
f 3926/1657/3081 3925/1654/3080 4089/1869/3232 4088/1895/3231 
s 1
f 4097/1879/3239 4398/2425/3404 4399/1936/3405 4094/1878/3237 
f 4094/1936/3237 4399/1936/3405 4400/1939/3406 4099/1939/3241 
f 4099/1885/3241 4400/1939/3406 4401/2426/3407 4100/1884/3242 
f 4100/2426/3242 4401/2426/3407 4398/2425/3404 4097/2425/3239 
f 4109/1897/3249 4402/2427/3408 4403/1950/3409 4106/1896/3247 
f 4106/1950/3247 4403/1950/3409 4404/1953/3410 4103/1953/3244 
f 4103/1893/3244 4404/1953/3410 4405/2428/3411 4104/1892/3245 
f 4104/2428/3245 4405/2428/3411 4402/2427/3408 4109/2427/3249 
s off
f 4398/2425/3404 4406/2425/3412 4407/1936/3413 4399/1936/3405 
f 4399/1936/3405 4407/1936/3413 4408/1939/3414 4400/1939/3406 
f 4400/1939/3406 4408/1939/3414 4409/2426/3415 4401/2426/3407 
f 4401/2426/3407 4409/2426/3415 4406/2425/3412 4398/2425/3404 
f 4402/2427/3408 4410/2427/3416 4411/1950/3417 4403/1950/3409 
f 4403/1950/3409 4411/1950/3417 4412/1953/3418 4404/1953/3410 
f 4404/1953/3410 4412/1953/3418 4413/2428/3419 4405/2428/3411 
f 4405/2428/3411 4413/2428/3419 4410/2427/3416 4402/2427/3408 
usemtl Material__740
s 1
f 4408/2429/3414 4407/2432/3413 4406/2431/3412 4409/2430/3415 
f 4412/2433/3418 4411/2436/3417 4410/2435/3416 4413/2434/3419 
usemtl Material__404
s off
f 3946/2437/3101 4414/2440/3420 4415/2439/3421 3947/2438/3102 
f 3947/2438/3102 4415/2439/3421 4416/2442/3422 3973/2441/3128 
f 3973/2441/3128 4416/2442/3422 4417/2444/3423 3974/2443/3129 
f 3974/2443/3129 4417/2444/3423 4418/2446/3424 3951/2445/3106 
f 3951/2445/3106 4418/2446/3424 4419/2448/3425 3952/2447/3107 
f 3952/2447/3107 4419/2448/3425 4420/2450/3426 4062/2449/3216 
f 4062/2449/3216 4420/2450/3426 4421/2452/3427 3962/2451/3117 
f 3962/2451/3117 4421/2452/3427 4414/2440/3420 3946/2437/3101 
f 4415/2439/3421 4414/2440/3420 3960/1695/3115 4031/1787/3186 
f 4416/2442/3422 4415/2439/3421 4031/1787/3186 4033/1789/3188 
f 4417/2444/3423 4416/2442/3422 4033/1789/3188 4032/1790/3187 
f 4418/2446/3424 4417/2444/3423 4032/1790/3187 4030/1788/3185 
f 4419/2448/3425 4418/2446/3424 4030/1788/3185 3959/1696/3114 
f 4420/2450/3426 4419/2448/3425 3959/1696/3114 3958/1697/3113 
f 4421/2452/3427 4420/2450/3426 3958/1697/3113 3957/1694/3112 
f 4414/2440/3420 4421/2452/3427 3957/1694/3112 3960/1695/3115 
usemtl Material__741
f 3997/1739/3152 4422/2453/3428 4423/1984/3429 3998/1738/3153 
f 3998/1984/3153 4423/1984/3429 4424/1987/3430 3996/1987/3151 
f 3996/1733/3151 4424/1987/3430 4425/2454/3431 3995/1732/3150 
f 3995/2454/3150 4425/2454/3431 4422/2453/3428 3997/2453/3152 
usemtl Material__404
f 4422/2455/3428 4426/2458/3432 4427/2457/3433 4423/2456/3429 
f 4423/2456/3429 4427/2457/3433 4428/2460/3434 4424/2459/3430 
f 4424/2459/3430 4428/2460/3434 4429/2462/3435 4425/2461/3431 
f 4425/2461/3431 4429/2462/3435 4426/2458/3432 4422/2455/3428 
s 1
f 4430/2463/1700 4431/2466/1701 4432/2465/1699 4433/2464/1698 
f 4433/2464/1698 4432/2465/1699 4434/2468/1697 4435/2467/1696 
f 4435/2467/1696 4434/2468/1697 4436/2470/1695 4437/2469/1694 
f 4437/2469/1694 4436/2470/1695 4438/2472/1693 4439/2471/1692 
f 4439/2471/1692 4438/2472/1693 4440/2474/1691 4441/2473/1690 
f 4441/2475/1690 4440/2478/1691 4442/2477/1689 4443/2476/1688 
f 4443/2476/1688 4442/2477/1689 4444/2480/1687 4445/2479/1686 
f 4445/2479/1686 4444/2480/1687 4446/2482/1684 4447/2481/1683 
f 4447/2481/1683 4446/2482/1684 4448/2484/1685 4449/2483/1682 
f 4449/2483/1682 4448/2484/1685 4450/2486/1717 4451/2485/1716 
f 4451/2485/1716 4450/2486/1717 4452/2488/1715 4453/2487/1714 
f 4453/2487/1714 4452/2488/1715 4454/2490/1713 4455/2489/1712 
f 4455/2489/1712 4454/2490/1713 4456/2492/3436 4457/2491/1710 
f 4457/2491/1710 4456/2492/3436 4458/2494/3437 4459/2493/1708 
f 4459/2493/1708 4458/2494/3437 4460/2496/1707 4461/2495/1706 
f 4461/2495/1706 4460/2496/1707 4462/2498/1705 4463/2497/1704 
f 4463/2497/1704 4462/2498/1705 4464/2500/1703 4465/2499/1702 
f 4465/2499/1702 4464/2500/1703 4431/2466/1701 4430/2463/1700 
s 2
f 4466/2501/1725 4467/2518/1726 4468/2517/1727 4469/2516/1728 4470/2515/1729 4471/2514/1730 4472/2513/1731 4473/2512/1732 4474/2511/1733 4475/2510/1734 4476/2509/1735 4477/2508/1718 4478/2507/1719 4479/2506/1720 4480/2505/1721 4481/2504/1722 4482/2503/1723 4483/2502/1724 
s 4
f 4430/2463/1700 4433/2464/1698 4484/2520/1744 4485/2519/1745 
f 4433/2464/1698 4435/2467/1696 4486/2521/1743 4484/2520/1744 
f 4435/2467/1696 4437/2469/1694 4487/2522/1742 4486/2521/1743 
f 4437/2469/1694 4439/2471/1692 4488/2523/1741 4487/2522/1742 
f 4439/2471/1692 4441/2473/1690 4489/2524/1740 4488/2523/1741 
f 4441/2475/1690 4443/2476/1688 4490/2526/1739 4489/2525/1740 
f 4443/2476/1688 4445/2479/1686 4491/2527/1738 4490/2526/1739 
f 4445/2479/1686 4447/2481/1683 4492/2528/1737 4491/2527/1738 
f 4447/2481/1683 4449/2483/1682 4493/2529/1736 4492/2528/1737 
f 4449/2483/1682 4451/2485/1716 4494/2530/1753 4493/2529/1736 
f 4451/2485/1716 4453/2487/1714 4495/2531/1752 4494/2530/1753 
f 4453/2487/1714 4455/2489/1712 4496/2532/1751 4495/2531/1752 
f 4455/2489/1712 4457/2491/1710 4497/2533/1750 4496/2532/1751 
f 4457/2491/1710 4459/2493/1708 4498/2534/1749 4497/2533/1750 
f 4459/2493/1708 4461/2495/1706 4499/2535/1748 4498/2534/1749 
f 4461/2495/1706 4463/2497/1704 4500/2536/1747 4499/2535/1748 
f 4463/2497/1704 4465/2499/1702 4501/2537/1746 4500/2536/1747 
f 4465/2499/1702 4430/2463/1700 4485/2519/1745 4501/2537/1746 
usemtl Material__741
s 8
f 4502/2538/1766 4503/2541/1768 4504/2540/1769 4505/2539/1767 
f 4506/2542/1764 4502/2538/1766 4505/2539/1767 4507/2543/1765 
f 4508/2544/1762 4506/2542/1764 4507/2543/1765 4509/2545/1763 
f 4510/2546/1760 4508/2544/1762 4509/2545/1763 4511/2547/1761 
f 4512/2548/1758 4510/2551/1760 4511/2550/1761 4513/2549/1759 
f 4514/2552/1754 4512/2548/1758 4513/2549/1759 4515/2553/1755 
f 4516/2554/1757 4514/2552/1754 4515/2553/1755 4517/2555/1756 
f 4518/2556/1778 4519/2559/1780 4520/2558/1781 4521/2557/1779 
f 4522/2560/3438 4518/2556/1778 4521/2557/1779 4523/2561/1777 
f 4524/2562/3439 4522/2560/3438 4523/2561/1777 4525/2563/1775 
f 4526/2564/1770 4524/2562/3439 4525/2563/1775 4527/2565/1771 
f 4528/2566/1773 4526/2564/1770 4527/2565/1771 4529/2567/1772 
usemtl Material__404
s 2
f 4432/2465/1699 4431/2466/1701 4530/2569/1238 4531/2568/1769 
f 4434/2468/1697 4432/2465/1699 4531/2568/1769 4532/2570/1767 
f 4436/2470/1695 4434/2468/1697 4532/2570/1767 4533/2571/3440 
f 4438/2472/1693 4436/2470/1695 4533/2571/3440 4534/2572/1763 
f 4440/2474/1691 4438/2472/1693 4534/2572/1763 4535/2573/1761 
f 4442/2477/1689 4440/2478/1691 4535/2575/1761 4536/2574/1759 
f 4444/2480/1687 4442/2477/1689 4536/2574/1759 4537/2576/1755 
f 4446/2482/1684 4444/2480/1687 4537/2576/1755 4538/2577/1756 
f 4448/2484/1685 4446/2482/1684 4538/2577/1756 4539/2578/735 
f 4450/2486/1717 4448/2484/1685 4539/2578/735 4540/2579/1788 
f 4452/2488/1715 4450/2486/1717 4540/2579/1788 4541/2580/1781 
f 4454/2490/1713 4452/2488/1715 4541/2580/1781 4542/2581/1787 
f 4456/2492/3436 4454/2490/1713 4542/2581/1787 4543/2582/3441 
f 4458/2494/3437 4456/2492/3436 4543/2582/3441 4544/2583/3442 
f 4460/2496/1707 4458/2494/3437 4544/2583/3442 4545/2584/1784 
f 4462/2498/1705 4460/2496/1707 4545/2584/1784 4546/2585/1772 
f 4464/2500/1703 4462/2498/1705 4546/2585/1772 4547/2586/1783 
f 4431/2466/1701 4464/2500/1703 4547/2586/1783 4530/2569/1238 
usemtl Material__741
s 1
f 4548/2587/1790 4503/2541/1768 4531/2589/1769 4530/2588/1238 
f 4503/2541/1768 4502/2538/1766 4532/2590/1767 4531/2589/1769 
f 4502/2538/1766 4506/2542/1764 4533/2591/3440 4532/2590/1767 
f 4506/2542/1764 4508/2544/1762 4534/2592/1763 4533/2591/3440 
f 4508/2544/1762 4510/2546/1760 4535/2593/1761 4534/2592/1763 
f 4510/2551/1760 4512/2548/1758 4536/2595/1759 4535/2594/1761 
f 4512/2548/1758 4514/2552/1754 4537/2596/1755 4536/2595/1759 
f 4514/2552/1754 4516/2554/1757 4538/2597/1756 4537/2596/1755 
f 4516/2554/1757 4549/2599/1789 4539/2598/735 4538/2597/1756 
f 4549/2599/1789 4550/2601/1792 4540/2600/1788 4539/2598/735 
f 4550/2601/1792 4519/2559/1780 4541/2602/1781 4540/2600/1788 
f 4519/2559/1780 4518/2556/1778 4542/2603/1787 4541/2602/1781 
f 4518/2556/1778 4522/2560/3438 4543/2604/3441 4542/2603/1787 
f 4522/2560/3438 4524/2562/3439 4544/2605/3442 4543/2604/3441 
f 4524/2562/3439 4526/2564/1770 4545/2606/1784 4544/2605/3442 
f 4526/2564/1770 4528/2566/1773 4546/2607/1772 4545/2606/1784 
f 4528/2566/1773 4551/2609/1791 4547/2608/1783 4546/2607/1772 
f 4551/2609/1791 4548/2587/1790 4530/2588/1238 4547/2608/1783 
usemtl Material__404
s off
f 4484/2610/1744 4552/2613/3443 4553/2612/1803 4485/2611/1745 
f 4485/2611/1745 4553/2612/1803 4554/2615/1802 4501/2614/1746 
f 4501/2614/1746 4554/2615/1802 4555/2617/1801 4500/2616/1747 
f 4500/2616/1747 4555/2617/1801 4556/2619/1800 4499/2618/1748 
f 4499/2618/1748 4556/2619/1800 4557/2621/1799 4498/2620/1749 
f 4498/2620/1749 4557/2621/1799 4558/2623/1798 4497/2622/1750 
f 4497/2622/1750 4558/2623/1798 4559/2625/1797 4496/2624/1751 
f 4496/2624/1751 4559/2625/1797 4560/2627/1796 4495/2626/1752 
f 4495/2626/1752 4560/2627/1796 4561/2629/1795 4494/2628/1753 
f 4494/2628/1753 4561/2629/1795 4562/2631/1793 4493/2630/1736 
f 4493/2630/1736 4562/2631/1793 4563/2633/3444 4492/2632/1737 
f 4492/2632/1737 4563/2633/3444 4564/2635/3445 4491/2634/1738 
f 4491/2634/1738 4564/2635/3445 4565/2637/1809 4490/2636/1739 
f 4490/2636/1739 4565/2637/1809 4566/2639/1808 4489/2638/1740 
f 4489/2638/1740 4566/2639/1808 4567/2641/1807 4488/2640/1741 
f 4488/2640/1741 4567/2641/1807 4568/2643/1806 4487/2642/1742 
f 4487/2642/1742 4568/2643/1806 4569/2645/3446 4486/2644/1743 
f 4486/2644/1743 4569/2645/3446 4552/2613/3443 4484/2610/1744 
f 4552/2613/3443 4468/2517/1727 4467/2518/1726 4553/2612/1803 
f 4553/2612/1803 4467/2518/1726 4466/2501/1725 4554/2615/1802 
f 4554/2615/1802 4466/2501/1725 4483/2502/1724 4555/2617/1801 
f 4555/2617/1801 4483/2502/1724 4482/2503/1723 4556/2619/1800 
f 4556/2619/1800 4482/2503/1723 4481/2504/1722 4557/2621/1799 
f 4557/2621/1799 4481/2504/1722 4480/2505/1721 4558/2623/1798 
f 4558/2623/1798 4480/2505/1721 4479/2506/1720 4559/2625/1797 
f 4559/2625/1797 4479/2506/1720 4478/2507/1719 4560/2627/1796 
f 4560/2627/1796 4478/2507/1719 4477/2508/1718 4561/2629/1795 
f 4561/2629/1795 4477/2508/1718 4476/2509/1735 4562/2631/1793 
f 4562/2631/1793 4476/2509/1735 4475/2510/1734 4563/2633/3444 
f 4563/2633/3444 4475/2510/1734 4474/2511/1733 4564/2635/3445 
f 4564/2635/3445 4474/2511/1733 4473/2512/1732 4565/2637/1809 
f 4565/2637/1809 4473/2512/1732 4472/2513/1731 4566/2639/1808 
f 4566/2639/1808 4472/2513/1731 4471/2514/1730 4567/2641/1807 
f 4567/2641/1807 4471/2514/1730 4470/2515/1729 4568/2643/1806 
f 4568/2643/1806 4470/2515/1729 4469/2516/1728 4569/2645/3446 
f 4569/2645/3446 4469/2516/1728 4468/2517/1727 4552/2613/3443 
usemtl Material__741
s 1
f 3981/1718/3136 3980/1719/3135 4570/2647/3447 4571/2646/3448 
f 3983/1721/3138 3981/1718/3136 4571/2646/3448 4572/2648/3449 
f 3985/1723/3140 3983/1721/3138 4572/2648/3449 4573/2649/3450 
f 3980/1719/3135 3985/1723/3140 4573/2649/3450 4570/2647/3447 
f 4179/2058/3311 4178/2055/3310 4571/2646/3448 4570/2647/3447 
f 4178/2055/3310 4182/2059/3311 4572/2648/3449 4571/2646/3448 
f 4182/2059/3311 4184/2061/3315 4573/2649/3450 4572/2648/3449 
f 4184/2061/3315 4179/2058/3311 4570/2647/3447 4573/2649/3450 
usemtl wire_115115115
f 4574/2650/3451 4575/2657/3452 4576/2656/3453 4577/2655/3454 4578/2654/3455 4579/2653/3456 4580/2652/3457 4581/2651/3458 
usemtl Material__404
f 4582/2658/3459 4583/2661/3460 4584/2660/3461 4585/2659/3462 
f 4586/2662/3463 4582/2658/3459 4585/2659/3462 4587/2663/3464 
f 4588/2664/3465 4586/2667/3463 4587/2666/3464 4589/2665/3466 
f 4590/2668/3467 4588/2671/3465 4589/2670/3466 4591/2669/3468 
f 4592/2672/3469 4590/2668/3467 4591/2669/3468 4593/2673/3470 
f 4594/2674/3471 4592/2672/3469 4593/2673/3470 4595/2675/3472 
f 4596/2676/3473 4594/2679/3471 4595/2678/3472 4597/2677/3474 
f 4583/2661/3460 4596/2681/3473 4597/2680/3474 4584/2660/3461 
usemtl Material__741
f 4598/1735/3475 4599/1735/3476 4600/1727/3477 4601/1727/3478 
f 4601/1727/3478 4600/1727/3477 4602/1743/3479 4603/1743/3480 
f 4603/1743/3480 4602/1743/3479 4604/2682/3481 4605/2682/3482 
f 4605/2682/3482 4604/2682/3481 4606/1747/3483 4607/1747/3484 
f 4607/1747/3484 4606/1747/3483 4608/1731/3485 4609/1731/3486 
f 4609/1731/3486 4608/1731/3485 4610/1739/3487 4611/1739/3488 
f 4611/1739/3488 4610/1739/3487 4612/2454/3489 4613/2454/3490 
f 4613/2454/3490 4612/2454/3489 4599/1735/3476 4598/1735/3475 
usemtl Material__404
s 2
f 4599/2683/3476 4614/2686/3491 4615/2685/3492 4600/2684/3477 
f 4600/2684/3477 4615/2685/3492 4616/2688/3493 4602/2687/3479 
f 4602/2687/3479 4616/2688/3493 4617/2690/3494 4604/2689/3481 
f 4604/2689/3481 4617/2690/3494 4618/2692/3495 4606/2691/3483 
f 4606/2691/3483 4618/2692/3495 4619/2694/3496 4608/2693/3485 
f 4608/2693/3485 4619/2694/3496 4620/2696/3497 4610/2695/3487 
f 4610/2695/3487 4620/2696/3497 4621/2698/3498 4612/2697/3489 
f 4612/2697/3489 4621/2698/3498 4614/2686/3491 4599/2683/3476 
s 4
f 4614/2699/3491 4575/2702/3452 4574/2701/3451 4615/2700/3492 
f 4615/2700/3492 4574/2701/3451 4581/2704/3458 4616/2703/3493 
s 8
f 4616/2705/3493 4581/2708/3458 4580/2707/3457 4617/2706/3494 
s 4
f 4617/2709/3494 4580/2712/3457 4579/2711/3456 4618/2710/3495 
f 4618/2710/3495 4579/2711/3456 4578/2714/3455 4619/2713/3496 
f 4619/2713/3496 4578/2714/3455 4577/2716/3454 4620/2715/3497 
s 8
f 4620/2717/3497 4577/2720/3454 4576/2719/3453 4621/2718/3498 
s 4
f 4621/2721/3498 4576/2722/3453 4575/2702/3452 4614/2699/3491 
usemtl Material__741
s 2
f 4622/1727/3499 4623/1735/3500 4598/1735/3475 4601/1727/3478 
s 1
f 4624/1735/3501 4625/1727/3502 4626/1727/3503 4627/1735/3504 
s 2
f 4628/1743/3505 4622/1727/3499 4601/1727/3478 4603/1743/3480 
s 1
f 4625/1727/3502 4629/1743/3506 4630/1743/3507 4626/1727/3503 
s 2
f 4631/2682/3508 4628/1743/3505 4603/1743/3480 4605/2682/3482 
s 1
f 4629/1743/3506 4632/2682/3509 4633/2682/3510 4630/1743/3507 
s 2
f 4634/1747/3511 4631/2682/3508 4605/2682/3482 4607/1747/3484 
s 1
f 4632/2682/3509 4635/1747/3512 4636/1747/3513 4633/2682/3510 
s 2
f 4637/1731/3514 4634/1747/3511 4607/1747/3484 4609/1731/3486 
s 1
f 4635/1747/3512 4638/1731/3515 4639/1731/3516 4636/1747/3513 
s 2
f 4640/1739/3517 4637/1731/3514 4609/1731/3486 4611/1739/3488 
s 1
f 4638/1731/3515 4641/1739/3518 4642/1739/3519 4639/1731/3516 
s 2
f 4643/2454/3520 4640/1739/3517 4611/1739/3488 4613/2454/3490 
s 1
f 4641/1739/3518 4644/2454/3521 4645/2454/3522 4642/1739/3519 
s 2
f 4623/1735/3500 4643/2454/3520 4613/2454/3490 4598/1735/3475 
s 1
f 4644/2454/3521 4624/1735/3501 4627/1735/3504 4645/2454/3522 
s 4
f 4622/1727/3499 4585/1727/3462 4584/1735/3461 4623/1735/3500 
f 4623/1735/3500 4584/1735/3461 4597/2454/3474 4643/2454/3520 
f 4643/2454/3520 4597/2454/3474 4595/1739/3472 4640/1739/3517 
f 4640/1739/3517 4595/1739/3472 4593/1731/3470 4637/1731/3514 
f 4637/1731/3514 4593/1731/3470 4591/1747/3468 4634/1747/3511 
f 4634/1747/3511 4591/1747/3468 4589/2682/3466 4631/2682/3508 
f 4631/2682/3508 4589/2682/3466 4587/1743/3464 4628/1743/3505 
f 4628/1743/3505 4587/1743/3464 4585/1727/3462 4622/1727/3499 
f 4624/1735/3501 4583/1735/3460 4582/1727/3459 4625/1727/3502 
f 4625/1727/3502 4582/1727/3459 4586/1743/3463 4629/1743/3506 
f 4629/1743/3506 4586/1743/3463 4588/2682/3465 4632/2682/3509 
f 4632/2682/3509 4588/2682/3465 4590/1747/3467 4635/1747/3512 
f 4635/1747/3512 4590/1747/3467 4592/1731/3469 4638/1731/3515 
f 4638/1731/3515 4592/1731/3469 4594/1739/3471 4641/1739/3518 
f 4641/1739/3518 4594/1739/3471 4596/2454/3473 4644/2454/3521 
f 4644/2454/3521 4596/2454/3473 4583/1735/3460 4624/1735/3501 
s off
f 4105/1891/3246 4080/1862/3228 4079/1863/3228 4102/1890/3091 
f 4102/1863/3091 4079/1863/3228 4078/1860/3228 4095/1860/3090 
f 4095/1881/3090 4078/1860/3228 4081/1861/3228 4096/1880/3238 
f 4096/1861/3238 4081/1861/3228 4080/1862/3228 4105/1862/3246 
s 1
f 4646/2723/3523 4647/2726/3523 4648/2725/3523 4649/2724/3523 
f 4650/2727/3523 4651/2730/3523 4652/2729/3523 4653/2728/3523 
f 4654/2731/3523 4655/2734/3523 4656/2733/3523 4657/2732/3523 
f 4658/2735/3524 4659/2738/3525 4660/2737/3526 4661/2736/3527 
f 4662/2739/3528 4663/2742/3528 4664/2741/3528 4665/2740/3528 
f 4666/2743/3529 4667/2746/3530 4668/2745/3531 4669/2744/3532 
f 4670/2747/3533 4671/2750/3534 4672/2749/3533 4673/2748/3533 
f 4674/2751/3535 4675/2754/3536 4676/2753/3537 4677/2752/3538 
f 4678/2755/3528 4679/2758/3528 4680/2757/3528 4681/2756/3528 
f 4682/2759/3539 4683/2762/3540 4684/2761/3541 4685/2760/3542 
f 4686/2763/3534 4687/2766/3543 4688/2765/3534 4689/2764/3533 
f 4690/2767/3544 4691/2770/3545 4692/2769/3546 4693/2768/3547 
f 4694/2771/3528 4695/2774/3528 4696/2773/3528 4697/2772/3528 
f 4698/2775/3548 4699/2778/3549 4700/2777/3550 4701/2776/3551 
f 4702/2779/3552 4703/2782/3533 4704/2781/3552 4705/2780/3553 
f 4706/2783/3554 4646/2723/3523 4649/2724/3523 4707/2784/3554 
f 4708/2785/3555 4648/2725/3523 4647/2726/3523 4709/2786/3555 
f 4710/2787/3554 4650/2727/3523 4653/2728/3523 4711/2788/3554 
f 4712/2789/3555 4652/2729/3523 4651/2730/3523 4713/2790/3555 
f 4714/2791/3555 4654/2731/3523 4657/2732/3523 4715/2792/3555 
f 4716/2793/3554 4656/2733/3523 4655/2734/3523 4717/2794/3554 
f 4661/2736/3527 4660/2737/3526 4718/2795/3556 4719/2795/3557 
f 4720/2796/3558 4659/2738/3525 4658/2735/3524 4721/2796/3559 
f 4665/2740/3528 4664/2741/3528 4722/2797/3560 4723/2797/3561 
f 4707/2784/3554 4664/2741/3528 4663/2742/3528 4706/2783/3554 
f 4718/2795/3556 4663/2742/3528 4662/2739/3528 4719/2795/3557 
f 4669/2744/3532 4668/2745/3531 4724/2798/3562 4725/2798/3563 
f 4722/2797/3560 4667/2746/3530 4666/2743/3529 4723/2797/3561 
f 4673/2748/3533 4672/2749/3533 4720/2796/3558 4721/2796/3559 
f 4709/2786/3555 4672/2749/3533 4671/2750/3534 4708/2785/3555 
f 4724/2798/3562 4671/2750/3534 4670/2747/3533 4725/2798/3563 
f 4677/2752/3538 4676/2753/3537 4726/2799/3564 4727/2799/3565 
f 4728/2800/3566 4675/2754/3536 4674/2751/3535 4729/2800/3567 
f 4681/2756/3528 4680/2757/3528 4730/2801/3568 4731/2801/3569 
f 4711/2788/3554 4680/2757/3528 4679/2758/3528 4710/2787/3554 
f 4726/2799/3564 4679/2758/3528 4678/2755/3528 4727/2799/3565 
f 4685/2760/3542 4684/2761/3541 4732/2802/3570 4733/2802/3571 
f 4730/2801/3568 4683/2762/3540 4682/2759/3539 4731/2801/3569 
f 4689/2764/3533 4688/2765/3534 4728/2800/3566 4729/2800/3567 
f 4713/2790/3555 4688/2765/3534 4687/2766/3543 4712/2789/3555 
f 4732/2802/3570 4687/2766/3543 4686/2763/3534 4733/2802/3571 
f 4693/2768/3547 4692/2769/3546 4734/2803/3572 4735/2803/3573 
f 4736/1860/3574 4691/2770/3545 4690/2767/3544 4737/1860/3575 
f 4697/2772/3528 4696/2773/3528 4738/2804/3576 4739/2804/3577 
f 4717/2794/3554 4696/2773/3528 4695/2774/3528 4716/2793/3554 
f 4734/2803/3572 4695/2774/3528 4694/2771/3528 4735/2803/3573 
f 4701/2776/3551 4700/2777/3550 4740/1863/3578 4741/1863/3579 
f 4738/2804/3576 4699/2778/3549 4698/2775/3548 4739/2804/3577 
f 4705/2780/3553 4704/2781/3552 4736/1860/3574 4737/1860/3575 
f 4715/2792/3555 4704/2781/3552 4703/2782/3533 4714/2791/3555 
f 4740/1863/3578 4703/2782/3533 4702/2779/3552 4741/1863/3579 
f 4649/2724/3523 4648/2725/3523 4742/2806/3580 4743/2805/3581 
f 4647/2726/3523 4646/2723/3523 4744/2808/3582 4745/2807/3583 
f 4653/2728/3523 4652/2729/3523 4746/2810/3584 4747/2809/3585 
f 4651/2730/3523 4650/2727/3523 4748/2812/3586 4749/2811/3587 
f 4657/2732/3523 4656/2733/3523 4750/2814/3588 4751/2813/3589 
f 4655/2734/3523 4654/2731/3523 4752/2816/3590 4753/2815/3591 
f 4660/2737/3526 4659/2738/3525 4745/2807/3583 4744/2808/3582 
f 4668/2745/3531 4667/2746/3530 4743/2805/3581 4742/2806/3580 
f 4676/2753/3537 4675/2754/3536 4749/2811/3587 4748/2812/3586 
f 4684/2761/3541 4683/2762/3540 4747/2809/3585 4746/2810/3584 
f 4692/2769/3546 4691/2770/3545 4751/2813/3589 4750/2814/3588 
f 4700/2777/3550 4699/2778/3549 4753/2815/3591 4752/2816/3590 
f 4707/2784/3554 4649/2724/3523 4743/2805/3581 4754/2797/3592 
f 4646/2723/3523 4706/2783/3554 4755/2795/3593 4744/2808/3582 
f 4709/2786/3555 4647/2726/3523 4745/2807/3583 4756/2796/3594 
f 4648/2725/3523 4708/2785/3555 4757/2798/3595 4742/2806/3580 
f 4711/2788/3554 4653/2728/3523 4747/2809/3585 4758/2801/3596 
f 4650/2727/3523 4710/2787/3554 4759/2799/3597 4748/2812/3586 
f 4713/2790/3555 4651/2730/3523 4749/2811/3587 4760/2800/3598 
f 4652/2729/3523 4712/2789/3555 4761/2802/3599 4746/2810/3584 
f 4715/2792/3555 4657/2732/3523 4751/2813/3589 4762/1860/3600 
f 4654/2731/3523 4714/2791/3555 4763/1863/3601 4752/2816/3590 
f 4717/2794/3554 4655/2734/3523 4753/2815/3591 4764/2804/3602 
f 4656/2733/3523 4716/2793/3554 4765/2803/3603 4750/2814/3588 
f 4718/2795/3556 4660/2737/3526 4744/2808/3582 4755/2795/3593 
f 4659/2738/3525 4720/2796/3558 4756/2796/3594 4745/2807/3583 
f 4722/2797/3560 4664/2741/3528 4754/2797/3592 
f 4706/2783/3554 4663/2742/3528 4755/2795/3593 
f 4664/2741/3528 4707/2784/3554 4754/2797/3592 
f 4663/2742/3528 4718/2795/3556 4755/2795/3593 
f 4724/2798/3562 4668/2745/3531 4742/2806/3580 4757/2798/3595 
f 4667/2746/3530 4722/2797/3560 4754/2797/3592 4743/2805/3581 
f 4720/2796/3558 4672/2749/3533 4756/2796/3594 
f 4708/2785/3555 4671/2750/3534 4757/2798/3595 
f 4672/2749/3533 4709/2786/3555 4756/2796/3594 
f 4671/2750/3534 4724/2798/3562 4757/2798/3595 
f 4726/2799/3564 4676/2753/3537 4748/2812/3586 4759/2799/3597 
f 4675/2754/3536 4728/2800/3566 4760/2800/3598 4749/2811/3587 
f 4730/2801/3568 4680/2757/3528 4758/2801/3596 
f 4710/2787/3554 4679/2758/3528 4759/2799/3597 
f 4680/2757/3528 4711/2788/3554 4758/2801/3596 
f 4679/2758/3528 4726/2799/3564 4759/2799/3597 
f 4732/2802/3570 4684/2761/3541 4746/2810/3584 4761/2802/3599 
f 4683/2762/3540 4730/2801/3568 4758/2801/3596 4747/2809/3585 
f 4728/2800/3566 4688/2765/3534 4760/2800/3598 
f 4712/2789/3555 4687/2766/3543 4761/2802/3599 
f 4688/2765/3534 4713/2790/3555 4760/2800/3598 
f 4687/2766/3543 4732/2802/3570 4761/2802/3599 
f 4734/2803/3572 4692/2769/3546 4750/2814/3588 4765/2803/3603 
f 4691/2770/3545 4736/1860/3574 4762/1860/3600 4751/2813/3589 
f 4738/2804/3576 4696/2773/3528 4764/2804/3602 
f 4716/2793/3554 4695/2774/3528 4765/2803/3603 
f 4696/2773/3528 4717/2794/3554 4764/2804/3602 
f 4695/2774/3528 4734/2803/3572 4765/2803/3603 
f 4740/1863/3578 4700/2777/3550 4752/2816/3590 4763/1863/3601 
f 4699/2778/3549 4738/2804/3576 4764/2804/3602 4753/2815/3591 
f 4736/1860/3574 4704/2781/3552 4762/1860/3600 
f 4714/2791/3555 4703/2782/3533 4763/1863/3601 
f 4704/2781/3552 4715/2792/3555 4762/1860/3600 
f 4703/2782/3533 4740/1863/3578 4763/1863/3601 
usemtl Material__404
s 8
f 4766/2817/3604 4767/2820/3605 4020/2819/3175 3923/2818/3078 
f 4767/2820/3605 4768/2822/3606 4021/2821/3176 4020/2819/3175 
f 4768/2822/3606 4769/2824/3607 4023/2823/3178 4021/2821/3176 
f 4769/2824/3607 4770/2826/3608 4022/2825/3177 4023/2823/3178 
f 4770/2826/3608 4771/2828/3609 4019/2827/3174 4022/2825/3177 
f 4771/2828/3609 4772/2830/3610 3924/2829/3079 4019/2827/3174 
f 4772/2831/3610 4773/2834/3611 3922/2833/3077 3924/2832/3079 
f 4773/2834/3611 4766/2817/3604 3923/2818/3078 3922/2833/3077 
usemtl Material__741
s 1
f 3906/2835/3061 3909/2838/3064 4391/2837/3397 4390/2836/3396 
f 3908/2839/3063 3907/2842/3062 4767/2841/3605 4766/2840/3604 
f 3910/2843/3065 3906/2835/3061 4390/2836/3396 4392/2844/3398 
f 3907/2842/3062 3911/2846/3066 4768/2845/3606 4767/2841/3605 
f 3912/2847/3067 3910/2843/3065 4392/2844/3398 4393/2848/3399 
f 3911/2846/3066 3913/2850/3068 4769/2849/3607 4768/2845/3606 
f 3914/2851/3069 3912/2847/3067 4393/2848/3399 4394/2852/3400 
f 3913/2850/3068 3915/2854/3070 4770/2853/3608 4769/2849/3607 
f 3916/2855/3071 3914/2851/3069 4394/2852/3400 4395/2856/3401 
f 3915/2854/3070 3917/2858/3072 4771/2857/3609 4770/2853/3608 
f 3918/2859/3073 3916/2855/3071 4395/2856/3401 4396/2860/3402 
f 3917/2858/3072 3919/2862/3074 4772/2861/3610 4771/2857/3609 
f 3920/2863/3075 3918/2859/3073 4396/2860/3402 4397/2864/3403 
f 3919/2862/3074 3921/2866/3076 4773/2865/3611 4772/2861/3610 
f 3909/2838/3064 3920/2863/3075 4397/2864/3403 4391/2837/3397 
f 3921/2866/3076 3908/2839/3063 4766/2840/3604 4773/2865/3611 
usemtl Material__404
s 2
f 4774/2867/3612 4775/2874/3613 4776/2873/3614 4777/2872/3615 4778/2871/3616 4779/2870/3617 4780/2869/3618 4781/2868/3619 
usemtl Material__741
s 1
f 4782/2875/3620 4783/2878/3621 4784/2877/3622 4785/2876/3623 
f 4785/2876/3623 4784/2877/3622 4786/2880/3624 4787/2879/3625 
f 4787/2881/3625 4786/2884/3624 4788/2883/3626 4789/2882/3627 
f 4789/2882/3627 4788/2883/3626 4790/2886/3628 4791/2885/3629 
f 4791/2885/3629 4790/2886/3628 4792/2888/3630 4793/2887/3631 
f 4793/2887/3631 4792/2888/3630 4794/2890/3632 4795/2889/3633 
f 4795/2889/3633 4794/2890/3632 4796/2892/3634 4797/2891/3635 
f 4797/2891/3635 4796/2892/3634 4783/2878/3621 4782/2875/3620 
usemtl Material__404
s 2
f 4798/2893/3636 4799/2900/3637 4800/2899/3638 4801/2898/3639 4802/2897/3640 4803/2896/3641 4804/2895/3642 4805/2894/3643 
s 1
f 4359/2359/3378 4358/2360/3377 4329/2313/3393 4328/2314/3379 
f 4313/2289/3380 4312/2290/3379 4333/2317/3378 4332/2318/3377 
f 4362/2363/3381 4359/2359/3378 4328/2314/3379 4335/2320/3382 
f 4312/2290/3379 4315/2292/3382 4337/2322/3381 4333/2317/3378 
f 4364/2365/3383 4362/2363/3381 4335/2320/3382 4339/2326/3384 
f 4315/2292/3382 4317/2296/3384 4341/2329/3383 4337/2322/3381 
f 4366/2369/3385 4364/2365/3383 4339/2326/3384 4343/2332/3394 
f 4317/2296/3384 4319/2298/3386 4345/2334/3385 4341/2329/3383 
f 4368/2371/3387 4366/2369/3385 4343/2332/3394 4347/2338/3388 
f 4319/2298/3386 4321/2302/3388 4349/2341/3387 4345/2334/3385 
f 4370/2375/3389 4368/2371/3387 4347/2338/3388 4351/2344/3390 
f 4321/2302/3388 4323/2304/3390 4353/2346/3389 4349/2341/3387 
f 4372/2377/3391 4370/2375/3389 4351/2344/3390 4355/2350/3392 
f 4323/2304/3390 4325/2308/3392 4357/2353/3391 4353/2346/3389 
f 4358/2360/3377 4372/2377/3391 4355/2350/3392 4329/2313/3393 
f 4325/2308/3392 4313/2289/3380 4332/2318/3377 4357/2353/3391 
f 4311/2287/3378 4310/2288/3377 4361/2361/3380 4360/2362/3379 
f 4314/2291/3381 4311/2287/3378 4360/2362/3379 4363/2364/3395 
f 4316/2293/3383 4314/2291/3381 4363/2364/3395 4365/2368/3384 
f 4318/2297/3385 4316/2293/3383 4365/2368/3384 4367/2370/3394 
f 4320/2299/3387 4318/2297/3385 4367/2370/3394 4369/2374/3388 
f 4322/2303/3389 4320/2299/3387 4369/2374/3388 4371/2376/3390 
f 4324/2305/3391 4322/2303/3389 4371/2376/3390 4373/2380/3392 
f 4310/2288/3377 4324/2305/3391 4373/2380/3392 4361/2361/3380 
f 4327/2311/3378 4326/2312/3377 4375/2383/3393 4374/2384/3379 
f 4331/2315/3393 4330/2316/3379 4377/2385/3378 4376/2386/3377 
f 4334/2319/3381 4327/2311/3378 4374/2384/3379 4378/2387/3395 
f 4330/2316/3379 4336/2321/3382 4379/2388/3381 4377/2385/3378 
f 4338/2323/3383 4334/2319/3381 4378/2387/3395 4380/2390/3384 
f 4336/2321/3382 4340/2328/3384 4381/2391/3383 4379/2388/3381 
f 4342/2331/3385 4338/2323/3383 4380/2390/3384 4382/2393/3394 
f 4340/2328/3384 4344/2333/3394 4383/2394/3385 4381/2391/3383 
f 4346/2335/3387 4342/2331/3385 4382/2393/3394 4384/2396/3388 
f 4344/2333/3394 4348/2340/3388 4385/2397/3387 4383/2394/3385 
f 4350/2343/3389 4346/2335/3387 4384/2396/3388 4386/2399/3390 
f 4348/2340/3388 4352/2345/3390 4387/2400/3389 4385/2397/3387 
f 4354/2347/3391 4350/2343/3389 4386/2399/3390 4388/2402/3392 
f 4352/2345/3390 4356/2352/3392 4389/2403/3391 4387/2400/3389 
f 4326/2312/3377 4354/2347/3391 4388/2402/3392 4375/2383/3393 
f 4356/2352/3392 4331/2315/3393 4376/2386/3377 4389/2403/3391 
s 4
f 4782/2875/3620 4785/2876/3623 4799/2900/3637 4798/2893/3636 
f 4797/2891/3635 4782/2875/3620 4798/2893/3636 4805/2894/3643 
f 4787/2879/3625 4789/2882/3627 4801/2898/3639 4800/2899/3638 
f 4793/2887/3631 4795/2889/3633 4804/2895/3642 4803/2896/3641 
f 4785/2876/3623 4787/2879/3625 4800/2899/3638 4799/2900/3637 
f 4795/2889/3633 4797/2891/3635 4805/2894/3643 4804/2895/3642 
f 4789/2882/3627 4791/2885/3629 4802/2897/3640 4801/2898/3639 
f 4791/2885/3629 4793/2887/3631 4803/2896/3641 4802/2897/3640 
f 4774/2867/3612 4781/2868/3619 4784/2877/3622 4783/2878/3621 
f 4781/2868/3619 4780/2869/3618 4786/2880/3624 4784/2877/3622 
f 4780/2869/3618 4779/2870/3617 4788/2883/3626 4786/2880/3624 
f 4779/2870/3617 4778/2871/3616 4790/2886/3628 4788/2883/3626 
f 4778/2871/3616 4777/2872/3615 4792/2888/3630 4790/2886/3628 
f 4777/2872/3615 4776/2873/3614 4794/2890/3632 4792/2888/3630 
f 4776/2873/3614 4775/2874/3613 4796/2892/3634 4794/2890/3632 
f 4775/2874/3613 4774/2867/3612 4783/2878/3621 4796/2892/3634 
usemtl Material__741
s off
f 4234/1711/3365 4806/1711/3644 4807/1710/3645 4235/1710/3366 
f 4235/1710/3366 4807/1710/3645 4808/1706/3646 4236/1706/3367 
f 4236/1706/3367 4808/1706/3646 4809/1709/3647 4237/1709/3368 
f 4237/1709/3368 4809/1709/3647 4806/1711/3644 4234/1711/3365 
f 4807/1710/3645 4806/1711/3644 4810/1711/3648 4811/1710/3649 
f 4808/1706/3646 4807/1710/3645 4811/1710/3649 4812/1706/3650 
f 4809/1709/3647 4808/1706/3646 4812/1706/3650 4813/1709/3651 
f 4806/1711/3644 4809/1709/3647 4813/1709/3651 4810/1711/3648 
usemtl Material__740
s 32
f 4814/2901/3652 4815/2904/3653 4816/2903/3654 4817/2902/3655 
s off
f 4814/2901/3652 4817/2902/3655 4812/2906/3650 4811/2905/3649 
f 4817/2902/3655 4816/2903/3654 4813/2907/3651 4812/2906/3650 
f 4816/2903/3654 4815/2904/3653 4810/2908/3648 4813/2907/3651 
f 4815/2904/3653 4814/2901/3652 4811/2905/3649 4810/2908/3648 
usemtl Material__741
f 4001/2682/3156 4818/2682/3656 4819/2909/3657 3999/2909/3154 
f 3999/1743/3154 4819/2911/3657 4820/2910/3658 4000/1742/3155 
f 4000/1990/3155 4820/1990/3658 4821/1993/3659 4002/1993/3157 
f 4002/1745/3157 4821/2913/3659 4818/2912/3656 4001/1744/3156 
usemtl Material__740
f 4822/2914/3660 4823/2917/3661 4824/2916/3662 4825/2915/3663 
usemtl Material__741
f 4819/2909/3657 4818/2682/3656 4823/2682/3661 4822/2909/3660 
f 4820/2910/3658 4819/2911/3657 4822/2909/3660 4825/1990/3663 
f 4821/1993/3659 4820/1990/3658 4825/1990/3663 4824/1993/3662 
f 4818/2912/3656 4821/2913/3659 4824/1993/3662 4823/2682/3661 
f 4107/1899/3098 4826/1872/3664 4827/1873/3665 4108/1898/3248 
f 4108/1873/3248 4827/1873/3665 4828/1874/3666 4101/1874/3243 
f 4101/1883/3243 4828/1874/3666 4829/1875/3667 4098/1882/3240 
f 4098/1875/3240 4829/1875/3667 4826/1872/3664 4107/1872/3098 
f 4826/1872/3664 4090/1872/3233 4093/1873/3236 4827/1873/3665 
f 4827/1873/3665 4093/1873/3236 4092/1874/3235 4828/1874/3666 
f 4828/1874/3666 4092/1874/3235 4091/1875/3234 4829/1875/3667 
f 4829/1875/3667 4091/1875/3234 4090/1872/3233 4826/1872/3664 
s 8
f 4505/2539/1767 4504/2540/1769 4830/2919/1769 4831/2918/1767 
f 4507/2543/1765 4505/2539/1767 4831/2918/1767 4832/2920/1765 
f 4509/2545/1763 4507/2543/1765 4832/2920/1765 4833/2921/1763 
f 4511/2547/1761 4509/2545/1763 4833/2921/1763 4834/2922/1761 
f 4513/2549/1759 4511/2550/1761 4834/2924/1761 4835/2923/1759 
f 4515/2553/1755 4513/2549/1759 4835/2923/1759 4836/2925/1755 
f 4517/2555/1756 4515/2553/1755 4836/2925/1755 4837/2926/1756 
f 4521/2557/1779 4520/2558/1781 4838/2928/1781 4839/2927/1779 
f 4523/2561/1777 4521/2557/1779 4839/2927/1779 4840/2929/1777 
f 4525/2563/1775 4523/2561/1777 4840/2929/1777 4841/2930/1775 
f 4527/2565/1771 4525/2563/1775 4841/2930/1775 4842/2931/1771 
f 4529/2567/1772 4527/2565/1771 4842/2931/1771 4843/2932/1772 
usemtl Material__740
f 4503/2933/1768 4548/2936/1790 4844/2935/1238 4504/2934/1769 
f 4549/2937/1789 4516/2940/1757 4517/2939/1756 4845/2938/735 
f 4550/2941/1792 4549/2937/1789 4845/2938/735 4846/2942/2033 
f 4519/2943/1780 4550/2941/1792 4846/2942/2033 4520/2944/1781 
f 4551/2945/1791 4528/2948/1773 4529/2947/1772 4847/2946/2032 
f 4548/2936/1790 4551/2945/1791 4847/2946/2032 4844/2935/1238 
f 4504/2934/1769 4844/2935/1238 4848/2950/1238 4830/2949/1769 
f 4845/2938/735 4517/2939/1756 4837/2952/1756 4849/2951/735 
f 4846/2942/2033 4845/2938/735 4849/2951/735 4850/2953/2033 
f 4520/2944/1781 4846/2942/2033 4850/2953/2033 4838/2954/1781 
f 4847/2946/2032 4529/2947/1772 4843/2956/1772 4851/2955/2032 
f 4844/2935/1238 4847/2946/2032 4851/2955/2032 4848/2950/1238 
s off
f 4426/2957/3432 4429/2960/3435 4428/2959/3434 4427/2958/3433 
usemtl Material__404
s 1
f 4852/2961/3668 4853/2962/3669 4854/2963/3670 4855/2964/3671 
usemtl Material__741
f 4856/2965/3672 4857/2966/3673 4858/2967/3674 4859/2968/3675 
f 4860/2969/3676 4861/2970/3677 4862/2971/3678 4863/2972/3679 
f 4862/2971/3678 4864/2973/3680 4865/2974/3681 4863/2972/3679 
usemtl Material__404
f 4866/2975/3682 4867/2976/3683 4868/2977/3684 4869/2978/3685 
f 4870/2979/3686 4871/2980/3687 4872/2981/3688 4873/2982/3689 
usemtl Material__741
f 4874/2983/3690 4858/2967/3674 4875/2984/3691 4876/2985/3692 
f 4859/2968/3675 4858/2967/3674 4874/2983/3690 4877/2986/3693 
f 4878/2987/3694 4875/2984/3691 4858/2967/3674 4857/2966/3673 
f 4876/2985/3692 4860/2969/3676 4863/2972/3679 4874/2983/3690 
f 4863/2972/3679 4865/2974/3681 4877/2986/3693 4874/2983/3690 
usemtl Material__404
f 4853/2962/3669 4879/2988/3695 4880/2989/3696 4854/2963/3670 
s 4
f 4852/2961/3668 4855/2964/3671 4881/2990/3697 4882/2991/3698 
s 8
f 4853/2962/3669 4852/2961/3668 4882/2991/3698 4883/2992/3699 
usemtl Material__741
s 4
f 4861/2970/3677 4860/2969/3676 4884/2993/3700 4885/2994/3701 
usemtl Material__404
f 4866/2975/3682 4869/2978/3685 4886/2995/3702 4887/2996/3703 
f 4867/2976/3683 4866/2975/3682 4887/2996/3703 4888/2997/3704 4889/2998/3705 
f 4869/2978/3685 4871/2980/3687 4890/2999/3706 4886/2995/3702 
usemtl Material__741
f 4876/2985/3692 4875/2984/3691 4891/3000/3707 4892/3001/3708 
f 4875/2984/3691 4878/2987/3694 4889/2998/3705 4888/2997/3704 4891/3000/3707 
f 4860/2969/3676 4876/2985/3692 4892/3001/3708 4884/2993/3700 
usemtl Material__404
s 8
f 4879/2988/3695 4853/2962/3669 4883/2992/3699 4893/3002/3709 
usemtl Material__741
s 1
f 4894/3003/3710 4862/2971/3678 4861/2970/3677 4895/3004/3711 
f 4896/3005/3712 4862/2971/3678 4894/3003/3710 
usemtl Material__404
s 4
f 4897/3006/3713 4881/2990/3697 4885/2994/3701 4898/3007/3714 
s 1
f 4899/3008/3715 4900/3009/3716 4901/3010/3717 4902/3011/3718 
usemtl Material__741
f 4856/2965/3672 4859/2968/3675 4903/3012/3719 4904/3013/3720 
f 4905/3014/3721 4906/3015/3722 4907/3016/3723 4908/3017/3724 
f 4907/3016/3723 4906/3015/3722 4865/2974/3681 4864/2973/3680 
usemtl Material__404
f 4909/3018/3725 4910/3019/3726 4911/3020/3727 4912/3021/3728 
f 4870/2979/3686 4873/2982/3689 4913/3022/3729 4914/3023/3730 
usemtl Material__741
f 4915/3024/3731 4916/3025/3732 4917/3026/3733 4903/3012/3719 
f 4859/2968/3675 4877/2986/3693 4915/3024/3731 4903/3012/3719 
f 4904/3013/3720 4903/3012/3719 4917/3026/3733 4918/3027/3734 
f 4916/3025/3732 4915/3024/3731 4906/3015/3722 4905/3014/3721 
f 4906/3015/3722 4915/3024/3731 4877/2986/3693 4865/2974/3681 
usemtl Material__404
f 4902/3011/3718 4901/3010/3717 4880/2989/3696 4879/2988/3695 
s 4
f 4899/3008/3715 4919/3028/3735 4920/3029/3736 4900/3009/3716 
s 8
f 4902/3011/3718 4921/3030/3737 4919/3028/3735 4899/3008/3715 
usemtl Material__741
s 4
f 4908/3017/3724 4922/3031/3738 4923/3032/3739 4905/3014/3721 
usemtl Material__404
f 4909/3018/3725 4924/3033/3740 4925/3034/3741 4910/3019/3726 
f 4926/3035/3742 4924/3033/3740 4909/3018/3725 4912/3021/3728 
f 4910/3019/3726 4925/3034/3741 4927/3036/3743 4914/3023/3730 
usemtl Material__741
f 4916/3025/3732 4928/3037/3744 4929/3038/3745 4917/3026/3733 
f 4917/3026/3733 4929/3038/3745 4926/3035/3742 4918/3027/3734 
f 4905/3014/3721 4923/3032/3739 4928/3037/3744 4916/3025/3732 
usemtl Material__404
s 8
f 4879/2988/3695 4893/3002/3709 4921/3030/3737 4902/3011/3718 
usemtl Material__741
s 1
f 4930/3039/3746 4908/3017/3724 4907/3016/3723 4931/3040/3747 
usemtl Material__404
f 4932/3041/3748 4933/3042/3749 4880/2989/3696 4901/3010/3717 
s 4
f 4934/3043/3750 4935/3044/3751 4922/3031/3738 4920/3029/3736 
f 4881/2990/3697 4897/3006/3713 3223/3045/3752 4882/2991/3698 
s 8
f 4882/2991/3698 3223/3045/3752 3222/3046/3753 4883/2992/3699 
s 4
f 4884/2993/3700 4936/3047/3754 4898/3007/3714 4885/2994/3701 
f 4886/2995/3702 3224/3048/3755 4937/3049/3756 4887/2996/3703 
f 4887/2996/3703 4937/3049/3756 3226/3050/3757 4888/2997/3704 
f 4938/3051/3758 4939/3052/3759 4940/3053/3706 4890/2999/3706 
f 4891/3000/3707 3225/3054/3760 3230/3055/3761 4892/3001/3708 
f 4888/2997/3704 3226/3050/3757 3225/3054/3760 4891/3000/3707 
f 4892/3001/3708 3230/3055/3761 4936/3047/3754 4884/2993/3700 
s 8
f 4883/2992/3699 3222/3046/3753 814/3056/3709 4893/3002/3709 
usemtl Material__741
s 4
f 4881/2990/3697 4895/3004/3711 4861/2970/3677 4885/2994/3701 
usemtl Material__404
f 4919/3028/3735 810/3057/3762 4934/3043/3750 4920/3029/3736 
s 8
f 4921/3030/3737 811/3058/3763 810/3057/3762 4919/3028/3735 
s 4
f 4922/3031/3738 4935/3044/3751 4941/3059/3764 4923/3032/3739 
f 4924/3033/3740 4942/3060/3765 813/3061/3766 4925/3034/3741 
f 4926/3035/3742 815/3062/3767 4942/3060/3765 4924/3033/3740 
f 4925/3034/3741 813/3061/3766 4943/3063/3743 4927/3036/3743 
f 4928/3037/3744 819/3064/3768 816/3065/3769 4929/3038/3745 
f 4929/3038/3745 816/3065/3769 815/3062/3767 4926/3035/3742 
f 4923/3032/3739 4941/3059/3764 819/3064/3768 4928/3037/3744 
s 8
f 4893/3002/3709 814/3056/3709 811/3058/3763 4921/3030/3737 
usemtl Material__741
s 4
f 4922/3031/3738 4908/3017/3724 4930/3039/3746 4920/3029/3736 
usemtl Material__404
s 1
f 4911/3020/3727 4910/3019/3726 4913/3022/3729 
f 4871/2980/3687 4869/2978/3685 4872/2981/3688 
s 4
f 4943/3063/3743 4939/3052/3759 4938/3051/3758 4927/3036/3743 
f 4927/3036/3743 4938/3051/3758 4870/2979/3686 4914/3023/3730 
f 4940/3053/3706 3224/3048/3755 4886/2995/3702 4890/2999/3706 
f 4871/2980/3687 4870/2979/3686 4938/3051/3758 4890/2999/3706 
usemtl Material__741
s 1
f 4857/2966/3673 4944/3066/3770 4945/3067/3771 4946/3068/3772 
f 4947/3069/3773 4948/3070/3774 4949/3071/3775 4950/3072/3776 
f 4931/3040/3747 4907/3016/3723 4951/3073/3777 
usemtl Material__404
f 4854/2963/3670 4880/2989/3696 4933/3042/3749 4952/3074/3778 
usemtl Material__741
f 4907/3016/3723 4864/2973/3680 4951/3073/3777 
f 4864/2973/3680 4953/3075/3779 4951/3073/3777 
f 4953/3075/3779 4864/2973/3680 4896/3005/3712 
f 4864/2973/3680 4862/2971/3678 4896/3005/3712 
usemtl Material__404
f 4910/3019/3726 4914/3023/3730 4913/3022/3729 
f 4869/2978/3685 4868/2977/3684 4872/2981/3688 
s off
f 4867/2976/3683 4889/2998/3705 4954/3076/3780 4868/2977/3684 
f 4872/2981/3688 4955/3077/3781 4956/3078/3782 4873/2982/3689 
usemtl Material__741
f 4857/2966/3673 4954/3076/3780 4889/2998/3705 4878/2987/3694 
usemtl Material__404
f 4911/3020/3727 4957/3079/3783 4926/3035/3742 4912/3021/3728 
f 4873/2982/3689 4956/3078/3782 4958/3080/3784 4913/3022/3729 
usemtl Material__741
f 4918/3027/3734 4926/3035/3742 4957/3079/3783 4904/3013/3720 
usemtl Material__404
f 4913/3022/3729 4958/3080/3784 4957/3079/3783 4911/3020/3727 
usemtl Material__741
f 4946/3068/3772 4955/3077/3781 4954/3076/3780 4857/2966/3673 
f 4959/3081/3785 4956/3078/3782 4955/3077/3781 4946/3068/3772 
f 4904/3013/3720 4957/3079/3783 4958/3080/3784 4960/3082/3786 
f 4960/3082/3786 4958/3080/3784 4956/3078/3782 4959/3081/3785 
usemtl Material__404
f 4868/2977/3684 4954/3076/3780 4955/3077/3781 4872/2981/3688 
f 4854/2963/3670 4961/3083/3787 4881/2990/3697 4855/2964/3671 
usemtl Material__741
f 4895/3004/3711 4881/2990/3697 4961/3083/3787 4894/3003/3710 
f 4894/3003/3710 4961/3083/3787 4962/3084/3788 4896/3005/3712 
usemtl Material__404
f 4900/3009/3716 4920/3029/3736 4963/3085/3789 4901/3010/3717 
usemtl Material__741
f 4931/3040/3747 4963/3085/3789 4920/3029/3736 4930/3039/3746 
usemtl Material__404
f 4932/3041/3748 4964/3086/3790 4965/3087/3791 4933/3042/3749 
f 4901/3010/3717 4963/3085/3789 4964/3086/3790 4932/3041/3748 
usemtl Material__741
f 4951/3073/3777 4964/3086/3790 4963/3085/3789 4931/3040/3747 
usemtl Material__404
f 4933/3042/3749 4965/3087/3791 4962/3084/3788 4952/3074/3778 
f 4952/3074/3778 4962/3084/3788 4961/3083/3787 4854/2963/3670 
usemtl Material__741
f 4953/3075/3779 4965/3087/3791 4964/3086/3790 4951/3073/3777 
f 4896/3005/3712 4962/3084/3788 4965/3087/3791 4953/3075/3779 
s 2
f 4947/3069/3773 4966/3088/3792 4945/3067/3771 4967/3089/3793 
f 4948/3070/3774 4968/3090/3794 4969/3091/3795 4949/3071/3775 
s 1
f 4970/3092/3796 4948/3070/3774 4947/3069/3773 4967/3089/3793 
s 4
f 4949/3071/3775 4969/3091/3795 4971/3093/3797 4950/3072/3776 
s 1
f 4960/3082/3786 4959/3081/3785 4966/3088/3792 4971/3093/3797 
f 4857/2966/3673 4856/2965/3672 4968/3090/3794 4944/3066/3770 
s 4
f 4944/3066/3770 4970/3092/3796 4967/3089/3793 4945/3067/3771 
s 1
f 4966/3088/3792 4959/3081/3785 4946/3068/3772 4945/3067/3771 
f 4968/3090/3794 4856/2965/3672 4904/3013/3720 4969/3091/3795 
f 4969/3091/3795 4904/3013/3720 4960/3082/3786 4971/3093/3797 
s 2
f 4966/3088/3792 4947/3069/3773 4950/3072/3776 4971/3093/3797 
f 4968/3090/3794 4948/3070/3774 4970/3092/3796 4944/3066/3770 
usemtl Material__738
s 1
f 4972/3094/3798 4973/3094/3799 4974/3095/3800 4975/3095/3801 
f 4973/3094/3799 4976/3094/3802 4977/3095/3803 4974/3095/3800 
f 4976/3094/3802 4978/3094/3804 4979/3095/3805 4977/3095/3803 
f 4978/3094/3804 4980/3094/3806 4981/3095/3807 4979/3095/3805 
f 4980/3094/3806 4982/3094/3808 4983/3095/3809 4981/3095/3807 
f 4982/3094/3808 4984/3094/3810 4985/3095/3811 4983/3095/3809 
f 4984/3094/3810 4986/3094/3812 4987/3095/3813 4985/3095/3811 
f 4986/3094/3812 4988/3094/3814 4989/3095/3815 4987/3095/3813 
f 4988/3094/3814 4990/3094/3816 4991/3095/3817 4989/3095/3815 
f 4990/3094/3816 4992/3094/3818 4993/3095/3819 4991/3095/3817 
f 4992/3094/3818 4994/3094/3820 4995/3095/3821 4993/3095/3819 
f 4994/3094/3820 4972/3094/3798 4975/3095/3801 4995/3095/3821 
s 2
f 4996/3096/3822 4997/3096/3823 4998/3096/3824 4999/3096/3825 
s 1
f 4972/3094/3798 4996/3096/3822 4999/3096/3825 4973/3094/3799 
f 4973/3094/3799 4999/3096/3825 5000/3096/3826 4976/3094/3802 
f 4976/3094/3802 5000/3096/3826 5001/3096/3827 4978/3094/3804 
f 4978/3094/3804 5001/3096/3827 5002/3096/3828 4980/3094/3806 
f 4980/3094/3806 5002/3096/3828 4998/3096/3824 4982/3094/3808 
f 4982/3094/3808 4998/3096/3824 4997/3096/3823 4984/3094/3810 
f 4984/3094/3810 4997/3096/3823 5003/3096/3829 4986/3094/3812 
f 4986/3094/3812 5003/3096/3829 5004/3096/3830 4988/3094/3814 
f 4988/3094/3814 5004/3096/3830 5005/3096/3831 4990/3094/3816 
f 4990/3094/3816 5005/3096/3831 5006/3096/3832 4992/3094/3818 
f 4992/3094/3818 5006/3096/3832 5007/3096/3833 4994/3094/3820 
f 4994/3094/3820 5007/3096/3833 4996/3096/3822 4972/3094/3798 
s 2
f 4974/3095/3800 5008/3097/3834 5009/3097/3835 4975/3095/3801 
f 4977/3095/3803 5010/3097/3836 5008/3097/3834 4974/3095/3800 
f 4979/3095/3805 5011/3097/3837 5010/3097/3836 4977/3095/3803 
f 4981/3095/3807 5012/3097/3838 5011/3097/3837 4979/3095/3805 
f 4983/3095/3809 5013/3097/3839 5012/3097/3838 4981/3095/3807 
f 4985/3095/3811 5014/3097/3840 5013/3097/3839 4983/3095/3809 
f 4987/3095/3813 5015/3097/3841 5014/3097/3840 4985/3095/3811 
f 4989/3095/3815 5016/3097/3842 5015/3097/3841 4987/3095/3813 
f 4991/3095/3817 5017/3097/3843 5016/3097/3842 4989/3095/3815 
f 4993/3095/3819 5018/3097/3844 5017/3097/3843 4991/3095/3817 
f 4995/3095/3821 5019/3097/3845 5018/3097/3844 4993/3095/3819 
f 4975/3095/3801 5009/3097/3835 5019/3097/3845 4995/3095/3821 
f 4996/3096/3822 5007/3096/3833 5003/3096/3829 4997/3096/3823 
f 4998/3096/3824 5002/3096/3828 5000/3096/3826 4999/3096/3825 
f 5002/3096/3828 5001/3096/3827 5000/3096/3826 
f 5007/3096/3833 5006/3096/3832 5004/3096/3830 5003/3096/3829 
f 5006/3096/3832 5005/3096/3831 5004/3096/3830 
s 1
f 5020/3098/735 5021/3099/3846 5022/3100/3847 
f 5020/3098/735 5023/3101/3848 5021/3099/3846 
f 5024/3102/3849 5025/3103/3850 5026/3104/3851 5027/3105/3852 
f 5025/3103/3850 5028/3106/3853 5029/3107/3854 5026/3104/3851 
s 4
f 5030/3108/3855 5031/3109/3856 5032/3110/3857 5033/3111/3858 
f 5033/3111/3858 5032/3110/3857 5034/3112/3859 5035/3113/3860 
s 1
f 5021/3099/3846 5032/3110/3857 5031/3109/3856 5022/3100/3847 
f 5023/3101/3848 5034/3112/3859 5032/3110/3857 5021/3099/3846 
s 3
f 5036/3114/3861 5033/3111/3858 5035/3113/3860 5037/3115/3862 
s 1
f 5026/3116/3851 5038/3117/3863 5039/3118/3864 5027/3119/3852 
f 5029/3120/3854 5040/3121/3865 5038/3117/3863 5026/3116/3851 
f 5037/3115/3862 5039/3118/3864 5038/3117/3863 5036/3114/3861 
f 5036/3114/3861 5038/3117/3863 5040/3121/3865 5041/3122/3866 
f 5020/3098/735 5042/3123/3867 5023/3101/3848 
f 5020/3098/735 5043/3124/3868 5042/3123/3867 
f 5044/3125/3869 5045/3126/3870 5046/3127/3871 5047/3128/3872 
f 5045/3126/3870 5024/3102/3849 5027/3105/3852 5046/3127/3871 
s 4
f 5035/3113/3860 5034/3112/3859 5048/3129/3873 5049/3130/3874 
f 5049/3130/3874 5048/3129/3873 5050/3131/3875 5051/3132/3876 
s 1
f 5042/3123/3867 5048/3129/3873 5034/3112/3859 5023/3101/3848 
f 5043/3124/3868 5050/3131/3875 5048/3129/3873 5042/3123/3867 
f 5052/3133/3877 5049/3130/3874 5051/3132/3876 5053/3134/3878 
f 5046/3135/3871 5054/3136/3879 5055/3137/3880 5047/3138/3872 
f 5027/3119/3852 5039/3118/3864 5054/3136/3879 5046/3135/3871 
f 5053/3134/3878 5055/3137/3880 5054/3136/3879 5052/3133/3877 
f 5052/3133/3877 5054/3136/3879 5039/3118/3864 5037/3115/3862 
f 5052/3133/3877 5037/3115/3862 5035/3113/3860 5049/3130/3874 
f 5056/3139/3881 5057/3140/3882 5058/3141/3883 5059/3142/3884 
f 5059/3142/3884 5058/3141/3883 5060/3143/3885 5061/3144/3886 
f 5061/3144/3886 5060/3143/3885 5062/3145/3887 5063/3146/3888 
f 5063/3146/3888 5062/3145/3887 5064/3147/3889 5065/3148/3890 
f 5066/3149/3891 5067/3150/3892 5068/3151/3893 5069/3152/3894 
f 5067/3150/3892 5070/3153/3895 5071/3154/3896 5068/3151/3893 
f 5070/3153/3895 5072/3155/3897 5073/3156/3898 5071/3154/3896 
f 5072/3155/3897 5074/3157/3899 5075/3158/3900 5073/3156/3898 
f 5076/3159/3901 5077/3160/3902 5078/3161/3903 5079/3162/3904 
f 5080/3163/3905 5081/3164/3906 5082/3165/3907 5083/3166/3908 
f 5084/3167/3909 5085/3168/3910 5086/3169/3911 5087/3170/3912 
f 5088/3171/3913 5089/3172/3914 5090/3173/3915 5091/3174/3916 
f 5092/3175/3917 5093/3176/3918 5094/3177/3919 5095/3178/3920 
f 5095/3178/3920 5094/3177/3919 5096/3179/3921 5097/3180/3922 
f 5086/3169/3911 5076/3159/3901 5079/3162/3904 5087/3170/3912 
f 5098/3181/3923 5099/3182/3924 5100/3183/3925 5101/3184/3926 
f 5098/3181/3923 5101/3184/3926 5102/3185/3927 5103/3186/3928 
f 5083/3166/3908 5082/3165/3907 5091/3174/3916 5090/3173/3915 
f 5097/3180/3922 5096/3179/3921 5085/3168/3910 5084/3167/3909 
f 5088/3171/3913 5103/3186/3928 5102/3185/3927 5089/3172/3914 
s 2
f 5078/3161/3903 5104/3187/3929 5105/3188/3930 5079/3162/3904 
s 4
f 5083/3166/3908 5105/3188/3930 5104/3187/3929 5080/3163/3905 
s 2
f 5087/3170/3912 5106/3189/3931 5107/3190/3932 5084/3167/3909 
s 4
f 5089/3172/3914 5107/3190/3932 5106/3189/3931 5090/3173/3915 
s 2
f 5095/3178/3920 5108/3191/3933 5109/3192/3934 5092/3175/3917 
f 5097/3180/3922 5110/3193/3935 5108/3191/3933 5095/3178/3920 
f 5079/3162/3904 5105/3188/3930 5106/3189/3931 5087/3170/3912 
s 4
f 5100/3183/3925 5109/3192/3934 5108/3191/3933 5101/3184/3926 
f 5101/3184/3926 5108/3191/3933 5110/3193/3935 5102/3185/3927 
f 5090/3173/3915 5106/3189/3931 5105/3188/3930 5083/3166/3908 
s 2
f 5084/3167/3909 5107/3190/3932 5110/3193/3935 5097/3180/3922 
s 4
f 5102/3185/3927 5110/3193/3935 5107/3190/3932 5089/3172/3914 
s 1
f 5111/3194/3936 5112/3195/3937 5113/3196/3938 5114/3197/3939 
f 5115/3198/3940 5116/3199/1262 5112/3195/3937 5111/3194/3936 
f 5117/3200/3941 5118/3201/3942 5116/3199/1262 5115/3198/3940 
f 5119/3202/3943 5120/3203/3944 5118/3201/3942 5117/3200/3941 
s 2
f 5059/3142/3884 5067/3150/3892 5066/3149/3891 5056/3139/3881 
f 5063/3146/3888 5072/3155/3897 5070/3153/3895 5061/3144/3886 
f 5065/3148/3890 5074/3157/3899 5072/3155/3897 5063/3146/3888 
f 5067/3150/3892 5059/3142/3884 5061/3144/3886 5070/3153/3895 
f 5068/3151/3893 5111/3194/3936 5114/3197/3939 5069/3152/3894 
f 5071/3154/3896 5115/3198/3940 5111/3194/3936 5068/3151/3893 
f 5073/3156/3898 5117/3200/3941 5115/3198/3940 5071/3154/3896 
f 5075/3158/3900 5119/3202/3943 5117/3200/3941 5073/3156/3898 
s 1
f 5065/3148/3890 5064/3147/3889 5121/3204/3945 5122/3205/3946 
f 5122/3205/3946 5121/3204/3945 5123/3206/3947 5124/3207/3948 
f 5124/3207/3948 5123/3206/3947 5125/3208/3949 5126/3209/3950 
f 5126/3209/3950 5125/3208/3949 5127/3210/3951 5128/3211/3952 
f 5074/3157/3899 5129/3212/3953 5130/3213/3954 5075/3158/3900 
f 5129/3212/3953 5131/3214/3955 5132/3215/3956 5130/3213/3954 
f 5131/3214/3955 5133/3216/3957 5134/3217/3958 5132/3215/3956 
f 5133/3216/3957 5135/3218/3959 5136/3219/3960 5134/3217/3958 
f 5137/3220/3961 5138/3221/3962 5139/3222/3963 5140/3223/3964 
f 5141/3224/3965 5142/3225/3966 5143/3226/3967 5144/3227/3968 
f 5145/3228/3969 5146/3229/3970 5147/3230/3971 5148/3231/3972 
f 5149/3232/3973 5150/3233/3974 5151/3234/3975 5152/3235/3976 
f 5153/3236/3977 5154/3237/3978 5155/3238/3979 5156/3239/3980 
f 5156/3239/3980 5155/3238/3979 5157/3240/3981 5158/3241/3982 
f 5147/3230/3971 5137/3220/3961 5140/3223/3964 5148/3231/3972 
f 5159/3242/3983 5160/3243/3984 5161/3244/3985 5162/3245/3986 
f 5159/3242/3983 5162/3245/3986 5163/3246/3987 5164/3247/3988 
f 5144/3227/3968 5143/3226/3967 5152/3235/3976 5151/3234/3975 
f 5158/3241/3982 5157/3240/3981 5146/3229/3970 5145/3228/3969 
f 5149/3232/3973 5164/3247/3988 5163/3246/3987 5150/3233/3974 
s 2
f 5139/3222/3963 5165/3248/3989 5166/3249/3990 5140/3223/3964 
s 4
f 5144/3227/3968 5166/3249/3990 5165/3248/3989 5141/3224/3965 
s 2
f 5148/3231/3972 5167/3250/3991 5168/3251/3992 5145/3228/3969 
s 4
f 5150/3233/3974 5168/3251/3992 5167/3250/3991 5151/3234/3975 
s 2
f 5156/3239/3980 5169/3252/3993 5170/3253/3994 5153/3236/3977 
f 5158/3241/3982 5171/3254/3995 5169/3252/3993 5156/3239/3980 
f 5140/3223/3964 5166/3249/3990 5167/3250/3991 5148/3231/3972 
s 4
f 5161/3244/3985 5170/3253/3994 5169/3252/3993 5162/3245/3986 
f 5162/3245/3986 5169/3252/3993 5171/3254/3995 5163/3246/3987 
f 5151/3234/3975 5167/3250/3991 5166/3249/3990 5144/3227/3968 
s 2
f 5145/3228/3969 5168/3251/3992 5171/3254/3995 5158/3241/3982 
s 4
f 5163/3246/3987 5171/3254/3995 5168/3251/3992 5150/3233/3974 
s 1
f 5172/3255/3996 5173/3256/3997 5120/3203/3944 5119/3202/3943 
f 5174/3257/3998 5175/3258/3999 5173/3256/3997 5172/3255/3996 
f 5176/3259/4000 5177/3260/2848 5175/3258/3999 5174/3257/3998 
f 5178/3261/4001 5179/3262/4002 5177/3260/2848 5176/3259/4000 
s 2
f 5122/3205/3946 5129/3212/3953 5074/3157/3899 5065/3148/3890 
f 5126/3209/3950 5133/3216/3957 5131/3214/3955 5124/3207/3948 
f 5128/3211/3952 5135/3218/3959 5133/3216/3957 5126/3209/3950 
f 5129/3212/3953 5122/3205/3946 5124/3207/3948 5131/3214/3955 
f 5130/3213/3954 5172/3255/3996 5119/3202/3943 5075/3158/3900 
f 5132/3215/3956 5174/3257/3998 5172/3255/3996 5130/3213/3954 
f 5134/3217/3958 5176/3259/4000 5174/3257/3998 5132/3215/3956 
f 5136/3219/3960 5178/3261/4001 5176/3259/4000 5134/3217/3958 
s 1
f 5020/3098/735 5180/3263/4003 5043/3124/3868 
f 5020/3098/735 5181/3264/4004 5180/3263/4003 
f 5182/3265/4005 5183/3266/4006 5184/3267/4007 5185/3268/4008 
f 5183/3266/4006 5044/3125/3869 5047/3128/3872 5184/3267/4007 
s 4
f 5051/3132/3876 5050/3131/3875 5186/3269/4009 5187/3270/4010 
f 5187/3270/4010 5186/3269/4009 5188/3271/4011 5189/3272/4012 
s 1
f 5180/3263/4003 5186/3269/4009 5050/3131/3875 5043/3124/3868 
f 5181/3264/4004 5188/3271/4011 5186/3269/4009 5180/3263/4003 
s 3
f 5190/3273/4013 5187/3270/4010 5189/3272/4012 5191/3274/4014 
s 1
f 5184/3275/4007 5192/3276/4015 5193/3277/4016 5185/3278/4008 
f 5047/3138/3872 5055/3137/3880 5192/3276/4015 5184/3275/4007 
f 5191/3274/4014 5193/3277/4016 5192/3276/4015 5190/3273/4013 
f 5190/3273/4013 5192/3276/4015 5055/3137/3880 5053/3134/3878 
f 5020/3098/735 5194/3279/4017 5181/3264/4004 
f 5020/3098/735 5195/3280/4018 5194/3279/4017 
f 5196/3281/4019 5197/3282/4020 5198/3283/4021 5199/3284/4022 
f 5197/3282/4020 5182/3265/4005 5185/3268/4008 5198/3283/4021 
s 4
f 5189/3272/4012 5188/3271/4011 5200/3285/4023 5201/3286/4024 
f 5201/3286/4024 5200/3285/4023 5202/3287/4025 5203/3288/4026 
s 1
f 5194/3279/4017 5200/3285/4023 5188/3271/4011 5181/3264/4004 
f 5195/3280/4018 5202/3287/4025 5200/3285/4023 5194/3279/4017 
f 5204/3289/4027 5201/3286/4024 5203/3288/4026 5205/3290/4028 
f 5198/3291/4021 5206/3292/4029 5207/3293/4030 5199/3294/4022 
f 5185/3278/4008 5193/3277/4016 5206/3292/4029 5198/3291/4021 
f 5205/3290/4028 5207/3293/4030 5206/3292/4029 5204/3289/4027 
f 5204/3289/4027 5206/3292/4029 5193/3277/4016 5191/3274/4014 
f 5204/3289/4027 5191/3274/4014 5189/3272/4012 5201/3286/4024 
f 5128/3211/3952 5127/3210/3951 5208/3295/4031 5209/3296/4032 
f 5209/3296/4032 5208/3295/4031 5210/3297/4033 5211/3298/4034 
f 5211/3298/4034 5210/3297/4033 5212/3299/4035 5213/3300/4036 
f 5213/3300/4036 5212/3299/4035 5214/3301/4037 5215/3302/4038 
f 5135/3218/3959 5216/3303/4039 5217/3304/4040 5136/3219/3960 
f 5216/3303/4039 5218/3305/4041 5219/3306/4042 5217/3304/4040 
f 5218/3305/4041 5220/3307/4043 5221/3308/4044 5219/3306/4042 
f 5220/3307/4043 5222/3309/4045 5223/3310/4046 5221/3308/4044 
f 5224/3311/4047 5225/3312/4048 5226/3313/4049 5227/3314/4050 
f 5228/3315/4051 5229/3316/4052 5230/3317/4053 5231/3318/4054 
f 5232/3319/4055 5233/3320/4056 5234/3321/4057 5235/3322/4058 
f 5236/3323/4059 5237/3324/4060 5238/3325/4061 5239/3326/4062 
f 5240/3327/4063 5241/3328/4064 5242/3329/4065 5243/3330/4066 
f 5243/3330/4066 5242/3329/4065 5244/3331/4067 5245/3332/4068 
f 5234/3321/4057 5224/3311/4047 5227/3314/4050 5235/3322/4058 
f 5246/3333/4069 5247/3334/4070 5248/3335/4071 5249/3336/4072 
f 5246/3333/4069 5249/3336/4072 5250/3337/4073 5251/3338/4074 
f 5231/3318/4054 5230/3317/4053 5239/3326/4062 5238/3325/4061 
f 5245/3332/4068 5244/3331/4067 5233/3320/4056 5232/3319/4055 
f 5236/3323/4059 5251/3338/4074 5250/3337/4073 5237/3324/4060 
s 2
f 5226/3313/4049 5252/3339/4075 5253/3340/4076 5227/3314/4050 
s 4
f 5231/3318/4054 5253/3340/4076 5252/3339/4075 5228/3315/4051 
s 2
f 5235/3322/4058 5254/3341/4077 5255/3342/4078 5232/3319/4055 
s 4
f 5237/3324/4060 5255/3342/4078 5254/3341/4077 5238/3325/4061 
s 2
f 5243/3330/4066 5256/3343/4079 5257/3344/4080 5240/3327/4063 
f 5245/3332/4068 5258/3345/4081 5256/3343/4079 5243/3330/4066 
f 5227/3314/4050 5253/3340/4076 5254/3341/4077 5235/3322/4058 
s 4
f 5248/3335/4071 5257/3344/4080 5256/3343/4079 5249/3336/4072 
f 5249/3336/4072 5256/3343/4079 5258/3345/4081 5250/3337/4073 
f 5238/3325/4061 5254/3341/4077 5253/3340/4076 5231/3318/4054 
s 2
f 5232/3319/4055 5255/3342/4078 5258/3345/4081 5245/3332/4068 
s 4
f 5250/3337/4073 5258/3345/4081 5255/3342/4078 5237/3324/4060 
s 1
f 5259/3346/4082 5260/3347/4083 5179/3262/4002 5178/3261/4001 
f 5261/3348/4084 5262/3349/4085 5260/3347/4083 5259/3346/4082 
f 5263/3350/4086 5264/3351/4087 5262/3349/4085 5261/3348/4084 
f 5265/3352/4088 5266/3353/1222 5264/3351/4087 5263/3350/4086 
s 2
f 5209/3296/4032 5216/3303/4039 5135/3218/3959 5128/3211/3952 
f 5213/3300/4036 5220/3307/4043 5218/3305/4041 5211/3298/4034 
f 5215/3302/4038 5222/3309/4045 5220/3307/4043 5213/3300/4036 
f 5216/3303/4039 5209/3296/4032 5211/3298/4034 5218/3305/4041 
f 5217/3304/4040 5259/3346/4082 5178/3261/4001 5136/3219/3960 
f 5219/3306/4042 5261/3348/4084 5259/3346/4082 5217/3304/4040 
f 5221/3308/4044 5263/3350/4086 5261/3348/4084 5219/3306/4042 
f 5223/3310/4046 5265/3352/4088 5263/3350/4086 5221/3308/4044 
s 1
f 5215/3302/4038 5214/3301/4037 5267/3354/4089 5268/3355/4090 
f 5268/3355/4090 5267/3354/4089 5269/3356/4091 5270/3357/4092 
f 5270/3357/4092 5269/3356/4091 5271/3358/4093 5272/3359/4094 
f 5272/3359/4094 5271/3358/4093 5273/3360/4095 5274/3361/4096 
f 5222/3309/4045 5275/3362/4097 5276/3363/4098 5223/3310/4046 
f 5275/3362/4097 5277/3364/4099 5278/3365/4100 5276/3363/4098 
f 5277/3364/4099 5279/3366/4101 5280/3367/4102 5278/3365/4100 
f 5279/3366/4101 5281/3368/4103 5282/3369/4104 5280/3367/4102 
f 5283/3370/4105 5284/3371/4106 5285/3372/4107 5286/3373/4108 
f 5287/3374/4109 5288/3375/4110 5289/3376/4111 5290/3377/4112 
f 5291/3378/4113 5292/3379/4114 5293/3380/4115 5294/3381/4116 
f 5295/3382/4117 5296/3383/4118 5297/3384/4119 5298/3385/4120 
f 5299/3386/4121 5300/3387/4122 5301/3388/4123 5302/3389/4124 
f 5302/3389/4124 5301/3388/4123 5303/3390/4125 5304/3391/4126 
f 5293/3380/4115 5283/3370/4105 5286/3373/4108 5294/3381/4116 
f 5305/3392/4127 5306/3393/4128 5307/3394/4129 5308/3395/4130 
f 5305/3392/4127 5308/3395/4130 5309/3396/4131 5310/3397/4132 
f 5290/3377/4112 5289/3376/4111 5298/3385/4120 5297/3384/4119 
f 5304/3391/4126 5303/3390/4125 5292/3379/4114 5291/3378/4113 
f 5295/3382/4117 5310/3397/4132 5309/3396/4131 5296/3383/4118 
s 2
f 5285/3372/4107 5311/3398/4133 5312/3399/4134 5286/3373/4108 
s 4
f 5290/3377/4112 5312/3399/4134 5311/3398/4133 5287/3374/4109 
s 2
f 5294/3381/4116 5313/3400/4135 5314/3401/4136 5291/3378/4113 
s 4
f 5296/3383/4118 5314/3401/4136 5313/3400/4135 5297/3384/4119 
s 2
f 5302/3389/4124 5315/3402/4137 5316/3403/4138 5299/3386/4121 
f 5304/3391/4126 5317/3404/4139 5315/3402/4137 5302/3389/4124 
f 5286/3373/4108 5312/3399/4134 5313/3400/4135 5294/3381/4116 
s 4
f 5307/3394/4129 5316/3403/4138 5315/3402/4137 5308/3395/4130 
f 5308/3395/4130 5315/3402/4137 5317/3404/4139 5309/3396/4131 
f 5297/3384/4119 5313/3400/4135 5312/3399/4134 5290/3377/4112 
s 2
f 5291/3378/4113 5314/3401/4136 5317/3404/4139 5304/3391/4126 
s 4
f 5309/3396/4131 5317/3404/4139 5314/3401/4136 5296/3383/4118 
s 1
f 5318/3405/4140 5319/3406/4141 5266/3353/1222 5265/3352/4088 
f 5320/3407/4142 5321/3408/4143 5319/3406/4141 5318/3405/4140 
f 5322/3409/4144 5323/3410/4145 5321/3408/4143 5320/3407/4142 
f 5324/3411/4146 5325/3412/4147 5323/3410/4145 5322/3409/4144 
s 2
f 5268/3355/4090 5275/3362/4097 5222/3309/4045 5215/3302/4038 
f 5272/3359/4094 5279/3366/4101 5277/3364/4099 5270/3357/4092 
f 5274/3361/4096 5281/3368/4103 5279/3366/4101 5272/3359/4094 
f 5275/3362/4097 5268/3355/4090 5270/3357/4092 5277/3364/4099 
f 5276/3363/4098 5318/3405/4140 5265/3352/4088 5223/3310/4046 
f 5278/3365/4100 5320/3407/4142 5318/3405/4140 5276/3363/4098 
f 5280/3367/4102 5322/3409/4144 5320/3407/4142 5278/3365/4100 
f 5282/3369/4104 5324/3411/4146 5322/3409/4144 5280/3367/4102 
s 1
f 5020/3098/735 5326/3413/4148 5195/3280/4018 
f 5020/3098/735 5327/3414/4149 5326/3413/4148 
f 5328/3415/4150 5329/3416/4151 5330/3417/4152 5331/3418/4153 
f 5329/3416/4151 5196/3281/4019 5199/3284/4022 5330/3417/4152 
s 4
f 5203/3288/4026 5202/3287/4025 5332/3419/4154 5333/3420/4155 
f 5333/3420/4155 5332/3419/4154 5334/3421/4156 5335/3422/4157 
s 1
f 5326/3413/4148 5332/3419/4154 5202/3287/4025 5195/3280/4018 
f 5327/3414/4149 5334/3421/4156 5332/3419/4154 5326/3413/4148 
s 3
f 5336/3423/4158 5333/3420/4155 5335/3422/4157 5337/3424/4159 
s 1
f 5330/3425/4152 5338/3426/4160 5339/3427/4161 5331/3428/4153 
f 5199/3294/4022 5207/3293/4030 5338/3426/4160 5330/3425/4152 
f 5337/3424/4159 5339/3427/4161 5338/3426/4160 5336/3423/4158 
f 5336/3423/4158 5338/3426/4160 5207/3293/4030 5205/3290/4028 
f 5020/3098/735 5340/3429/4162 5327/3414/4149 
f 5020/3098/735 5341/3430/4163 5340/3429/4162 
f 5342/3431/4164 5343/3432/4165 5344/3433/4166 5345/3434/4167 
f 5343/3432/4165 5328/3415/4150 5331/3418/4153 5344/3433/4166 
s 4
f 5335/3422/4157 5334/3421/4156 5346/3435/4168 5347/3436/4169 
f 5347/3436/4169 5346/3435/4168 5348/3437/4170 5349/3438/4171 
s 1
f 5340/3429/4162 5346/3435/4168 5334/3421/4156 5327/3414/4149 
f 5341/3430/4163 5348/3437/4170 5346/3435/4168 5340/3429/4162 
f 5350/3439/4172 5347/3436/4169 5349/3438/4171 5351/3440/4173 
f 5344/3441/4166 5352/3442/4174 5353/3443/4175 5345/3444/4167 
f 5331/3428/4153 5339/3427/4161 5352/3442/4174 5344/3441/4166 
f 5351/3440/4173 5353/3443/4175 5352/3442/4174 5350/3439/4172 
f 5350/3439/4172 5352/3442/4174 5339/3427/4161 5337/3424/4159 
f 5350/3439/4172 5337/3424/4159 5335/3422/4157 5347/3436/4169 
f 5274/3361/4096 5273/3360/4095 5354/3445/4176 5355/3446/4177 
f 5355/3446/4177 5354/3445/4176 5356/3447/4178 5357/3448/4179 
f 5357/3448/4179 5356/3447/4178 5358/3449/4180 5359/3450/4181 
f 5359/3450/4181 5358/3449/4180 5360/3451/4182 5361/3452/4183 
f 5281/3368/4103 5362/3453/4184 5363/3454/4185 5282/3369/4104 
f 5362/3453/4184 5364/3455/4186 5365/3456/4187 5363/3454/4185 
f 5364/3455/4186 5366/3457/4188 5367/3458/4189 5365/3456/4187 
f 5366/3457/4188 5368/3459/4190 5369/3460/4191 5367/3458/4189 
f 5370/3461/4192 5371/3462/4193 5372/3463/4194 5373/3464/4195 
f 5374/3465/4196 5375/3466/4197 5376/3467/4198 5377/3468/4199 
f 5378/3469/4200 5379/3470/4201 5380/3471/4202 5381/3472/4203 
f 5382/3473/4204 5383/3474/4205 5384/3475/4206 5385/3476/4207 
f 5386/3477/4208 5387/3478/4209 5388/3479/4210 5389/3480/4211 
f 5389/3480/4211 5388/3479/4210 5390/3481/4212 5391/3482/4213 
f 5380/3471/4202 5370/3461/4192 5373/3464/4195 5381/3472/4203 
f 5392/3483/4214 5393/3484/4215 5394/3485/4216 5395/3486/4217 
f 5392/3483/4214 5395/3486/4217 5396/3487/4218 5397/3488/4219 
f 5377/3468/4199 5376/3467/4198 5385/3476/4207 5384/3475/4206 
f 5391/3482/4213 5390/3481/4212 5379/3470/4201 5378/3469/4200 
f 5382/3473/4204 5397/3488/4219 5396/3487/4218 5383/3474/4205 
s 2
f 5372/3463/4194 5398/3489/4220 5399/3490/4221 5373/3464/4195 
s 4
f 5377/3468/4199 5399/3490/4221 5398/3489/4220 5374/3465/4196 
s 2
f 5381/3472/4203 5400/3491/4222 5401/3492/4223 5378/3469/4200 
s 4
f 5383/3474/4205 5401/3492/4223 5400/3491/4222 5384/3475/4206 
s 2
f 5389/3480/4211 5402/3493/4224 5403/3494/4225 5386/3477/4208 
f 5391/3482/4213 5404/3495/4226 5402/3493/4224 5389/3480/4211 
f 5373/3464/4195 5399/3490/4221 5400/3491/4222 5381/3472/4203 
s 4
f 5394/3485/4216 5403/3494/4225 5402/3493/4224 5395/3486/4217 
f 5395/3486/4217 5402/3493/4224 5404/3495/4226 5396/3487/4218 
f 5384/3475/4206 5400/3491/4222 5399/3490/4221 5377/3468/4199 
s 2
f 5378/3469/4200 5401/3492/4223 5404/3495/4226 5391/3482/4213 
s 4
f 5396/3487/4218 5404/3495/4226 5401/3492/4223 5383/3474/4205 
s 1
f 5405/3496/4227 5406/3497/589 5325/3412/4147 5324/3411/4146 
f 5407/3498/4228 5408/3499/4229 5406/3497/589 5405/3496/4227 
f 5409/3500/4230 5410/3501/4231 5408/3499/4229 5407/3498/4228 
f 5411/3502/4232 5412/3503/4233 5410/3501/4231 5409/3500/4230 
s 2
f 5355/3446/4177 5362/3453/4184 5281/3368/4103 5274/3361/4096 
f 5359/3450/4181 5366/3457/4188 5364/3455/4186 5357/3448/4179 
f 5361/3452/4183 5368/3459/4190 5366/3457/4188 5359/3450/4181 
f 5362/3453/4184 5355/3446/4177 5357/3448/4179 5364/3455/4186 
f 5363/3454/4185 5405/3496/4227 5324/3411/4146 5282/3369/4104 
f 5365/3456/4187 5407/3498/4228 5405/3496/4227 5363/3454/4185 
f 5367/3458/4189 5409/3500/4230 5407/3498/4228 5365/3456/4187 
f 5369/3460/4191 5411/3502/4232 5409/3500/4230 5367/3458/4189 
s 1
f 5361/3452/4183 5360/3451/4182 5413/3504/4234 5414/3505/4235 
f 5414/3505/4235 5413/3504/4234 5415/3506/4236 5416/3507/4237 
f 5416/3507/4237 5415/3506/4236 5417/3508/4238 5418/3509/4239 
f 5418/3509/4239 5417/3508/4238 5419/3510/4240 5420/3511/4241 
f 5368/3459/4190 5421/3512/4242 5422/3513/4243 5369/3460/4191 
f 5421/3512/4242 5423/3514/4244 5424/3515/4245 5422/3513/4243 
f 5423/3514/4244 5425/3516/4246 5426/3517/4247 5424/3515/4245 
f 5425/3516/4246 5427/3518/4248 5428/3519/4249 5426/3517/4247 
f 5429/3520/4250 5430/3521/4251 5431/3522/4252 5432/3523/4253 
f 5433/3524/4254 5434/3525/4255 5435/3526/4256 5436/3527/4257 
f 5437/3528/4258 5438/3529/4259 5439/3530/4260 5440/3531/4261 
f 5441/3532/4262 5442/3533/4263 5443/3534/4264 5444/3535/4265 
f 5445/3536/4266 5446/3537/4267 5447/3538/4268 5448/3539/4269 
f 5448/3539/4269 5447/3538/4268 5449/3540/4270 5450/3541/4271 
f 5439/3530/4260 5429/3520/4250 5432/3523/4253 5440/3531/4261 
f 5451/3542/4272 5452/3543/4273 5453/3544/4274 5454/3545/4275 
f 5451/3542/4272 5454/3545/4275 5455/3546/4276 5456/3547/4277 
f 5436/3527/4257 5435/3526/4256 5444/3535/4265 5443/3534/4264 
f 5450/3541/4271 5449/3540/4270 5438/3529/4259 5437/3528/4258 
f 5441/3532/4262 5456/3547/4277 5455/3546/4276 5442/3533/4263 
s 2
f 5431/3522/4252 5457/3548/4278 5458/3549/4279 5432/3523/4253 
s 4
f 5436/3527/4257 5458/3549/4279 5457/3548/4278 5433/3524/4254 
s 2
f 5440/3531/4261 5459/3550/4280 5460/3551/4281 5437/3528/4258 
s 4
f 5442/3533/4263 5460/3551/4281 5459/3550/4280 5443/3534/4264 
s 2
f 5448/3539/4269 5461/3552/4282 5462/3553/4283 5445/3536/4266 
f 5450/3541/4271 5463/3554/4284 5461/3552/4282 5448/3539/4269 
f 5432/3523/4253 5458/3549/4279 5459/3550/4280 5440/3531/4261 
s 4
f 5453/3544/4274 5462/3553/4283 5461/3552/4282 5454/3545/4275 
f 5454/3545/4275 5461/3552/4282 5463/3554/4284 5455/3546/4276 
f 5443/3534/4264 5459/3550/4280 5458/3549/4279 5436/3527/4257 
s 2
f 5437/3528/4258 5460/3551/4281 5463/3554/4284 5450/3541/4271 
s 4
f 5455/3546/4276 5463/3554/4284 5460/3551/4281 5442/3533/4263 
s 1
f 5464/3555/4285 5465/3556/4286 5412/3503/4233 5411/3502/4232 
f 5466/3557/4287 5467/3558/223 5465/3556/4286 5464/3555/4285 
f 5468/3559/4288 5469/3560/4289 5467/3558/223 5466/3557/4287 
f 5470/3561/4290 5471/3562/4291 5469/3560/4289 5468/3559/4288 
s 2
f 5414/3505/4235 5421/3512/4242 5368/3459/4190 5361/3452/4183 
f 5418/3509/4239 5425/3516/4246 5423/3514/4244 5416/3507/4237 
f 5420/3511/4241 5427/3518/4248 5425/3516/4246 5418/3509/4239 
f 5421/3512/4242 5414/3505/4235 5416/3507/4237 5423/3514/4244 
f 5422/3513/4243 5464/3555/4285 5411/3502/4232 5369/3460/4191 
f 5424/3515/4245 5466/3557/4287 5464/3555/4285 5422/3513/4243 
f 5426/3517/4247 5468/3559/4288 5466/3557/4287 5424/3515/4245 
f 5428/3519/4249 5470/3561/4290 5468/3559/4288 5426/3517/4247 
s 1
f 5020/3098/735 5472/3563/4292 5341/3430/4163 
f 5020/3098/735 5473/3564/4293 5472/3563/4292 
f 5474/3565/4294 5475/3566/4295 5476/3567/4296 5477/3568/4297 
f 5475/3566/4295 5342/3431/4164 5345/3434/4167 5476/3567/4296 
s 4
f 5349/3438/4171 5348/3437/4170 5478/3569/4298 5479/3570/4299 
f 5479/3570/4299 5478/3569/4298 5480/3571/4300 5481/3572/4301 
s 1
f 5472/3563/4292 5478/3569/4298 5348/3437/4170 5341/3430/4163 
f 5473/3564/4293 5480/3571/4300 5478/3569/4298 5472/3563/4292 
s 3
f 5482/3573/4302 5479/3570/4299 5481/3572/4301 5483/3574/4303 
s 1
f 5476/3575/4296 5484/3576/4304 5485/3577/4305 5477/3578/4297 
f 5345/3444/4167 5353/3443/4175 5484/3576/4304 5476/3575/4296 
f 5483/3574/4303 5485/3577/4305 5484/3576/4304 5482/3573/4302 
f 5482/3573/4302 5484/3576/4304 5353/3443/4175 5351/3440/4173 
f 5020/3098/735 5486/3579/4306 5473/3564/4293 
f 5020/3098/735 5487/3580/4307 5486/3579/4306 
f 5488/3581/4308 5489/3582/4309 5490/3583/4310 5491/3584/4311 
f 5489/3582/4309 5474/3565/4294 5477/3568/4297 5490/3583/4310 
s 4
f 5481/3572/4301 5480/3571/4300 5492/3585/4312 5493/3586/4313 
f 5493/3586/4313 5492/3585/4312 5494/3587/4314 5495/3588/4315 
s 1
f 5486/3579/4306 5492/3585/4312 5480/3571/4300 5473/3564/4293 
f 5487/3580/4307 5494/3587/4314 5492/3585/4312 5486/3579/4306 
f 5496/3589/4316 5493/3586/4313 5495/3588/4315 5497/3590/4317 
f 5490/3591/4310 5498/3592/4318 5499/3593/4319 5491/3594/4311 
f 5477/3578/4297 5485/3577/4305 5498/3592/4318 5490/3591/4310 
f 5497/3590/4317 5499/3593/4319 5498/3592/4318 5496/3589/4316 
f 5496/3589/4316 5498/3592/4318 5485/3577/4305 5483/3574/4303 
f 5496/3589/4316 5483/3574/4303 5481/3572/4301 5493/3586/4313 
f 5420/3511/4241 5419/3510/4240 5500/3595/4320 5501/3596/4321 
f 5501/3596/4321 5500/3595/4320 5502/3597/4322 5503/3598/4323 
f 5503/3598/4323 5502/3597/4322 5504/3599/4324 5505/3600/4325 
f 5505/3600/4325 5504/3599/4324 5506/3601/4326 5507/3602/4327 
f 5427/3518/4248 5508/3603/4328 5509/3604/4329 5428/3519/4249 
f 5508/3603/4328 5510/3605/4330 5511/3606/4331 5509/3604/4329 
f 5510/3605/4330 5512/3607/4332 5513/3608/4333 5511/3606/4331 
f 5512/3607/4332 5514/3609/4334 5515/3610/4335 5513/3608/4333 
f 5516/3611/4336 5517/3612/4337 5518/3613/4338 5519/3614/4339 
f 5520/3615/4340 5521/3616/4341 5522/3617/4342 5523/3618/4343 
f 5524/3619/4344 5525/3620/4345 5526/3621/4346 5527/3622/4347 
f 5528/3623/4348 5529/3624/4349 5530/3625/4350 5531/3626/4351 
f 5532/3627/4352 5533/3628/4353 5534/3629/4354 5535/3630/4355 
f 5535/3630/4355 5534/3629/4354 5536/3631/4356 5537/3632/4357 
f 5526/3621/4346 5516/3611/4336 5519/3614/4339 5527/3622/4347 
f 5538/3633/4358 5539/3634/4359 5540/3635/4360 5541/3636/4361 
f 5538/3633/4358 5541/3636/4361 5542/3637/4362 5543/3638/4363 
f 5523/3618/4343 5522/3617/4342 5531/3626/4351 5530/3625/4350 
f 5537/3632/4357 5536/3631/4356 5525/3620/4345 5524/3619/4344 
f 5528/3623/4348 5543/3638/4363 5542/3637/4362 5529/3624/4349 
s 2
f 5518/3613/4338 5544/3639/4364 5545/3640/4365 5519/3614/4339 
s 4
f 5523/3618/4343 5545/3640/4365 5544/3639/4364 5520/3615/4340 
s 2
f 5527/3622/4347 5546/3641/4366 5547/3642/4367 5524/3619/4344 
s 4
f 5529/3624/4349 5547/3642/4367 5546/3641/4366 5530/3625/4350 
s 2
f 5535/3630/4355 5548/3643/4368 5549/3644/4369 5532/3627/4352 
f 5537/3632/4357 5550/3645/4370 5548/3643/4368 5535/3630/4355 
f 5519/3614/4339 5545/3640/4365 5546/3641/4366 5527/3622/4347 
s 4
f 5540/3635/4360 5549/3644/4369 5548/3643/4368 5541/3636/4361 
f 5541/3636/4361 5548/3643/4368 5550/3645/4370 5542/3637/4362 
f 5530/3625/4350 5546/3641/4366 5545/3640/4365 5523/3618/4343 
s 2
f 5524/3619/4344 5547/3642/4367 5550/3645/4370 5537/3632/4357 
s 4
f 5542/3637/4362 5550/3645/4370 5547/3642/4367 5529/3624/4349 
s 1
f 5551/3646/4371 5552/3647/4372 5471/3562/4291 5470/3561/4290 
f 5553/3648/4373 5554/3649/4374 5552/3647/4372 5551/3646/4371 
f 5555/3650/4375 5556/3651/613 5554/3649/4374 5553/3648/4373 
f 5557/3652/4376 5558/3653/4377 5556/3651/613 5555/3650/4375 
s 2
f 5501/3596/4321 5508/3603/4328 5427/3518/4248 5420/3511/4241 
f 5505/3600/4325 5512/3607/4332 5510/3605/4330 5503/3598/4323 
f 5507/3602/4327 5514/3609/4334 5512/3607/4332 5505/3600/4325 
f 5508/3603/4328 5501/3596/4321 5503/3598/4323 5510/3605/4330 
f 5509/3604/4329 5551/3646/4371 5470/3561/4290 5428/3519/4249 
f 5511/3606/4331 5553/3648/4373 5551/3646/4371 5509/3604/4329 
f 5513/3608/4333 5555/3650/4375 5553/3648/4373 5511/3606/4331 
f 5515/3610/4335 5557/3652/4376 5555/3650/4375 5513/3608/4333 
s 1
f 5507/3602/4327 5506/3601/4326 5559/3654/4378 5560/3655/4379 
f 5560/3655/4379 5559/3654/4378 5561/3656/4380 5562/3657/4381 
f 5562/3657/4381 5561/3656/4380 5563/3658/4382 5564/3659/4383 
f 5564/3659/4383 5563/3658/4382 5565/3660/4384 5566/3661/4385 
f 5514/3609/4334 5567/3662/4386 5568/3663/4387 5515/3610/4335 
f 5567/3662/4386 5569/3664/4388 5570/3665/4389 5568/3663/4387 
f 5569/3664/4388 5571/3666/4390 5572/3667/4391 5570/3665/4389 
f 5571/3666/4390 5573/3668/4392 5574/3669/4393 5572/3667/4391 
f 5575/3670/4394 5576/3671/4395 5577/3672/4396 5578/3673/4397 
f 5579/3674/4398 5580/3675/4399 5581/3676/4400 5582/3677/4401 
f 5583/3678/4402 5584/3679/4403 5585/3680/4404 5586/3681/4405 
f 5587/3682/4406 5588/3683/4407 5589/3684/4408 5590/3685/4409 
f 5591/3686/4410 5592/3687/4411 5593/3688/4412 5594/3689/4413 
f 5594/3689/4413 5593/3688/4412 5595/3690/4414 5596/3691/4415 
f 5585/3680/4404 5575/3670/4394 5578/3673/4397 5586/3681/4405 
f 5597/3692/4416 5598/3693/4417 5599/3694/4418 5600/3695/4419 
f 5597/3692/4416 5600/3695/4419 5601/3696/4420 5602/3697/4421 
f 5582/3677/4401 5581/3676/4400 5590/3685/4409 5589/3684/4408 
f 5596/3691/4415 5595/3690/4414 5584/3679/4403 5583/3678/4402 
f 5587/3682/4406 5602/3697/4421 5601/3696/4420 5588/3683/4407 
s 2
f 5577/3672/4396 5603/3698/4422 5604/3699/4423 5578/3673/4397 
s 4
f 5582/3677/4401 5604/3699/4423 5603/3698/4422 5579/3674/4398 
s 2
f 5586/3681/4405 5605/3700/4424 5606/3701/4425 5583/3678/4402 
s 4
f 5588/3683/4407 5606/3701/4425 5605/3700/4424 5589/3684/4408 
s 2
f 5594/3689/4413 5607/3702/4426 5608/3703/4427 5591/3686/4410 
f 5596/3691/4415 5609/3704/4428 5607/3702/4426 5594/3689/4413 
f 5578/3673/4397 5604/3699/4423 5605/3700/4424 5586/3681/4405 
s 4
f 5599/3694/4418 5608/3703/4427 5607/3702/4426 5600/3695/4419 
f 5600/3695/4419 5607/3702/4426 5609/3704/4428 5601/3696/4420 
f 5589/3684/4408 5605/3700/4424 5604/3699/4423 5582/3677/4401 
s 2
f 5583/3678/4402 5606/3701/4425 5609/3704/4428 5596/3691/4415 
s 4
f 5601/3696/4420 5609/3704/4428 5606/3701/4425 5588/3683/4407 
s 1
f 5610/3705/4429 5611/3706/4430 5558/3653/4377 5557/3652/4376 
f 5612/3707/4431 5613/3708/4432 5611/3706/4430 5610/3705/4429 
f 5614/3709/4433 5615/3710/4434 5613/3708/4432 5612/3707/4431 
f 5616/3711/4435 5617/3712/609 5615/3710/4434 5614/3709/4433 
s 2
f 5560/3655/4379 5567/3662/4386 5514/3609/4334 5507/3602/4327 
f 5564/3659/4383 5571/3666/4390 5569/3664/4388 5562/3657/4381 
f 5566/3661/4385 5573/3668/4392 5571/3666/4390 5564/3659/4383 
f 5567/3662/4386 5560/3655/4379 5562/3657/4381 5569/3664/4388 
f 5568/3663/4387 5610/3705/4429 5557/3652/4376 5515/3610/4335 
f 5570/3665/4389 5612/3707/4431 5610/3705/4429 5568/3663/4387 
f 5572/3667/4391 5614/3709/4433 5612/3707/4431 5570/3665/4389 
f 5574/3669/4393 5616/3711/4435 5614/3709/4433 5572/3667/4391 
s 1
f 5020/3098/735 5618/3713/4436 5487/3580/4307 
f 5020/3098/735 5619/3714/4437 5618/3713/4436 
f 5620/3715/4438 5621/3716/4439 5622/3717/4440 5623/3718/4441 
f 5621/3716/4439 5488/3581/4308 5491/3584/4311 5622/3717/4440 
s 4
f 5495/3588/4315 5494/3587/4314 5624/3719/4442 5625/3720/4443 
f 5625/3720/4443 5624/3719/4442 5626/3721/4444 5627/3722/4445 
s 1
f 5618/3713/4436 5624/3719/4442 5494/3587/4314 5487/3580/4307 
f 5619/3714/4437 5626/3721/4444 5624/3719/4442 5618/3713/4436 
s 3
f 5628/3723/4446 5625/3720/4443 5627/3722/4445 5629/3724/4447 
s 1
f 5622/3725/4440 5630/3726/4448 5631/3727/4449 5623/3728/4441 
f 5491/3594/4311 5499/3593/4319 5630/3726/4448 5622/3725/4440 
f 5629/3724/4447 5631/3727/4449 5630/3726/4448 5628/3723/4446 
f 5628/3723/4446 5630/3726/4448 5499/3593/4319 5497/3590/4317 
f 5020/3098/735 5632/3729/4450 5619/3714/4437 
f 5020/3098/735 5022/3100/3847 5632/3729/4450 
f 5028/3106/3853 5633/3730/4451 5634/3731/4452 5029/3107/3854 
f 5633/3730/4451 5620/3715/4438 5623/3718/4441 5634/3731/4452 
s 4
f 5627/3722/4445 5626/3721/4444 5635/3732/4453 5636/3733/4454 
f 5636/3733/4454 5635/3732/4453 5031/3109/3856 5030/3108/3855 
s 1
f 5632/3729/4450 5635/3732/4453 5626/3721/4444 5619/3714/4437 
f 5022/3100/3847 5031/3109/3856 5635/3732/4453 5632/3729/4450 
f 5637/3734/4455 5636/3733/4454 5030/3108/3855 5041/3122/3866 
f 5634/3735/4452 5638/3736/4456 5040/3121/3865 5029/3120/3854 
f 5623/3728/4441 5631/3727/4449 5638/3736/4456 5634/3735/4452 
f 5041/3122/3866 5040/3121/3865 5638/3736/4456 5637/3734/4455 
f 5637/3734/4455 5638/3736/4456 5631/3727/4449 5629/3724/4447 
f 5637/3734/4455 5629/3724/4447 5627/3722/4445 5636/3733/4454 
f 5566/3661/4385 5565/3660/4384 5639/3737/4457 5640/3738/4458 
f 5640/3738/4458 5639/3737/4457 5641/3739/4459 5642/3740/4460 
f 5642/3740/4460 5641/3739/4459 5643/3741/4461 5644/3742/4462 
f 5644/3742/4462 5643/3741/4461 5645/3743/4463 5646/3744/4464 
f 5573/3668/4392 5647/3745/4465 5648/3746/4466 5574/3669/4393 
f 5647/3745/4465 5649/3747/4467 5650/3748/4468 5648/3746/4466 
f 5649/3747/4467 5651/3749/4469 5652/3750/4470 5650/3748/4468 
f 5651/3749/4469 5653/3751/4471 5654/3752/4472 5652/3750/4470 
f 5655/3753/4473 5656/3754/4474 5657/3755/4475 5658/3756/4476 
f 5659/3757/4477 5660/3758/4478 5661/3759/4479 5662/3760/4480 
f 5663/3761/4481 5664/3762/4482 5665/3763/4483 5666/3764/4484 
f 5667/3765/4485 5668/3766/4486 5669/3767/4487 5670/3768/4488 
f 5671/3769/4489 5672/3770/4490 5673/3771/4491 5674/3772/4492 
f 5674/3772/4492 5673/3771/4491 5675/3773/4493 5676/3774/4494 
f 5665/3763/4483 5655/3753/4473 5658/3756/4476 5666/3764/4484 
f 5677/3775/4495 5678/3776/4496 5679/3777/4497 5680/3778/4498 
f 5677/3775/4495 5680/3778/4498 5681/3779/4499 5682/3780/4500 
f 5662/3760/4480 5661/3759/4479 5670/3768/4488 5669/3767/4487 
f 5676/3774/4494 5675/3773/4493 5664/3762/4482 5663/3761/4481 
f 5667/3765/4485 5682/3780/4500 5681/3779/4499 5668/3766/4486 
s 2
f 5657/3755/4475 5683/3781/4501 5684/3782/4502 5658/3756/4476 
s 4
f 5662/3760/4480 5684/3782/4502 5683/3781/4501 5659/3757/4477 
s 2
f 5666/3764/4484 5685/3783/4503 5686/3784/4504 5663/3761/4481 
s 4
f 5668/3766/4486 5686/3784/4504 5685/3783/4503 5669/3767/4487 
s 2
f 5674/3772/4492 5687/3785/4505 5688/3786/4506 5671/3769/4489 
f 5676/3774/4494 5689/3787/4507 5687/3785/4505 5674/3772/4492 
f 5658/3756/4476 5684/3782/4502 5685/3783/4503 5666/3764/4484 
s 4
f 5679/3777/4497 5688/3786/4506 5687/3785/4505 5680/3778/4498 
f 5680/3778/4498 5687/3785/4505 5689/3787/4507 5681/3779/4499 
f 5669/3767/4487 5685/3783/4503 5684/3782/4502 5662/3760/4480 
s 2
f 5663/3761/4481 5686/3784/4504 5689/3787/4507 5676/3774/4494 
s 4
f 5681/3779/4499 5689/3787/4507 5686/3784/4504 5668/3766/4486 
s 1
f 5690/3788/4508 5691/3789/4509 5617/3712/609 5616/3711/4435 
f 5692/3790/4510 5693/3791/4511 5691/3789/4509 5690/3788/4508 
f 5694/3792/4512 5695/3793/4513 5693/3791/4511 5692/3790/4510 
f 5696/3794/4514 5697/3795/4515 5695/3793/4513 5694/3792/4512 
s 2
f 5640/3738/4458 5647/3745/4465 5573/3668/4392 5566/3661/4385 
f 5644/3742/4462 5651/3749/4469 5649/3747/4467 5642/3740/4460 
f 5646/3744/4464 5653/3751/4471 5651/3749/4469 5644/3742/4462 
f 5647/3745/4465 5640/3738/4458 5642/3740/4460 5649/3747/4467 
f 5648/3746/4466 5690/3788/4508 5616/3711/4435 5574/3669/4393 
f 5650/3748/4468 5692/3790/4510 5690/3788/4508 5648/3746/4466 
f 5652/3750/4470 5694/3792/4512 5692/3790/4510 5650/3748/4468 
f 5654/3752/4472 5696/3794/4514 5694/3792/4512 5652/3750/4470 
s 1
f 5646/3744/4464 5645/3743/4463 5698/3796/4516 5699/3797/4517 
f 5699/3797/4517 5698/3796/4516 5700/3798/4518 5701/3799/4519 
f 5701/3799/4519 5700/3798/4518 5702/3800/4520 5703/3801/4521 
f 5703/3801/4521 5702/3800/4520 5057/3140/3882 5056/3139/3881 
f 5653/3751/4471 5704/3802/4522 5705/3803/4523 5654/3752/4472 
f 5704/3802/4522 5706/3804/4524 5707/3805/4525 5705/3803/4523 
f 5706/3804/4524 5708/3806/4526 5709/3807/4527 5707/3805/4525 
f 5708/3806/4526 5066/3149/3891 5069/3152/3894 5709/3807/4527 
f 5710/3808/4528 5711/3809/4529 5712/3810/4530 5713/3811/4531 
f 5714/3812/4532 5715/3813/4533 5716/3814/4534 5717/3815/4535 
f 5718/3816/4536 5719/3817/4537 5720/3818/4538 5721/3819/4539 
f 5722/3820/4540 5723/3821/4541 5724/3822/4542 5725/3823/4543 
f 5726/3824/4544 5727/3825/4545 5728/3826/4546 5729/3827/4547 
f 5729/3827/4547 5728/3826/4546 5730/3828/4548 5731/3829/4549 
f 5720/3818/4538 5710/3808/4528 5713/3811/4531 5721/3819/4539 
f 5732/3830/4550 5733/3831/4551 5734/3832/4552 5735/3833/4553 
f 5732/3830/4550 5735/3833/4553 5736/3834/4554 5737/3835/4555 
f 5717/3815/4535 5716/3814/4534 5725/3823/4543 5724/3822/4542 
f 5731/3829/4549 5730/3828/4548 5719/3817/4537 5718/3816/4536 
f 5722/3820/4540 5737/3835/4555 5736/3834/4554 5723/3821/4541 
s 2
f 5712/3810/4530 5738/3836/4556 5739/3837/4557 5713/3811/4531 
s 4
f 5717/3815/4535 5739/3837/4557 5738/3836/4556 5714/3812/4532 
s 2
f 5721/3819/4539 5740/3838/4558 5741/3839/4559 5718/3816/4536 
s 4
f 5723/3821/4541 5741/3839/4559 5740/3838/4558 5724/3822/4542 
s 2
f 5729/3827/4547 5742/3840/4560 5743/3841/4561 5726/3824/4544 
f 5731/3829/4549 5744/3842/4562 5742/3840/4560 5729/3827/4547 
f 5713/3811/4531 5739/3837/4557 5740/3838/4558 5721/3819/4539 
s 4
f 5734/3832/4552 5743/3841/4561 5742/3840/4560 5735/3833/4553 
f 5735/3833/4553 5742/3840/4560 5744/3842/4562 5736/3834/4554 
f 5724/3822/4542 5740/3838/4558 5739/3837/4557 5717/3815/4535 
s 2
f 5718/3816/4536 5741/3839/4559 5744/3842/4562 5731/3829/4549 
s 4
f 5736/3834/4554 5744/3842/4562 5741/3839/4559 5723/3821/4541 
s 1
f 5745/3843/4563 5746/3844/605 5697/3795/4515 5696/3794/4514 
f 5747/3845/4564 5748/3846/4565 5746/3844/605 5745/3843/4563 
f 5749/3847/4566 5750/3848/4567 5748/3846/4565 5747/3845/4564 
f 5114/3197/3939 5113/3196/3938 5750/3848/4567 5749/3847/4566 
s 2
f 5699/3797/4517 5704/3802/4522 5653/3751/4471 5646/3744/4464 
f 5703/3801/4521 5708/3806/4526 5706/3804/4524 5701/3799/4519 
f 5056/3139/3881 5066/3149/3891 5708/3806/4526 5703/3801/4521 
f 5704/3802/4522 5699/3797/4517 5701/3799/4519 5706/3804/4524 
f 5705/3803/4523 5745/3843/4563 5696/3794/4514 5654/3752/4472 
f 5707/3805/4525 5747/3845/4564 5745/3843/4563 5705/3803/4523 
f 5709/3807/4527 5749/3847/4566 5747/3845/4564 5707/3805/4525 
f 5069/3152/3894 5114/3197/3939 5749/3847/4566 5709/3807/4527 
s off
f 5751/3849/735 5752/3849/735 5753/3849/735 
f 5754/3849/735 5752/3849/735 5751/3849/735 
f 5755/3849/735 5752/3849/735 5754/3849/735 
f 5756/3849/735 5752/3849/735 5755/3849/735 
f 5757/3849/735 5752/3849/735 5756/3849/735 
f 5758/3849/735 5752/3849/735 5757/3849/735 
f 5759/3849/735 5752/3849/735 5758/3849/735 
f 5760/3849/735 5752/3849/735 5759/3849/735 
f 5761/3849/735 5752/3849/735 5760/3849/735 
f 5762/3849/735 5752/3849/735 5761/3849/735 
f 5763/3849/735 5752/3849/735 5762/3849/735 
f 5764/3849/735 5752/3849/735 5763/3849/735 
f 5765/3849/735 5752/3849/735 5764/3849/735 
f 5766/3849/735 5752/3849/735 5765/3849/735 
f 5767/3849/735 5752/3849/735 5766/3849/735 
f 5768/3849/735 5752/3849/735 5767/3849/735 
f 5769/3849/735 5752/3849/735 5768/3849/735 
f 5770/3849/735 5752/3849/735 5769/3849/735 
f 5771/3849/735 5752/3849/735 5770/3849/735 
f 5753/3849/735 5752/3849/735 5771/3849/735 
s 3
f 5036/3114/3861 5041/3122/3866 5030/3108/3855 5033/3111/3858 
f 5190/3273/4013 5053/3134/3878 5051/3132/3876 5187/3270/4010 
f 5336/3423/4158 5205/3290/4028 5203/3288/4026 5333/3420/4155 
f 5482/3573/4302 5351/3440/4173 5349/3438/4171 5479/3570/4299 
f 5628/3723/4446 5497/3590/4317 5495/3588/4315 5625/3720/4443 
s 1
f 5772/3094/3798 5773/3094/3799 5774/3095/3800 5775/3095/3801 
f 5773/3094/3799 5776/3094/3802 5777/3095/3803 5774/3095/3800 
f 5776/3094/3802 5778/3094/3804 5779/3095/4568 5777/3095/3803 
f 5778/3094/3804 5780/3094/3806 5781/3095/3807 5779/3095/4568 
f 5780/3094/3806 5782/3094/4569 5783/3095/3809 5781/3095/3807 
f 5782/3094/4569 5784/3094/3810 5785/3095/3811 5783/3095/3809 
f 5784/3094/3810 5786/3094/3812 5787/3095/3813 5785/3095/3811 
f 5786/3094/3812 5788/3094/3814 5789/3095/3815 5787/3095/3813 
f 5788/3094/3814 5790/3094/3816 5791/3095/3817 5789/3095/3815 
f 5790/3094/3816 5792/3094/3818 5793/3095/3819 5791/3095/3817 
f 5792/3094/3818 5794/3094/3820 5795/3095/3821 5793/3095/3819 
f 5794/3094/3820 5772/3094/3798 5775/3095/3801 5795/3095/3821 
s 2
f 5796/3096/3822 5797/3096/3823 5798/3096/3824 5799/3096/3825 
s 1
f 5772/3094/3798 5796/3096/3822 5799/3096/3825 5773/3094/3799 
f 5773/3094/3799 5799/3096/3825 5800/3096/3826 5776/3094/3802 
f 5776/3094/3802 5800/3096/3826 5801/3096/3827 5778/3094/3804 
f 5778/3094/3804 5801/3096/3827 5802/3096/3828 5780/3094/3806 
f 5780/3094/3806 5802/3096/3828 5798/3096/3824 5782/3094/4569 
f 5782/3094/4569 5798/3096/3824 5797/3096/3823 5784/3094/3810 
f 5784/3094/3810 5797/3096/3823 5803/3096/3829 5786/3094/3812 
f 5786/3094/3812 5803/3096/3829 5804/3096/3830 5788/3094/3814 
f 5788/3094/3814 5804/3096/3830 5805/3096/3831 5790/3094/3816 
f 5790/3094/3816 5805/3096/3831 5806/3096/3832 5792/3094/3818 
f 5792/3094/3818 5806/3096/3832 5807/3096/3833 5794/3094/3820 
f 5794/3094/3820 5807/3096/3833 5796/3096/3822 5772/3094/3798 
s 2
f 5774/3095/3800 5808/3097/3834 5809/3097/3835 5775/3095/3801 
f 5777/3095/3803 5810/3097/3836 5808/3097/3834 5774/3095/3800 
f 5779/3095/4568 5811/3097/3837 5810/3097/3836 5777/3095/3803 
f 5781/3095/3807 5812/3097/3838 5811/3097/3837 5779/3095/4568 
f 5783/3095/3809 5813/3097/3839 5812/3097/3838 5781/3095/3807 
f 5785/3095/3811 5814/3097/3840 5813/3097/3839 5783/3095/3809 
f 5787/3095/3813 5815/3097/3841 5814/3097/3840 5785/3095/3811 
f 5789/3095/3815 5816/3097/3842 5815/3097/3841 5787/3095/3813 
f 5791/3095/3817 5817/3097/3843 5816/3097/3842 5789/3095/3815 
f 5793/3095/3819 5818/3097/3844 5817/3097/3843 5791/3095/3817 
f 5795/3095/3821 5819/3097/3845 5818/3097/3844 5793/3095/3819 
f 5775/3095/3801 5809/3097/3835 5819/3097/3845 5795/3095/3821 
f 5796/3096/3822 5807/3096/3833 5803/3096/3829 5797/3096/3823 
f 5798/3096/3824 5802/3096/3828 5800/3096/3826 5799/3096/3825 
f 5802/3096/3828 5801/3096/3827 5800/3096/3826 
f 5807/3096/3833 5806/3096/3832 5804/3096/3830 5803/3096/3829 
f 5806/3096/3832 5805/3096/3831 5804/3096/3830 
s 1
f 5820/3098/735 5821/3099/3846 5822/3100/3847 
f 5820/3098/735 5823/3101/3848 5821/3099/3846 
f 5824/3102/3849 5825/3103/3850 5826/3104/3851 5827/3105/3852 
f 5825/3103/3850 5828/3106/3853 5829/3107/3854 5826/3104/3851 
s 4
f 5830/3108/3855 5831/3109/3856 5832/3110/3857 5833/3111/3858 
f 5833/3111/3858 5832/3110/3857 5834/3112/3859 5835/3113/3860 
s 1
f 5821/3099/3846 5832/3110/3857 5831/3109/3856 5822/3100/3847 
f 5823/3101/3848 5834/3112/3859 5832/3110/3857 5821/3099/3846 
s 3
f 5836/3114/3861 5833/3111/3858 5835/3113/3860 5837/3115/3862 
s 1
f 5826/3116/3851 5838/3117/3863 5839/3118/3864 5827/3119/3852 
f 5829/3120/3854 5840/3121/3865 5838/3117/3863 5826/3116/3851 
f 5837/3115/3862 5839/3118/3864 5838/3117/3863 5836/3114/3861 
f 5836/3114/3861 5838/3117/3863 5840/3121/3865 5841/3122/3866 
f 5820/3098/735 5842/3123/3867 5823/3101/3848 
f 5820/3098/735 5843/3124/3868 5842/3123/3867 
f 5844/3125/3869 5845/3126/3870 5846/3127/3871 5847/3128/3872 
f 5845/3126/3870 5824/3102/3849 5827/3105/3852 5846/3127/3871 
s 4
f 5835/3113/3860 5834/3112/3859 5848/3129/3873 5849/3130/3874 
f 5849/3130/3874 5848/3129/3873 5850/3131/3875 5851/3132/3876 
s 1
f 5842/3123/3867 5848/3129/3873 5834/3112/3859 5823/3101/3848 
f 5843/3124/3868 5850/3131/3875 5848/3129/3873 5842/3123/3867 
f 5852/3133/3877 5849/3130/3874 5851/3132/3876 5853/3134/3878 
f 5846/3135/3871 5854/3136/3879 5855/3137/3880 5847/3138/3872 
f 5827/3119/3852 5839/3118/3864 5854/3136/3879 5846/3135/3871 
f 5853/3134/3878 5855/3137/3880 5854/3136/3879 5852/3133/3877 
f 5852/3133/3877 5854/3136/3879 5839/3118/3864 5837/3115/3862 
f 5852/3133/3877 5837/3115/3862 5835/3113/3860 5849/3130/3874 
f 5856/3139/3881 5857/3140/3882 5858/3141/3883 5859/3142/3884 
f 5859/3142/3884 5858/3141/3883 5860/3143/3885 5861/3144/3886 
f 5861/3144/3886 5860/3143/3885 5862/3145/3887 5863/3146/3888 
f 5863/3146/3888 5862/3145/3887 5864/3147/3889 5865/3148/3890 
f 5866/3149/3891 5867/3150/3892 5868/3151/3893 5869/3152/3894 
f 5867/3150/3892 5870/3153/3895 5871/3154/3896 5868/3151/3893 
f 5870/3153/3895 5872/3155/3897 5873/3156/3898 5871/3154/3896 
f 5872/3155/3897 5874/3157/3899 5875/3158/3900 5873/3156/3898 
f 5876/3159/3901 5877/3160/3902 5878/3161/3903 5879/3162/3904 
f 5880/3163/3905 5881/3164/3906 5882/3165/3907 5883/3166/3908 
f 5884/3167/3909 5885/3168/3910 5886/3169/3911 5887/3170/3912 
f 5888/3171/3913 5889/3172/3914 5890/3173/3915 5891/3174/3916 
f 5892/3175/3917 5893/3176/3918 5894/3177/3919 5895/3178/3920 
f 5895/3178/3920 5894/3177/3919 5896/3179/3921 5897/3180/3922 
f 5886/3169/3911 5876/3159/3901 5879/3162/3904 5887/3170/3912 
f 5898/3181/3923 5899/3182/3924 5900/3183/3925 5901/3184/3926 
f 5898/3181/3923 5901/3184/3926 5902/3185/3927 5903/3186/3928 
f 5883/3166/3908 5882/3165/3907 5891/3174/3916 5890/3173/3915 
f 5897/3180/3922 5896/3179/3921 5885/3168/3910 5884/3167/3909 
f 5888/3171/3913 5903/3186/3928 5902/3185/3927 5889/3172/3914 
s 2
f 5878/3161/3903 5904/3187/3929 5905/3188/3930 5879/3162/3904 
s 4
f 5883/3166/3908 5905/3188/3930 5904/3187/3929 5880/3163/3905 
s 2
f 5887/3170/3912 5906/3189/3931 5907/3190/3932 5884/3167/3909 
s 4
f 5889/3172/3914 5907/3190/3932 5906/3189/3931 5890/3173/3915 
s 2
f 5895/3178/3920 5908/3191/3933 5909/3192/3934 5892/3175/3917 
f 5897/3180/3922 5910/3193/3935 5908/3191/3933 5895/3178/3920 
f 5879/3162/3904 5905/3188/3930 5906/3189/3931 5887/3170/3912 
s 4
f 5900/3183/3925 5909/3192/3934 5908/3191/3933 5901/3184/3926 
f 5901/3184/3926 5908/3191/3933 5910/3193/3935 5902/3185/3927 
f 5890/3173/3915 5906/3189/3931 5905/3188/3930 5883/3166/3908 
s 2
f 5884/3167/3909 5907/3190/3932 5910/3193/3935 5897/3180/3922 
s 4
f 5902/3185/3927 5910/3193/3935 5907/3190/3932 5889/3172/3914 
s 1
f 5911/3194/3936 5912/3195/3937 5913/3196/3938 5914/3197/3939 
f 5915/3198/3940 5916/3199/1262 5912/3195/3937 5911/3194/3936 
f 5917/3200/3941 5918/3201/3942 5916/3199/1262 5915/3198/3940 
f 5919/3202/3943 5920/3203/3944 5918/3201/3942 5917/3200/3941 
s 2
f 5859/3142/3884 5867/3150/3892 5866/3149/3891 5856/3139/3881 
f 5863/3146/3888 5872/3155/3897 5870/3153/3895 5861/3144/3886 
f 5865/3148/3890 5874/3157/3899 5872/3155/3897 5863/3146/3888 
f 5867/3150/3892 5859/3142/3884 5861/3144/3886 5870/3153/3895 
f 5868/3151/3893 5911/3194/3936 5914/3197/3939 5869/3152/3894 
f 5871/3154/3896 5915/3198/3940 5911/3194/3936 5868/3151/3893 
f 5873/3156/3898 5917/3200/3941 5915/3198/3940 5871/3154/3896 
f 5875/3158/3900 5919/3202/3943 5917/3200/3941 5873/3156/3898 
s 1
f 5865/3148/3890 5864/3147/3889 5921/3204/3945 5922/3205/3946 
f 5922/3205/3946 5921/3204/3945 5923/3206/3947 5924/3207/3948 
f 5924/3207/3948 5923/3206/3947 5925/3208/3949 5926/3209/3950 
f 5926/3209/3950 5925/3208/3949 5927/3210/3951 5928/3211/3952 
f 5874/3157/3899 5929/3212/3953 5930/3213/3954 5875/3158/3900 
f 5929/3212/3953 5931/3214/3955 5932/3215/3956 5930/3213/3954 
f 5931/3214/3955 5933/3216/3957 5934/3217/3958 5932/3215/3956 
f 5933/3216/3957 5935/3218/3959 5936/3219/3960 5934/3217/3958 
f 5937/3220/3961 5938/3221/3962 5939/3222/3963 5940/3223/3964 
f 5941/3224/3965 5942/3225/3966 5943/3226/3967 5944/3227/3968 
f 5945/3228/3969 5946/3229/3970 5947/3230/3971 5948/3231/3972 
f 5949/3232/3973 5950/3233/3974 5951/3234/3975 5952/3235/3976 
f 5953/3236/3977 5954/3237/3978 5955/3238/3979 5956/3239/3980 
f 5956/3239/3980 5955/3238/3979 5957/3240/3981 5958/3241/3982 
f 5947/3230/3971 5937/3220/3961 5940/3223/3964 5948/3231/3972 
f 5959/3242/3983 5960/3243/3984 5961/3244/3985 5962/3245/3986 
f 5959/3242/3983 5962/3245/3986 5963/3246/3987 5964/3247/3988 
f 5944/3227/3968 5943/3226/3967 5952/3235/3976 5951/3234/3975 
f 5958/3241/3982 5957/3240/3981 5946/3229/3970 5945/3228/3969 
f 5949/3232/3973 5964/3247/3988 5963/3246/3987 5950/3233/3974 
s 2
f 5939/3222/3963 5965/3248/3989 5966/3249/3990 5940/3223/3964 
s 4
f 5944/3227/3968 5966/3249/3990 5965/3248/3989 5941/3224/3965 
s 2
f 5948/3231/3972 5967/3250/3991 5968/3251/3992 5945/3228/3969 
s 4
f 5950/3233/3974 5968/3251/3992 5967/3250/3991 5951/3234/3975 
s 2
f 5956/3239/3980 5969/3252/3993 5970/3253/3994 5953/3236/3977 
f 5958/3241/3982 5971/3254/3995 5969/3252/3993 5956/3239/3980 
f 5940/3223/3964 5966/3249/3990 5967/3250/3991 5948/3231/3972 
s 4
f 5961/3244/3985 5970/3253/3994 5969/3252/3993 5962/3245/3986 
f 5962/3245/3986 5969/3252/3993 5971/3254/3995 5963/3246/3987 
f 5951/3234/3975 5967/3250/3991 5966/3249/3990 5944/3227/3968 
s 2
f 5945/3228/3969 5968/3251/3992 5971/3254/3995 5958/3241/3982 
s 4
f 5963/3246/3987 5971/3254/3995 5968/3251/3992 5950/3233/3974 
s 1
f 5972/3255/3996 5973/3256/3997 5920/3203/3944 5919/3202/3943 
f 5974/3257/3998 5975/3258/3999 5973/3256/3997 5972/3255/3996 
f 5976/3259/4000 5977/3260/2848 5975/3258/3999 5974/3257/3998 
f 5978/3261/4001 5979/3262/4002 5977/3260/2848 5976/3259/4000 
s 2
f 5922/3205/3946 5929/3212/3953 5874/3157/3899 5865/3148/3890 
f 5926/3209/3950 5933/3216/3957 5931/3214/3955 5924/3207/3948 
f 5928/3211/3952 5935/3218/3959 5933/3216/3957 5926/3209/3950 
f 5929/3212/3953 5922/3205/3946 5924/3207/3948 5931/3214/3955 
f 5930/3213/3954 5972/3255/3996 5919/3202/3943 5875/3158/3900 
f 5932/3215/3956 5974/3257/3998 5972/3255/3996 5930/3213/3954 
f 5934/3217/3958 5976/3259/4000 5974/3257/3998 5932/3215/3956 
f 5936/3219/3960 5978/3261/4001 5976/3259/4000 5934/3217/3958 
s 1
f 5820/3098/735 5980/3263/4003 5843/3124/3868 
f 5820/3098/735 5981/3264/4004 5980/3263/4003 
f 5982/3265/4005 5983/3266/4006 5984/3267/4007 5985/3268/4008 
f 5983/3266/4006 5844/3125/3869 5847/3128/3872 5984/3267/4007 
s 4
f 5851/3132/3876 5850/3131/3875 5986/3269/4009 5987/3270/4010 
f 5987/3270/4010 5986/3269/4009 5988/3271/4011 5989/3272/4012 
s 1
f 5980/3263/4003 5986/3269/4009 5850/3131/3875 5843/3124/3868 
f 5981/3264/4004 5988/3271/4011 5986/3269/4009 5980/3263/4003 
s 3
f 5990/3273/4013 5987/3270/4010 5989/3272/4012 5991/3274/4014 
s 1
f 5984/3275/4007 5992/3276/4015 5993/3277/4016 5985/3278/4008 
f 5847/3138/3872 5855/3137/3880 5992/3276/4015 5984/3275/4007 
f 5991/3274/4014 5993/3277/4016 5992/3276/4015 5990/3273/4013 
f 5990/3273/4013 5992/3276/4015 5855/3137/3880 5853/3134/3878 
f 5820/3098/735 5994/3279/4017 5981/3264/4004 
f 5820/3098/735 5995/3280/4018 5994/3279/4017 
f 5996/3281/4019 5997/3282/4020 5998/3283/4021 5999/3284/4022 
f 5997/3282/4020 5982/3265/4005 5985/3268/4008 5998/3283/4021 
s 4
f 5989/3272/4012 5988/3271/4011 6000/3285/4023 6001/3286/4024 
f 6001/3286/4024 6000/3285/4023 6002/3287/4025 6003/3288/4026 
s 1
f 5994/3279/4017 6000/3285/4023 5988/3271/4011 5981/3264/4004 
f 5995/3280/4018 6002/3287/4025 6000/3285/4023 5994/3279/4017 
f 6004/3289/4027 6001/3286/4024 6003/3288/4026 6005/3290/4028 
f 5998/3291/4021 6006/3292/4029 6007/3293/4030 5999/3294/4022 
f 5985/3278/4008 5993/3277/4016 6006/3292/4029 5998/3291/4021 
f 6005/3290/4028 6007/3293/4030 6006/3292/4029 6004/3289/4027 
f 6004/3289/4027 6006/3292/4029 5993/3277/4016 5991/3274/4014 
f 6004/3289/4027 5991/3274/4014 5989/3272/4012 6001/3286/4024 
f 5928/3211/3952 5927/3210/3951 6008/3295/4031 6009/3296/4032 
f 6009/3296/4032 6008/3295/4031 6010/3297/4033 6011/3298/4034 
f 6011/3298/4034 6010/3297/4033 6012/3299/4035 6013/3300/4036 
f 6013/3300/4036 6012/3299/4035 6014/3301/4570 6015/3302/4038 
f 5935/3218/3959 6016/3303/4039 6017/3304/4040 5936/3219/3960 
f 6016/3303/4039 6018/3305/4041 6019/3306/4042 6017/3304/4040 
f 6018/3305/4041 6020/3307/4043 6021/3308/4044 6019/3306/4042 
f 6020/3307/4043 6022/3309/4045 6023/3310/4046 6021/3308/4044 
f 6024/3311/4047 6025/3312/4048 6026/3313/4049 6027/3314/4050 
f 6028/3315/4051 6029/3316/4052 6030/3317/4053 6031/3318/4054 
f 6032/3319/4055 6033/3320/4056 6034/3321/4057 6035/3322/4058 
f 6036/3323/4059 6037/3324/4060 6038/3325/4061 6039/3326/4062 
f 6040/3327/4063 6041/3328/4064 6042/3329/4065 6043/3330/4066 
f 6043/3330/4066 6042/3329/4065 6044/3331/4067 6045/3332/4068 
f 6034/3321/4057 6024/3311/4047 6027/3314/4050 6035/3322/4058 
f 6046/3333/4069 6047/3334/4070 6048/3335/4071 6049/3336/4072 
f 6046/3333/4069 6049/3336/4072 6050/3337/4073 6051/3338/4074 
f 6031/3318/4054 6030/3317/4053 6039/3326/4062 6038/3325/4061 
f 6045/3332/4068 6044/3331/4067 6033/3320/4056 6032/3319/4055 
f 6036/3323/4059 6051/3338/4074 6050/3337/4073 6037/3324/4060 
s 2
f 6026/3313/4049 6052/3339/4075 6053/3340/4076 6027/3314/4050 
s 4
f 6031/3318/4054 6053/3340/4076 6052/3339/4075 6028/3315/4051 
s 2
f 6035/3322/4058 6054/3341/4077 6055/3342/4078 6032/3319/4055 
s 4
f 6037/3324/4060 6055/3342/4078 6054/3341/4077 6038/3325/4061 
s 2
f 6043/3330/4066 6056/3343/4079 6057/3344/4080 6040/3327/4063 
f 6045/3332/4068 6058/3345/4081 6056/3343/4079 6043/3330/4066 
f 6027/3314/4050 6053/3340/4076 6054/3341/4077 6035/3322/4058 
s 4
f 6048/3335/4071 6057/3344/4080 6056/3343/4079 6049/3336/4072 
f 6049/3336/4072 6056/3343/4079 6058/3345/4081 6050/3337/4073 
f 6038/3325/4061 6054/3341/4077 6053/3340/4076 6031/3318/4054 
s 2
f 6032/3319/4055 6055/3342/4078 6058/3345/4081 6045/3332/4068 
s 4
f 6050/3337/4073 6058/3345/4081 6055/3342/4078 6037/3324/4060 
s 1
f 6059/3346/4082 6060/3347/4083 5979/3262/4002 5978/3261/4001 
f 6061/3348/4084 6062/3349/4085 6060/3347/4083 6059/3346/4082 
f 6063/3350/4086 6064/3351/4087 6062/3349/4085 6061/3348/4084 
f 6065/3352/4088 6066/3353/4571 6064/3351/4087 6063/3350/4086 
s 2
f 6009/3296/4032 6016/3303/4039 5935/3218/3959 5928/3211/3952 
f 6013/3300/4036 6020/3307/4043 6018/3305/4041 6011/3298/4034 
f 6015/3302/4038 6022/3309/4045 6020/3307/4043 6013/3300/4036 
f 6016/3303/4039 6009/3296/4032 6011/3298/4034 6018/3305/4041 
f 6017/3304/4040 6059/3346/4082 5978/3261/4001 5936/3219/3960 
f 6019/3306/4042 6061/3348/4084 6059/3346/4082 6017/3304/4040 
f 6021/3308/4044 6063/3350/4086 6061/3348/4084 6019/3306/4042 
f 6023/3310/4046 6065/3352/4088 6063/3350/4086 6021/3308/4044 
s 1
f 6015/3302/4038 6014/3301/4570 6067/3354/4089 6068/3355/4090 
f 6068/3355/4090 6067/3354/4089 6069/3356/4091 6070/3357/4092 
f 6070/3357/4092 6069/3356/4091 6071/3358/4093 6072/3359/4094 
f 6072/3359/4094 6071/3358/4093 6073/3360/4095 6074/3361/4096 
f 6022/3309/4045 6075/3362/4097 6076/3363/4098 6023/3310/4046 
f 6075/3362/4097 6077/3364/4099 6078/3365/4100 6076/3363/4098 
f 6077/3364/4099 6079/3366/4101 6080/3367/4102 6078/3365/4100 
f 6079/3366/4101 6081/3368/4103 6082/3369/4104 6080/3367/4102 
f 6083/3370/4105 6084/3371/4106 6085/3372/4107 6086/3373/4108 
f 6087/3374/4109 6088/3375/4110 6089/3376/4111 6090/3377/4112 
f 6091/3378/4113 6092/3379/4114 6093/3380/4115 6094/3381/4116 
f 6095/3382/4117 6096/3383/4118 6097/3384/4119 6098/3385/4120 
f 6099/3386/4121 6100/3387/4122 6101/3388/4123 6102/3389/4124 
f 6102/3389/4124 6101/3388/4123 6103/3390/4125 6104/3391/4126 
f 6093/3380/4115 6083/3370/4105 6086/3373/4108 6094/3381/4116 
f 6105/3392/4127 6106/3393/4128 6107/3394/4129 6108/3395/4130 
f 6105/3392/4127 6108/3395/4130 6109/3396/4131 6110/3397/4132 
f 6090/3377/4112 6089/3376/4111 6098/3385/4120 6097/3384/4119 
f 6104/3391/4126 6103/3390/4125 6092/3379/4114 6091/3378/4113 
f 6095/3382/4117 6110/3397/4132 6109/3396/4131 6096/3383/4118 
s 2
f 6085/3372/4107 6111/3398/4133 6112/3399/4134 6086/3373/4108 
s 4
f 6090/3377/4112 6112/3399/4134 6111/3398/4133 6087/3374/4109 
s 2
f 6094/3381/4116 6113/3400/4135 6114/3401/4136 6091/3378/4113 
s 4
f 6096/3383/4118 6114/3401/4136 6113/3400/4135 6097/3384/4119 
s 2
f 6102/3389/4124 6115/3402/4137 6116/3403/4138 6099/3386/4121 
f 6104/3391/4126 6117/3404/4139 6115/3402/4137 6102/3389/4124 
f 6086/3373/4108 6112/3399/4134 6113/3400/4135 6094/3381/4116 
s 4
f 6107/3394/4129 6116/3403/4138 6115/3402/4137 6108/3395/4130 
f 6108/3395/4130 6115/3402/4137 6117/3404/4139 6109/3396/4131 
f 6097/3384/4119 6113/3400/4135 6112/3399/4134 6090/3377/4112 
s 2
f 6091/3378/4113 6114/3401/4136 6117/3404/4139 6104/3391/4126 
s 4
f 6109/3396/4131 6117/3404/4139 6114/3401/4136 6096/3383/4118 
s 1
f 6118/3405/4140 6119/3406/4141 6066/3353/4571 6065/3352/4088 
f 6120/3407/4142 6121/3408/4572 6119/3406/4141 6118/3405/4140 
f 6122/3409/4144 6123/3410/4145 6121/3408/4572 6120/3407/4142 
f 6124/3411/4146 6125/3412/4573 6123/3410/4145 6122/3409/4144 
s 2
f 6068/3355/4090 6075/3362/4097 6022/3309/4045 6015/3302/4038 
f 6072/3359/4094 6079/3366/4101 6077/3364/4099 6070/3357/4092 
f 6074/3361/4096 6081/3368/4103 6079/3366/4101 6072/3359/4094 
f 6075/3362/4097 6068/3355/4090 6070/3357/4092 6077/3364/4099 
f 6076/3363/4098 6118/3405/4140 6065/3352/4088 6023/3310/4046 
f 6078/3365/4100 6120/3407/4142 6118/3405/4140 6076/3363/4098 
f 6080/3367/4102 6122/3409/4144 6120/3407/4142 6078/3365/4100 
f 6082/3369/4104 6124/3411/4146 6122/3409/4144 6080/3367/4102 
s 1
f 5820/3098/735 6126/3413/4148 5995/3280/4018 
f 5820/3098/735 6127/3414/4149 6126/3413/4148 
f 6128/3415/4150 6129/3416/4151 6130/3417/4152 6131/3418/4153 
f 6129/3416/4151 5996/3281/4019 5999/3284/4022 6130/3417/4152 
s 4
f 6003/3288/4026 6002/3287/4025 6132/3419/4154 6133/3420/4155 
f 6133/3420/4155 6132/3419/4154 6134/3421/4156 6135/3422/4157 
s 1
f 6126/3413/4148 6132/3419/4154 6002/3287/4025 5995/3280/4018 
f 6127/3414/4149 6134/3421/4156 6132/3419/4154 6126/3413/4148 
s 3
f 6136/3423/4158 6133/3420/4155 6135/3422/4157 6137/3424/4159 
s 1
f 6130/3425/4152 6138/3426/4160 6139/3427/4161 6131/3428/4153 
f 5999/3294/4022 6007/3293/4030 6138/3426/4160 6130/3425/4152 
f 6137/3424/4159 6139/3427/4161 6138/3426/4160 6136/3423/4158 
f 6136/3423/4158 6138/3426/4160 6007/3293/4030 6005/3290/4028 
f 5820/3098/735 6140/3429/4162 6127/3414/4149 
f 5820/3098/735 6141/3430/4163 6140/3429/4162 
f 6142/3431/4164 6143/3432/4165 6144/3433/4166 6145/3434/4167 
f 6143/3432/4165 6128/3415/4150 6131/3418/4153 6144/3433/4166 
s 4
f 6135/3422/4157 6134/3421/4156 6146/3435/4168 6147/3436/4169 
f 6147/3436/4169 6146/3435/4168 6148/3437/4170 6149/3438/4171 
s 1
f 6140/3429/4162 6146/3435/4168 6134/3421/4156 6127/3414/4149 
f 6141/3430/4163 6148/3437/4170 6146/3435/4168 6140/3429/4162 
f 6150/3439/4172 6147/3436/4169 6149/3438/4171 6151/3440/4173 
f 6144/3441/4166 6152/3442/4174 6153/3443/4175 6145/3444/4167 
f 6131/3428/4153 6139/3427/4161 6152/3442/4174 6144/3441/4166 
f 6151/3440/4173 6153/3443/4175 6152/3442/4174 6150/3439/4172 
f 6150/3439/4172 6152/3442/4174 6139/3427/4161 6137/3424/4159 
f 6150/3439/4172 6137/3424/4159 6135/3422/4157 6147/3436/4169 
f 6074/3361/4096 6073/3360/4095 6154/3445/4176 6155/3446/4177 
f 6155/3446/4177 6154/3445/4176 6156/3447/4178 6157/3448/4179 
f 6157/3448/4179 6156/3447/4178 6158/3449/4180 6159/3450/4181 
f 6159/3450/4181 6158/3449/4180 6160/3451/4182 6161/3452/4183 
f 6081/3368/4103 6162/3453/4184 6163/3454/4185 6082/3369/4104 
f 6162/3453/4184 6164/3455/4186 6165/3456/4187 6163/3454/4185 
f 6164/3455/4186 6166/3457/4188 6167/3458/4189 6165/3456/4187 
f 6166/3457/4188 6168/3459/4190 6169/3460/4191 6167/3458/4189 
f 6170/3461/4192 6171/3462/4193 6172/3463/4194 6173/3464/4195 
f 6174/3465/4196 6175/3466/4197 6176/3467/4198 6177/3468/4199 
f 6178/3469/4200 6179/3470/4201 6180/3471/4202 6181/3472/4203 
f 6182/3473/4204 6183/3474/4205 6184/3475/4206 6185/3476/4207 
f 6186/3477/4208 6187/3478/4209 6188/3479/4210 6189/3480/4211 
f 6189/3480/4211 6188/3479/4210 6190/3481/4212 6191/3482/4213 
f 6180/3471/4202 6170/3461/4192 6173/3464/4195 6181/3472/4203 
f 6192/3483/4214 6193/3484/4215 6194/3485/4216 6195/3486/4217 
f 6192/3483/4214 6195/3486/4217 6196/3487/4218 6197/3488/4219 
f 6177/3468/4199 6176/3467/4198 6185/3476/4207 6184/3475/4206 
f 6191/3482/4213 6190/3481/4212 6179/3470/4201 6178/3469/4200 
f 6182/3473/4204 6197/3488/4219 6196/3487/4218 6183/3474/4205 
s 2
f 6172/3463/4194 6198/3489/4220 6199/3490/4221 6173/3464/4195 
s 4
f 6177/3468/4199 6199/3490/4221 6198/3489/4220 6174/3465/4196 
s 2
f 6181/3472/4203 6200/3491/4222 6201/3492/4223 6178/3469/4200 
s 4
f 6183/3474/4205 6201/3492/4223 6200/3491/4222 6184/3475/4206 
s 2
f 6189/3480/4211 6202/3493/4224 6203/3494/4225 6186/3477/4208 
f 6191/3482/4213 6204/3495/4226 6202/3493/4224 6189/3480/4211 
f 6173/3464/4195 6199/3490/4221 6200/3491/4222 6181/3472/4203 
s 4
f 6194/3485/4216 6203/3494/4225 6202/3493/4224 6195/3486/4217 
f 6195/3486/4217 6202/3493/4224 6204/3495/4226 6196/3487/4218 
f 6184/3475/4206 6200/3491/4222 6199/3490/4221 6177/3468/4199 
s 2
f 6178/3469/4200 6201/3492/4223 6204/3495/4226 6191/3482/4213 
s 4
f 6196/3487/4218 6204/3495/4226 6201/3492/4223 6183/3474/4205 
s 1
f 6205/3496/4227 6206/3497/589 6125/3412/4573 6124/3411/4146 
f 6207/3498/4228 6208/3499/4229 6206/3497/589 6205/3496/4227 
f 6209/3500/4230 6210/3501/4231 6208/3499/4229 6207/3498/4228 
f 6211/3502/4232 6212/3503/4233 6210/3501/4231 6209/3500/4230 
s 2
f 6155/3446/4177 6162/3453/4184 6081/3368/4103 6074/3361/4096 
f 6159/3450/4181 6166/3457/4188 6164/3455/4186 6157/3448/4179 
f 6161/3452/4183 6168/3459/4190 6166/3457/4188 6159/3450/4181 
f 6162/3453/4184 6155/3446/4177 6157/3448/4179 6164/3455/4186 
f 6163/3454/4185 6205/3496/4227 6124/3411/4146 6082/3369/4104 
f 6165/3456/4187 6207/3498/4228 6205/3496/4227 6163/3454/4185 
f 6167/3458/4189 6209/3500/4230 6207/3498/4228 6165/3456/4187 
f 6169/3460/4191 6211/3502/4232 6209/3500/4230 6167/3458/4189 
s 1
f 6161/3452/4183 6160/3451/4182 6213/3504/4234 6214/3505/4235 
f 6214/3505/4235 6213/3504/4234 6215/3506/4236 6216/3507/4237 
f 6216/3507/4237 6215/3506/4236 6217/3508/4238 6218/3509/4239 
f 6218/3509/4239 6217/3508/4238 6219/3510/4240 6220/3511/4241 
f 6168/3459/4190 6221/3512/4242 6222/3513/4243 6169/3460/4191 
f 6221/3512/4242 6223/3514/4244 6224/3515/4245 6222/3513/4243 
f 6223/3514/4244 6225/3516/4246 6226/3517/4247 6224/3515/4245 
f 6225/3516/4246 6227/3518/4248 6228/3519/4249 6226/3517/4247 
f 6229/3520/4250 6230/3521/4251 6231/3522/4252 6232/3523/4253 
f 6233/3524/4254 6234/3525/4255 6235/3526/4256 6236/3527/4257 
f 6237/3528/4258 6238/3529/4259 6239/3530/4260 6240/3531/4261 
f 6241/3532/4262 6242/3533/4263 6243/3534/4264 6244/3535/4265 
f 6245/3536/4266 6246/3537/4267 6247/3538/4268 6248/3539/4269 
f 6248/3539/4269 6247/3538/4268 6249/3540/4270 6250/3541/4271 
f 6239/3530/4260 6229/3520/4250 6232/3523/4253 6240/3531/4261 
f 6251/3542/4272 6252/3543/4273 6253/3544/4274 6254/3545/4275 
f 6251/3542/4272 6254/3545/4275 6255/3546/4276 6256/3547/4277 
f 6236/3527/4257 6235/3526/4256 6244/3535/4265 6243/3534/4264 
f 6250/3541/4271 6249/3540/4270 6238/3529/4259 6237/3528/4258 
f 6241/3532/4262 6256/3547/4277 6255/3546/4276 6242/3533/4263 
s 2
f 6231/3522/4252 6257/3548/4278 6258/3549/4279 6232/3523/4253 
s 4
f 6236/3527/4257 6258/3549/4279 6257/3548/4278 6233/3524/4254 
s 2
f 6240/3531/4261 6259/3550/4280 6260/3551/4281 6237/3528/4258 
s 4
f 6242/3533/4263 6260/3551/4281 6259/3550/4280 6243/3534/4264 
s 2
f 6248/3539/4269 6261/3552/4282 6262/3553/4283 6245/3536/4266 
f 6250/3541/4271 6263/3554/4284 6261/3552/4282 6248/3539/4269 
f 6232/3523/4253 6258/3549/4279 6259/3550/4280 6240/3531/4261 
s 4
f 6253/3544/4274 6262/3553/4283 6261/3552/4282 6254/3545/4275 
f 6254/3545/4275 6261/3552/4282 6263/3554/4284 6255/3546/4276 
f 6243/3534/4264 6259/3550/4280 6258/3549/4279 6236/3527/4257 
s 2
f 6237/3528/4258 6260/3551/4281 6263/3554/4284 6250/3541/4271 
s 4
f 6255/3546/4276 6263/3554/4284 6260/3551/4281 6242/3533/4263 
s 1
f 6264/3555/4285 6265/3556/4286 6212/3503/4233 6211/3502/4232 
f 6266/3557/4287 6267/3558/223 6265/3556/4286 6264/3555/4285 
f 6268/3559/4288 6269/3560/4289 6267/3558/223 6266/3557/4287 
f 6270/3561/4290 6271/3562/4291 6269/3560/4289 6268/3559/4288 
s 2
f 6214/3505/4235 6221/3512/4242 6168/3459/4190 6161/3452/4183 
f 6218/3509/4239 6225/3516/4246 6223/3514/4244 6216/3507/4237 
f 6220/3511/4241 6227/3518/4248 6225/3516/4246 6218/3509/4239 
f 6221/3512/4242 6214/3505/4235 6216/3507/4237 6223/3514/4244 
f 6222/3513/4243 6264/3555/4285 6211/3502/4232 6169/3460/4191 
f 6224/3515/4245 6266/3557/4287 6264/3555/4285 6222/3513/4243 
f 6226/3517/4247 6268/3559/4288 6266/3557/4287 6224/3515/4245 
f 6228/3519/4249 6270/3561/4290 6268/3559/4288 6226/3517/4247 
s 1
f 5820/3098/735 6272/3563/4292 6141/3430/4163 
f 5820/3098/735 6273/3564/4293 6272/3563/4292 
f 6274/3565/4294 6275/3566/4295 6276/3567/4296 6277/3568/4297 
f 6275/3566/4295 6142/3431/4164 6145/3434/4167 6276/3567/4296 
s 4
f 6149/3438/4171 6148/3437/4170 6278/3569/4298 6279/3570/4299 
f 6279/3570/4299 6278/3569/4298 6280/3571/4300 6281/3572/4301 
s 1
f 6272/3563/4292 6278/3569/4298 6148/3437/4170 6141/3430/4163 
f 6273/3564/4293 6280/3571/4300 6278/3569/4298 6272/3563/4292 
s 3
f 6282/3573/4302 6279/3570/4299 6281/3572/4301 6283/3574/4303 
s 1
f 6276/3575/4296 6284/3576/4304 6285/3577/4305 6277/3578/4297 
f 6145/3444/4167 6153/3443/4175 6284/3576/4304 6276/3575/4296 
f 6283/3574/4303 6285/3577/4305 6284/3576/4304 6282/3573/4302 
f 6282/3573/4302 6284/3576/4304 6153/3443/4175 6151/3440/4173 
f 5820/3098/735 6286/3579/4306 6273/3564/4293 
f 5820/3098/735 6287/3580/4307 6286/3579/4306 
f 6288/3581/4308 6289/3582/4309 6290/3583/4310 6291/3584/4311 
f 6289/3582/4309 6274/3565/4294 6277/3568/4297 6290/3583/4310 
s 4
f 6281/3572/4301 6280/3571/4300 6292/3585/4312 6293/3586/4313 
f 6293/3586/4313 6292/3585/4312 6294/3587/4314 6295/3588/4315 
s 1
f 6286/3579/4306 6292/3585/4312 6280/3571/4300 6273/3564/4293 
f 6287/3580/4307 6294/3587/4314 6292/3585/4312 6286/3579/4306 
f 6296/3589/4316 6293/3586/4313 6295/3588/4315 6297/3590/4317 
f 6290/3591/4310 6298/3592/4318 6299/3593/4319 6291/3594/4311 
f 6277/3578/4297 6285/3577/4305 6298/3592/4318 6290/3591/4310 
f 6297/3590/4317 6299/3593/4319 6298/3592/4318 6296/3589/4316 
f 6296/3589/4316 6298/3592/4318 6285/3577/4305 6283/3574/4303 
f 6296/3589/4316 6283/3574/4303 6281/3572/4301 6293/3586/4313 
f 6220/3511/4241 6219/3510/4240 6300/3595/4320 6301/3596/4321 
f 6301/3596/4321 6300/3595/4320 6302/3597/4322 6303/3598/4323 
f 6303/3598/4323 6302/3597/4322 6304/3599/4324 6305/3600/4325 
f 6305/3600/4325 6304/3599/4324 6306/3601/4326 6307/3602/4327 
f 6227/3518/4248 6308/3603/4328 6309/3604/4329 6228/3519/4249 
f 6308/3603/4328 6310/3605/4330 6311/3606/4331 6309/3604/4329 
f 6310/3605/4330 6312/3607/4332 6313/3608/4333 6311/3606/4331 
f 6312/3607/4332 6314/3609/4334 6315/3610/4335 6313/3608/4333 
f 6316/3611/4336 6317/3612/4337 6318/3613/4338 6319/3614/4339 
f 6320/3615/4340 6321/3616/4341 6322/3617/4342 6323/3618/4343 
f 6324/3619/4344 6325/3620/4345 6326/3621/4346 6327/3622/4347 
f 6328/3623/4348 6329/3624/4349 6330/3625/4350 6331/3626/4351 
f 6332/3627/4352 6333/3628/4353 6334/3629/4354 6335/3630/4355 
f 6335/3630/4355 6334/3629/4354 6336/3631/4356 6337/3632/4357 
f 6326/3621/4346 6316/3611/4336 6319/3614/4339 6327/3622/4347 
f 6338/3633/4358 6339/3634/4359 6340/3635/4360 6341/3636/4361 
f 6338/3633/4358 6341/3636/4361 6342/3637/4362 6343/3638/4363 
f 6323/3618/4343 6322/3617/4342 6331/3626/4351 6330/3625/4350 
f 6337/3632/4357 6336/3631/4356 6325/3620/4345 6324/3619/4344 
f 6328/3623/4348 6343/3638/4363 6342/3637/4362 6329/3624/4349 
s 2
f 6318/3613/4338 6344/3639/4364 6345/3640/4365 6319/3614/4339 
s 4
f 6323/3618/4343 6345/3640/4365 6344/3639/4364 6320/3615/4340 
s 2
f 6327/3622/4347 6346/3641/4366 6347/3642/4367 6324/3619/4344 
s 4
f 6329/3624/4349 6347/3642/4367 6346/3641/4366 6330/3625/4350 
s 2
f 6335/3630/4355 6348/3643/4368 6349/3644/4369 6332/3627/4352 
f 6337/3632/4357 6350/3645/4370 6348/3643/4368 6335/3630/4355 
f 6319/3614/4339 6345/3640/4365 6346/3641/4366 6327/3622/4347 
s 4
f 6340/3635/4360 6349/3644/4369 6348/3643/4368 6341/3636/4361 
f 6341/3636/4361 6348/3643/4368 6350/3645/4370 6342/3637/4362 
f 6330/3625/4350 6346/3641/4366 6345/3640/4365 6323/3618/4343 
s 2
f 6324/3619/4344 6347/3642/4367 6350/3645/4370 6337/3632/4357 
s 4
f 6342/3637/4362 6350/3645/4370 6347/3642/4367 6329/3624/4349 
s 1
f 6351/3646/4371 6352/3647/4372 6271/3562/4291 6270/3561/4290 
f 6353/3648/4373 6354/3649/4374 6352/3647/4372 6351/3646/4371 
f 6355/3650/4375 6356/3651/613 6354/3649/4374 6353/3648/4373 
f 6357/3652/4376 6358/3653/4377 6356/3651/613 6355/3650/4375 
s 2
f 6301/3596/4321 6308/3603/4328 6227/3518/4248 6220/3511/4241 
f 6305/3600/4325 6312/3607/4332 6310/3605/4330 6303/3598/4323 
f 6307/3602/4327 6314/3609/4334 6312/3607/4332 6305/3600/4325 
f 6308/3603/4328 6301/3596/4321 6303/3598/4323 6310/3605/4330 
f 6309/3604/4329 6351/3646/4371 6270/3561/4290 6228/3519/4249 
f 6311/3606/4331 6353/3648/4373 6351/3646/4371 6309/3604/4329 
f 6313/3608/4333 6355/3650/4375 6353/3648/4373 6311/3606/4331 
f 6315/3610/4335 6357/3652/4376 6355/3650/4375 6313/3608/4333 
s 1
f 6307/3602/4327 6306/3601/4326 6359/3654/4378 6360/3655/4379 
f 6360/3655/4379 6359/3654/4378 6361/3656/4380 6362/3657/4381 
f 6362/3657/4381 6361/3656/4380 6363/3658/4382 6364/3659/4383 
f 6364/3659/4383 6363/3658/4382 6365/3660/4384 6366/3661/4385 
f 6314/3609/4334 6367/3662/4386 6368/3663/4387 6315/3610/4335 
f 6367/3662/4386 6369/3664/4388 6370/3665/4389 6368/3663/4387 
f 6369/3664/4388 6371/3666/4390 6372/3667/4391 6370/3665/4389 
f 6371/3666/4390 6373/3668/4392 6374/3669/4393 6372/3667/4391 
f 6375/3670/4394 6376/3671/4395 6377/3672/4396 6378/3673/4397 
f 6379/3674/4398 6380/3675/4399 6381/3676/4400 6382/3677/4401 
f 6383/3678/4402 6384/3679/4403 6385/3680/4404 6386/3681/4405 
f 6387/3682/4406 6388/3683/4407 6389/3684/4408 6390/3685/4409 
f 6391/3686/4410 6392/3687/4411 6393/3688/4412 6394/3689/4413 
f 6394/3689/4413 6393/3688/4412 6395/3690/4414 6396/3691/4415 
f 6385/3680/4404 6375/3670/4394 6378/3673/4397 6386/3681/4405 
f 6397/3692/4416 6398/3693/4417 6399/3694/4418 6400/3695/4419 
f 6397/3692/4416 6400/3695/4419 6401/3696/4420 6402/3697/4421 
f 6382/3677/4401 6381/3676/4400 6390/3685/4409 6389/3684/4408 
f 6396/3691/4415 6395/3690/4414 6384/3679/4403 6383/3678/4402 
f 6387/3682/4406 6402/3697/4421 6401/3696/4420 6388/3683/4407 
s 2
f 6377/3672/4396 6403/3698/4422 6404/3699/4423 6378/3673/4397 
s 4
f 6382/3677/4401 6404/3699/4423 6403/3698/4422 6379/3674/4398 
s 2
f 6386/3681/4405 6405/3700/4424 6406/3701/4425 6383/3678/4402 
s 4
f 6388/3683/4407 6406/3701/4425 6405/3700/4424 6389/3684/4408 
s 2
f 6394/3689/4413 6407/3702/4426 6408/3703/4427 6391/3686/4410 
f 6396/3691/4415 6409/3704/4428 6407/3702/4426 6394/3689/4413 
f 6378/3673/4397 6404/3699/4423 6405/3700/4424 6386/3681/4405 
s 4
f 6399/3694/4418 6408/3703/4427 6407/3702/4426 6400/3695/4419 
f 6400/3695/4419 6407/3702/4426 6409/3704/4428 6401/3696/4420 
f 6389/3684/4408 6405/3700/4424 6404/3699/4423 6382/3677/4401 
s 2
f 6383/3678/4402 6406/3701/4425 6409/3704/4428 6396/3691/4415 
s 4
f 6401/3696/4420 6409/3704/4428 6406/3701/4425 6388/3683/4407 
s 1
f 6410/3705/4429 6411/3706/4430 6358/3653/4377 6357/3652/4376 
f 6412/3707/4431 6413/3708/4432 6411/3706/4430 6410/3705/4429 
f 6414/3709/4433 6415/3710/4434 6413/3708/4432 6412/3707/4431 
f 6416/3711/4435 6417/3712/609 6415/3710/4434 6414/3709/4433 
s 2
f 6360/3655/4379 6367/3662/4386 6314/3609/4334 6307/3602/4327 
f 6364/3659/4383 6371/3666/4390 6369/3664/4388 6362/3657/4381 
f 6366/3661/4385 6373/3668/4392 6371/3666/4390 6364/3659/4383 
f 6367/3662/4386 6360/3655/4379 6362/3657/4381 6369/3664/4388 
f 6368/3663/4387 6410/3705/4429 6357/3652/4376 6315/3610/4335 
f 6370/3665/4389 6412/3707/4431 6410/3705/4429 6368/3663/4387 
f 6372/3667/4391 6414/3709/4433 6412/3707/4431 6370/3665/4389 
f 6374/3669/4393 6416/3711/4435 6414/3709/4433 6372/3667/4391 
s 1
f 5820/3098/735 6418/3713/4436 6287/3580/4307 
f 5820/3098/735 6419/3714/4437 6418/3713/4436 
f 6420/3715/4438 6421/3716/4439 6422/3717/4440 6423/3718/4441 
f 6421/3716/4439 6288/3581/4308 6291/3584/4311 6422/3717/4440 
s 4
f 6295/3588/4315 6294/3587/4314 6424/3719/4442 6425/3720/4443 
f 6425/3720/4443 6424/3719/4442 6426/3721/4444 6427/3722/4445 
s 1
f 6418/3713/4436 6424/3719/4442 6294/3587/4314 6287/3580/4307 
f 6419/3714/4437 6426/3721/4444 6424/3719/4442 6418/3713/4436 
s 3
f 6428/3723/4446 6425/3720/4443 6427/3722/4445 6429/3724/4447 
s 1
f 6422/3725/4440 6430/3726/4448 6431/3727/4449 6423/3728/4441 
f 6291/3594/4311 6299/3593/4319 6430/3726/4448 6422/3725/4440 
f 6429/3724/4447 6431/3727/4449 6430/3726/4448 6428/3723/4446 
f 6428/3723/4446 6430/3726/4448 6299/3593/4319 6297/3590/4317 
f 5820/3098/735 6432/3729/4450 6419/3714/4437 
f 5820/3098/735 5822/3100/3847 6432/3729/4450 
f 5828/3106/3853 6433/3730/4451 6434/3731/4452 5829/3107/3854 
f 6433/3730/4451 6420/3715/4438 6423/3718/4441 6434/3731/4452 
s 4
f 6427/3722/4445 6426/3721/4444 6435/3732/4453 6436/3733/4454 
f 6436/3733/4454 6435/3732/4453 5831/3109/3856 5830/3108/3855 
s 1
f 6432/3729/4450 6435/3732/4453 6426/3721/4444 6419/3714/4437 
f 5822/3100/3847 5831/3109/3856 6435/3732/4453 6432/3729/4450 
f 6437/3734/4455 6436/3733/4454 5830/3108/3855 5841/3122/3866 
f 6434/3735/4452 6438/3736/4456 5840/3121/3865 5829/3120/3854 
f 6423/3728/4441 6431/3727/4449 6438/3736/4456 6434/3735/4452 
f 5841/3122/3866 5840/3121/3865 6438/3736/4456 6437/3734/4455 
f 6437/3734/4455 6438/3736/4456 6431/3727/4449 6429/3724/4447 
f 6437/3734/4455 6429/3724/4447 6427/3722/4445 6436/3733/4454 
f 6366/3661/4385 6365/3660/4384 6439/3737/4457 6440/3738/4458 
f 6440/3738/4458 6439/3737/4457 6441/3739/4459 6442/3740/4460 
f 6442/3740/4460 6441/3739/4459 6443/3741/4461 6444/3742/4462 
f 6444/3742/4462 6443/3741/4461 6445/3743/4463 6446/3744/4464 
f 6373/3668/4392 6447/3745/4465 6448/3746/4466 6374/3669/4393 
f 6447/3745/4465 6449/3747/4467 6450/3748/4468 6448/3746/4466 
f 6449/3747/4467 6451/3749/4469 6452/3750/4470 6450/3748/4468 
f 6451/3749/4469 6453/3751/4471 6454/3752/4472 6452/3750/4470 
f 6455/3753/4473 6456/3754/4474 6457/3755/4475 6458/3756/4476 
f 6459/3757/4477 6460/3758/4478 6461/3759/4479 6462/3760/4480 
f 6463/3761/4481 6464/3762/4482 6465/3763/4483 6466/3764/4484 
f 6467/3765/4485 6468/3766/4486 6469/3767/4487 6470/3768/4488 
f 6471/3769/4489 6472/3770/4490 6473/3771/4491 6474/3772/4492 
f 6474/3772/4492 6473/3771/4491 6475/3773/4493 6476/3774/4494 
f 6465/3763/4483 6455/3753/4473 6458/3756/4476 6466/3764/4484 
f 6477/3775/4495 6478/3776/4496 6479/3777/4497 6480/3778/4498 
f 6477/3775/4495 6480/3778/4498 6481/3779/4499 6482/3780/4500 
f 6462/3760/4480 6461/3759/4479 6470/3768/4488 6469/3767/4487 
f 6476/3774/4494 6475/3773/4493 6464/3762/4482 6463/3761/4481 
f 6467/3765/4485 6482/3780/4500 6481/3779/4499 6468/3766/4486 
s 2
f 6457/3755/4475 6483/3781/4501 6484/3782/4502 6458/3756/4476 
s 4
f 6462/3760/4480 6484/3782/4502 6483/3781/4501 6459/3757/4477 
s 2
f 6466/3764/4484 6485/3783/4503 6486/3784/4504 6463/3761/4481 
s 4
f 6468/3766/4486 6486/3784/4504 6485/3783/4503 6469/3767/4487 
s 2
f 6474/3772/4492 6487/3785/4505 6488/3786/4506 6471/3769/4489 
f 6476/3774/4494 6489/3787/4507 6487/3785/4505 6474/3772/4492 
f 6458/3756/4476 6484/3782/4502 6485/3783/4503 6466/3764/4484 
s 4
f 6479/3777/4497 6488/3786/4506 6487/3785/4505 6480/3778/4498 
f 6480/3778/4498 6487/3785/4505 6489/3787/4507 6481/3779/4499 
f 6469/3767/4487 6485/3783/4503 6484/3782/4502 6462/3760/4480 
s 2
f 6463/3761/4481 6486/3784/4504 6489/3787/4507 6476/3774/4494 
s 4
f 6481/3779/4499 6489/3787/4507 6486/3784/4504 6468/3766/4486 
s 1
f 6490/3788/4508 6491/3789/4509 6417/3712/609 6416/3711/4435 
f 6492/3790/4510 6493/3791/4511 6491/3789/4509 6490/3788/4508 
f 6494/3792/4512 6495/3793/4513 6493/3791/4511 6492/3790/4510 
f 6496/3794/4514 6497/3795/4515 6495/3793/4513 6494/3792/4512 
s 2
f 6440/3738/4458 6447/3745/4465 6373/3668/4392 6366/3661/4385 
f 6444/3742/4462 6451/3749/4469 6449/3747/4467 6442/3740/4460 
f 6446/3744/4464 6453/3751/4471 6451/3749/4469 6444/3742/4462 
f 6447/3745/4465 6440/3738/4458 6442/3740/4460 6449/3747/4467 
f 6448/3746/4466 6490/3788/4508 6416/3711/4435 6374/3669/4393 
f 6450/3748/4468 6492/3790/4510 6490/3788/4508 6448/3746/4466 
f 6452/3750/4470 6494/3792/4512 6492/3790/4510 6450/3748/4468 
f 6454/3752/4472 6496/3794/4514 6494/3792/4512 6452/3750/4470 
s 1
f 6446/3744/4464 6445/3743/4463 6498/3796/4516 6499/3797/4517 
f 6499/3797/4517 6498/3796/4516 6500/3798/4518 6501/3799/4519 
f 6501/3799/4519 6500/3798/4518 6502/3800/4520 6503/3801/4521 
f 6503/3801/4521 6502/3800/4520 5857/3140/3882 5856/3139/3881 
f 6453/3751/4471 6504/3802/4522 6505/3803/4523 6454/3752/4472 
f 6504/3802/4522 6506/3804/4524 6507/3805/4525 6505/3803/4523 
f 6506/3804/4524 6508/3806/4526 6509/3807/4527 6507/3805/4525 
f 6508/3806/4526 5866/3149/3891 5869/3152/3894 6509/3807/4527 
f 6510/3808/4528 6511/3809/4529 6512/3810/4530 6513/3811/4531 
f 6514/3812/4532 6515/3813/4533 6516/3814/4534 6517/3815/4535 
f 6518/3816/4536 6519/3817/4537 6520/3818/4538 6521/3819/4539 
f 6522/3820/4540 6523/3821/4541 6524/3822/4542 6525/3823/4543 
f 6526/3824/4544 6527/3825/4545 6528/3826/4546 6529/3827/4547 
f 6529/3827/4547 6528/3826/4546 6530/3828/4548 6531/3829/4549 
f 6520/3818/4538 6510/3808/4528 6513/3811/4531 6521/3819/4539 
f 6532/3830/4550 6533/3831/4551 6534/3832/4552 6535/3833/4553 
f 6532/3830/4550 6535/3833/4553 6536/3834/4554 6537/3835/4555 
f 6517/3815/4535 6516/3814/4534 6525/3823/4543 6524/3822/4542 
f 6531/3829/4549 6530/3828/4548 6519/3817/4537 6518/3816/4536 
f 6522/3820/4540 6537/3835/4555 6536/3834/4554 6523/3821/4541 
s 2
f 6512/3810/4530 6538/3836/4556 6539/3837/4557 6513/3811/4531 
s 4
f 6517/3815/4535 6539/3837/4557 6538/3836/4556 6514/3812/4532 
s 2
f 6521/3819/4539 6540/3838/4558 6541/3839/4559 6518/3816/4536 
s 4
f 6523/3821/4541 6541/3839/4559 6540/3838/4558 6524/3822/4542 
s 2
f 6529/3827/4547 6542/3840/4560 6543/3841/4561 6526/3824/4544 
f 6531/3829/4549 6544/3842/4562 6542/3840/4560 6529/3827/4547 
f 6513/3811/4531 6539/3837/4557 6540/3838/4558 6521/3819/4539 
s 4
f 6534/3832/4552 6543/3841/4561 6542/3840/4560 6535/3833/4553 
f 6535/3833/4553 6542/3840/4560 6544/3842/4562 6536/3834/4554 
f 6524/3822/4542 6540/3838/4558 6539/3837/4557 6517/3815/4535 
s 2
f 6518/3816/4536 6541/3839/4559 6544/3842/4562 6531/3829/4549 
s 4
f 6536/3834/4554 6544/3842/4562 6541/3839/4559 6523/3821/4541 
s 1
f 6545/3843/4563 6546/3844/605 6497/3795/4515 6496/3794/4514 
f 6547/3845/4564 6548/3846/4565 6546/3844/605 6545/3843/4563 
f 6549/3847/4566 6550/3848/4567 6548/3846/4565 6547/3845/4564 
f 5914/3197/3939 5913/3196/3938 6550/3848/4567 6549/3847/4566 
s 2
f 6499/3797/4517 6504/3802/4522 6453/3751/4471 6446/3744/4464 
f 6503/3801/4521 6508/3806/4526 6506/3804/4524 6501/3799/4519 
f 5856/3139/3881 5866/3149/3891 6508/3806/4526 6503/3801/4521 
f 6504/3802/4522 6499/3797/4517 6501/3799/4519 6506/3804/4524 
f 6505/3803/4523 6545/3843/4563 6496/3794/4514 6454/3752/4472 
f 6507/3805/4525 6547/3845/4564 6545/3843/4563 6505/3803/4523 
f 6509/3807/4527 6549/3847/4566 6547/3845/4564 6507/3805/4525 
f 5869/3152/3894 5914/3197/3939 6549/3847/4566 6509/3807/4527 
s off
f 6551/3849/735 6552/3849/735 6553/3849/735 
f 6554/3849/735 6552/3849/735 6551/3849/735 
f 6555/3849/735 6552/3849/735 6554/3849/735 
f 6556/3849/735 6552/3849/735 6555/3849/735 
f 6557/3849/735 6552/3849/735 6556/3849/735 
f 6558/3849/735 6552/3849/735 6557/3849/735 
f 6559/3849/735 6552/3849/735 6558/3849/735 
f 6560/3849/735 6552/3849/735 6559/3849/735 
f 6561/3849/735 6552/3849/735 6560/3849/735 
f 6562/3849/735 6552/3849/735 6561/3849/735 
f 6563/3849/735 6552/3849/735 6562/3849/735 
f 6564/3849/735 6552/3849/735 6563/3849/735 
f 6565/3849/735 6552/3849/735 6564/3849/735 
f 6566/3849/735 6552/3849/735 6565/3849/735 
f 6567/3849/735 6552/3849/735 6566/3849/735 
f 6568/3849/735 6552/3849/735 6567/3849/735 
f 6569/3849/735 6552/3849/735 6568/3849/735 
f 6570/3849/735 6552/3849/735 6569/3849/735 
f 6571/3849/735 6552/3849/735 6570/3849/735 
f 6553/3849/735 6552/3849/735 6571/3849/735 
s 3
f 5836/3114/3861 5841/3122/3866 5830/3108/3855 5833/3111/3858 
f 5990/3273/4013 5853/3134/3878 5851/3132/3876 5987/3270/4010 
f 6136/3423/4158 6005/3290/4028 6003/3288/4026 6133/3420/4155 
f 6282/3573/4302 6151/3440/4173 6149/3438/4171 6279/3570/4299 
f 6428/3723/4446 6297/3590/4317 6295/3588/4315 6425/3720/4443 
s 1
f 6572/3094/4574 6573/3095/4575 6574/3095/4576 6575/3094/4577 
f 6575/3094/4577 6574/3095/4576 6576/3095/4578 6577/3094/4579 
f 6577/3094/4579 6576/3095/4578 6578/3095/4580 6579/3094/4581 
f 6579/3094/4581 6578/3095/4580 6580/3095/4582 6581/3094/4583 
f 6581/3094/4583 6580/3095/4582 6582/3095/4584 6583/3094/4585 
f 6583/3094/4585 6582/3095/4584 6584/3095/4586 6585/3094/4587 
f 6585/3094/4587 6584/3095/4586 6586/3095/4588 6587/3094/4589 
f 6587/3094/4589 6586/3095/4588 6588/3095/4590 6589/3094/4591 
f 6589/3094/4591 6588/3095/4590 6590/3095/4592 6591/3094/4593 
f 6591/3094/4593 6590/3095/4592 6592/3095/4594 6593/3094/4595 
f 6593/3094/4595 6592/3095/4594 6594/3095/4596 6595/3094/4597 
f 6595/3094/4597 6594/3095/4596 6573/3095/4575 6572/3094/4574 
s 2
f 6596/3096/4598 6597/3096/4599 6598/3096/4600 6599/3096/4601 
s 1
f 6572/3094/4574 6575/3094/4577 6597/3096/4599 6596/3096/4598 
f 6575/3094/4577 6577/3094/4579 6600/3096/4602 6597/3096/4599 
f 6577/3094/4579 6579/3094/4581 6601/3096/4603 6600/3096/4602 
f 6579/3094/4581 6581/3094/4583 6602/3096/4604 6601/3096/4603 
f 6581/3094/4583 6583/3094/4585 6598/3096/4600 6602/3096/4604 
f 6583/3094/4585 6585/3094/4587 6599/3096/4601 6598/3096/4600 
f 6585/3094/4587 6587/3094/4589 6603/3096/4605 6599/3096/4601 
f 6587/3094/4589 6589/3094/4591 6604/3096/4606 6603/3096/4605 
f 6589/3094/4591 6591/3094/4593 6605/3096/4607 6604/3096/4606 
f 6591/3094/4593 6593/3094/4595 6606/3096/4608 6605/3096/4607 
f 6593/3094/4595 6595/3094/4597 6607/3096/4609 6606/3096/4608 
f 6595/3094/4597 6572/3094/4574 6596/3096/4598 6607/3096/4609 
s 2
f 6574/3095/4576 6573/3095/4575 6608/3097/4610 6609/3097/4611 
f 6576/3095/4578 6574/3095/4576 6609/3097/4611 6610/3097/4612 
f 6578/3095/4580 6576/3095/4578 6610/3097/4612 6611/3097/4613 
f 6580/3095/4582 6578/3095/4580 6611/3097/4613 6612/3097/4614 
f 6582/3095/4584 6580/3095/4582 6612/3097/4614 6613/3097/4615 
f 6584/3095/4586 6582/3095/4584 6613/3097/4615 6614/3097/4616 
f 6586/3095/4588 6584/3095/4586 6614/3097/4616 6615/3097/4617 
f 6588/3095/4590 6586/3095/4588 6615/3097/4617 6616/3097/4618 
f 6590/3095/4592 6588/3095/4590 6616/3097/4618 6617/3097/4619 
f 6592/3095/4594 6590/3095/4592 6617/3097/4619 6618/3097/4620 
f 6594/3095/4596 6592/3095/4594 6618/3097/4620 6619/3097/4621 
f 6573/3095/4575 6594/3095/4596 6619/3097/4621 6608/3097/4610 
f 6596/3096/4598 6599/3096/4601 6603/3096/4605 6607/3096/4609 
f 6598/3096/4600 6597/3096/4599 6600/3096/4602 6602/3096/4604 
f 6602/3096/4604 6600/3096/4602 6601/3096/4603 
f 6607/3096/4609 6603/3096/4605 6604/3096/4606 6606/3096/4608 
f 6606/3096/4608 6604/3096/4606 6605/3096/4607 
s 1
f 6620/3098/1238 6621/3100/4622 6622/3099/4623 
f 6620/3098/1238 6622/3099/4623 6623/3101/4624 
f 6624/3102/4625 6625/3105/4626 6626/3104/4627 6627/3103/4628 
f 6627/3103/4628 6626/3104/4627 6628/3107/4629 6629/3106/4630 
s 4
f 6630/3108/4631 6631/3111/4632 6632/3110/4633 6633/3109/4634 
f 6631/3111/4632 6634/3113/4635 6635/3112/4636 6632/3110/4633 
s 1
f 6622/3099/4623 6621/3100/4622 6633/3109/4634 6632/3110/4633 
f 6623/3101/4624 6622/3099/4623 6632/3110/4633 6635/3112/4636 
s 3
f 6636/3114/4637 6637/3115/4638 6634/3113/4635 6631/3111/4632 
s 1
f 6626/3116/4627 6625/3119/4626 6638/3118/4639 6639/3117/4640 
f 6628/3120/4629 6626/3116/4627 6639/3117/4640 6640/3121/4641 
f 6637/3115/4638 6636/3114/4637 6639/3117/4640 6638/3118/4639 
f 6636/3114/4637 6641/3122/4642 6640/3121/4641 6639/3117/4640 
f 6620/3098/1238 6623/3101/4624 6642/3123/4643 
f 6620/3098/1238 6642/3123/4643 6643/3124/4644 
f 6644/3125/4645 6645/3128/4646 6646/3127/4647 6647/3126/4648 
f 6647/3126/4648 6646/3127/4647 6625/3105/4626 6624/3102/4625 
s 4
f 6634/3113/4635 6648/3130/4649 6649/3129/4650 6635/3112/4636 
f 6648/3130/4649 6650/3132/4651 6651/3131/4652 6649/3129/4650 
s 1
f 6642/3123/4643 6623/3101/4624 6635/3112/4636 6649/3129/4650 
f 6643/3124/4644 6642/3123/4643 6649/3129/4650 6651/3131/4652 
f 6652/3133/4653 6653/3134/4654 6650/3132/4651 6648/3130/4649 
f 6646/3135/4647 6645/3138/4646 6654/3137/4655 6655/3136/4656 
f 6625/3119/4626 6646/3135/4647 6655/3136/4656 6638/3118/4639 
f 6653/3134/4654 6652/3133/4653 6655/3136/4656 6654/3137/4655 
f 6652/3133/4653 6637/3115/4638 6638/3118/4639 6655/3136/4656 
f 6652/3133/4653 6648/3130/4649 6634/3113/4635 6637/3115/4638 
f 6656/3139/4657 6657/3142/4658 6658/3141/4659 6659/3140/4660 
f 6657/3142/4658 6660/3144/4661 6661/3143/4662 6658/3141/4659 
f 6660/3144/4661 6662/3146/4663 6663/3145/4664 6661/3143/4662 
f 6662/3146/4663 6664/3148/4665 6665/3147/4666 6663/3145/4664 
f 6666/3149/4667 6667/3152/4668 6668/3151/4669 6669/3150/4670 
f 6669/3150/4670 6668/3151/4669 6670/3154/4671 6671/3153/4672 
f 6671/3153/4672 6670/3154/4671 6672/3156/4673 6673/3155/4674 
f 6673/3155/4674 6672/3156/4673 6674/3158/4675 6675/3157/4676 
f 6676/3159/4677 6677/3162/4678 6678/3161/4679 6679/3160/4680 
f 6680/3163/4681 6681/3166/4682 6682/3165/4683 6683/3164/4684 
f 6684/3167/4685 6685/3170/4686 6686/3169/4687 6687/3168/4688 
f 6688/3171/4689 6689/3174/4690 6690/3173/4691 6691/3172/4692 
f 6692/3175/4693 6693/3178/4694 6694/3177/4695 6695/3176/4696 
f 6693/3178/4694 6696/3180/4697 6697/3179/4698 6694/3177/4695 
f 6686/3169/4687 6685/3170/4686 6677/3162/4678 6676/3159/4677 
f 6698/3181/4699 6699/3184/4700 6700/3183/4701 6701/3182/4702 
f 6698/3181/4699 6702/3186/4703 6703/3185/4704 6699/3184/4700 
f 6681/3166/4682 6690/3173/4691 6689/3174/4690 6682/3165/4683 
f 6696/3180/4697 6684/3167/4685 6687/3168/4688 6697/3179/4698 
f 6688/3171/4689 6691/3172/4692 6703/3185/4704 6702/3186/4703 
s 2
f 6678/3161/4679 6677/3162/4678 6704/3188/4705 6705/3187/4706 
s 4
f 6681/3166/4682 6680/3163/4681 6705/3187/4706 6704/3188/4705 
s 2
f 6685/3170/4686 6684/3167/4685 6706/3190/4707 6707/3189/4708 
s 4
f 6691/3172/4692 6690/3173/4691 6707/3189/4708 6706/3190/4707 
s 2
f 6693/3178/4694 6692/3175/4693 6708/3192/4709 6709/3191/4710 
f 6696/3180/4697 6693/3178/4694 6709/3191/4710 6710/3193/4711 
f 6677/3162/4678 6685/3170/4686 6707/3189/4708 6704/3188/4705 
s 4
f 6700/3183/4701 6699/3184/4700 6709/3191/4710 6708/3192/4709 
f 6699/3184/4700 6703/3185/4704 6710/3193/4711 6709/3191/4710 
f 6690/3173/4691 6681/3166/4682 6704/3188/4705 6707/3189/4708 
s 2
f 6684/3167/4685 6696/3180/4697 6710/3193/4711 6706/3190/4707 
s 4
f 6703/3185/4704 6691/3172/4692 6706/3190/4707 6710/3193/4711 
s 1
f 6711/3194/4712 6712/3197/4713 6713/3196/3938 6714/3195/3937 
f 6715/3198/4714 6711/3194/4712 6714/3195/3937 6716/3199/601 
f 6717/3200/4715 6715/3198/4714 6716/3199/601 6718/3201/4716 
f 6719/3202/4717 6717/3200/4715 6718/3201/4716 6720/3203/3944 
s 2
f 6657/3142/4658 6656/3139/4657 6666/3149/4667 6669/3150/4670 
f 6662/3146/4663 6660/3144/4661 6671/3153/4672 6673/3155/4674 
f 6664/3148/4665 6662/3146/4663 6673/3155/4674 6675/3157/4676 
f 6669/3150/4670 6671/3153/4672 6660/3144/4661 6657/3142/4658 
f 6668/3151/4669 6667/3152/4668 6712/3197/4713 6711/3194/4712 
f 6670/3154/4671 6668/3151/4669 6711/3194/4712 6715/3198/4714 
f 6672/3156/4673 6670/3154/4671 6715/3198/4714 6717/3200/4715 
f 6674/3158/4675 6672/3156/4673 6717/3200/4715 6719/3202/4717 
s 1
f 6664/3148/4665 6721/3205/4718 6722/3204/4719 6665/3147/4666 
f 6721/3205/4718 6723/3207/4720 6724/3206/4721 6722/3204/4719 
f 6723/3207/4720 6725/3209/4722 6726/3208/4723 6724/3206/4721 
f 6725/3209/4722 6727/3211/4724 6728/3210/4725 6726/3208/4723 
f 6675/3157/4676 6674/3158/4675 6729/3213/4726 6730/3212/4727 
f 6730/3212/4727 6729/3213/4726 6731/3215/4728 6732/3214/4729 
f 6732/3214/4729 6731/3215/4728 6733/3217/4730 6734/3216/4731 
f 6734/3216/4731 6733/3217/4730 6735/3219/4732 6736/3218/4733 
f 6737/3220/4734 6738/3223/4735 6739/3222/4736 6740/3221/4737 
f 6741/3224/4738 6742/3227/4739 6743/3226/4740 6744/3225/4741 
f 6745/3228/4742 6746/3231/4743 6747/3230/4744 6748/3229/4745 
f 6749/3232/4746 6750/3235/4747 6751/3234/4748 6752/3233/4749 
f 6753/3236/4750 6754/3239/4751 6755/3238/4752 6756/3237/4753 
f 6754/3239/4751 6757/3241/4754 6758/3240/4755 6755/3238/4752 
f 6747/3230/4744 6746/3231/4743 6738/3223/4735 6737/3220/4734 
f 6759/3242/4756 6760/3245/4757 6761/3244/4758 6762/3243/4759 
f 6759/3242/4756 6763/3247/4760 6764/3246/4761 6760/3245/4757 
f 6742/3227/4739 6751/3234/4748 6750/3235/4747 6743/3226/4740 
f 6757/3241/4754 6745/3228/4742 6748/3229/4745 6758/3240/4755 
f 6749/3232/4746 6752/3233/4749 6764/3246/4761 6763/3247/4760 
s 2
f 6739/3222/4736 6738/3223/4735 6765/3249/4762 6766/3248/4763 
s 4
f 6742/3227/4739 6741/3224/4738 6766/3248/4763 6765/3249/4762 
s 2
f 6746/3231/4743 6745/3228/4742 6767/3251/4764 6768/3250/4765 
s 4
f 6752/3233/4749 6751/3234/4748 6768/3250/4765 6767/3251/4764 
s 2
f 6754/3239/4751 6753/3236/4750 6769/3253/4766 6770/3252/4767 
f 6757/3241/4754 6754/3239/4751 6770/3252/4767 6771/3254/4768 
f 6738/3223/4735 6746/3231/4743 6768/3250/4765 6765/3249/4762 
s 4
f 6761/3244/4758 6760/3245/4757 6770/3252/4767 6769/3253/4766 
f 6760/3245/4757 6764/3246/4761 6771/3254/4768 6770/3252/4767 
f 6751/3234/4748 6742/3227/4739 6765/3249/4762 6768/3250/4765 
s 2
f 6745/3228/4742 6757/3241/4754 6771/3254/4768 6767/3251/4764 
s 4
f 6764/3246/4761 6752/3233/4749 6767/3251/4764 6771/3254/4768 
s 1
f 6772/3255/4769 6719/3202/4717 6720/3203/3944 6773/3256/4770 
f 6774/3257/4771 6772/3255/4769 6773/3256/4770 6775/3258/4772 
f 6776/3259/4773 6774/3257/4771 6775/3258/4772 6777/3260/597 
f 6778/3261/4774 6776/3259/4773 6777/3260/597 6779/3262/4775 
s 2
f 6721/3205/4718 6664/3148/4665 6675/3157/4676 6730/3212/4727 
f 6725/3209/4722 6723/3207/4720 6732/3214/4729 6734/3216/4731 
f 6727/3211/4724 6725/3209/4722 6734/3216/4731 6736/3218/4733 
f 6730/3212/4727 6732/3214/4729 6723/3207/4720 6721/3205/4718 
f 6729/3213/4726 6674/3158/4675 6719/3202/4717 6772/3255/4769 
f 6731/3215/4728 6729/3213/4726 6772/3255/4769 6774/3257/4771 
f 6733/3217/4730 6731/3215/4728 6774/3257/4771 6776/3259/4773 
f 6735/3219/4732 6733/3217/4730 6776/3259/4773 6778/3261/4774 
s 1
f 6620/3098/1238 6643/3124/4644 6780/3263/4776 
f 6620/3098/1238 6780/3263/4776 6781/3264/4777 
f 6782/3265/4778 6783/3268/4779 6784/3267/4780 6785/3266/4781 
f 6785/3266/4781 6784/3267/4780 6645/3128/4646 6644/3125/4645 
s 4
f 6650/3132/4651 6786/3270/4782 6787/3269/4783 6651/3131/4652 
f 6786/3270/4782 6788/3272/4784 6789/3271/4785 6787/3269/4783 
s 1
f 6780/3263/4776 6643/3124/4644 6651/3131/4652 6787/3269/4783 
f 6781/3264/4777 6780/3263/4776 6787/3269/4783 6789/3271/4785 
s 3
f 6790/3273/4786 6791/3274/4787 6788/3272/4784 6786/3270/4782 
s 1
f 6784/3275/4780 6783/3278/4779 6792/3277/4788 6793/3276/4789 
f 6645/3138/4646 6784/3275/4780 6793/3276/4789 6654/3137/4655 
f 6791/3274/4787 6790/3273/4786 6793/3276/4789 6792/3277/4788 
f 6790/3273/4786 6653/3134/4654 6654/3137/4655 6793/3276/4789 
f 6620/3098/1238 6781/3264/4777 6794/3279/4790 
f 6620/3098/1238 6794/3279/4790 6795/3280/4791 
f 6796/3281/4792 6797/3284/4793 6798/3283/4794 6799/3282/4795 
f 6799/3282/4795 6798/3283/4794 6783/3268/4779 6782/3265/4778 
s 4
f 6788/3272/4784 6800/3286/4796 6801/3285/4797 6789/3271/4785 
f 6800/3286/4796 6802/3288/4798 6803/3287/4799 6801/3285/4797 
s 1
f 6794/3279/4790 6781/3264/4777 6789/3271/4785 6801/3285/4797 
f 6795/3280/4791 6794/3279/4790 6801/3285/4797 6803/3287/4799 
f 6804/3289/4800 6805/3290/4801 6802/3288/4798 6800/3286/4796 
f 6798/3291/4794 6797/3294/4793 6806/3293/4802 6807/3292/4803 
f 6783/3278/4779 6798/3291/4794 6807/3292/4803 6792/3277/4788 
f 6805/3290/4801 6804/3289/4800 6807/3292/4803 6806/3293/4802 
f 6804/3289/4800 6791/3274/4787 6792/3277/4788 6807/3292/4803 
f 6804/3289/4800 6800/3286/4796 6788/3272/4784 6791/3274/4787 
f 6727/3211/4724 6808/3296/4804 6809/3295/4805 6728/3210/4725 
f 6808/3296/4804 6810/3298/4806 6811/3297/4807 6809/3295/4805 
f 6810/3298/4806 6812/3300/4808 6813/3299/4809 6811/3297/4807 
f 6812/3300/4808 6814/3302/4810 6815/3301/4811 6813/3299/4809 
f 6736/3218/4733 6735/3219/4732 6816/3304/4812 6817/3303/4813 
f 6817/3303/4813 6816/3304/4812 6818/3306/4814 6819/3305/4815 
f 6819/3305/4815 6818/3306/4814 6820/3308/4816 6821/3307/4817 
f 6821/3307/4817 6820/3308/4816 6822/3310/4818 6823/3309/4819 
f 6824/3311/4820 6825/3314/4821 6826/3313/4822 6827/3312/4823 
f 6828/3315/4824 6829/3318/4825 6830/3317/4826 6831/3316/4827 
f 6832/3319/4828 6833/3322/4829 6834/3321/4830 6835/3320/4831 
f 6836/3323/4832 6837/3326/4833 6838/3325/4834 6839/3324/4835 
f 6840/3327/4836 6841/3330/4837 6842/3329/4838 6843/3328/4839 
f 6841/3330/4837 6844/3332/4840 6845/3331/4841 6842/3329/4838 
f 6834/3321/4830 6833/3322/4829 6825/3314/4821 6824/3311/4820 
f 6846/3333/4842 6847/3336/4843 6848/3335/4844 6849/3334/4845 
f 6846/3333/4842 6850/3338/4846 6851/3337/4847 6847/3336/4843 
f 6829/3318/4825 6838/3325/4834 6837/3326/4833 6830/3317/4826 
f 6844/3332/4840 6832/3319/4828 6835/3320/4831 6845/3331/4841 
f 6836/3323/4832 6839/3324/4835 6851/3337/4847 6850/3338/4846 
s 2
f 6826/3313/4822 6825/3314/4821 6852/3340/4848 6853/3339/4849 
s 4
f 6829/3318/4825 6828/3315/4824 6853/3339/4849 6852/3340/4848 
s 2
f 6833/3322/4829 6832/3319/4828 6854/3342/4850 6855/3341/4851 
s 4
f 6839/3324/4835 6838/3325/4834 6855/3341/4851 6854/3342/4850 
s 2
f 6841/3330/4837 6840/3327/4836 6856/3344/4852 6857/3343/4853 
f 6844/3332/4840 6841/3330/4837 6857/3343/4853 6858/3345/4854 
f 6825/3314/4821 6833/3322/4829 6855/3341/4851 6852/3340/4848 
s 4
f 6848/3335/4844 6847/3336/4843 6857/3343/4853 6856/3344/4852 
f 6847/3336/4843 6851/3337/4847 6858/3345/4854 6857/3343/4853 
f 6838/3325/4834 6829/3318/4825 6852/3340/4848 6855/3341/4851 
s 2
f 6832/3319/4828 6844/3332/4840 6858/3345/4854 6854/3342/4850 
s 4
f 6851/3337/4847 6839/3324/4835 6854/3342/4850 6858/3345/4854 
s 1
f 6859/3346/4855 6778/3261/4774 6779/3262/4775 6860/3347/4856 
f 6861/3348/4857 6859/3346/4855 6860/3347/4856 6862/3349/4858 
f 6863/3350/4859 6861/3348/4857 6862/3349/4858 6864/3351/4860 
f 6865/3352/4861 6863/3350/4859 6864/3351/4860 6866/3353/593 
s 2
f 6808/3296/4804 6727/3211/4724 6736/3218/4733 6817/3303/4813 
f 6812/3300/4808 6810/3298/4806 6819/3305/4815 6821/3307/4817 
f 6814/3302/4810 6812/3300/4808 6821/3307/4817 6823/3309/4819 
f 6817/3303/4813 6819/3305/4815 6810/3298/4806 6808/3296/4804 
f 6816/3304/4812 6735/3219/4732 6778/3261/4774 6859/3346/4855 
f 6818/3306/4814 6816/3304/4812 6859/3346/4855 6861/3348/4857 
f 6820/3308/4816 6818/3306/4814 6861/3348/4857 6863/3350/4859 
f 6822/3310/4818 6820/3308/4816 6863/3350/4859 6865/3352/4861 
s 1
f 6814/3302/4810 6867/3355/4862 6868/3354/4863 6815/3301/4811 
f 6867/3355/4862 6869/3357/4864 6870/3356/4865 6868/3354/4863 
f 6869/3357/4864 6871/3359/4866 6872/3358/4867 6870/3356/4865 
f 6871/3359/4866 6873/3361/4868 6874/3360/4869 6872/3358/4867 
f 6823/3309/4819 6822/3310/4818 6875/3363/4870 6876/3362/4871 
f 6876/3362/4871 6875/3363/4870 6877/3365/4872 6878/3364/4873 
f 6878/3364/4873 6877/3365/4872 6879/3367/4874 6880/3366/4875 
f 6880/3366/4875 6879/3367/4874 6881/3369/4876 6882/3368/4877 
f 6883/3370/4878 6884/3373/4879 6885/3372/4880 6886/3371/4881 
f 6887/3374/4882 6888/3377/4883 6889/3376/4884 6890/3375/4885 
f 6891/3378/4886 6892/3381/4887 6893/3380/4888 6894/3379/4889 
f 6895/3382/4890 6896/3385/4891 6897/3384/4892 6898/3383/4893 
f 6899/3386/4894 6900/3389/4895 6901/3388/4896 6902/3387/4897 
f 6900/3389/4895 6903/3391/4898 6904/3390/4899 6901/3388/4896 
f 6893/3380/4888 6892/3381/4887 6884/3373/4879 6883/3370/4878 
f 6905/3392/4900 6906/3395/4901 6907/3394/4902 6908/3393/4903 
f 6905/3392/4900 6909/3397/4904 6910/3396/4905 6906/3395/4901 
f 6888/3377/4883 6897/3384/4892 6896/3385/4891 6889/3376/4884 
f 6903/3391/4898 6891/3378/4886 6894/3379/4889 6904/3390/4899 
f 6895/3382/4890 6898/3383/4893 6910/3396/4905 6909/3397/4904 
s 2
f 6885/3372/4880 6884/3373/4879 6911/3399/4906 6912/3398/4907 
s 4
f 6888/3377/4883 6887/3374/4882 6912/3398/4907 6911/3399/4906 
s 2
f 6892/3381/4887 6891/3378/4886 6913/3401/4908 6914/3400/4909 
s 4
f 6898/3383/4893 6897/3384/4892 6914/3400/4909 6913/3401/4908 
s 2
f 6900/3389/4895 6899/3386/4894 6915/3403/4910 6916/3402/4911 
f 6903/3391/4898 6900/3389/4895 6916/3402/4911 6917/3404/4912 
f 6884/3373/4879 6892/3381/4887 6914/3400/4909 6911/3399/4906 
s 4
f 6907/3394/4902 6906/3395/4901 6916/3402/4911 6915/3403/4910 
f 6906/3395/4901 6910/3396/4905 6917/3404/4912 6916/3402/4911 
f 6897/3384/4892 6888/3377/4883 6911/3399/4906 6914/3400/4909 
s 2
f 6891/3378/4886 6903/3391/4898 6917/3404/4912 6913/3401/4908 
s 4
f 6910/3396/4905 6898/3383/4893 6913/3401/4908 6917/3404/4912 
s 1
f 6918/3405/4913 6865/3352/4861 6866/3353/593 6919/3406/4914 
f 6920/3407/4915 6918/3405/4913 6919/3406/4914 6921/3408/4572 
f 6922/3409/4916 6920/3407/4915 6921/3408/4572 6923/3410/4917 
f 6924/3411/4918 6922/3409/4916 6923/3410/4917 6925/3412/4573 
s 2
f 6867/3355/4862 6814/3302/4810 6823/3309/4819 6876/3362/4871 
f 6871/3359/4866 6869/3357/4864 6878/3364/4873 6880/3366/4875 
f 6873/3361/4868 6871/3359/4866 6880/3366/4875 6882/3368/4877 
f 6876/3362/4871 6878/3364/4873 6869/3357/4864 6867/3355/4862 
f 6875/3363/4870 6822/3310/4818 6865/3352/4861 6918/3405/4913 
f 6877/3365/4872 6875/3363/4870 6918/3405/4913 6920/3407/4915 
f 6879/3367/4874 6877/3365/4872 6920/3407/4915 6922/3409/4916 
f 6881/3369/4876 6879/3367/4874 6922/3409/4916 6924/3411/4918 
s 1
f 6620/3098/1238 6795/3280/4791 6926/3413/4919 
f 6620/3098/1238 6926/3413/4919 6927/3414/4920 
f 6928/3415/4921 6929/3418/4922 6930/3417/4923 6931/3416/4924 
f 6931/3416/4924 6930/3417/4923 6797/3284/4793 6796/3281/4792 
s 4
f 6802/3288/4798 6932/3420/4925 6933/3419/4926 6803/3287/4799 
f 6932/3420/4925 6934/3422/4927 6935/3421/4928 6933/3419/4926 
s 1
f 6926/3413/4919 6795/3280/4791 6803/3287/4799 6933/3419/4926 
f 6927/3414/4920 6926/3413/4919 6933/3419/4926 6935/3421/4928 
s 3
f 6936/3423/4929 6937/3424/4930 6934/3422/4927 6932/3420/4925 
s 1
f 6930/3425/4923 6929/3428/4922 6938/3427/4931 6939/3426/4932 
f 6797/3294/4793 6930/3425/4923 6939/3426/4932 6806/3293/4802 
f 6937/3424/4930 6936/3423/4929 6939/3426/4932 6938/3427/4931 
f 6936/3423/4929 6805/3290/4801 6806/3293/4802 6939/3426/4932 
f 6620/3098/1238 6927/3414/4920 6940/3429/4933 
f 6620/3098/1238 6940/3429/4933 6941/3430/4934 
f 6942/3431/4935 6943/3434/4936 6944/3433/4937 6945/3432/4938 
f 6945/3432/4938 6944/3433/4937 6929/3418/4922 6928/3415/4921 
s 4
f 6934/3422/4927 6946/3436/4939 6947/3435/4940 6935/3421/4928 
f 6946/3436/4939 6948/3438/4941 6949/3437/4942 6947/3435/4940 
s 1
f 6940/3429/4933 6927/3414/4920 6935/3421/4928 6947/3435/4940 
f 6941/3430/4934 6940/3429/4933 6947/3435/4940 6949/3437/4942 
f 6950/3439/4943 6951/3440/4944 6948/3438/4941 6946/3436/4939 
f 6944/3441/4937 6943/3444/4936 6952/3443/4945 6953/3442/4946 
f 6929/3428/4922 6944/3441/4937 6953/3442/4946 6938/3427/4931 
f 6951/3440/4944 6950/3439/4943 6953/3442/4946 6952/3443/4945 
f 6950/3439/4943 6937/3424/4930 6938/3427/4931 6953/3442/4946 
f 6950/3439/4943 6946/3436/4939 6934/3422/4927 6937/3424/4930 
f 6873/3361/4868 6954/3446/4947 6955/3445/4948 6874/3360/4869 
f 6954/3446/4947 6956/3448/4949 6957/3447/4950 6955/3445/4948 
f 6956/3448/4949 6958/3450/4951 6959/3449/4952 6957/3447/4950 
f 6958/3450/4951 6960/3452/4953 6961/3451/4954 6959/3449/4952 
f 6882/3368/4877 6881/3369/4876 6962/3454/4955 6963/3453/4956 
f 6963/3453/4956 6962/3454/4955 6964/3456/4957 6965/3455/4958 
f 6965/3455/4958 6964/3456/4957 6966/3458/4959 6967/3457/4960 
f 6967/3457/4960 6966/3458/4959 6968/3460/4961 6969/3459/4962 
f 6970/3461/4963 6971/3464/4964 6972/3463/4965 6973/3462/4966 
f 6974/3465/4967 6975/3468/4968 6976/3467/4969 6977/3466/4970 
f 6978/3469/4971 6979/3472/4972 6980/3471/4973 6981/3470/4974 
f 6982/3473/4975 6983/3476/4976 6984/3475/4977 6985/3474/4978 
f 6986/3477/4979 6987/3480/4980 6988/3479/4981 6989/3478/4982 
f 6987/3480/4980 6990/3482/4983 6991/3481/4984 6988/3479/4981 
f 6980/3471/4973 6979/3472/4972 6971/3464/4964 6970/3461/4963 
f 6992/3483/4985 6993/3486/4986 6994/3485/4987 6995/3484/4988 
f 6992/3483/4985 6996/3488/4989 6997/3487/4990 6993/3486/4986 
f 6975/3468/4968 6984/3475/4977 6983/3476/4976 6976/3467/4969 
f 6990/3482/4983 6978/3469/4971 6981/3470/4974 6991/3481/4984 
f 6982/3473/4975 6985/3474/4978 6997/3487/4990 6996/3488/4989 
s 2
f 6972/3463/4965 6971/3464/4964 6998/3490/4991 6999/3489/4992 
s 4
f 6975/3468/4968 6974/3465/4967 6999/3489/4992 6998/3490/4991 
s 2
f 6979/3472/4972 6978/3469/4971 7000/3492/4993 7001/3491/4994 
s 4
f 6985/3474/4978 6984/3475/4977 7001/3491/4994 7000/3492/4993 
s 2
f 6987/3480/4980 6986/3477/4979 7002/3494/4995 7003/3493/4996 
f 6990/3482/4983 6987/3480/4980 7003/3493/4996 7004/3495/4997 
f 6971/3464/4964 6979/3472/4972 7001/3491/4994 6998/3490/4991 
s 4
f 6994/3485/4987 6993/3486/4986 7003/3493/4996 7002/3494/4995 
f 6993/3486/4986 6997/3487/4990 7004/3495/4997 7003/3493/4996 
f 6984/3475/4977 6975/3468/4968 6998/3490/4991 7001/3491/4994 
s 2
f 6978/3469/4971 6990/3482/4983 7004/3495/4997 7000/3492/4993 
s 4
f 6997/3487/4990 6985/3474/4978 7000/3492/4993 7004/3495/4997 
s 1
f 7005/3496/4998 6924/3411/4918 6925/3412/4573 7006/3497/730 
f 7007/3498/4999 7005/3496/4998 7006/3497/730 7008/3499/5000 
f 7009/3500/5001 7007/3498/4999 7008/3499/5000 7010/3501/5002 
f 7011/3502/5003 7009/3500/5001 7010/3501/5002 7012/3503/5004 
s 2
f 6954/3446/4947 6873/3361/4868 6882/3368/4877 6963/3453/4956 
f 6958/3450/4951 6956/3448/4949 6965/3455/4958 6967/3457/4960 
f 6960/3452/4953 6958/3450/4951 6967/3457/4960 6969/3459/4962 
f 6963/3453/4956 6965/3455/4958 6956/3448/4949 6954/3446/4947 
f 6962/3454/4955 6881/3369/4876 6924/3411/4918 7005/3496/4998 
f 6964/3456/4957 6962/3454/4955 7005/3496/4998 7007/3498/4999 
f 6966/3458/4959 6964/3456/4957 7007/3498/4999 7009/3500/5001 
f 6968/3460/4961 6966/3458/4959 7009/3500/5001 7011/3502/5003 
s 1
f 6960/3452/4953 7013/3505/5005 7014/3504/5006 6961/3451/4954 
f 7013/3505/5005 7015/3507/5007 7016/3506/5008 7014/3504/5006 
f 7015/3507/5007 7017/3509/5009 7018/3508/5010 7016/3506/5008 
f 7017/3509/5009 7019/3511/5011 7020/3510/5012 7018/3508/5010 
f 6969/3459/4962 6968/3460/4961 7021/3513/5013 7022/3512/5014 
f 7022/3512/5014 7021/3513/5013 7023/3515/5015 7024/3514/5016 
f 7024/3514/5016 7023/3515/5015 7025/3517/5017 7026/3516/5018 
f 7026/3516/5018 7025/3517/5017 7027/3519/5019 7028/3518/5020 
f 7029/3520/5021 7030/3523/5022 7031/3522/5023 7032/3521/5024 
f 7033/3524/5025 7034/3527/5026 7035/3526/5027 7036/3525/5028 
f 7037/3528/5029 7038/3531/5030 7039/3530/5031 7040/3529/5032 
f 7041/3532/5033 7042/3535/5034 7043/3534/5035 7044/3533/5036 
f 7045/3536/5037 7046/3539/5038 7047/3538/5039 7048/3537/5040 
f 7046/3539/5038 7049/3541/5041 7050/3540/5042 7047/3538/5039 
f 7039/3530/5031 7038/3531/5030 7030/3523/5022 7029/3520/5021 
f 7051/3542/5043 7052/3545/5044 7053/3544/5045 7054/3543/5046 
f 7051/3542/5043 7055/3547/5047 7056/3546/5048 7052/3545/5044 
f 7034/3527/5026 7043/3534/5035 7042/3535/5034 7035/3526/5027 
f 7049/3541/5041 7037/3528/5029 7040/3529/5032 7050/3540/5042 
f 7041/3532/5033 7044/3533/5036 7056/3546/5048 7055/3547/5047 
s 2
f 7031/3522/5023 7030/3523/5022 7057/3549/5049 7058/3548/5050 
s 4
f 7034/3527/5026 7033/3524/5025 7058/3548/5050 7057/3549/5049 
s 2
f 7038/3531/5030 7037/3528/5029 7059/3551/5051 7060/3550/5052 
s 4
f 7044/3533/5036 7043/3534/5035 7060/3550/5052 7059/3551/5051 
s 2
f 7046/3539/5038 7045/3536/5037 7061/3553/5053 7062/3552/5054 
f 7049/3541/5041 7046/3539/5038 7062/3552/5054 7063/3554/5055 
f 7030/3523/5022 7038/3531/5030 7060/3550/5052 7057/3549/5049 
s 4
f 7053/3544/5045 7052/3545/5044 7062/3552/5054 7061/3553/5053 
f 7052/3545/5044 7056/3546/5048 7063/3554/5055 7062/3552/5054 
f 7043/3534/5035 7034/3527/5026 7057/3549/5049 7060/3550/5052 
s 2
f 7037/3528/5029 7049/3541/5041 7063/3554/5055 7059/3551/5051 
s 4
f 7056/3546/5048 7044/3533/5036 7059/3551/5051 7063/3554/5055 
s 1
f 7064/3555/5056 7011/3502/5003 7012/3503/5004 7065/3556/5057 
f 7066/3557/5058 7064/3555/5056 7065/3556/5057 7067/3558/84 
f 7068/3559/5059 7066/3557/5058 7067/3558/84 7069/3560/5060 
f 7070/3561/5061 7068/3559/5059 7069/3560/5060 7071/3562/5062 
s 2
f 7013/3505/5005 6960/3452/4953 6969/3459/4962 7022/3512/5014 
f 7017/3509/5009 7015/3507/5007 7024/3514/5016 7026/3516/5018 
f 7019/3511/5011 7017/3509/5009 7026/3516/5018 7028/3518/5020 
f 7022/3512/5014 7024/3514/5016 7015/3507/5007 7013/3505/5005 
f 7021/3513/5013 6968/3460/4961 7011/3502/5003 7064/3555/5056 
f 7023/3515/5015 7021/3513/5013 7064/3555/5056 7066/3557/5058 
f 7025/3517/5017 7023/3515/5015 7066/3557/5058 7068/3559/5059 
f 7027/3519/5019 7025/3517/5017 7068/3559/5059 7070/3561/5061 
s 1
f 6620/3098/1238 6941/3430/4934 7072/3563/5063 
f 6620/3098/1238 7072/3563/5063 7073/3564/5064 
f 7074/3565/5065 7075/3568/5066 7076/3567/5067 7077/3566/5068 
f 7077/3566/5068 7076/3567/5067 6943/3434/4936 6942/3431/4935 
s 4
f 6948/3438/4941 7078/3570/5069 7079/3569/5070 6949/3437/4942 
f 7078/3570/5069 7080/3572/5071 7081/3571/5072 7079/3569/5070 
s 1
f 7072/3563/5063 6941/3430/4934 6949/3437/4942 7079/3569/5070 
f 7073/3564/5064 7072/3563/5063 7079/3569/5070 7081/3571/5072 
s 3
f 7082/3573/5073 7083/3574/5074 7080/3572/5071 7078/3570/5069 
s 1
f 7076/3575/5067 7075/3578/5066 7084/3577/5075 7085/3576/5076 
f 6943/3444/4936 7076/3575/5067 7085/3576/5076 6952/3443/4945 
f 7083/3574/5074 7082/3573/5073 7085/3576/5076 7084/3577/5075 
f 7082/3573/5073 6951/3440/4944 6952/3443/4945 7085/3576/5076 
f 6620/3098/1238 7073/3564/5064 7086/3579/5077 
f 6620/3098/1238 7086/3579/5077 7087/3580/5078 
f 7088/3581/5079 7089/3584/5080 7090/3583/5081 7091/3582/5082 
f 7091/3582/5082 7090/3583/5081 7075/3568/5066 7074/3565/5065 
s 4
f 7080/3572/5071 7092/3586/5083 7093/3585/5084 7081/3571/5072 
f 7092/3586/5083 7094/3588/5085 7095/3587/5086 7093/3585/5084 
s 1
f 7086/3579/5077 7073/3564/5064 7081/3571/5072 7093/3585/5084 
f 7087/3580/5078 7086/3579/5077 7093/3585/5084 7095/3587/5086 
f 7096/3589/5087 7097/3590/5088 7094/3588/5085 7092/3586/5083 
f 7090/3591/5081 7089/3594/5080 7098/3593/5089 7099/3592/5090 
f 7075/3578/5066 7090/3591/5081 7099/3592/5090 7084/3577/5075 
f 7097/3590/5088 7096/3589/5087 7099/3592/5090 7098/3593/5089 
f 7096/3589/5087 7083/3574/5074 7084/3577/5075 7099/3592/5090 
f 7096/3589/5087 7092/3586/5083 7080/3572/5071 7083/3574/5074 
f 7019/3511/5011 7100/3596/5091 7101/3595/5092 7020/3510/5012 
f 7100/3596/5091 7102/3598/5093 7103/3597/5094 7101/3595/5092 
f 7102/3598/5093 7104/3600/5095 7105/3599/5096 7103/3597/5094 
f 7104/3600/5095 7106/3602/5097 7107/3601/5098 7105/3599/5096 
f 7028/3518/5020 7027/3519/5019 7108/3604/5099 7109/3603/5100 
f 7109/3603/5100 7108/3604/5099 7110/3606/5101 7111/3605/5102 
f 7111/3605/5102 7110/3606/5101 7112/3608/5103 7113/3607/5104 
f 7113/3607/5104 7112/3608/5103 7114/3610/5105 7115/3609/5106 
f 7116/3611/5107 7117/3614/5108 7118/3613/5109 7119/3612/5110 
f 7120/3615/5111 7121/3618/5112 7122/3617/5113 7123/3616/5114 
f 7124/3619/5115 7125/3622/5116 7126/3621/5117 7127/3620/5118 
f 7128/3623/5119 7129/3626/5120 7130/3625/5121 7131/3624/5122 
f 7132/3627/5123 7133/3630/5124 7134/3629/5125 7135/3628/5126 
f 7133/3630/5124 7136/3632/5127 7137/3631/5128 7134/3629/5125 
f 7126/3621/5117 7125/3622/5116 7117/3614/5108 7116/3611/5107 
f 7138/3633/5129 7139/3636/5130 7140/3635/5131 7141/3634/5132 
f 7138/3633/5129 7142/3638/5133 7143/3637/5134 7139/3636/5130 
f 7121/3618/5112 7130/3625/5121 7129/3626/5120 7122/3617/5113 
f 7136/3632/5127 7124/3619/5115 7127/3620/5118 7137/3631/5128 
f 7128/3623/5119 7131/3624/5122 7143/3637/5134 7142/3638/5133 
s 2
f 7118/3613/5109 7117/3614/5108 7144/3640/5135 7145/3639/5136 
s 4
f 7121/3618/5112 7120/3615/5111 7145/3639/5136 7144/3640/5135 
s 2
f 7125/3622/5116 7124/3619/5115 7146/3642/5137 7147/3641/5138 
s 4
f 7131/3624/5122 7130/3625/5121 7147/3641/5138 7146/3642/5137 
s 2
f 7133/3630/5124 7132/3627/5123 7148/3644/5139 7149/3643/5140 
f 7136/3632/5127 7133/3630/5124 7149/3643/5140 7150/3645/5141 
f 7117/3614/5108 7125/3622/5116 7147/3641/5138 7144/3640/5135 
s 4
f 7140/3635/5131 7139/3636/5130 7149/3643/5140 7148/3644/5139 
f 7139/3636/5130 7143/3637/5134 7150/3645/5141 7149/3643/5140 
f 7130/3625/5121 7121/3618/5112 7144/3640/5135 7147/3641/5138 
s 2
f 7124/3619/5115 7136/3632/5127 7150/3645/5141 7146/3642/5137 
s 4
f 7143/3637/5134 7131/3624/5122 7146/3642/5137 7150/3645/5141 
s 1
f 7151/3646/5142 7070/3561/5061 7071/3562/5062 7152/3647/5143 
f 7153/3648/5144 7151/3646/5142 7152/3647/5143 7154/3649/5145 
f 7155/3650/5146 7153/3648/5144 7154/3649/5145 7156/3651/731 
f 7157/3652/5147 7155/3650/5146 7156/3651/731 7158/3653/5148 
s 2
f 7100/3596/5091 7019/3511/5011 7028/3518/5020 7109/3603/5100 
f 7104/3600/5095 7102/3598/5093 7111/3605/5102 7113/3607/5104 
f 7106/3602/5097 7104/3600/5095 7113/3607/5104 7115/3609/5106 
f 7109/3603/5100 7111/3605/5102 7102/3598/5093 7100/3596/5091 
f 7108/3604/5099 7027/3519/5019 7070/3561/5061 7151/3646/5142 
f 7110/3606/5101 7108/3604/5099 7151/3646/5142 7153/3648/5144 
f 7112/3608/5103 7110/3606/5101 7153/3648/5144 7155/3650/5146 
f 7114/3610/5105 7112/3608/5103 7155/3650/5146 7157/3652/5147 
s 1
f 7106/3602/5097 7159/3655/5149 7160/3654/5150 7107/3601/5098 
f 7159/3655/5149 7161/3657/5151 7162/3656/5152 7160/3654/5150 
f 7161/3657/5151 7163/3659/5153 7164/3658/5154 7162/3656/5152 
f 7163/3659/5153 7165/3661/5155 7166/3660/5156 7164/3658/5154 
f 7115/3609/5106 7114/3610/5105 7167/3663/5157 7168/3662/5158 
f 7168/3662/5158 7167/3663/5157 7169/3665/5159 7170/3664/5160 
f 7170/3664/5160 7169/3665/5159 7171/3667/5161 7172/3666/5162 
f 7172/3666/5162 7171/3667/5161 7173/3669/5163 7174/3668/5164 
f 7175/3670/5165 7176/3673/5166 7177/3672/5167 7178/3671/5168 
f 7179/3674/5169 7180/3677/5170 7181/3676/5171 7182/3675/5172 
f 7183/3678/5173 7184/3681/5174 7185/3680/5175 7186/3679/5176 
f 7187/3682/5177 7188/3685/5178 7189/3684/5179 7190/3683/5180 
f 7191/3686/5181 7192/3689/5182 7193/3688/5183 7194/3687/5184 
f 7192/3689/5182 7195/3691/5185 7196/3690/5186 7193/3688/5183 
f 7185/3680/5175 7184/3681/5174 7176/3673/5166 7175/3670/5165 
f 7197/3692/5187 7198/3695/5188 7199/3694/5189 7200/3693/5190 
f 7197/3692/5187 7201/3697/5191 7202/3696/5192 7198/3695/5188 
f 7180/3677/5170 7189/3684/5179 7188/3685/5178 7181/3676/5171 
f 7195/3691/5185 7183/3678/5173 7186/3679/5176 7196/3690/5186 
f 7187/3682/5177 7190/3683/5180 7202/3696/5192 7201/3697/5191 
s 2
f 7177/3672/5167 7176/3673/5166 7203/3699/5193 7204/3698/5194 
s 4
f 7180/3677/5170 7179/3674/5169 7204/3698/5194 7203/3699/5193 
s 2
f 7184/3681/5174 7183/3678/5173 7205/3701/5195 7206/3700/5196 
s 4
f 7190/3683/5180 7189/3684/5179 7206/3700/5196 7205/3701/5195 
s 2
f 7192/3689/5182 7191/3686/5181 7207/3703/5197 7208/3702/5198 
f 7195/3691/5185 7192/3689/5182 7208/3702/5198 7209/3704/5199 
f 7176/3673/5166 7184/3681/5174 7206/3700/5196 7203/3699/5193 
s 4
f 7199/3694/5189 7198/3695/5188 7208/3702/5198 7207/3703/5197 
f 7198/3695/5188 7202/3696/5192 7209/3704/5199 7208/3702/5198 
f 7189/3684/5179 7180/3677/5170 7203/3699/5193 7206/3700/5196 
s 2
f 7183/3678/5173 7195/3691/5185 7209/3704/5199 7205/3701/5195 
s 4
f 7202/3696/5192 7190/3683/5180 7205/3701/5195 7209/3704/5199 
s 1
f 7210/3705/5200 7157/3652/5147 7158/3653/5148 7211/3706/5201 
f 7212/3707/5202 7210/3705/5200 7211/3706/5201 7213/3708/5203 
f 7214/3709/5204 7212/3707/5202 7213/3708/5203 7215/3710/5205 
f 7216/3711/5206 7214/3709/5204 7215/3710/5205 7217/3712/684 
s 2
f 7159/3655/5149 7106/3602/5097 7115/3609/5106 7168/3662/5158 
f 7163/3659/5153 7161/3657/5151 7170/3664/5160 7172/3666/5162 
f 7165/3661/5155 7163/3659/5153 7172/3666/5162 7174/3668/5164 
f 7168/3662/5158 7170/3664/5160 7161/3657/5151 7159/3655/5149 
f 7167/3663/5157 7114/3610/5105 7157/3652/5147 7210/3705/5200 
f 7169/3665/5159 7167/3663/5157 7210/3705/5200 7212/3707/5202 
f 7171/3667/5161 7169/3665/5159 7212/3707/5202 7214/3709/5204 
f 7173/3669/5163 7171/3667/5161 7214/3709/5204 7216/3711/5206 
s 1
f 6620/3098/1238 7087/3580/5078 7218/3713/5207 
f 6620/3098/1238 7218/3713/5207 7219/3714/5208 
f 7220/3715/5209 7221/3718/5210 7222/3717/5211 7223/3716/5212 
f 7223/3716/5212 7222/3717/5211 7089/3584/5080 7088/3581/5079 
s 4
f 7094/3588/5085 7224/3720/5213 7225/3719/5214 7095/3587/5086 
f 7224/3720/5213 7226/3722/5215 7227/3721/5216 7225/3719/5214 
s 1
f 7218/3713/5207 7087/3580/5078 7095/3587/5086 7225/3719/5214 
f 7219/3714/5208 7218/3713/5207 7225/3719/5214 7227/3721/5216 
s 3
f 7228/3723/5217 7229/3724/5218 7226/3722/5215 7224/3720/5213 
s 1
f 7222/3725/5211 7221/3728/5210 7230/3727/5219 7231/3726/5220 
f 7089/3594/5080 7222/3725/5211 7231/3726/5220 7098/3593/5089 
f 7229/3724/5218 7228/3723/5217 7231/3726/5220 7230/3727/5219 
f 7228/3723/5217 7097/3590/5088 7098/3593/5089 7231/3726/5220 
f 6620/3098/1238 7219/3714/5208 7232/3729/5221 
f 6620/3098/1238 7232/3729/5221 6621/3100/4622 
f 6629/3106/4630 6628/3107/4629 7233/3731/5222 7234/3730/5223 
f 7234/3730/5223 7233/3731/5222 7221/3718/5210 7220/3715/5209 
s 4
f 7226/3722/5215 7235/3733/5224 7236/3732/5225 7227/3721/5216 
f 7235/3733/5224 6630/3108/4631 6633/3109/4634 7236/3732/5225 
s 1
f 7232/3729/5221 7219/3714/5208 7227/3721/5216 7236/3732/5225 
f 6621/3100/4622 7232/3729/5221 7236/3732/5225 6633/3109/4634 
f 7237/3734/5226 6641/3122/4642 6630/3108/4631 7235/3733/5224 
f 7233/3735/5222 6628/3120/4629 6640/3121/4641 7238/3736/5227 
f 7221/3728/5210 7233/3735/5222 7238/3736/5227 7230/3727/5219 
f 6641/3122/4642 7237/3734/5226 7238/3736/5227 6640/3121/4641 
f 7237/3734/5226 7229/3724/5218 7230/3727/5219 7238/3736/5227 
f 7237/3734/5226 7235/3733/5224 7226/3722/5215 7229/3724/5218 
f 7165/3661/5155 7239/3738/5228 7240/3737/5229 7166/3660/5156 
f 7239/3738/5228 7241/3740/5230 7242/3739/5231 7240/3737/5229 
f 7241/3740/5230 7243/3742/5232 7244/3741/5233 7242/3739/5231 
f 7243/3742/5232 7245/3744/5234 7246/3743/5235 7244/3741/5233 
f 7174/3668/5164 7173/3669/5163 7247/3746/5236 7248/3745/5237 
f 7248/3745/5237 7247/3746/5236 7249/3748/5238 7250/3747/5239 
f 7250/3747/5239 7249/3748/5238 7251/3750/5240 7252/3749/5241 
f 7252/3749/5241 7251/3750/5240 7253/3752/5242 7254/3751/5243 
f 7255/3753/5244 7256/3756/5245 7257/3755/5246 7258/3754/5247 
f 7259/3757/5248 7260/3760/5249 7261/3759/5250 7262/3758/5251 
f 7263/3761/5252 7264/3764/5253 7265/3763/5254 7266/3762/5255 
f 7267/3765/5256 7268/3768/5257 7269/3767/5258 7270/3766/5259 
f 7271/3769/5260 7272/3772/5261 7273/3771/5262 7274/3770/5263 
f 7272/3772/5261 7275/3774/5264 7276/3773/5265 7273/3771/5262 
f 7265/3763/5254 7264/3764/5253 7256/3756/5245 7255/3753/5244 
f 7277/3775/5266 7278/3778/5267 7279/3777/5268 7280/3776/5269 
f 7277/3775/5266 7281/3780/5270 7282/3779/5271 7278/3778/5267 
f 7260/3760/5249 7269/3767/5258 7268/3768/5257 7261/3759/5250 
f 7275/3774/5264 7263/3761/5252 7266/3762/5255 7276/3773/5265 
f 7267/3765/5256 7270/3766/5259 7282/3779/5271 7281/3780/5270 
s 2
f 7257/3755/5246 7256/3756/5245 7283/3782/5272 7284/3781/5273 
s 4
f 7260/3760/5249 7259/3757/5248 7284/3781/5273 7283/3782/5272 
s 2
f 7264/3764/5253 7263/3761/5252 7285/3784/5274 7286/3783/5275 
s 4
f 7270/3766/5259 7269/3767/5258 7286/3783/5275 7285/3784/5274 
s 2
f 7272/3772/5261 7271/3769/5260 7287/3786/5276 7288/3785/5277 
f 7275/3774/5264 7272/3772/5261 7288/3785/5277 7289/3787/5278 
f 7256/3756/5245 7264/3764/5253 7286/3783/5275 7283/3782/5272 
s 4
f 7279/3777/5268 7278/3778/5267 7288/3785/5277 7287/3786/5276 
f 7278/3778/5267 7282/3779/5271 7289/3787/5278 7288/3785/5277 
f 7269/3767/5258 7260/3760/5249 7283/3782/5272 7286/3783/5275 
s 2
f 7263/3761/5252 7275/3774/5264 7289/3787/5278 7285/3784/5274 
s 4
f 7282/3779/5271 7270/3766/5259 7285/3784/5274 7289/3787/5278 
s 1
f 7290/3788/5279 7216/3711/5206 7217/3712/684 7291/3789/5280 
f 7292/3790/5281 7290/3788/5279 7291/3789/5280 7293/3791/5282 
f 7294/3792/5283 7292/3790/5281 7293/3791/5282 7295/3793/5284 
f 7296/3794/5285 7294/3792/5283 7295/3793/5284 7297/3795/4515 
s 2
f 7239/3738/5228 7165/3661/5155 7174/3668/5164 7248/3745/5237 
f 7243/3742/5232 7241/3740/5230 7250/3747/5239 7252/3749/5241 
f 7245/3744/5234 7243/3742/5232 7252/3749/5241 7254/3751/5243 
f 7248/3745/5237 7250/3747/5239 7241/3740/5230 7239/3738/5228 
f 7247/3746/5236 7173/3669/5163 7216/3711/5206 7290/3788/5279 
f 7249/3748/5238 7247/3746/5236 7290/3788/5279 7292/3790/5281 
f 7251/3750/5240 7249/3748/5238 7292/3790/5281 7294/3792/5283 
f 7253/3752/5242 7251/3750/5240 7294/3792/5283 7296/3794/5285 
s 1
f 7245/3744/5234 7298/3797/5286 7299/3796/5287 7246/3743/5235 
f 7298/3797/5286 7300/3799/5288 7301/3798/5289 7299/3796/5287 
f 7300/3799/5288 7302/3801/5290 7303/3800/5291 7301/3798/5289 
f 7302/3801/5290 6656/3139/4657 6659/3140/4660 7303/3800/5291 
f 7254/3751/5243 7253/3752/5242 7304/3803/5292 7305/3802/5293 
f 7305/3802/5293 7304/3803/5292 7306/3805/5294 7307/3804/5295 
f 7307/3804/5295 7306/3805/5294 7308/3807/5296 7309/3806/5297 
f 7309/3806/5297 7308/3807/5296 6667/3152/4668 6666/3149/4667 
f 7310/3808/5298 7311/3811/5299 7312/3810/5300 7313/3809/5301 
f 7314/3812/5302 7315/3815/5303 7316/3814/5304 7317/3813/5305 
f 7318/3816/5306 7319/3819/5307 7320/3818/5308 7321/3817/5309 
f 7322/3820/5310 7323/3823/5311 7324/3822/5312 7325/3821/5313 
f 7326/3824/5314 7327/3827/5315 7328/3826/5316 7329/3825/5317 
f 7327/3827/5315 7330/3829/5318 7331/3828/5319 7328/3826/5316 
f 7320/3818/5308 7319/3819/5307 7311/3811/5299 7310/3808/5298 
f 7332/3830/5320 7333/3833/5321 7334/3832/5322 7335/3831/5323 
f 7332/3830/5320 7336/3835/5324 7337/3834/5325 7333/3833/5321 
f 7315/3815/5303 7324/3822/5312 7323/3823/5311 7316/3814/5304 
f 7330/3829/5318 7318/3816/5306 7321/3817/5309 7331/3828/5319 
f 7322/3820/5310 7325/3821/5313 7337/3834/5325 7336/3835/5324 
s 2
f 7312/3810/5300 7311/3811/5299 7338/3837/5326 7339/3836/5327 
s 4
f 7315/3815/5303 7314/3812/5302 7339/3836/5327 7338/3837/5326 
s 2
f 7319/3819/5307 7318/3816/5306 7340/3839/5328 7341/3838/5329 
s 4
f 7325/3821/5313 7324/3822/5312 7341/3838/5329 7340/3839/5328 
s 2
f 7327/3827/5315 7326/3824/5314 7342/3841/5330 7343/3840/5331 
f 7330/3829/5318 7327/3827/5315 7343/3840/5331 7344/3842/5332 
f 7311/3811/5299 7319/3819/5307 7341/3838/5329 7338/3837/5326 
s 4
f 7334/3832/5322 7333/3833/5321 7343/3840/5331 7342/3841/5330 
f 7333/3833/5321 7337/3834/5325 7344/3842/5332 7343/3840/5331 
f 7324/3822/5312 7315/3815/5303 7338/3837/5326 7341/3838/5329 
s 2
f 7318/3816/5306 7330/3829/5318 7344/3842/5332 7340/3839/5328 
s 4
f 7337/3834/5325 7325/3821/5313 7340/3839/5328 7344/3842/5332 
s 1
f 7345/3843/5333 7296/3794/5285 7297/3795/4515 7346/3844/605 
f 7347/3845/5334 7345/3843/5333 7346/3844/605 7348/3846/5335 
f 7349/3847/5336 7347/3845/5334 7348/3846/5335 7350/3848/4567 
f 6712/3197/4713 7349/3847/5336 7350/3848/4567 6713/3196/3938 
s 2
f 7298/3797/5286 7245/3744/5234 7254/3751/5243 7305/3802/5293 
f 7302/3801/5290 7300/3799/5288 7307/3804/5295 7309/3806/5297 
f 6656/3139/4657 7302/3801/5290 7309/3806/5297 6666/3149/4667 
f 7305/3802/5293 7307/3804/5295 7300/3799/5288 7298/3797/5286 
f 7304/3803/5292 7253/3752/5242 7296/3794/5285 7345/3843/5333 
f 7306/3805/5294 7304/3803/5292 7345/3843/5333 7347/3845/5334 
f 7308/3807/5296 7306/3805/5294 7347/3845/5334 7349/3847/5336 
f 6667/3152/4668 7308/3807/5296 7349/3847/5336 6712/3197/4713 
s off
f 7351/3849/1238 7352/3849/1238 7353/3849/1238 
f 7354/3849/1238 7351/3849/1238 7353/3849/1238 
f 7355/3849/1238 7354/3849/1238 7353/3849/1238 
f 7356/3849/1238 7355/3849/1238 7353/3849/1238 
f 7357/3849/1238 7356/3849/1238 7353/3849/1238 
f 7358/3849/1238 7357/3849/1238 7353/3849/1238 
f 7359/3849/1238 7358/3849/1238 7353/3849/1238 
f 7360/3849/1238 7359/3849/1238 7353/3849/1238 
f 7361/3849/1238 7360/3849/1238 7353/3849/1238 
f 7362/3849/1238 7361/3849/1238 7353/3849/1238 
f 7363/3849/1238 7362/3849/1238 7353/3849/1238 
f 7364/3849/1238 7363/3849/1238 7353/3849/1238 
f 7365/3849/1238 7364/3849/1238 7353/3849/1238 
f 7366/3849/1238 7365/3849/1238 7353/3849/1238 
f 7367/3849/1238 7366/3849/1238 7353/3849/1238 
f 7368/3849/1238 7367/3849/1238 7353/3849/1238 
f 7369/3849/1238 7368/3849/1238 7353/3849/1238 
f 7370/3849/1238 7369/3849/1238 7353/3849/1238 
f 7371/3849/1238 7370/3849/1238 7353/3849/1238 
f 7352/3849/1238 7371/3849/1238 7353/3849/1238 
s 3
f 6636/3114/4637 6631/3111/4632 6630/3108/4631 6641/3122/4642 
f 6790/3273/4786 6786/3270/4782 6650/3132/4651 6653/3134/4654 
f 6936/3423/4929 6932/3420/4925 6802/3288/4798 6805/3290/4801 
f 7082/3573/5073 7078/3570/5069 6948/3438/4941 6951/3440/4944 
f 7228/3723/5217 7224/3720/5213 7094/3588/5085 7097/3590/5088 
s 1
f 7372/3094/4574 7373/3095/4575 7374/3095/4576 7375/3094/4577 
f 7375/3094/4577 7374/3095/4576 7376/3095/4578 7377/3094/4579 
f 7377/3094/4579 7376/3095/4578 7378/3095/5337 7379/3094/4581 
f 7379/3094/4581 7378/3095/5337 7380/3095/4582 7381/3094/4583 
f 7381/3094/4583 7380/3095/4582 7382/3095/4584 7383/3094/5338 
f 7383/3094/5338 7382/3095/4584 7384/3095/4586 7385/3094/4587 
f 7385/3094/4587 7384/3095/4586 7386/3095/4588 7387/3094/4589 
f 7387/3094/4589 7386/3095/4588 7388/3095/4590 7389/3094/4591 
f 7389/3094/4591 7388/3095/4590 7390/3095/4592 7391/3094/4593 
f 7391/3094/4593 7390/3095/4592 7392/3095/4594 7393/3094/4595 
f 7393/3094/4595 7392/3095/4594 7394/3095/4596 7395/3094/4597 
f 7395/3094/4597 7394/3095/4596 7373/3095/4575 7372/3094/4574 
s 2
f 7396/3096/4598 7397/3096/4599 7398/3096/4600 7399/3096/4601 
s 1
f 7372/3094/4574 7375/3094/4577 7397/3096/4599 7396/3096/4598 
f 7375/3094/4577 7377/3094/4579 7400/3096/4602 7397/3096/4599 
f 7377/3094/4579 7379/3094/4581 7401/3096/4603 7400/3096/4602 
f 7379/3094/4581 7381/3094/4583 7402/3096/4604 7401/3096/4603 
f 7381/3094/4583 7383/3094/5338 7398/3096/4600 7402/3096/4604 
f 7383/3094/5338 7385/3094/4587 7399/3096/4601 7398/3096/4600 
f 7385/3094/4587 7387/3094/4589 7403/3096/4605 7399/3096/4601 
f 7387/3094/4589 7389/3094/4591 7404/3096/4606 7403/3096/4605 
f 7389/3094/4591 7391/3094/4593 7405/3096/4607 7404/3096/4606 
f 7391/3094/4593 7393/3094/4595 7406/3096/4608 7405/3096/4607 
f 7393/3094/4595 7395/3094/4597 7407/3096/4609 7406/3096/4608 
f 7395/3094/4597 7372/3094/4574 7396/3096/4598 7407/3096/4609 
s 2
f 7374/3095/4576 7373/3095/4575 7408/3097/4610 7409/3097/4611 
f 7376/3095/4578 7374/3095/4576 7409/3097/4611 7410/3097/4612 
f 7378/3095/5337 7376/3095/4578 7410/3097/4612 7411/3097/4613 
f 7380/3095/4582 7378/3095/5337 7411/3097/4613 7412/3097/4614 
f 7382/3095/4584 7380/3095/4582 7412/3097/4614 7413/3097/4615 
f 7384/3095/4586 7382/3095/4584 7413/3097/4615 7414/3097/4616 
f 7386/3095/4588 7384/3095/4586 7414/3097/4616 7415/3097/4617 
f 7388/3095/4590 7386/3095/4588 7415/3097/4617 7416/3097/4618 
f 7390/3095/4592 7388/3095/4590 7416/3097/4618 7417/3097/4619 
f 7392/3095/4594 7390/3095/4592 7417/3097/4619 7418/3097/4620 
f 7394/3095/4596 7392/3095/4594 7418/3097/4620 7419/3097/4621 
f 7373/3095/4575 7394/3095/4596 7419/3097/4621 7408/3097/4610 
f 7396/3096/4598 7399/3096/4601 7403/3096/4605 7407/3096/4609 
f 7398/3096/4600 7397/3096/4599 7400/3096/4602 7402/3096/4604 
f 7402/3096/4604 7400/3096/4602 7401/3096/4603 
f 7407/3096/4609 7403/3096/4605 7404/3096/4606 7406/3096/4608 
f 7406/3096/4608 7404/3096/4606 7405/3096/4607 
s 1
f 7420/3098/1238 7421/3100/4622 7422/3099/4623 
f 7420/3098/1238 7422/3099/4623 7423/3101/4624 
f 7424/3102/4625 7425/3105/4626 7426/3104/4627 7427/3103/4628 
f 7427/3103/4628 7426/3104/4627 7428/3107/4629 7429/3106/4630 
s 4
f 7430/3108/4631 7431/3111/4632 7432/3110/4633 7433/3109/4634 
f 7431/3111/4632 7434/3113/4635 7435/3112/4636 7432/3110/4633 
s 1
f 7422/3099/4623 7421/3100/4622 7433/3109/4634 7432/3110/4633 
f 7423/3101/4624 7422/3099/4623 7432/3110/4633 7435/3112/4636 
s 3
f 7436/3114/4637 7437/3115/4638 7434/3113/4635 7431/3111/4632 
s 1
f 7426/3116/4627 7425/3119/4626 7438/3118/4639 7439/3117/4640 
f 7428/3120/4629 7426/3116/4627 7439/3117/4640 7440/3121/4641 
f 7437/3115/4638 7436/3114/4637 7439/3117/4640 7438/3118/4639 
f 7436/3114/4637 7441/3122/4642 7440/3121/4641 7439/3117/4640 
f 7420/3098/1238 7423/3101/4624 7442/3123/4643 
f 7420/3098/1238 7442/3123/4643 7443/3124/4644 
f 7444/3125/4645 7445/3128/4646 7446/3127/4647 7447/3126/4648 
f 7447/3126/4648 7446/3127/4647 7425/3105/4626 7424/3102/4625 
s 4
f 7434/3113/4635 7448/3130/4649 7449/3129/4650 7435/3112/4636 
f 7448/3130/4649 7450/3132/4651 7451/3131/4652 7449/3129/4650 
s 1
f 7442/3123/4643 7423/3101/4624 7435/3112/4636 7449/3129/4650 
f 7443/3124/4644 7442/3123/4643 7449/3129/4650 7451/3131/4652 
f 7452/3133/4653 7453/3134/4654 7450/3132/4651 7448/3130/4649 
f 7446/3135/4647 7445/3138/4646 7454/3137/4655 7455/3136/4656 
f 7425/3119/4626 7446/3135/4647 7455/3136/4656 7438/3118/4639 
f 7453/3134/4654 7452/3133/4653 7455/3136/4656 7454/3137/4655 
f 7452/3133/4653 7437/3115/4638 7438/3118/4639 7455/3136/4656 
f 7452/3133/4653 7448/3130/4649 7434/3113/4635 7437/3115/4638 
f 7456/3139/4657 7457/3142/4658 7458/3141/4659 7459/3140/4660 
f 7457/3142/4658 7460/3144/4661 7461/3143/4662 7458/3141/4659 
f 7460/3144/4661 7462/3146/4663 7463/3145/4664 7461/3143/4662 
f 7462/3146/4663 7464/3148/4665 7465/3147/4666 7463/3145/4664 
f 7466/3149/4667 7467/3152/4668 7468/3151/4669 7469/3150/4670 
f 7469/3150/4670 7468/3151/4669 7470/3154/4671 7471/3153/4672 
f 7471/3153/4672 7470/3154/4671 7472/3156/4673 7473/3155/4674 
f 7473/3155/4674 7472/3156/4673 7474/3158/4675 7475/3157/4676 
f 7476/3159/4677 7477/3162/4678 7478/3161/4679 7479/3160/4680 
f 7480/3163/4681 7481/3166/4682 7482/3165/4683 7483/3164/4684 
f 7484/3167/4685 7485/3170/4686 7486/3169/4687 7487/3168/4688 
f 7488/3171/4689 7489/3174/4690 7490/3173/4691 7491/3172/4692 
f 7492/3175/4693 7493/3178/4694 7494/3177/4695 7495/3176/4696 
f 7493/3178/4694 7496/3180/4697 7497/3179/4698 7494/3177/4695 
f 7486/3169/4687 7485/3170/4686 7477/3162/4678 7476/3159/4677 
f 7498/3181/4699 7499/3184/4700 7500/3183/4701 7501/3182/4702 
f 7498/3181/4699 7502/3186/4703 7503/3185/4704 7499/3184/4700 
f 7481/3166/4682 7490/3173/4691 7489/3174/4690 7482/3165/4683 
f 7496/3180/4697 7484/3167/4685 7487/3168/4688 7497/3179/4698 
f 7488/3171/4689 7491/3172/4692 7503/3185/4704 7502/3186/4703 
s 2
f 7478/3161/4679 7477/3162/4678 7504/3188/4705 7505/3187/4706 
s 4
f 7481/3166/4682 7480/3163/4681 7505/3187/4706 7504/3188/4705 
s 2
f 7485/3170/4686 7484/3167/4685 7506/3190/4707 7507/3189/4708 
s 4
f 7491/3172/4692 7490/3173/4691 7507/3189/4708 7506/3190/4707 
s 2
f 7493/3178/4694 7492/3175/4693 7508/3192/4709 7509/3191/4710 
f 7496/3180/4697 7493/3178/4694 7509/3191/4710 7510/3193/4711 
f 7477/3162/4678 7485/3170/4686 7507/3189/4708 7504/3188/4705 
s 4
f 7500/3183/4701 7499/3184/4700 7509/3191/4710 7508/3192/4709 
f 7499/3184/4700 7503/3185/4704 7510/3193/4711 7509/3191/4710 
f 7490/3173/4691 7481/3166/4682 7504/3188/4705 7507/3189/4708 
s 2
f 7484/3167/4685 7496/3180/4697 7510/3193/4711 7506/3190/4707 
s 4
f 7503/3185/4704 7491/3172/4692 7506/3190/4707 7510/3193/4711 
s 1
f 7511/3194/4712 7512/3197/4713 7513/3196/3938 7514/3195/3937 
f 7515/3198/4714 7511/3194/4712 7514/3195/3937 7516/3199/601 
f 7517/3200/4715 7515/3198/4714 7516/3199/601 7518/3201/4716 
f 7519/3202/4717 7517/3200/4715 7518/3201/4716 7520/3203/3944 
s 2
f 7457/3142/4658 7456/3139/4657 7466/3149/4667 7469/3150/4670 
f 7462/3146/4663 7460/3144/4661 7471/3153/4672 7473/3155/4674 
f 7464/3148/4665 7462/3146/4663 7473/3155/4674 7475/3157/4676 
f 7469/3150/4670 7471/3153/4672 7460/3144/4661 7457/3142/4658 
f 7468/3151/4669 7467/3152/4668 7512/3197/4713 7511/3194/4712 
f 7470/3154/4671 7468/3151/4669 7511/3194/4712 7515/3198/4714 
f 7472/3156/4673 7470/3154/4671 7515/3198/4714 7517/3200/4715 
f 7474/3158/4675 7472/3156/4673 7517/3200/4715 7519/3202/4717 
s 1
f 7464/3148/4665 7521/3205/4718 7522/3204/4719 7465/3147/4666 
f 7521/3205/4718 7523/3207/4720 7524/3206/4721 7522/3204/4719 
f 7523/3207/4720 7525/3209/4722 7526/3208/4723 7524/3206/4721 
f 7525/3209/4722 7527/3211/4724 7528/3210/4725 7526/3208/4723 
f 7475/3157/4676 7474/3158/4675 7529/3213/4726 7530/3212/4727 
f 7530/3212/4727 7529/3213/4726 7531/3215/4728 7532/3214/4729 
f 7532/3214/4729 7531/3215/4728 7533/3217/4730 7534/3216/4731 
f 7534/3216/4731 7533/3217/4730 7535/3219/4732 7536/3218/4733 
f 7537/3220/4734 7538/3223/4735 7539/3222/4736 7540/3221/4737 
f 7541/3224/4738 7542/3227/4739 7543/3226/4740 7544/3225/4741 
f 7545/3228/4742 7546/3231/4743 7547/3230/4744 7548/3229/4745 
f 7549/3232/4746 7550/3235/4747 7551/3234/4748 7552/3233/4749 
f 7553/3236/4750 7554/3239/4751 7555/3238/4752 7556/3237/4753 
f 7554/3239/4751 7557/3241/4754 7558/3240/4755 7555/3238/4752 
f 7547/3230/4744 7546/3231/4743 7538/3223/4735 7537/3220/4734 
f 7559/3242/4756 7560/3245/4757 7561/3244/4758 7562/3243/4759 
f 7559/3242/4756 7563/3247/4760 7564/3246/4761 7560/3245/4757 
f 7542/3227/4739 7551/3234/4748 7550/3235/4747 7543/3226/4740 
f 7557/3241/4754 7545/3228/4742 7548/3229/4745 7558/3240/4755 
f 7549/3232/4746 7552/3233/4749 7564/3246/4761 7563/3247/4760 
s 2
f 7539/3222/4736 7538/3223/4735 7565/3249/4762 7566/3248/4763 
s 4
f 7542/3227/4739 7541/3224/4738 7566/3248/4763 7565/3249/4762 
s 2
f 7546/3231/4743 7545/3228/4742 7567/3251/4764 7568/3250/4765 
s 4
f 7552/3233/4749 7551/3234/4748 7568/3250/4765 7567/3251/4764 
s 2
f 7554/3239/4751 7553/3236/4750 7569/3253/4766 7570/3252/4767 
f 7557/3241/4754 7554/3239/4751 7570/3252/4767 7571/3254/4768 
f 7538/3223/4735 7546/3231/4743 7568/3250/4765 7565/3249/4762 
s 4
f 7561/3244/4758 7560/3245/4757 7570/3252/4767 7569/3253/4766 
f 7560/3245/4757 7564/3246/4761 7571/3254/4768 7570/3252/4767 
f 7551/3234/4748 7542/3227/4739 7565/3249/4762 7568/3250/4765 
s 2
f 7545/3228/4742 7557/3241/4754 7571/3254/4768 7567/3251/4764 
s 4
f 7564/3246/4761 7552/3233/4749 7567/3251/4764 7571/3254/4768 
s 1
f 7572/3255/4769 7519/3202/4717 7520/3203/3944 7573/3256/4770 
f 7574/3257/4771 7572/3255/4769 7573/3256/4770 7575/3258/4772 
f 7576/3259/4773 7574/3257/4771 7575/3258/4772 7577/3260/597 
f 7578/3261/4774 7576/3259/4773 7577/3260/597 7579/3262/4775 
s 2
f 7521/3205/4718 7464/3148/4665 7475/3157/4676 7530/3212/4727 
f 7525/3209/4722 7523/3207/4720 7532/3214/4729 7534/3216/4731 
f 7527/3211/4724 7525/3209/4722 7534/3216/4731 7536/3218/4733 
f 7530/3212/4727 7532/3214/4729 7523/3207/4720 7521/3205/4718 
f 7529/3213/4726 7474/3158/4675 7519/3202/4717 7572/3255/4769 
f 7531/3215/4728 7529/3213/4726 7572/3255/4769 7574/3257/4771 
f 7533/3217/4730 7531/3215/4728 7574/3257/4771 7576/3259/4773 
f 7535/3219/4732 7533/3217/4730 7576/3259/4773 7578/3261/4774 
s 1
f 7420/3098/1238 7443/3124/4644 7580/3263/4776 
f 7420/3098/1238 7580/3263/4776 7581/3264/4777 
f 7582/3265/4778 7583/3268/4779 7584/3267/4780 7585/3266/4781 
f 7585/3266/4781 7584/3267/4780 7445/3128/4646 7444/3125/4645 
s 4
f 7450/3132/4651 7586/3270/4782 7587/3269/4783 7451/3131/4652 
f 7586/3270/4782 7588/3272/4784 7589/3271/4785 7587/3269/4783 
s 1
f 7580/3263/4776 7443/3124/4644 7451/3131/4652 7587/3269/4783 
f 7581/3264/4777 7580/3263/4776 7587/3269/4783 7589/3271/4785 
s 3
f 7590/3273/4786 7591/3274/4787 7588/3272/4784 7586/3270/4782 
s 1
f 7584/3275/4780 7583/3278/4779 7592/3277/4788 7593/3276/4789 
f 7445/3138/4646 7584/3275/4780 7593/3276/4789 7454/3137/4655 
f 7591/3274/4787 7590/3273/4786 7593/3276/4789 7592/3277/4788 
f 7590/3273/4786 7453/3134/4654 7454/3137/4655 7593/3276/4789 
f 7420/3098/1238 7581/3264/4777 7594/3279/4790 
f 7420/3098/1238 7594/3279/4790 7595/3280/4791 
f 7596/3281/4792 7597/3284/4793 7598/3283/4794 7599/3282/4795 
f 7599/3282/4795 7598/3283/4794 7583/3268/4779 7582/3265/4778 
s 4
f 7588/3272/4784 7600/3286/4796 7601/3285/4797 7589/3271/4785 
f 7600/3286/4796 7602/3288/4798 7603/3287/4799 7601/3285/4797 
s 1
f 7594/3279/4790 7581/3264/4777 7589/3271/4785 7601/3285/4797 
f 7595/3280/4791 7594/3279/4790 7601/3285/4797 7603/3287/4799 
f 7604/3289/4800 7605/3290/4801 7602/3288/4798 7600/3286/4796 
f 7598/3291/4794 7597/3294/4793 7606/3293/4802 7607/3292/4803 
f 7583/3278/4779 7598/3291/4794 7607/3292/4803 7592/3277/4788 
f 7605/3290/4801 7604/3289/4800 7607/3292/4803 7606/3293/4802 
f 7604/3289/4800 7591/3274/4787 7592/3277/4788 7607/3292/4803 
f 7604/3289/4800 7600/3286/4796 7588/3272/4784 7591/3274/4787 
f 7527/3211/4724 7608/3296/4804 7609/3295/4805 7528/3210/4725 
f 7608/3296/4804 7610/3298/4806 7611/3297/4807 7609/3295/4805 
f 7610/3298/4806 7612/3300/4808 7613/3299/4809 7611/3297/4807 
f 7612/3300/4808 7614/3302/4810 7615/3301/5339 7613/3299/4809 
f 7536/3218/4733 7535/3219/4732 7616/3304/4812 7617/3303/4813 
f 7617/3303/4813 7616/3304/4812 7618/3306/4814 7619/3305/4815 
f 7619/3305/4815 7618/3306/4814 7620/3308/4816 7621/3307/4817 
f 7621/3307/4817 7620/3308/4816 7622/3310/4818 7623/3309/4819 
f 7624/3311/4820 7625/3314/4821 7626/3313/4822 7627/3312/4823 
f 7628/3315/4824 7629/3318/4825 7630/3317/4826 7631/3316/4827 
f 7632/3319/4828 7633/3322/4829 7634/3321/4830 7635/3320/4831 
f 7636/3323/4832 7637/3326/4833 7638/3325/4834 7639/3324/4835 
f 7640/3327/4836 7641/3330/4837 7642/3329/4838 7643/3328/4839 
f 7641/3330/4837 7644/3332/4840 7645/3331/4841 7642/3329/4838 
f 7634/3321/4830 7633/3322/4829 7625/3314/4821 7624/3311/4820 
f 7646/3333/4842 7647/3336/4843 7648/3335/4844 7649/3334/4845 
f 7646/3333/4842 7650/3338/4846 7651/3337/4847 7647/3336/4843 
f 7629/3318/4825 7638/3325/4834 7637/3326/4833 7630/3317/4826 
f 7644/3332/4840 7632/3319/4828 7635/3320/4831 7645/3331/4841 
f 7636/3323/4832 7639/3324/4835 7651/3337/4847 7650/3338/4846 
s 2
f 7626/3313/4822 7625/3314/4821 7652/3340/4848 7653/3339/4849 
s 4
f 7629/3318/4825 7628/3315/4824 7653/3339/4849 7652/3340/4848 
s 2
f 7633/3322/4829 7632/3319/4828 7654/3342/4850 7655/3341/4851 
s 4
f 7639/3324/4835 7638/3325/4834 7655/3341/4851 7654/3342/4850 
s 2
f 7641/3330/4837 7640/3327/4836 7656/3344/4852 7657/3343/4853 
f 7644/3332/4840 7641/3330/4837 7657/3343/4853 7658/3345/4854 
f 7625/3314/4821 7633/3322/4829 7655/3341/4851 7652/3340/4848 
s 4
f 7648/3335/4844 7647/3336/4843 7657/3343/4853 7656/3344/4852 
f 7647/3336/4843 7651/3337/4847 7658/3345/4854 7657/3343/4853 
f 7638/3325/4834 7629/3318/4825 7652/3340/4848 7655/3341/4851 
s 2
f 7632/3319/4828 7644/3332/4840 7658/3345/4854 7654/3342/4850 
s 4
f 7651/3337/4847 7639/3324/4835 7654/3342/4850 7658/3345/4854 
s 1
f 7659/3346/4855 7578/3261/4774 7579/3262/4775 7660/3347/4856 
f 7661/3348/4857 7659/3346/4855 7660/3347/4856 7662/3349/4858 
f 7663/3350/4859 7661/3348/4857 7662/3349/4858 7664/3351/4860 
f 7665/3352/4861 7663/3350/4859 7664/3351/4860 7666/3353/5340 
s 2
f 7608/3296/4804 7527/3211/4724 7536/3218/4733 7617/3303/4813 
f 7612/3300/4808 7610/3298/4806 7619/3305/4815 7621/3307/4817 
f 7614/3302/4810 7612/3300/4808 7621/3307/4817 7623/3309/4819 
f 7617/3303/4813 7619/3305/4815 7610/3298/4806 7608/3296/4804 
f 7616/3304/4812 7535/3219/4732 7578/3261/4774 7659/3346/4855 
f 7618/3306/4814 7616/3304/4812 7659/3346/4855 7661/3348/4857 
f 7620/3308/4816 7618/3306/4814 7661/3348/4857 7663/3350/4859 
f 7622/3310/4818 7620/3308/4816 7663/3350/4859 7665/3352/4861 
s 1
f 7614/3302/4810 7667/3355/4862 7668/3354/4863 7615/3301/5339 
f 7667/3355/4862 7669/3357/4864 7670/3356/4865 7668/3354/4863 
f 7669/3357/4864 7671/3359/4866 7672/3358/4867 7670/3356/4865 
f 7671/3359/4866 7673/3361/4868 7674/3360/4869 7672/3358/4867 
f 7623/3309/4819 7622/3310/4818 7675/3363/4870 7676/3362/4871 
f 7676/3362/4871 7675/3363/4870 7677/3365/4872 7678/3364/4873 
f 7678/3364/4873 7677/3365/4872 7679/3367/4874 7680/3366/4875 
f 7680/3366/4875 7679/3367/4874 7681/3369/4876 7682/3368/4877 
f 7683/3370/4878 7684/3373/4879 7685/3372/4880 7686/3371/4881 
f 7687/3374/4882 7688/3377/4883 7689/3376/4884 7690/3375/4885 
f 7691/3378/4886 7692/3381/4887 7693/3380/4888 7694/3379/4889 
f 7695/3382/4890 7696/3385/4891 7697/3384/4892 7698/3383/4893 
f 7699/3386/4894 7700/3389/4895 7701/3388/4896 7702/3387/4897 
f 7700/3389/4895 7703/3391/4898 7704/3390/4899 7701/3388/4896 
f 7693/3380/4888 7692/3381/4887 7684/3373/4879 7683/3370/4878 
f 7705/3392/4900 7706/3395/4901 7707/3394/4902 7708/3393/4903 
f 7705/3392/4900 7709/3397/4904 7710/3396/4905 7706/3395/4901 
f 7688/3377/4883 7697/3384/4892 7696/3385/4891 7689/3376/4884 
f 7703/3391/4898 7691/3378/4886 7694/3379/4889 7704/3390/4899 
f 7695/3382/4890 7698/3383/4893 7710/3396/4905 7709/3397/4904 
s 2
f 7685/3372/4880 7684/3373/4879 7711/3399/4906 7712/3398/4907 
s 4
f 7688/3377/4883 7687/3374/4882 7712/3398/4907 7711/3399/4906 
s 2
f 7692/3381/4887 7691/3378/4886 7713/3401/4908 7714/3400/4909 
s 4
f 7698/3383/4893 7697/3384/4892 7714/3400/4909 7713/3401/4908 
s 2
f 7700/3389/4895 7699/3386/4894 7715/3403/4910 7716/3402/4911 
f 7703/3391/4898 7700/3389/4895 7716/3402/4911 7717/3404/4912 
f 7684/3373/4879 7692/3381/4887 7714/3400/4909 7711/3399/4906 
s 4
f 7707/3394/4902 7706/3395/4901 7716/3402/4911 7715/3403/4910 
f 7706/3395/4901 7710/3396/4905 7717/3404/4912 7716/3402/4911 
f 7697/3384/4892 7688/3377/4883 7711/3399/4906 7714/3400/4909 
s 2
f 7691/3378/4886 7703/3391/4898 7717/3404/4912 7713/3401/4908 
s 4
f 7710/3396/4905 7698/3383/4893 7713/3401/4908 7717/3404/4912 
s 1
f 7718/3405/4913 7665/3352/4861 7666/3353/5340 7719/3406/4914 
f 7720/3407/4915 7718/3405/4913 7719/3406/4914 7721/3408/4572 
f 7722/3409/4916 7720/3407/4915 7721/3408/4572 7723/3410/4917 
f 7724/3411/4918 7722/3409/4916 7723/3410/4917 7725/3412/4147 
s 2
f 7667/3355/4862 7614/3302/4810 7623/3309/4819 7676/3362/4871 
f 7671/3359/4866 7669/3357/4864 7678/3364/4873 7680/3366/4875 
f 7673/3361/4868 7671/3359/4866 7680/3366/4875 7682/3368/4877 
f 7676/3362/4871 7678/3364/4873 7669/3357/4864 7667/3355/4862 
f 7675/3363/4870 7622/3310/4818 7665/3352/4861 7718/3405/4913 
f 7677/3365/4872 7675/3363/4870 7718/3405/4913 7720/3407/4915 
f 7679/3367/4874 7677/3365/4872 7720/3407/4915 7722/3409/4916 
f 7681/3369/4876 7679/3367/4874 7722/3409/4916 7724/3411/4918 
s 1
f 7420/3098/1238 7595/3280/4791 7726/3413/4919 
f 7420/3098/1238 7726/3413/4919 7727/3414/4920 
f 7728/3415/4921 7729/3418/4922 7730/3417/4923 7731/3416/4924 
f 7731/3416/4924 7730/3417/4923 7597/3284/4793 7596/3281/4792 
s 4
f 7602/3288/4798 7732/3420/4925 7733/3419/4926 7603/3287/4799 
f 7732/3420/4925 7734/3422/4927 7735/3421/4928 7733/3419/4926 
s 1
f 7726/3413/4919 7595/3280/4791 7603/3287/4799 7733/3419/4926 
f 7727/3414/4920 7726/3413/4919 7733/3419/4926 7735/3421/4928 
s 3
f 7736/3423/4929 7737/3424/4930 7734/3422/4927 7732/3420/4925 
s 1
f 7730/3425/4923 7729/3428/4922 7738/3427/4931 7739/3426/4932 
f 7597/3294/4793 7730/3425/4923 7739/3426/4932 7606/3293/4802 
f 7737/3424/4930 7736/3423/4929 7739/3426/4932 7738/3427/4931 
f 7736/3423/4929 7605/3290/4801 7606/3293/4802 7739/3426/4932 
f 7420/3098/1238 7727/3414/4920 7740/3429/4933 
f 7420/3098/1238 7740/3429/4933 7741/3430/4934 
f 7742/3431/4935 7743/3434/4936 7744/3433/4937 7745/3432/4938 
f 7745/3432/4938 7744/3433/4937 7729/3418/4922 7728/3415/4921 
s 4
f 7734/3422/4927 7746/3436/4939 7747/3435/4940 7735/3421/4928 
f 7746/3436/4939 7748/3438/4941 7749/3437/4942 7747/3435/4940 
s 1
f 7740/3429/4933 7727/3414/4920 7735/3421/4928 7747/3435/4940 
f 7741/3430/4934 7740/3429/4933 7747/3435/4940 7749/3437/4942 
f 7750/3439/4943 7751/3440/4944 7748/3438/4941 7746/3436/4939 
f 7744/3441/4937 7743/3444/4936 7752/3443/4945 7753/3442/4946 
f 7729/3428/4922 7744/3441/4937 7753/3442/4946 7738/3427/4931 
f 7751/3440/4944 7750/3439/4943 7753/3442/4946 7752/3443/4945 
f 7750/3439/4943 7737/3424/4930 7738/3427/4931 7753/3442/4946 
f 7750/3439/4943 7746/3436/4939 7734/3422/4927 7737/3424/4930 
f 7673/3361/4868 7754/3446/4947 7755/3445/4948 7674/3360/4869 
f 7754/3446/4947 7756/3448/4949 7757/3447/4950 7755/3445/4948 
f 7756/3448/4949 7758/3450/4951 7759/3449/4952 7757/3447/4950 
f 7758/3450/4951 7760/3452/4953 7761/3451/4954 7759/3449/4952 
f 7682/3368/4877 7681/3369/4876 7762/3454/4955 7763/3453/4956 
f 7763/3453/4956 7762/3454/4955 7764/3456/4957 7765/3455/4958 
f 7765/3455/4958 7764/3456/4957 7766/3458/4959 7767/3457/4960 
f 7767/3457/4960 7766/3458/4959 7768/3460/4961 7769/3459/4962 
f 7770/3461/4963 7771/3464/4964 7772/3463/4965 7773/3462/4966 
f 7774/3465/4967 7775/3468/4968 7776/3467/4969 7777/3466/4970 
f 7778/3469/4971 7779/3472/4972 7780/3471/4973 7781/3470/4974 
f 7782/3473/4975 7783/3476/4976 7784/3475/4977 7785/3474/4978 
f 7786/3477/4979 7787/3480/4980 7788/3479/4981 7789/3478/4982 
f 7787/3480/4980 7790/3482/4983 7791/3481/4984 7788/3479/4981 
f 7780/3471/4973 7779/3472/4972 7771/3464/4964 7770/3461/4963 
f 7792/3483/4985 7793/3486/4986 7794/3485/4987 7795/3484/4988 
f 7792/3483/4985 7796/3488/4989 7797/3487/4990 7793/3486/4986 
f 7775/3468/4968 7784/3475/4977 7783/3476/4976 7776/3467/4969 
f 7790/3482/4983 7778/3469/4971 7781/3470/4974 7791/3481/4984 
f 7782/3473/4975 7785/3474/4978 7797/3487/4990 7796/3488/4989 
s 2
f 7772/3463/4965 7771/3464/4964 7798/3490/4991 7799/3489/4992 
s 4
f 7775/3468/4968 7774/3465/4967 7799/3489/4992 7798/3490/4991 
s 2
f 7779/3472/4972 7778/3469/4971 7800/3492/4993 7801/3491/4994 
s 4
f 7785/3474/4978 7784/3475/4977 7801/3491/4994 7800/3492/4993 
s 2
f 7787/3480/4980 7786/3477/4979 7802/3494/4995 7803/3493/4996 
f 7790/3482/4983 7787/3480/4980 7803/3493/4996 7804/3495/4997 
f 7771/3464/4964 7779/3472/4972 7801/3491/4994 7798/3490/4991 
s 4
f 7794/3485/4987 7793/3486/4986 7803/3493/4996 7802/3494/4995 
f 7793/3486/4986 7797/3487/4990 7804/3495/4997 7803/3493/4996 
f 7784/3475/4977 7775/3468/4968 7798/3490/4991 7801/3491/4994 
s 2
f 7778/3469/4971 7790/3482/4983 7804/3495/4997 7800/3492/4993 
s 4
f 7797/3487/4990 7785/3474/4978 7800/3492/4993 7804/3495/4997 
s 1
f 7805/3496/4998 7724/3411/4918 7725/3412/4147 7806/3497/730 
f 7807/3498/4999 7805/3496/4998 7806/3497/730 7808/3499/5000 
f 7809/3500/5001 7807/3498/4999 7808/3499/5000 7810/3501/5002 
f 7811/3502/5003 7809/3500/5001 7810/3501/5002 7812/3503/5004 
s 2
f 7754/3446/4947 7673/3361/4868 7682/3368/4877 7763/3453/4956 
f 7758/3450/4951 7756/3448/4949 7765/3455/4958 7767/3457/4960 
f 7760/3452/4953 7758/3450/4951 7767/3457/4960 7769/3459/4962 
f 7763/3453/4956 7765/3455/4958 7756/3448/4949 7754/3446/4947 
f 7762/3454/4955 7681/3369/4876 7724/3411/4918 7805/3496/4998 
f 7764/3456/4957 7762/3454/4955 7805/3496/4998 7807/3498/4999 
f 7766/3458/4959 7764/3456/4957 7807/3498/4999 7809/3500/5001 
f 7768/3460/4961 7766/3458/4959 7809/3500/5001 7811/3502/5003 
s 1
f 7760/3452/4953 7813/3505/5005 7814/3504/5006 7761/3451/4954 
f 7813/3505/5005 7815/3507/5007 7816/3506/5008 7814/3504/5006 
f 7815/3507/5007 7817/3509/5009 7818/3508/5010 7816/3506/5008 
f 7817/3509/5009 7819/3511/5011 7820/3510/5012 7818/3508/5010 
f 7769/3459/4962 7768/3460/4961 7821/3513/5013 7822/3512/5014 
f 7822/3512/5014 7821/3513/5013 7823/3515/5015 7824/3514/5016 
f 7824/3514/5016 7823/3515/5015 7825/3517/5017 7826/3516/5018 
f 7826/3516/5018 7825/3517/5017 7827/3519/5019 7828/3518/5020 
f 7829/3520/5021 7830/3523/5022 7831/3522/5023 7832/3521/5024 
f 7833/3524/5025 7834/3527/5026 7835/3526/5027 7836/3525/5028 
f 7837/3528/5029 7838/3531/5030 7839/3530/5031 7840/3529/5032 
f 7841/3532/5033 7842/3535/5034 7843/3534/5035 7844/3533/5036 
f 7845/3536/5037 7846/3539/5038 7847/3538/5039 7848/3537/5040 
f 7846/3539/5038 7849/3541/5041 7850/3540/5042 7847/3538/5039 
f 7839/3530/5031 7838/3531/5030 7830/3523/5022 7829/3520/5021 
f 7851/3542/5043 7852/3545/5044 7853/3544/5045 7854/3543/5046 
f 7851/3542/5043 7855/3547/5047 7856/3546/5048 7852/3545/5044 
f 7834/3527/5026 7843/3534/5035 7842/3535/5034 7835/3526/5027 
f 7849/3541/5041 7837/3528/5029 7840/3529/5032 7850/3540/5042 
f 7841/3532/5033 7844/3533/5036 7856/3546/5048 7855/3547/5047 
s 2
f 7831/3522/5023 7830/3523/5022 7857/3549/5049 7858/3548/5050 
s 4
f 7834/3527/5026 7833/3524/5025 7858/3548/5050 7857/3549/5049 
s 2
f 7838/3531/5030 7837/3528/5029 7859/3551/5051 7860/3550/5052 
s 4
f 7844/3533/5036 7843/3534/5035 7860/3550/5052 7859/3551/5051 
s 2
f 7846/3539/5038 7845/3536/5037 7861/3553/5053 7862/3552/5054 
f 7849/3541/5041 7846/3539/5038 7862/3552/5054 7863/3554/5055 
f 7830/3523/5022 7838/3531/5030 7860/3550/5052 7857/3549/5049 
s 4
f 7853/3544/5045 7852/3545/5044 7862/3552/5054 7861/3553/5053 
f 7852/3545/5044 7856/3546/5048 7863/3554/5055 7862/3552/5054 
f 7843/3534/5035 7834/3527/5026 7857/3549/5049 7860/3550/5052 
s 2
f 7837/3528/5029 7849/3541/5041 7863/3554/5055 7859/3551/5051 
s 4
f 7856/3546/5048 7844/3533/5036 7859/3551/5051 7863/3554/5055 
s 1
f 7864/3555/5056 7811/3502/5003 7812/3503/5004 7865/3556/5057 
f 7866/3557/5058 7864/3555/5056 7865/3556/5057 7867/3558/84 
f 7868/3559/5059 7866/3557/5058 7867/3558/84 7869/3560/5060 
f 7870/3561/5061 7868/3559/5059 7869/3560/5060 7871/3562/5062 
s 2
f 7813/3505/5005 7760/3452/4953 7769/3459/4962 7822/3512/5014 
f 7817/3509/5009 7815/3507/5007 7824/3514/5016 7826/3516/5018 
f 7819/3511/5011 7817/3509/5009 7826/3516/5018 7828/3518/5020 
f 7822/3512/5014 7824/3514/5016 7815/3507/5007 7813/3505/5005 
f 7821/3513/5013 7768/3460/4961 7811/3502/5003 7864/3555/5056 
f 7823/3515/5015 7821/3513/5013 7864/3555/5056 7866/3557/5058 
f 7825/3517/5017 7823/3515/5015 7866/3557/5058 7868/3559/5059 
f 7827/3519/5019 7825/3517/5017 7868/3559/5059 7870/3561/5061 
s 1
f 7420/3098/1238 7741/3430/4934 7872/3563/5063 
f 7420/3098/1238 7872/3563/5063 7873/3564/5064 
f 7874/3565/5065 7875/3568/5066 7876/3567/5067 7877/3566/5068 
f 7877/3566/5068 7876/3567/5067 7743/3434/4936 7742/3431/4935 
s 4
f 7748/3438/4941 7878/3570/5069 7879/3569/5070 7749/3437/4942 
f 7878/3570/5069 7880/3572/5071 7881/3571/5072 7879/3569/5070 
s 1
f 7872/3563/5063 7741/3430/4934 7749/3437/4942 7879/3569/5070 
f 7873/3564/5064 7872/3563/5063 7879/3569/5070 7881/3571/5072 
s 3
f 7882/3573/5073 7883/3574/5074 7880/3572/5071 7878/3570/5069 
s 1
f 7876/3575/5067 7875/3578/5066 7884/3577/5075 7885/3576/5076 
f 7743/3444/4936 7876/3575/5067 7885/3576/5076 7752/3443/4945 
f 7883/3574/5074 7882/3573/5073 7885/3576/5076 7884/3577/5075 
f 7882/3573/5073 7751/3440/4944 7752/3443/4945 7885/3576/5076 
f 7420/3098/1238 7873/3564/5064 7886/3579/5077 
f 7420/3098/1238 7886/3579/5077 7887/3580/5078 
f 7888/3581/5079 7889/3584/5080 7890/3583/5081 7891/3582/5082 
f 7891/3582/5082 7890/3583/5081 7875/3568/5066 7874/3565/5065 
s 4
f 7880/3572/5071 7892/3586/5083 7893/3585/5084 7881/3571/5072 
f 7892/3586/5083 7894/3588/5085 7895/3587/5086 7893/3585/5084 
s 1
f 7886/3579/5077 7873/3564/5064 7881/3571/5072 7893/3585/5084 
f 7887/3580/5078 7886/3579/5077 7893/3585/5084 7895/3587/5086 
f 7896/3589/5087 7897/3590/5088 7894/3588/5085 7892/3586/5083 
f 7890/3591/5081 7889/3594/5080 7898/3593/5089 7899/3592/5090 
f 7875/3578/5066 7890/3591/5081 7899/3592/5090 7884/3577/5075 
f 7897/3590/5088 7896/3589/5087 7899/3592/5090 7898/3593/5089 
f 7896/3589/5087 7883/3574/5074 7884/3577/5075 7899/3592/5090 
f 7896/3589/5087 7892/3586/5083 7880/3572/5071 7883/3574/5074 
f 7819/3511/5011 7900/3596/5091 7901/3595/5092 7820/3510/5012 
f 7900/3596/5091 7902/3598/5093 7903/3597/5094 7901/3595/5092 
f 7902/3598/5093 7904/3600/5095 7905/3599/5096 7903/3597/5094 
f 7904/3600/5095 7906/3602/5097 7907/3601/5098 7905/3599/5096 
f 7828/3518/5020 7827/3519/5019 7908/3604/5099 7909/3603/5100 
f 7909/3603/5100 7908/3604/5099 7910/3606/5101 7911/3605/5102 
f 7911/3605/5102 7910/3606/5101 7912/3608/5103 7913/3607/5104 
f 7913/3607/5104 7912/3608/5103 7914/3610/5105 7915/3609/5106 
f 7916/3611/5107 7917/3614/5108 7918/3613/5109 7919/3612/5110 
f 7920/3615/5111 7921/3618/5112 7922/3617/5113 7923/3616/5114 
f 7924/3619/5115 7925/3622/5116 7926/3621/5117 7927/3620/5118 
f 7928/3623/5119 7929/3626/5120 7930/3625/5121 7931/3624/5122 
f 7932/3627/5123 7933/3630/5124 7934/3629/5125 7935/3628/5126 
f 7933/3630/5124 7936/3632/5127 7937/3631/5128 7934/3629/5125 
f 7926/3621/5117 7925/3622/5116 7917/3614/5108 7916/3611/5107 
f 7938/3633/5129 7939/3636/5130 7940/3635/5131 7941/3634/5132 
f 7938/3633/5129 7942/3638/5133 7943/3637/5134 7939/3636/5130 
f 7921/3618/5112 7930/3625/5121 7929/3626/5120 7922/3617/5113 
f 7936/3632/5127 7924/3619/5115 7927/3620/5118 7937/3631/5128 
f 7928/3623/5119 7931/3624/5122 7943/3637/5134 7942/3638/5133 
s 2
f 7918/3613/5109 7917/3614/5108 7944/3640/5135 7945/3639/5136 
s 4
f 7921/3618/5112 7920/3615/5111 7945/3639/5136 7944/3640/5135 
s 2
f 7925/3622/5116 7924/3619/5115 7946/3642/5137 7947/3641/5138 
s 4
f 7931/3624/5122 7930/3625/5121 7947/3641/5138 7946/3642/5137 
s 2
f 7933/3630/5124 7932/3627/5123 7948/3644/5139 7949/3643/5140 
f 7936/3632/5127 7933/3630/5124 7949/3643/5140 7950/3645/5141 
f 7917/3614/5108 7925/3622/5116 7947/3641/5138 7944/3640/5135 
s 4
f 7940/3635/5131 7939/3636/5130 7949/3643/5140 7948/3644/5139 
f 7939/3636/5130 7943/3637/5134 7950/3645/5141 7949/3643/5140 
f 7930/3625/5121 7921/3618/5112 7944/3640/5135 7947/3641/5138 
s 2
f 7924/3619/5115 7936/3632/5127 7950/3645/5141 7946/3642/5137 
s 4
f 7943/3637/5134 7931/3624/5122 7946/3642/5137 7950/3645/5141 
s 1
f 7951/3646/5142 7870/3561/5061 7871/3562/5062 7952/3647/5143 
f 7953/3648/5144 7951/3646/5142 7952/3647/5143 7954/3649/5145 
f 7955/3650/5146 7953/3648/5144 7954/3649/5145 7956/3651/731 
f 7957/3652/5147 7955/3650/5146 7956/3651/731 7958/3653/5148 
s 2
f 7900/3596/5091 7819/3511/5011 7828/3518/5020 7909/3603/5100 
f 7904/3600/5095 7902/3598/5093 7911/3605/5102 7913/3607/5104 
f 7906/3602/5097 7904/3600/5095 7913/3607/5104 7915/3609/5106 
f 7909/3603/5100 7911/3605/5102 7902/3598/5093 7900/3596/5091 
f 7908/3604/5099 7827/3519/5019 7870/3561/5061 7951/3646/5142 
f 7910/3606/5101 7908/3604/5099 7951/3646/5142 7953/3648/5144 
f 7912/3608/5103 7910/3606/5101 7953/3648/5144 7955/3650/5146 
f 7914/3610/5105 7912/3608/5103 7955/3650/5146 7957/3652/5147 
s 1
f 7906/3602/5097 7959/3655/5149 7960/3654/5150 7907/3601/5098 
f 7959/3655/5149 7961/3657/5151 7962/3656/5152 7960/3654/5150 
f 7961/3657/5151 7963/3659/5153 7964/3658/5154 7962/3656/5152 
f 7963/3659/5153 7965/3661/5155 7966/3660/5156 7964/3658/5154 
f 7915/3609/5106 7914/3610/5105 7967/3663/5157 7968/3662/5158 
f 7968/3662/5158 7967/3663/5157 7969/3665/5159 7970/3664/5160 
f 7970/3664/5160 7969/3665/5159 7971/3667/5161 7972/3666/5162 
f 7972/3666/5162 7971/3667/5161 7973/3669/5163 7974/3668/5164 
f 7975/3670/5165 7976/3673/5166 7977/3672/5167 7978/3671/5168 
f 7979/3674/5169 7980/3677/5170 7981/3676/5171 7982/3675/5172 
f 7983/3678/5173 7984/3681/5174 7985/3680/5175 7986/3679/5176 
f 7987/3682/5177 7988/3685/5178 7989/3684/5179 7990/3683/5180 
f 7991/3686/5181 7992/3689/5182 7993/3688/5183 7994/3687/5184 
f 7992/3689/5182 7995/3691/5185 7996/3690/5186 7993/3688/5183 
f 7985/3680/5175 7984/3681/5174 7976/3673/5166 7975/3670/5165 
f 7997/3692/5187 7998/3695/5188 7999/3694/5189 8000/3693/5190 
f 7997/3692/5187 8001/3697/5191 8002/3696/5192 7998/3695/5188 
f 7980/3677/5170 7989/3684/5179 7988/3685/5178 7981/3676/5171 
f 7995/3691/5185 7983/3678/5173 7986/3679/5176 7996/3690/5186 
f 7987/3682/5177 7990/3683/5180 8002/3696/5192 8001/3697/5191 
s 2
f 7977/3672/5167 7976/3673/5166 8003/3699/5193 8004/3698/5194 
s 4
f 7980/3677/5170 7979/3674/5169 8004/3698/5194 8003/3699/5193 
s 2
f 7984/3681/5174 7983/3678/5173 8005/3701/5195 8006/3700/5196 
s 4
f 7990/3683/5180 7989/3684/5179 8006/3700/5196 8005/3701/5195 
s 2
f 7992/3689/5182 7991/3686/5181 8007/3703/5197 8008/3702/5198 
f 7995/3691/5185 7992/3689/5182 8008/3702/5198 8009/3704/5199 
f 7976/3673/5166 7984/3681/5174 8006/3700/5196 8003/3699/5193 
s 4
f 7999/3694/5189 7998/3695/5188 8008/3702/5198 8007/3703/5197 
f 7998/3695/5188 8002/3696/5192 8009/3704/5199 8008/3702/5198 
f 7989/3684/5179 7980/3677/5170 8003/3699/5193 8006/3700/5196 
s 2
f 7983/3678/5173 7995/3691/5185 8009/3704/5199 8005/3701/5195 
s 4
f 8002/3696/5192 7990/3683/5180 8005/3701/5195 8009/3704/5199 
s 1
f 8010/3705/5200 7957/3652/5147 7958/3653/5148 8011/3706/5201 
f 8012/3707/5202 8010/3705/5200 8011/3706/5201 8013/3708/5203 
f 8014/3709/5204 8012/3707/5202 8013/3708/5203 8015/3710/5205 
f 8016/3711/5206 8014/3709/5204 8015/3710/5205 8017/3712/684 
s 2
f 7959/3655/5149 7906/3602/5097 7915/3609/5106 7968/3662/5158 
f 7963/3659/5153 7961/3657/5151 7970/3664/5160 7972/3666/5162 
f 7965/3661/5155 7963/3659/5153 7972/3666/5162 7974/3668/5164 
f 7968/3662/5158 7970/3664/5160 7961/3657/5151 7959/3655/5149 
f 7967/3663/5157 7914/3610/5105 7957/3652/5147 8010/3705/5200 
f 7969/3665/5159 7967/3663/5157 8010/3705/5200 8012/3707/5202 
f 7971/3667/5161 7969/3665/5159 8012/3707/5202 8014/3709/5204 
f 7973/3669/5163 7971/3667/5161 8014/3709/5204 8016/3711/5206 
s 1
f 7420/3098/1238 7887/3580/5078 8018/3713/5207 
f 7420/3098/1238 8018/3713/5207 8019/3714/5208 
f 8020/3715/5209 8021/3718/5210 8022/3717/5211 8023/3716/5212 
f 8023/3716/5212 8022/3717/5211 7889/3584/5080 7888/3581/5079 
s 4
f 7894/3588/5085 8024/3720/5213 8025/3719/5214 7895/3587/5086 
f 8024/3720/5213 8026/3722/5215 8027/3721/5216 8025/3719/5214 
s 1
f 8018/3713/5207 7887/3580/5078 7895/3587/5086 8025/3719/5214 
f 8019/3714/5208 8018/3713/5207 8025/3719/5214 8027/3721/5216 
s 3
f 8028/3723/5217 8029/3724/5218 8026/3722/5215 8024/3720/5213 
s 1
f 8022/3725/5211 8021/3728/5210 8030/3727/5219 8031/3726/5220 
f 7889/3594/5080 8022/3725/5211 8031/3726/5220 7898/3593/5089 
f 8029/3724/5218 8028/3723/5217 8031/3726/5220 8030/3727/5219 
f 8028/3723/5217 7897/3590/5088 7898/3593/5089 8031/3726/5220 
f 7420/3098/1238 8019/3714/5208 8032/3729/5221 
f 7420/3098/1238 8032/3729/5221 7421/3100/4622 
f 7429/3106/4630 7428/3107/4629 8033/3731/5222 8034/3730/5223 
f 8034/3730/5223 8033/3731/5222 8021/3718/5210 8020/3715/5209 
s 4
f 8026/3722/5215 8035/3733/5224 8036/3732/5225 8027/3721/5216 
f 8035/3733/5224 7430/3108/4631 7433/3109/4634 8036/3732/5225 
s 1
f 8032/3729/5221 8019/3714/5208 8027/3721/5216 8036/3732/5225 
f 7421/3100/4622 8032/3729/5221 8036/3732/5225 7433/3109/4634 
f 8037/3734/5226 7441/3122/4642 7430/3108/4631 8035/3733/5224 
f 8033/3735/5222 7428/3120/4629 7440/3121/4641 8038/3736/5227 
f 8021/3728/5210 8033/3735/5222 8038/3736/5227 8030/3727/5219 
f 7441/3122/4642 8037/3734/5226 8038/3736/5227 7440/3121/4641 
f 8037/3734/5226 8029/3724/5218 8030/3727/5219 8038/3736/5227 
f 8037/3734/5226 8035/3733/5224 8026/3722/5215 8029/3724/5218 
f 7965/3661/5155 8039/3738/5228 8040/3737/5229 7966/3660/5156 
f 8039/3738/5228 8041/3740/5230 8042/3739/5231 8040/3737/5229 
f 8041/3740/5230 8043/3742/5232 8044/3741/5233 8042/3739/5231 
f 8043/3742/5232 8045/3744/5234 8046/3743/5235 8044/3741/5233 
f 7974/3668/5164 7973/3669/5163 8047/3746/5236 8048/3745/5237 
f 8048/3745/5237 8047/3746/5236 8049/3748/5238 8050/3747/5239 
f 8050/3747/5239 8049/3748/5238 8051/3750/5240 8052/3749/5241 
f 8052/3749/5241 8051/3750/5240 8053/3752/5242 8054/3751/5243 
f 8055/3753/5244 8056/3756/5245 8057/3755/5246 8058/3754/5247 
f 8059/3757/5248 8060/3760/5249 8061/3759/5250 8062/3758/5251 
f 8063/3761/5252 8064/3764/5253 8065/3763/5254 8066/3762/5255 
f 8067/3765/5256 8068/3768/5257 8069/3767/5258 8070/3766/5259 
f 8071/3769/5260 8072/3772/5261 8073/3771/5262 8074/3770/5263 
f 8072/3772/5261 8075/3774/5264 8076/3773/5265 8073/3771/5262 
f 8065/3763/5254 8064/3764/5253 8056/3756/5245 8055/3753/5244 
f 8077/3775/5266 8078/3778/5267 8079/3777/5268 8080/3776/5269 
f 8077/3775/5266 8081/3780/5270 8082/3779/5271 8078/3778/5267 
f 8060/3760/5249 8069/3767/5258 8068/3768/5257 8061/3759/5250 
f 8075/3774/5264 8063/3761/5252 8066/3762/5255 8076/3773/5265 
f 8067/3765/5256 8070/3766/5259 8082/3779/5271 8081/3780/5270 
s 2
f 8057/3755/5246 8056/3756/5245 8083/3782/5272 8084/3781/5273 
s 4
f 8060/3760/5249 8059/3757/5248 8084/3781/5273 8083/3782/5272 
s 2
f 8064/3764/5253 8063/3761/5252 8085/3784/5274 8086/3783/5275 
s 4
f 8070/3766/5259 8069/3767/5258 8086/3783/5275 8085/3784/5274 
s 2
f 8072/3772/5261 8071/3769/5260 8087/3786/5276 8088/3785/5277 
f 8075/3774/5264 8072/3772/5261 8088/3785/5277 8089/3787/5278 
f 8056/3756/5245 8064/3764/5253 8086/3783/5275 8083/3782/5272 
s 4
f 8079/3777/5268 8078/3778/5267 8088/3785/5277 8087/3786/5276 
f 8078/3778/5267 8082/3779/5271 8089/3787/5278 8088/3785/5277 
f 8069/3767/5258 8060/3760/5249 8083/3782/5272 8086/3783/5275 
s 2
f 8063/3761/5252 8075/3774/5264 8089/3787/5278 8085/3784/5274 
s 4
f 8082/3779/5271 8070/3766/5259 8085/3784/5274 8089/3787/5278 
s 1
f 8090/3788/5279 8016/3711/5206 8017/3712/684 8091/3789/5280 
f 8092/3790/5281 8090/3788/5279 8091/3789/5280 8093/3791/5282 
f 8094/3792/5283 8092/3790/5281 8093/3791/5282 8095/3793/5284 
f 8096/3794/5285 8094/3792/5283 8095/3793/5284 8097/3795/4515 
s 2
f 8039/3738/5228 7965/3661/5155 7974/3668/5164 8048/3745/5237 
f 8043/3742/5232 8041/3740/5230 8050/3747/5239 8052/3749/5241 
f 8045/3744/5234 8043/3742/5232 8052/3749/5241 8054/3751/5243 
f 8048/3745/5237 8050/3747/5239 8041/3740/5230 8039/3738/5228 
f 8047/3746/5236 7973/3669/5163 8016/3711/5206 8090/3788/5279 
f 8049/3748/5238 8047/3746/5236 8090/3788/5279 8092/3790/5281 
f 8051/3750/5240 8049/3748/5238 8092/3790/5281 8094/3792/5283 
f 8053/3752/5242 8051/3750/5240 8094/3792/5283 8096/3794/5285 
s 1
f 8045/3744/5234 8098/3797/5286 8099/3796/5287 8046/3743/5235 
f 8098/3797/5286 8100/3799/5288 8101/3798/5289 8099/3796/5287 
f 8100/3799/5288 8102/3801/5290 8103/3800/5291 8101/3798/5289 
f 8102/3801/5290 7456/3139/4657 7459/3140/4660 8103/3800/5291 
f 8054/3751/5243 8053/3752/5242 8104/3803/5292 8105/3802/5293 
f 8105/3802/5293 8104/3803/5292 8106/3805/5294 8107/3804/5295 
f 8107/3804/5295 8106/3805/5294 8108/3807/5296 8109/3806/5297 
f 8109/3806/5297 8108/3807/5296 7467/3152/4668 7466/3149/4667 
f 8110/3808/5298 8111/3811/5299 8112/3810/5300 8113/3809/5301 
f 8114/3812/5302 8115/3815/5303 8116/3814/5304 8117/3813/5305 
f 8118/3816/5306 8119/3819/5307 8120/3818/5308 8121/3817/5309 
f 8122/3820/5310 8123/3823/5311 8124/3822/5312 8125/3821/5313 
f 8126/3824/5314 8127/3827/5315 8128/3826/5316 8129/3825/5317 
f 8127/3827/5315 8130/3829/5318 8131/3828/5319 8128/3826/5316 
f 8120/3818/5308 8119/3819/5307 8111/3811/5299 8110/3808/5298 
f 8132/3830/5320 8133/3833/5321 8134/3832/5322 8135/3831/5323 
f 8132/3830/5320 8136/3835/5324 8137/3834/5325 8133/3833/5321 
f 8115/3815/5303 8124/3822/5312 8123/3823/5311 8116/3814/5304 
f 8130/3829/5318 8118/3816/5306 8121/3817/5309 8131/3828/5319 
f 8122/3820/5310 8125/3821/5313 8137/3834/5325 8136/3835/5324 
s 2
f 8112/3810/5300 8111/3811/5299 8138/3837/5326 8139/3836/5327 
s 4
f 8115/3815/5303 8114/3812/5302 8139/3836/5327 8138/3837/5326 
s 2
f 8119/3819/5307 8118/3816/5306 8140/3839/5328 8141/3838/5329 
s 4
f 8125/3821/5313 8124/3822/5312 8141/3838/5329 8140/3839/5328 
s 2
f 8127/3827/5315 8126/3824/5314 8142/3841/5330 8143/3840/5331 
f 8130/3829/5318 8127/3827/5315 8143/3840/5331 8144/3842/5332 
f 8111/3811/5299 8119/3819/5307 8141/3838/5329 8138/3837/5326 
s 4
f 8134/3832/5322 8133/3833/5321 8143/3840/5331 8142/3841/5330 
f 8133/3833/5321 8137/3834/5325 8144/3842/5332 8143/3840/5331 
f 8124/3822/5312 8115/3815/5303 8138/3837/5326 8141/3838/5329 
s 2
f 8118/3816/5306 8130/3829/5318 8144/3842/5332 8140/3839/5328 
s 4
f 8137/3834/5325 8125/3821/5313 8140/3839/5328 8144/3842/5332 
s 1
f 8145/3843/5333 8096/3794/5285 8097/3795/4515 8146/3844/605 
f 8147/3845/5334 8145/3843/5333 8146/3844/605 8148/3846/5335 
f 8149/3847/5336 8147/3845/5334 8148/3846/5335 8150/3848/4567 
f 7512/3197/4713 8149/3847/5336 8150/3848/4567 7513/3196/3938 
s 2
f 8098/3797/5286 8045/3744/5234 8054/3751/5243 8105/3802/5293 
f 8102/3801/5290 8100/3799/5288 8107/3804/5295 8109/3806/5297 
f 7456/3139/4657 8102/3801/5290 8109/3806/5297 7466/3149/4667 
f 8105/3802/5293 8107/3804/5295 8100/3799/5288 8098/3797/5286 
f 8104/3803/5292 8053/3752/5242 8096/3794/5285 8145/3843/5333 
f 8106/3805/5294 8104/3803/5292 8145/3843/5333 8147/3845/5334 
f 8108/3807/5296 8106/3805/5294 8147/3845/5334 8149/3847/5336 
f 7467/3152/4668 8108/3807/5296 8149/3847/5336 7512/3197/4713 
s off
f 8151/3849/1238 8152/3849/1238 8153/3849/1238 
f 8154/3849/1238 8151/3849/1238 8153/3849/1238 
f 8155/3849/1238 8154/3849/1238 8153/3849/1238 
f 8156/3849/1238 8155/3849/1238 8153/3849/1238 
f 8157/3849/1238 8156/3849/1238 8153/3849/1238 
f 8158/3849/1238 8157/3849/1238 8153/3849/1238 
f 8159/3849/1238 8158/3849/1238 8153/3849/1238 
f 8160/3849/1238 8159/3849/1238 8153/3849/1238 
f 8161/3849/1238 8160/3849/1238 8153/3849/1238 
f 8162/3849/1238 8161/3849/1238 8153/3849/1238 
f 8163/3849/1238 8162/3849/1238 8153/3849/1238 
f 8164/3849/1238 8163/3849/1238 8153/3849/1238 
f 8165/3849/1238 8164/3849/1238 8153/3849/1238 
f 8166/3849/1238 8165/3849/1238 8153/3849/1238 
f 8167/3849/1238 8166/3849/1238 8153/3849/1238 
f 8168/3849/1238 8167/3849/1238 8153/3849/1238 
f 8169/3849/1238 8168/3849/1238 8153/3849/1238 
f 8170/3849/1238 8169/3849/1238 8153/3849/1238 
f 8171/3849/1238 8170/3849/1238 8153/3849/1238 
f 8152/3849/1238 8171/3849/1238 8153/3849/1238 
s 3
f 7436/3114/4637 7431/3111/4632 7430/3108/4631 7441/3122/4642 
f 7590/3273/4786 7586/3270/4782 7450/3132/4651 7453/3134/4654 
f 7736/3423/4929 7732/3420/4925 7602/3288/4798 7605/3290/4801 
f 7882/3573/5073 7878/3570/5069 7748/3438/4941 7751/3440/4944 
f 8028/3723/5217 8024/3720/5213 7894/3588/5085 7897/3590/5088 
# 6754 polygons - 688 triangles

